Num_Acc,senc,catv,occutc,obs,obsm,choc,manv,num_veh
201700001140,1,33,000,00,2,1,17,A01
201700001140,1,30,000,00,0,4,15,B01
201700001141,1,07,000,15,0,1,00,A01
201700001142,0,31,000,06,0,1,13,A01
201700001143,1,07,000,00,9,7,02,B01
201700001143,1,01,000,00,2,0,02,A01
201700001144,2,07,000,00,2,3,17,A01
201700001144,1,07,000,00,2,3,01,B01
201700001145,1,07,000,16,0,2,01,A01
201700001146,1,07,000,00,2,3,02,A01
201700001146,1,30,000,00,0,4,02,B01
201700001147,1,07,000,00,9,3,13,A01
201700001147,1,01,000,00,2,2,01,B01
201700001148,0,07,000,00,2,1,19,A01
201700001148,0,31,000,00,2,7,01,B01
201700001149,1,07,000,00,2,2,19,A01
201700001149,0,02,000,00,2,1,01,B01
201700001150,1,07,000,13,0,3,01,A01
201700001151,2,32,000,00,2,6,01,C01
201700001151,2,33,000,00,9,1,13,B01
201700001151,1,33,000,00,2,1,02,A01
201700001152,0,07,000,00,2,1,01,B01
201700001152,0,02,000,00,2,8,16,A01
201700001153,2,07,000,00,2,2,15,B01
201700001153,2,02,000,00,2,8,15,A01
201700001154,1,07,000,00,2,1,17,A01
201700001154,1,07,000,00,2,8,19,B01
201700001155,2,07,000,00,2,3,01,B01
201700001155,1,34,000,00,2,1,13,A01
201700001156,1,07,000,00,2,3,13,A01
201700001156,1,07,000,00,2,3,00,B01
201700001157,1,33,000,00,2,1,01,A01
201700001157,1,33,000,00,0,4,21,B01
201700001158,0,01,000,00,2,4,19,B01
201700001158,0,33,000,00,2,1,13,A01
201700001159,1,33,000,00,2,1,17,A01
201700001159,1,07,000,00,2,6,15,B01
201700001160,1,07,000,00,2,1,01,B01
201700001160,0,07,000,00,2,8,19,A01
201700001161,1,07,000,00,2,3,13,A01
201700001161,2,07,000,00,2,3,01,B01
201700001162,0,07,000,15,0,1,14,A01
201700001163,2,01,000,00,2,8,19,A01
201700001163,1,07,000,00,2,3,01,B01
201700001164,2,07,000,00,2,2,00,B01
201700001164,1,07,000,02,2,5,17,A01
201700001165,1,07,000,00,2,3,01,B01
201700001165,2,07,000,00,2,3,15,A01
201700001166,1,07,000,00,0,9,14,A01
201700001167,2,07,000,00,2,1,01,A01
201700001167,2,07,000,00,2,8,01,B01
201700001168,1,07,000,00,9,2,14,A01
201700001168,1,01,000,00,0,6,01,B01
201700001169,0,07,000,00,1,3,01,A01
201700001170,0,07,000,00,1,7,01,A01
201700001171,2,07,000,03,2,5,15,B01
201700001171,1,07,000,00,2,2,01,A01
201700001172,1,07,000,00,2,1,17,A01
201700001172,2,07,000,00,2,3,01,B01
201700001173,1,07,000,00,2,3,20,A01
201700001173,1,02,000,00,0,7,01,B01
201700001174,0,10,000,12,0,3,01,A01
201700001175,1,07,000,00,2,1,01,B01
201700001175,2,07,000,00,2,1,17,A01
201700001176,0,01,000,00,2,1,01,B01
201700001176,0,07,000,00,9,1,16,A01
201700001177,1,07,000,00,2,3,01,B01
201700001177,2,07,000,00,2,1,01,A01
201700001177,1,07,000,00,2,1,01,C01
201700001178,1,07,000,00,2,1,01,B01
201700001178,2,07,000,00,2,1,13,A01
201700001179,1,07,000,08,0,3,13,A01
201700001180,1,33,000,00,2,1,17,A01
201700001180,1,07,000,00,2,3,15,B01
201700001181,2,01,000,00,2,1,19,B01
201700001181,1,07,000,00,9,1,00,A01
201700001182,2,10,000,00,1,2,01,A01
201700001183,2,07,000,00,2,5,02,B01
201700001183,2,07,000,00,2,3,02,A01
201700001184,0,07,000,00,1,4,04,A01
201700001185,1,07,000,00,2,2,01,B01
201700001185,2,07,000,00,2,5,15,A01
201700001185,2,07,000,00,2,3,01,C01
201700001186,1,02,000,00,1,1,01,A01
201700001187,2,07,000,00,2,2,13,B01
201700001187,1,07,000,00,2,2,00,A01
201700001188,1,33,000,12,0,8,01,A01
201700001189,1,33,000,12,0,1,01,A01
201700001190,1,33,000,08,0,1,01,A01
201700001191,1,07,000,00,2,8,13,A01
201700001191,1,07,000,00,2,7,17,B01
201700001192,1,33,000,00,2,1,01,B01
201700001192,2,07,000,00,0,7,10,A01
201700001193,2,33,000,00,2,1,01,B01
201700001193,2,07,000,00,2,6,15,A01
201700001194,0,07,000,00,1,3,15,A01
201700001195,0,99,000,00,2,7,01,B01
201700001195,0,07,000,00,2,3,00,A01
201700001196,1,02,000,00,2,1,01,A01
201700001196,2,07,000,00,2,3,16,B01
201700001197,2,07,000,00,2,3,23,A01
201700001197,1,07,000,00,2,1,00,C01
201700001197,2,07,000,00,2,1,01,B01
201700001198,2,34,000,00,2,1,00,A01
201700001198,2,07,000,01,0,4,23,B01
201700001198,2,07,000,00,2,6,23,C01
201700001199,2,10,000,00,2,1,01,B01
201700001199,1,07,000,00,0,7,13,A01
201700001200,1,07,000,00,2,1,01,A01
201700001200,2,07,000,00,2,1,01,B01
201700001201,1,07,000,00,2,1,19,A01
201700001201,2,17,000,00,2,2,01,B01
201700001202,2,07,000,00,2,3,13,A01
201700001202,1,07,000,00,2,3,01,B01
201700001203,0,15,000,00,2,8,15,A01
201700001203,0,33,000,00,2,7,01,B01
201700001204,1,07,000,00,2,1,01,A01
201700001204,2,07,000,00,2,3,13,B01
201700001205,2,07,000,00,2,1,01,D01
201700001205,1,07,000,00,2,1,21,B01
201700001205,1,07,000,00,2,1,21,C01
201700001205,1,07,000,00,2,8,21,A01
201700001206,2,30,000,01,0,8,18,B01
201700001206,2,07,000,00,2,5,24,A01
201700001207,0,07,000,00,0,3,15,B01
201700001207,0,33,000,00,2,1,01,A01
201700001208,2,02,000,00,1,1,01,A01
201700001209,2,07,000,00,0,2,01,B01
201700001209,2,30,000,00,2,3,01,A01
201700001210,1,07,000,00,0,1,19,A01
201700001210,1,07,000,00,0,1,01,B01
201700001210,2,07,000,00,0,1,01,C01
201700001211,2,07,000,00,1,1,01,A01
201700001212,1,02,000,00,2,1,02,B01
201700001212,1,07,000,00,0,4,20,A01
201700001213,1,07,000,16,0,9,01,A01
201700001214,2,07,000,00,1,3,01,A01
201700001215,2,07,000,00,1,3,01,A01
201700001216,2,02,000,00,2,2,01,A01
201700001216,1,07,000,00,2,1,15,B01
201700001217,1,31,000,00,2,1,01,B01
201700001217,2,07,000,00,0,8,19,A01
201700001218,2,07,000,09,0,8,01,A01
201700001218,2,07,000,00,2,1,01,B01
201700001219,1,07,000,00,2,3,17,A01
201700001219,2,07,000,00,2,3,01,B01
201700001220,2,01,000,00,2,0,01,B01
201700001220,2,07,000,00,0,0,19,A01
201700001221,1,07,000,00,2,1,01,A01
201700001221,2,07,000,00,2,8,01,C01
201700001221,1,07,000,00,2,4,15,B01
201700001221,1,10,000,00,0,3,01,D01
201700001222,2,02,000,00,1,1,15,A01
201700001223,2,07,000,00,2,3,01,B01
201700001223,1,07,000,00,2,2,15,A01
201700001224,1,07,000,00,2,3,13,A01
201700001224,2,30,000,00,2,1,01,B01
201700001225,0,01,000,00,2,8,01,B01
201700001225,0,07,000,00,2,7,17,A01
201700001226,1,07,000,08,0,9,01,A01
201700001227,1,07,000,02,0,1,01,A01
201700001228,1,07,000,00,2,1,15,A01
201700001228,2,33,000,00,2,1,01,B01
201700001229,1,07,000,06,0,1,01,A01
201700001230,1,02,000,00,2,1,01,A01
201700001230,2,07,000,00,2,1,15,B01
201700001231,1,07,000,00,1,2,01,A01
201700001232,1,07,000,00,2,3,13,A01
201700001232,2,07,000,00,2,3,13,B01
201700001233,2,07,000,00,2,3,01,B01
201700001233,1,07,000,00,2,8,01,C01
201700001233,1,07,000,00,2,3,15,A01
201700001234,2,07,000,00,1,1,01,A01
201700001234,1,07,000,00,0,0,24,B01
201700001235,1,07,000,00,2,1,19,A01
201700001235,2,02,000,00,2,8,01,B01
201700001236,1,07,000,13,0,0,14,B01
201700001236,2,07,000,00,0,0,13,A01
201700001237,1,21,000,00,2,3,01,B01
201700001237,2,33,000,00,2,8,13,A01
201700001238,2,07,000,00,0,0,15,B01
201700001238,1,07,000,11,0,1,21,A01
201700001239,0,07,000,00,1,1,01,A01
201700001240,2,07,000,00,2,3,09,A01
201700001240,1,33,000,00,2,7,15,B01
201700001241,1,07,000,00,2,6,19,B01
201700001241,2,07,000,00,2,1,01,A01
201700001242,0,07,000,00,1,8,01,A01
201700001243,0,07,000,00,2,1,15,A01
201700001243,0,33,000,00,0,7,06,B01
201700001244,1,07,000,00,2,1,19,B01
201700001244,2,02,000,00,2,3,01,A01
201700001245,2,07,000,00,2,8,10,A01
201700001245,2,33,000,00,2,1,01,B01
201700001246,2,33,000,06,0,1,01,A01
201700001247,1,07,000,00,2,8,19,B01
201700001247,1,07,000,00,2,1,21,A01
201700001248,2,07,000,00,2,1,01,B01
201700001248,2,14,000,00,2,3,01,A01
201700001248,1,07,000,00,2,1,01,C01
201700001249,0,07,000,15,0,7,01,A01
201700001250,1,33,000,00,0,1,01,B01
201700001250,2,07,000,00,0,5,15,A01
201700001251,2,07,000,13,0,1,01,A01
201700001252,,07,000,00,2,2,17,A01
201700001252,,02,000,00,2,8,15,B01
201700001253,2,07,000,00,2,8,15,B01
201700001253,1,07,000,00,2,1,01,A01
201700001254,1,02,000,00,2,1,17,A01
201700001254,1,07,000,00,2,8,15,B01
201700001255,1,07,000,00,1,2,16,A01
201700001256,2,07,000,00,2,2,02,A01
201700001256,2,07,000,00,0,6,02,B01
201700001257,1,07,000,00,2,3,15,A01
201700001257,2,30,000,00,2,1,01,B01
201700001258,0,02,000,00,2,1,01,B01
201700001258,0,07,000,00,0,7,01,A01
201700001259,1,07,000,00,1,2,01,A01
201700001260,2,10,000,00,1,2,01,A01
201700001261,2,07,000,00,2,1,02,B01
201700001261,2,33,000,03,0,7,01,A01
201700001262,1,07,000,00,2,2,15,A01
201700001262,1,33,000,00,0,8,01,B01
201700001263,2,07,000,07,4,6,09,A01
201700001263,,39,105,00,2,3,01,B01
201700001264,1,07,000,00,2,3,13,A01
201700001264,2,07,000,00,2,1,13,B01
201700001265,1,07,000,00,2,2,15,A01
201700001265,2,33,000,00,2,7,01,B01
201700001266,1,07,000,00,2,8,19,A01
201700001266,2,07,000,00,2,1,01,B01
201700001267,2,01,000,00,2,1,01,B01
201700001267,1,07,000,00,9,1,13,A01
201700001268,1,33,000,00,2,1,01,B01
201700001268,2,07,000,00,2,2,15,A01
201700001269,1,07,000,00,2,3,23,B01
201700001269,1,07,000,00,2,1,23,C01
201700001269,2,07,000,00,2,1,13,A01
201700001270,1,07,000,00,2,2,13,A01
201700001270,2,30,000,00,2,1,21,B01
201700001271,2,07,000,13,2,3,02,B01
201700001271,2,07,000,03,0,3,02,C01
201700001271,2,07,000,03,0,4,00,A01
201700001272,0,33,000,12,0,1,01,A01
201700001273,1,33,000,00,6,2,13,A01
201700001274,2,33,000,06,0,0,01,A01
201700001275,1,32,000,00,2,1,17,B01
201700001275,1,07,000,00,2,1,15,A01
201700001276,1,07,000,00,2,3,15,A01
201700001276,2,33,000,00,2,1,01,B01
201700001277,0,07,000,00,1,1,01,A01
201700001278,1,07,000,00,2,3,13,A01
201700001278,2,07,000,00,2,3,01,B01
201700001279,1,07,000,15,0,3,01,A01
201700001280,2,07,000,15,0,3,13,A01
201700001281,1,07,000,00,2,1,01,B01
201700001281,2,07,000,00,2,1,13,A01
201700001282,1,07,000,00,2,2,01,A01
201700001282,1,07,000,00,2,3,15,B01
201700001283,1,01,000,00,9,0,05,B01
201700001283,2,33,000,00,9,0,13,A01
201700001284,1,07,000,00,2,7,17,B01
201700001284,1,07,000,00,2,8,17,A01
201700001285,2,07,000,00,9,2,02,A01
201700001285,2,01,000,00,0,4,02,B01
201700001286,2,07,000,00,2,1,01,B01
201700001286,1,02,000,00,2,1,05,A01
201700001287,0,02,000,00,2,1,01,B01
201700001287,0,07,000,00,2,7,15,A01
201700001288,0,02,000,08,0,1,01,A01
201700001289,1,33,000,00,2,1,01,B01
201700001289,1,10,000,00,2,6,13,A01
201700001290,2,07,000,00,2,3,15,A01
201700001290,2,02,000,00,2,1,01,B01
201700001291,0,30,000,07,0,1,01,A01
201700001292,2,07,000,15,0,1,01,A01
201700001293,1,07,000,00,2,1,05,A01
201700001293,2,07,000,00,2,1,01,B01
201700001294,2,07,000,00,2,1,13,A01
201700001294,1,07,000,00,2,1,15,B01
201700001295,1,33,000,02,0,7,01,A01
201700001296,0,07,000,13,0,0,00,A01
201700001297,2,07,000,00,2,2,19,A01
201700001297,1,33,000,00,2,1,01,B01
201700001298,1,07,000,00,1,1,15,A01
201700001299,2,33,000,13,0,7,01,A01
201700001300,1,07,000,00,2,1,15,B01
201700001300,2,33,000,00,2,1,01,A01
201700001301,1,33,000,00,2,1,00,B01
201700001301,1,07,000,00,0,3,13,A01
201700001302,0,07,000,00,1,4,04,A01
201700001303,0,07,000,00,2,1,00,B01
201700001303,0,07,000,00,2,0,13,A01
201700001304,2,07,000,13,0,3,13,A01
201700001305,1,07,000,00,2,1,01,A01
201700001305,2,16,000,00,2,2,15,B01
201700001306,2,02,000,07,0,1,02,A01
201700001307,1,15,000,00,1,3,00,A01
201700001308,1,07,000,02,0,7,01,A01
201700001309,0,07,000,00,0,3,15,A02
201700001309,0,01,000,00,2,1,01,B01
201700001310,1,34,000,08,0,7,01,A01
201700001311,1,33,000,03,0,2,01,A01
201700001312,2,07,000,00,2,7,15,A01
201700001312,1,02,000,00,2,1,01,B01
201700001313,0,02,000,00,2,1,13,A01
201700001313,0,07,000,00,2,3,01,B01
201700001314,1,07,000,00,2,2,15,A01
201700001314,2,33,000,00,2,1,01,B01
201700001315,2,07,000,00,1,2,01,A01
201700001316,2,07,000,00,0,8,01,A01
201700001316,1,07,000,00,2,1,19,B01
201700001317,1,07,000,02,0,1,14,A01
201700001318,1,07,000,02,0,3,13,A01
201700001319,1,07,000,00,2,1,02,A01
201700001319,1,07,000,00,0,6,02,B01
201700001320,1,07,000,06,0,2,14,A01
201700001321,2,07,000,09,2,7,13,A01
201700001321,1,07,000,00,2,1,01,B01
201700001322,1,07,000,15,2,3,05,B01
201700001322,2,07,000,00,2,3,05,A01
201700001323,1,01,000,00,2,1,01,A01
201700001323,0,07,000,00,2,8,19,B01
201700001324,2,07,000,15,0,3,01,A01
201700001325,1,07,000,00,2,3,09,A01
201700001325,2,33,000,00,2,7,01,B01
201700001326,1,07,000,06,0,2,14,A01
201700001327,1,33,000,08,0,0,01,A01
201700001328,1,07,000,00,2,3,15,B01
201700001328,2,07,000,00,2,1,01,A01
201700001329,2,33,000,00,2,1,13,B01
201700001329,1,07,000,00,2,3,01,A01
201700001330,2,07,000,00,2,1,13,B01
201700001330,1,13,000,00,2,1,01,A01
201700001331,1,07,000,00,1,2,13,A01
201700001332,2,07,000,00,2,1,01,B01
201700001332,2,07,000,08,2,3,19,A01
201700001333,1,07,000,00,2,3,01,A01
201700001333,2,07,000,00,2,0,13,C01
201700001333,1,07,000,00,2,0,02,B01
201700001334,2,07,000,00,2,3,01,B01
201700001334,1,07,000,00,2,3,13,A01
201700001335,1,07,000,13,0,3,01,A01
201700001336,2,07,000,00,2,3,13,A01
201700001336,1,07,000,00,2,3,01,B01
201700001337,2,07,000,09,2,2,17,A01
201700001337,2,07,000,09,2,6,15,B01
201700001338,1,30,000,00,2,1,01,B01
201700001338,2,07,000,00,2,3,17,A01
201700001339,1,07,000,00,2,3,01,B01
201700001339,2,07,000,00,2,3,13,A01
201700001340,1,17,000,00,2,3,15,A01
201700001340,2,07,000,00,2,3,01,B01
201700001341,1,07,000,00,2,3,01,B01
201700001341,2,07,000,00,2,3,17,A01
201700001342,2,02,000,00,0,2,01,A01
201700001343,1,07,000,00,2,1,09,A01
201700001343,2,02,000,00,0,7,01,B01
201700001344,0,31,000,00,0,0,00,A01
201700001345,1,07,000,00,2,1,01,B01
201700001345,2,07,000,00,2,1,13,A01
201700001346,2,07,000,00,2,1,01,B01
201700001346,1,07,000,00,2,5,15,A01
201700001346,0,07,000,00,2,3,01,C01
201700001347,1,33,000,00,2,1,13,A01
201700001347,2,07,000,00,2,2,01,B01
201700001348,2,30,000,00,0,0,01,A01
201700001349,1,07,000,,4,7,01,A01
201700001349,0,39,027,00,2,1,01,B01
201700001350,2,33,000,00,2,7,01,B01
201700001350,2,07,000,00,2,2,09,A01
201700001351,2,33,000,00,6,7,01,A01
201700001352,1,07,000,00,2,2,02,A01
201700001352,1,32,000,00,2,8,02,B01
201700001353,2,07,000,00,2,3,13,A01
201700001353,1,07,000,00,2,3,00,B01
201700001354,1,07,000,00,2,3,01,B01
201700001354,2,07,000,00,2,1,13,A01
201700001355,1,07,000,00,2,1,01,A01
201700001355,1,01,000,00,2,7,19,B01
201700001356,2,07,000,15,0,2,01,A01
201700001357,1,33,000,00,2,1,01,B01
201700001357,2,07,000,00,2,3,15,A01
201700001358,0,07,000,00,0,0,04,A01
201700001359,1,07,000,00,2,2,01,A01
201700001359,2,07,000,00,2,3,05,B01
201700001360,1,30,000,00,2,2,01,B01
201700001360,1,07,000,00,2,1,19,A01
201700001361,2,10,000,00,2,1,01,B01
201700001361,1,33,000,00,2,1,13,A01
201700001361,1,07,000,00,0,0,20,C01
201700001362,2,07,000,00,2,5,15,A01
201700001362,1,33,000,00,2,1,01,B01
201700001363,2,07,000,00,2,7,01,B01
201700001363,1,07,000,00,2,2,15,A01
201700001364,1,07,000,00,2,3,15,B01
201700001364,2,02,000,00,2,1,01,A01
201700001365,1,07,000,00,0,7,15,B01
201700001365,2,33,000,00,2,3,01,A01
201700001366,2,33,000,12,0,1,01,A01
201700001367,2,10,000,00,2,1,13,A01
201700001367,1,10,000,00,2,1,01,B02
201700001368,2,07,000,00,1,2,17,A01
201700001369,2,30,000,00,2,1,15,B01
201700001369,1,07,000,00,2,2,02,A01
201700001370,1,07,000,00,2,1,19,A01
201700001370,1,07,000,00,2,2,01,B01
201700001371,0,07,000,00,2,1,01,A01
201700001371,0,07,000,00,2,7,01,B01
201700001372,2,07,000,00,2,3,01,A01
201700001372,1,07,000,00,2,4,15,B01
201700001372,1,07,000,00,2,1,01,C01
201700001373,1,07,000,02,0,1,14,A01
201700001374,1,01,000,00,2,1,15,B01
201700001374,2,07,000,00,9,7,01,A01
201700001375,1,07,000,02,2,3,17,A01
201700001375,1,07,000,00,2,2,17,B01
201700001376,2,07,000,08,0,5,13,A01
201700001377,2,07,000,00,2,7,01,B01
201700001377,2,07,000,00,2,3,01,A01
201700001378,2,07,000,00,0,9,00,A01
201700001379,1,01,000,00,2,3,01,B01
201700001379,2,07,000,00,9,3,05,A01
201700001380,1,07,000,00,2,3,09,A01
201700001380,2,07,000,00,2,1,01,B01
201700001381,2,33,000,00,2,1,21,A01
201700001381,1,07,000,00,2,7,19,B01
201700001382,1,10,000,00,2,1,01,A01
201700001382,2,07,000,00,2,1,13,B01
201700001383,0,30,000,00,2,1,13,A01
201700001383,0,10,000,00,2,1,01,B01
201700001384,1,07,000,06,0,1,14,A01
201700001385,2,07,000,00,0,9,01,A01
201700001386,1,07,000,07,0,1,01,A01
201700001387,1,10,000,10,0,8,17,A01
201700001388,1,07,000,00,2,3,09,A01
201700001388,2,02,000,00,2,1,01,B01
201700001389,2,07,000,00,2,2,13,A01
201700001389,1,17,000,00,2,1,01,B01
201700001390,2,02,000,00,2,1,01,B01
201700001390,1,07,000,00,2,7,15,A01
201700001391,1,07,000,02,0,8,01,A01
201700001392,1,33,000,13,0,2,01,A01
201700001393,0,33,000,00,6,1,00,A01
201700001394,2,07,000,00,2,5,00,A01
201700001394,1,07,000,00,2,1,01,B01
201700001395,1,07,000,00,2,1,05,A01
201700001395,2,07,000,00,2,3,01,B01
201700001395,2,07,000,00,2,7,01,C01
201700001396,2,07,000,13,0,2,01,A01
201700001397,0,07,000,00,2,1,01,A01
201700001397,0,33,000,00,2,8,01,B01
201700001397,0,33,000,00,2,3,01,C01
201700001397,0,33,000,00,2,8,01,D01
201700001398,1,07,000,00,0,0,15,A01
201700001398,1,07,000,00,2,1,01,B01
201700001398,2,07,000,00,2,1,13,C01
201700001399,1,31,000,00,0,0,01,A01
201700001400,2,21,000,00,0,0,15,A01
201700001400,2,07,000,13,0,1,17,B01
201700001401,2,07,000,13,0,9,01,A01
201700001402,1,03,000,02,0,3,01,A01
201700001403,0,14,000,00,1,3,15,A01
201700001404,1,07,000,00,2,2,13,A01
201700001404,2,17,000,08,2,3,21,B01
201700001405,1,07,000,00,2,1,01,A01
201700001405,1,07,000,00,2,7,19,B01
201700001406,1,07,000,00,1,0,01,A01
201700001406,2,07,000,00,1,0,01,B01
201700001407,1,07,000,02,0,1,14,A01
201700001408,1,07,000,00,2,5,19,B01
201700001408,1,33,000,00,2,1,17,A01
201700001409,2,07,000,00,2,7,13,A01
201700001409,1,07,000,00,2,1,01,B01
201700001410,2,07,000,00,2,3,15,A01
201700001410,1,02,000,00,2,8,01,B01
201700001411,1,07,000,00,2,8,15,A01
201700001411,1,02,000,00,2,1,17,B01
201700001412,0,07,000,00,2,3,15,A01
201700001412,0,33,000,00,2,8,01,B01
201700001412,0,07,000,00,2,3,01,C01
201700001413,0,03,000,00,2,1,23,B01
201700001413,1,07,000,00,2,1,15,A01
201700001414,2,10,000,07,2,1,01,A01
201700001414,1,03,000,07,2,7,15,B01
201700001415,2,07,000,13,0,2,14,A01
201700001416,1,17,000,00,1,2,01,A01
201700001417,0,07,000,06,0,1,01,A01
201700001418,1,07,000,00,2,3,19,A01
201700001418,1,33,000,00,2,1,01,B01
201700001419,0,07,000,00,1,2,01,A01
201700001420,1,33,000,00,2,1,02,A01
201700001420,1,07,000,00,0,4,23,B01
201700001421,1,07,000,03,0,8,13,A01
201700001422,1,07,000,00,2,3,15,A01
201700001422,2,33,000,00,2,1,01,B01
201700001423,2,33,000,00,2,1,13,A01
201700001423,2,21,000,00,0,8,02,C01
201700001423,2,07,000,00,0,4,23,B01
201700001424,1,33,000,00,2,1,17,A01
201700001424,1,07,000,00,2,8,15,B01
201700001425,1,07,000,03,2,8,17,A01
201700001425,1,07,000,00,2,7,01,B01
201700001426,1,07,000,00,2,6,23,A01
201700001426,1,07,000,00,2,3,01,C01
201700001426,1,07,000,00,2,1,21,B01
201700001427,0,07,000,00,1,7,01,A01
201700001428,1,07,000,00,2,8,19,A01
201700001428,1,02,000,00,2,1,01,B01
201700001429,0,07,000,00,2,3,01,B01
201700001429,0,07,000,00,2,3,13,A01
201700001430,0,07,000,02,0,1,01,A01
201700001431,1,07,000,00,1,3,01,A01
201700001432,1,07,000,00,2,8,09,A01
201700001432,1,07,000,00,2,1,01,B01
201700001433,2,01,000,00,0,4,01,A01
201700001433,2,01,000,00,2,1,01,B01
201700001434,0,36,000,06,0,2,01,A01
201700001435,2,32,000,03,0,7,01,A01
201700001436,2,01,000,00,2,1,00,B01
201700001436,1,30,000,00,2,1,13,A01
201700001437,2,07,000,00,0,4,00,B01
201700001437,2,07,000,00,2,1,02,A01
201700001438,0,01,000,00,0,0,00,A01
201700001439,0,07,000,00,1,4,04,A01
201700001440,1,33,000,00,2,1,01,A01
201700001440,2,33,000,00,2,3,01,B01
201700001441,1,07,000,00,2,3,15,A01
201700001441,2,33,000,00,2,1,01,B01
201700001442,0,02,000,00,2,1,01,B01
201700001442,0,07,000,00,9,3,15,A01
201700001443,0,07,000,00,1,1,01,A01
201700001444,2,07,000,00,2,1,01,B01
201700001444,0,07,000,00,2,8,15,A01
201700001445,1,10,000,00,2,2,16,B01
201700001445,1,33,000,00,2,1,18,A01
201700001446,0,07,000,00,9,7,17,B01
201700001446,0,01,000,12,2,8,01,A01
201700001447,1,21,000,00,2,6,01,B01
201700001447,1,07,000,00,2,2,02,A01
201700001448,0,07,000,00,9,1,20,A01
201700001448,0,01,000,00,0,7,01,B01
201700001449,2,02,000,00,2,3,01,B01
201700001449,1,10,000,00,2,1,15,A01
201700001450,1,07,000,00,1,2,01,A01
201700001451,0,07,000,00,1,2,01,A01
201700001452,2,07,000,03,0,5,01,A01
201700001453,0,33,000,00,2,7,17,A01
201700001453,0,07,000,00,2,6,15,B01
201700001454,1,07,000,00,2,3,15,A01
201700001454,1,33,000,00,2,1,01,B01
201700001455,1,01,000,00,0,8,02,B01
201700001455,1,07,000,00,0,1,02,A01
201700001456,2,07,000,13,0,5,14,A01
201700001457,0,07,000,05,0,1,19,A01
201700001458,2,07,000,15,0,1,01,A01
201700001459,1,33,000,00,0,0,01,A01
201700001460,0,10,000,00,1,2,01,A01
201700001461,1,07,000,00,2,1,16,A01
201700001461,2,07,000,00,0,1,01,B01
201700001462,2,07,000,00,2,3,09,A01
201700001462,1,02,000,00,2,7,16,B01
201700001463,2,33,000,16,0,1,01,A01
201700001464,0,33,000,00,0,7,16,A01
201700001465,1,07,000,00,2,1,13,A01
201700001465,2,07,000,00,2,3,01,B01
201700001466,0,10,000,00,0,7,15,A01
201700001466,0,33,000,00,2,1,01,B01
201700001467,0,21,000,00,0,1,14,A01
201700001468,1,33,000,00,2,7,01,B01
201700001468,0,21,000,00,2,3,16,A01
201700001469,2,07,000,00,2,2,11,A01
201700001469,1,07,000,00,2,1,02,B01
201700001470,0,02,000,06,0,1,16,A01
201700001471,2,07,000,06,0,1,01,A01
201700001472,1,10,000,00,2,1,15,A01
201700001472,2,10,000,00,2,3,01,B01
201700001473,1,07,000,00,0,0,14,A01
201700001474,1,07,000,02,0,3,13,A01
201700001475,2,33,000,12,0,1,15,A01
201700001476,2,07,000,00,2,2,19,A01
201700001476,1,07,000,00,2,3,01,C01
201700001476,2,07,000,00,2,3,01,B01
201700001477,1,33,000,12,0,8,01,A01
201700001478,1,10,000,00,2,1,01,B01
201700001478,0,31,000,00,2,7,19,A01
201700001479,1,07,000,00,9,3,01,B01
201700001479,2,07,000,00,2,0,01,A01
201700001480,2,10,000,00,2,3,01,B01
201700001480,1,02,000,00,2,1,13,A01
201700001481,1,07,000,00,1,6,01,A01
201700001482,1,33,000,02,0,1,01,A01
201700001483,1,07,000,06,0,1,01,A01
201700001484,1,02,000,00,2,1,13,A01
201700001484,2,10,000,00,2,1,01,B01
201700001485,2,15,000,06,0,1,14,A01
201700001486,2,07,000,02,0,3,13,A01
201700001487,1,38,024,02,0,7,01,A01
201700001488,1,07,000,01,0,1,01,A01
201700001488,1,07,000,00,2,4,23,B01
201700001489,2,07,000,00,2,8,13,A01
201700001489,1,31,000,00,2,8,01,B01
201700001490,0,07,000,00,1,6,04,A01
201700001491,1,07,000,00,2,8,09,A01
201700001491,2,07,000,00,2,1,01,B01
201700001492,2,17,000,00,2,2,01,A01
201700001492,2,07,000,00,2,8,19,B01
201700001493,1,07,000,02,0,1,01,A01
201700001494,1,07,000,00,2,1,01,B01
201700001494,1,33,000,07,2,3,19,A01
201700001495,2,07,000,00,2,1,01,B01
201700001495,2,07,000,00,2,8,09,A01
201700001496,1,36,000,00,0,1,14,A01
201700001497,1,07,000,00,1,7,02,A01
201700001498,1,33,000,02,0,7,14,A01
201700001499,1,07,000,02,0,2,01,A01
201700001500,2,07,000,00,2,8,13,A01
201700001500,1,07,000,00,2,1,01,B01
201700001501,1,07,000,00,9,3,15,A01
201700001501,2,01,000,00,2,3,01,B01
201700001502,1,07,000,00,2,1,01,A01
201700001502,2,07,000,00,2,1,01,B01
201700001502,2,07,000,00,2,3,01,C01
201700001503,2,07,000,00,2,1,01,A01
201700001503,1,02,000,00,2,1,19,B01
201700001504,1,33,000,00,2,1,01,A01
201700001504,1,07,000,00,2,6,01,B01
201700001504,1,07,000,00,2,4,01,C01
201700001504,2,07,000,00,2,3,01,D01
201700001505,2,07,000,00,2,5,15,A01
201700001505,1,33,000,00,2,1,01,B01
201700001506,2,07,000,00,2,3,02,A01