Num_Acc,senc,catv,occutc,obs,obsm,choc,manv,num_veh
201700003054,0,07,000,15,0,1,00,A01
201700003055,0,07,000,00,0,2,00,A01
201700003056,1,07,000,00,2,1,01,B01
201700003056,0,07,000,00,2,7,01,A01
201700003057,1,07,000,00,2,3,00,B01
201700003057,2,07,000,00,2,1,17,A01
201700003058,1,03,000,00,2,1,13,A01
201700003058,2,14,000,00,2,3,01,B01
201700003059,2,07,000,00,0,9,01,A01
201700003060,2,07,000,06,0,1,01,A01
201700003061,1,07,000,00,2,2,02,A01
201700003061,1,01,000,00,2,6,02,B01
201700003062,2,07,000,00,0,9,01,A01
201700003063,1,33,000,05,0,8,01,A01
201700003063,1,33,000,02,0,1,01,B01
201700003064,0,07,000,00,2,2,19,A01
201700003064,1,31,000,00,2,5,01,B01
201700003065,1,33,000,03,0,4,01,B01
201700003065,1,33,000,03,0,7,00,A01
201700003066,0,07,000,00,1,3,01,A01
201700003067,2,02,000,00,0,0,01,A01
201700003068,1,07,000,00,2,2,01,B01
201700003068,2,33,000,00,2,1,05,A01
201700003069,2,07,000,00,2,1,21,B01
201700003069,1,07,000,00,2,7,13,A01
201700003070,0,07,000,00,1,8,01,A01
201700003071,2,33,000,13,0,2,01,A01
201700003072,0,07,000,02,0,1,19,A01
201700003073,2,33,000,00,2,1,01,B01
201700003073,1,07,000,00,2,8,19,A01
201700003074,1,07,000,00,0,4,01,C01
201700003074,1,33,000,00,2,1,01,A01
201700003074,1,33,000,00,0,0,21,B01
201700003075,2,07,000,00,2,3,01,B01
201700003075,1,33,000,00,2,1,13,A01
201700003076,1,07,000,00,2,3,20,A01
201700003076,1,33,000,00,2,7,01,B01
201700003077,1,10,000,02,0,1,01,A01
201700003078,1,15,000,00,0,4,09,A01
201700003078,1,14,000,00,2,1,01,B01
201700003079,0,02,000,00,2,3,01,B01
201700003079,0,07,000,00,2,2,15,A01
201700003080,2,07,000,00,2,3,01,B01
201700003080,1,03,000,00,2,3,01,A01
201700003081,1,07,000,00,2,1,01,B01
201700003081,2,07,000,00,2,1,13,A01
201700003082,2,33,000,03,0,3,01,A01
201700003083,2,07,000,03,0,2,01,A01
201700003084,1,33,000,00,2,2,13,A01
201700003084,2,07,000,00,2,1,15,B01
201700003085,1,07,000,00,2,3,00,B01
201700003085,1,07,000,00,9,3,01,C01
201700003085,2,07,000,02,2,3,13,A01
201700003086,0,07,000,12,2,8,02,A01
201700003086,0,02,000,12,2,1,01,B01
201700003087,0,07,000,00,2,1,01,A01
201700003087,2,30,000,00,2,2,01,B01
201700003088,1,15,000,00,2,1,01,A01
201700003088,1,15,000,00,2,4,01,B01
201700003088,1,07,000,00,0,4,01,C01
201700003089,0,07,000,00,2,1,01,A01
201700003089,0,07,000,00,2,3,15,B01
201700003090,1,32,000,00,2,8,01,B01
201700003090,0,07,000,00,2,1,01,A01
201700003091,0,02,000,12,0,2,01,A01
201700003092,0,01,000,00,2,1,01,B01
201700003092,0,10,000,00,9,7,16,A01
201700003093,1,07,000,00,2,3,06,A01
201700003093,2,07,000,00,2,8,01,B01
201700003093,2,07,000,00,0,3,01,C01
201700003094,0,07,000,00,1,1,01,A01
201700003095,0,07,000,04,0,1,01,A01
201700003096,0,07,000,09,1,1,13,A01
201700003097,0,30,000,00,2,1,05,A01
201700003097,0,10,000,00,2,7,01,B01
201700003098,1,07,000,02,0,2,02,A01
201700003099,0,01,000,00,2,7,01,B01
201700003099,0,07,000,00,6,1,01,A01
201700003100,0,33,000,16,0,8,01,A01
201700003101,2,07,000,03,0,2,01,A01
201700003102,0,07,000,02,0,1,00,A01
201700003103,0,07,000,00,1,2,15,A01
201700003104,0,07,000,00,1,1,01,A01
201700003105,2,02,000,00,2,1,01,A01
201700003105,1,01,000,00,2,1,01,B01
201700003106,0,07,000,00,1,5,01,A01
201700003107,0,07,000,00,0,3,15,A01
201700003107,0,07,000,00,0,7,17,B01
201700003108,0,07,000,00,2,1,01,A01
201700003108,0,07,000,00,2,1,05,B01
201700003109,0,07,000,00,1,3,01,A01
201700003110,0,07,000,00,2,2,00,A01
201700003110,0,01,000,00,2,1,00,B01
201700003111,1,07,000,00,2,3,13,A01
201700003111,2,17,000,00,2,3,01,B01
201700003111,1,07,000,00,2,8,01,C01
201700003112,0,13,000,00,0,1,01,A01
201700003112,0,07,000,00,2,8,01,B01
201700003113,0,07,000,00,1,1,01,A01
201700003114,2,14,000,00,2,1,05,A01
201700003114,1,07,000,00,2,2,01,B01
201700003115,0,07,000,00,2,1,01,A01
201700003115,0,07,000,00,2,8,15,B01
201700003116,0,07,000,00,1,2,01,A01
201700003117,0,07,000,00,1,2,15,A01
201700003118,0,33,000,00,2,5,12,A01
201700003118,0,07,000,00,2,3,01,B01
201700003119,1,01,000,00,0,0,01,A01
201700003120,0,07,000,00,2,1,15,A01
201700003120,0,02,000,00,2,8,01,B01
201700003121,0,33,000,02,0,1,01,A01
201700003122,0,07,000,00,2,2,15,A01
201700003122,1,10,000,00,2,8,01,B01
201700003123,0,01,000,00,0,1,01,B01
201700003123,0,01,000,00,0,1,00,A01
201700003124,0,31,000,00,2,1,01,A01
201700003124,0,07,000,00,2,3,13,B01
201700003125,0,07,000,02,0,2,21,B01
201700003125,0,07,000,02,0,9,01,A01
201700003126,0,07,000,00,9,2,01,A01
201700003126,0,01,000,00,2,4,19,B01
201700003127,1,07,000,00,2,1,01,B01
201700003127,2,07,000,00,2,1,17,A01
201700003128,0,07,000,00,9,2,01,A01
201700003128,0,01,000,00,2,9,16,B01
201700003129,0,01,000,00,2,8,01,B01
201700003129,0,07,000,00,2,2,15,A01
201700003130,0,07,000,00,2,6,20,B01
201700003130,0,30,000,00,2,2,02,A01
201700003131,0,02,000,01,0,1,01,A01
201700003131,0,31,000,16,0,0,21,C01
201700003132,1,01,000,00,4,7,00,A01
201700003132,0,39,400,00,2,2,00,B01
201700003133,2,07,000,00,2,2,01,A01
201700003133,2,01,000,00,2,8,19,B01
201700003134,0,30,000,06,0,1,16,A01
201700003135,0,07,000,00,1,3,01,A01
201700003136,0,07,000,00,1,1,01,A01
201700003137,0,07,000,00,1,0,01,A01
201700003138,1,01,000,00,2,8,13,B01
201700003138,1,33,000,00,2,1,17,A01
201700003139,2,07,000,00,2,3,01,A01
201700003139,1,01,000,00,2,1,13,B01
201700003140,0,33,000,00,2,0,02,A01
201700003140,0,07,000,00,0,6,15,B01
201700003141,0,07,000,00,0,0,17,A01
201700003141,0,01,000,00,0,0,01,B01
201700003142,2,07,000,02,0,1,13,A01
201700003143,1,33,000,00,0,0,01,A01
201700003144,0,07,000,00,0,3,15,B01
201700003144,0,33,000,00,0,7,01,A01
201700003145,1,33,000,16,0,0,21,A01
201700003146,1,07,000,00,2,2,15,A01
201700003146,2,07,000,00,2,3,01,B01
201700003146,1,10,000,00,2,8,01,C01
201700003147,1,07,000,00,2,4,01,B01
201700003147,1,33,000,00,2,1,17,A01
201700003148,2,07,000,07,0,1,01,A01
201700003149,2,07,000,13,0,3,01,A01
201700003150,2,07,000,00,1,2,16,A01
201700003151,0,07,000,00,1,4,04,A01
201700003152,2,07,000,02,0,3,01,A01
201700003153,1,07,000,00,1,3,19,A01
201700003154,0,02,000,00,2,1,01,A01
201700003154,0,07,000,00,0,5,01,B01
201700003155,2,07,000,00,2,3,01,B01
201700003155,1,07,000,00,2,3,13,A01
201700003156,0,07,000,00,0,6,19,A01
201700003156,0,30,000,00,2,1,01,B01
201700003157,0,07,000,02,0,7,13,A01
201700003158,0,07,000,00,0,5,09,A01
201700003158,1,07,000,00,2,1,01,B01
201700003159,2,07,000,00,2,1,01,B01
201700003159,1,07,000,00,2,1,17,A01
201700003160,0,33,000,00,2,1,09,A01
201700003160,0,07,000,08,2,8,01,B01
201700003161,1,07,000,00,2,3,19,A01
201700003161,1,01,000,00,2,2,09,B01
201700003162,0,07,000,00,2,1,13,A01
201700003162,0,07,000,00,2,1,01,B01
201700003163,0,10,000,00,2,2,15,A01
201700003163,0,33,000,00,2,1,01,B01
201700003164,0,10,000,12,0,2,14,A01
201700003165,0,07,000,00,0,8,01,A01
201700003165,0,07,000,00,0,8,05,B01
201700003166,1,01,000,00,2,1,16,A01
201700003166,2,13,000,00,9,3,01,B01
201700003167,0,07,000,00,2,1,01,A01
201700003167,0,07,000,00,2,4,01,B01
201700003167,0,07,000,00,0,4,01,C01
201700003168,1,07,000,00,2,2,02,B01
201700003168,0,07,000,00,0,8,10,A01
201700003169,0,07,000,16,2,1,05,A01
201700003169,0,07,000,00,2,1,01,B01
201700003170,1,10,000,01,1,2,02,B01
201700003171,1,07,000,00,1,1,01,A01
201700003172,1,01,000,00,2,7,19,A01
201700003172,2,07,000,00,2,2,01,B01
201700003173,1,07,000,00,0,1,09,A01
201700003173,0,01,000,00,0,5,01,B01
201700003174,0,07,000,00,2,3,15,A01
201700003174,1,07,000,00,2,2,01,B01
201700003175,1,07,000,00,0,2,02,A01
201700003175,2,07,000,00,0,3,15,B01
201700003176,2,07,000,02,0,7,01,A01
201700003177,0,33,000,03,0,7,01,A01
201700003178,2,07,000,00,2,2,17,B01
201700003178,2,07,000,00,0,6,15,A01
201700003179,2,07,000,13,0,1,16,A01
201700003180,0,07,000,00,2,3,17,A01
201700003180,0,03,000,00,2,1,01,B01
201700003181,0,07,000,00,2,3,19,A01
201700003181,0,02,000,00,2,1,01,B01
201700003182,0,07,000,13,0,1,02,A01
201700003183,2,07,000,06,0,1,01,A01
201700003184,0,07,000,00,1,2,01,A01
201700003185,0,07,000,13,0,1,01,A01
201700003186,1,33,000,13,0,0,01,A01
201700003187,1,33,000,03,0,8,15,A01
201700003188,0,33,000,13,0,8,01,A01
201700003189,1,33,000,00,0,8,15,A01
201700003190,2,07,000,00,2,3,17,A01
201700003190,1,33,000,00,2,3,01,B01
201700003191,2,07,000,00,0,1,01,A01
201700003192,0,21,000,00,2,3,15,A01
201700003192,0,30,000,00,2,3,00,B01
201700003193,0,33,000,00,0,8,01,A01
201700003194,0,33,000,01,0,1,01,A01
201700003195,0,99,000,13,0,3,01,A01
201700003196,1,07,000,02,0,1,01,A01
201700003197,0,07,000,00,0,2,00,A01
201700003198,0,10,000,00,2,1,01,B01
201700003198,0,10,000,00,0,4,01,A01
201700003199,0,33,000,12,0,3,21,A01
201700003200,0,07,000,00,1,2,01,A01
201700003201,1,07,000,00,0,4,15,A01
201700003201,1,07,000,00,2,1,17,B01
201700003201,2,07,000,00,2,1,01,C01
201700003202,0,07,000,00,0,6,02,A01
201700003202,0,33,000,00,2,1,01,B01
201700003203,2,01,000,00,5,1,01,A01
201700003204,0,15,000,00,0,5,01,B01
201700003204,0,01,000,00,9,0,00,A01
201700003205,0,07,000,00,1,1,01,A01
201700003206,2,33,000,13,9,2,02,A01
201700003207,1,31,000,15,0,1,01,A01
201700003208,2,33,000,00,0,0,17,A01
201700003209,1,10,000,00,1,2,01,A01
201700003210,1,07,000,00,1,3,01,A01
201700003211,0,07,000,00,2,3,01,B01
201700003211,0,07,000,00,2,3,01,A01
201700003212,2,10,000,00,1,3,01,A01
201700003213,0,07,000,06,0,3,13,A01
201700003214,0,10,000,00,1,1,01,A01
201700003215,1,07,000,00,2,2,02,B01
201700003215,1,07,000,00,2,4,23,A01
201700003216,1,07,000,00,2,7,13,A01
201700003216,2,07,000,06,2,1,01,B01
201700003217,2,07,000,06,0,1,01,A01
201700003218,2,07,000,01,2,1,09,A01
201700003219,2,07,000,00,2,1,15,A01
201700003219,1,01,000,00,2,1,01,B02
201700003220,2,07,000,06,0,1,00,A01
201700003221,1,07,000,00,2,1,02,A01
201700003221,1,07,000,00,2,4,23,B01
201700003222,1,17,000,00,2,8,13,A01
201700003222,2,07,000,00,2,3,01,B01
201700003223,1,30,000,00,2,2,01,B01
201700003223,1,07,000,00,2,1,09,A01
201700003224,1,33,000,00,2,8,13,A01
201700003224,2,07,000,00,2,1,01,B01
201700003225,2,07,000,00,2,1,05,A01
201700003225,1,07,000,00,0,8,01,B01
201700003225,1,07,000,00,0,1,01,C01
201700003226,2,07,000,00,2,3,13,A01
201700003226,1,07,000,00,2,9,01,B01
201700003226,1,07,000,00,0,8,01,C01
201700003226,2,07,000,00,0,8,01,D01
201700003227,1,07,000,02,0,1,01,A01
201700003228,1,33,000,00,2,8,17,A01
201700003228,2,07,000,00,0,3,21,B01
201700003229,1,33,000,13,0,1,17,A01
201700003230,2,07,000,00,0,5,02,A01
201700003230,2,02,000,00,2,1,02,B01
201700003231,2,07,000,00,2,3,09,A01
201700003231,1,01,000,00,0,2,01,B01
201700003232,1,07,000,06,0,3,16,A01
201700003233,2,07,000,00,2,1,01,A01
201700003233,2,07,000,00,2,4,01,B01
201700003233,2,07,000,00,0,5,15,C01
201700003234,2,07,000,06,0,3,13,A01
201700003235,0,07,000,00,0,1,01,A01
201700003236,2,07,000,00,2,3,19,A01
201700003236,1,07,000,00,2,1,01,B01
201700003237,2,07,000,00,2,1,02,A01
201700003237,2,20,000,00,2,4,01,B01
201700003237,1,07,000,00,2,3,01,C01
201700003238,2,07,000,02,0,3,13,A01
201700003239,2,07,000,13,0,2,21,A01
201700003240,1,07,000,00,2,6,01,B01
201700003240,1,02,000,00,2,2,19,A01
201700003241,2,07,000,00,2,2,02,A01
201700003241,2,01,000,00,2,8,02,B01
201700003242,2,33,000,00,0,0,14,A01
201700003243,1,33,000,00,6,1,01,A01
201700003244,2,30,000,00,2,3,09,A01
201700003244,0,07,000,00,2,5,01,B01
201700003245,2,07,000,00,1,2,01,A01
201700003246,2,07,000,00,0,3,01,B01
201700003246,1,07,000,00,2,3,16,A01
201700003247,1,07,000,00,0,3,15,A01
201700003247,2,02,000,00,2,1,01,B01
201700003248,2,07,000,00,2,5,14,A01
201700003248,1,17,000,00,0,1,01,B01
201700003249,1,07,000,00,2,1,01,A01
201700003249,1,07,000,00,0,4,01,B01
201700003250,2,07,000,06,0,1,01,A01
201700003251,2,33,000,00,0,0,15,A01
201700003252,1,33,000,00,2,3,13,A01
201700003252,2,07,000,00,2,6,01,B01
201700003252,2,07,000,00,2,2,01,C01
201700003253,2,07,000,02,0,8,14,A01
201700003254,2,33,000,00,0,9,01,A01
201700003255,2,07,000,13,0,9,01,A01
201700003256,2,07,000,00,2,7,15,A01
201700003256,1,02,000,00,2,1,01,B01
201700003257,2,07,000,16,0,0,01,A01
201700003258,1,07,000,00,5,1,01,A01
201700003259,2,07,000,00,2,1,01,B01
201700003259,0,01,000,00,0,7,19,A01
201700003260,0,07,000,00,1,8,15,A01
201700003261,1,33,000,13,0,9,01,A01
201700003262,2,07,000,00,1,1,01,A01
201700003263,1,07,000,00,2,1,09,A01
201700003263,2,07,000,00,2,7,01,B01
201700003264,2,07,000,00,2,1,02,A01
201700003264,2,07,000,00,1,4,23,B01
201700003265,2,33,000,13,0,9,01,A01
201700003266,1,07,000,00,0,2,16,A01
201700003266,1,02,000,00,2,3,02,B01
201700003267,2,33,000,00,0,9,01,A01
201700003268,2,33,000,03,0,3,02,A01
201700003269,2,33,000,13,0,1,21,A01
201700003270,2,33,000,00,0,9,01,A01
201700003271,1,07,000,00,2,1,13,A01
201700003271,2,07,000,00,0,3,01,B01
201700003272,2,33,000,16,0,9,01,A01
201700003273,2,07,000,02,0,3,01,A01
201700003274,0,07,000,13,0,3,01,A01
201700003275,2,07,000,02,0,1,01,A01
201700003276,1,07,000,00,2,1,01,A01
201700003276,2,10,000,00,2,3,01,B02
201700003276,2,07,000,08,2,2,01,C03
201700003277,2,07,000,06,0,1,01,A01
201700003278,0,07,000,08,0,9,01,A01
201700003279,1,07,000,00,1,7,19,A01
201700003280,0,07,000,00,2,1,13,A01
201700003280,2,13,000,00,2,3,01,B01
201700003281,2,07,000,00,0,9,21,A01
201700003282,0,30,000,07,0,1,13,A01
201700003283,2,07,000,03,0,1,14,A01
201700003284,1,33,000,00,2,8,01,A01
201700003284,2,01,000,00,2,8,01,B01
201700003285,1,07,000,06,0,4,23,A01
201700003286,2,07,000,15,0,2,13,A01
201700003287,0,07,000,01,1,8,21,A01
201700003288,0,10,000,00,2,7,01,A01
201700003288,0,07,000,00,2,1,15,B01
201700003289,1,07,000,00,2,3,02,A01
201700003289,1,07,000,00,2,5,15,B01
201700003290,2,07,000,00,1,1,15,A01
201700003291,0,07,000,00,2,3,09,A01
201700003291,0,07,000,00,2,2,01,B01
201700003292,0,07,000,00,2,1,02,A01
201700003292,0,07,000,00,0,4,23,B01
201700003293,1,07,000,00,1,1,01,A01
201700003294,0,07,000,00,9,1,16,A01
201700003294,0,01,000,00,2,1,00,B01
201700003295,0,07,000,00,2,2,01,A01
201700003295,0,07,000,00,2,3,23,B01
201700003296,0,07,000,00,1,1,01,A01
201700003297,0,07,000,00,2,3,13,A01
201700003297,0,01,000,00,2,1,01,B01
201700003298,1,07,000,00,1,8,01,A01
201700003299,2,07,000,00,2,2,15,A01
201700003299,1,33,000,00,2,1,01,B01
201700003300,1,07,000,00,0,5,01,A01
201700003300,2,33,000,00,2,1,01,B01
201700003301,2,10,000,00,2,2,15,A01
201700003301,1,30,000,00,2,1,01,B01
201700003302,0,10,000,00,2,2,19,A01
201700003302,0,33,000,00,0,8,01,B01
201700003303,1,07,000,00,2,3,15,A01
201700003303,2,01,000,00,2,7,01,B01
201700003303,1,07,000,00,0,1,23,C01
201700003304,2,14,000,00,1,2,01,A01
201700003305,1,33,000,00,2,7,01,A01
201700003305,1,10,000,00,2,3,01,B01
201700003306,1,07,000,00,1,1,01,A01
201700003307,1,07,000,00,2,1,02,A01
201700003307,1,07,000,00,0,4,16,B01
201700003308,2,07,000,00,2,8,15,A01
201700003308,2,02,000,00,2,2,17,B01
201700003309,0,17,000,15,0,2,01,A01
201700003310,1,07,000,02,0,7,14,A01
201700003311,1,03,000,00,2,3,13,A01
201700003311,2,17,000,00,2,3,21,B01
201700003312,2,03,000,02,0,1,00,A01
201700003313,2,07,000,02,0,1,14,A01
201700003314,2,07,000,06,0,7,15,A01
201700003315,1,02,000,00,2,1,01,A01
201700003315,1,07,000,00,0,5,16,B01
201700003316,2,07,000,00,0,2,16,A01
201700003316,2,31,000,00,2,1,01,B01
201700003317,1,07,000,00,2,1,01,B01
201700003317,2,01,000,00,0,7,16,A01
201700003318,2,31,000,12,0,3,01,A01
201700003319,2,01,000,14,0,1,01,A01
201700003320,1,07,000,02,0,2,01,A01
201700003321,1,07,000,16,9,3,00,A01
201700003322,2,07,000,02,0,7,01,A01
201700003323,1,07,000,00,1,5,01,A01
201700003324,1,07,000,00,2,4,23,B01
201700003324,1,07,000,00,0,4,23,D01
201700003324,1,38,001,00,2,1,02,A01
201700003324,1,10,000,00,2,4,23,C01
201700003325,0,07,000,00,1,3,01,A01
201700003326,0,07,000,00,2,1,01,A01
201700003326,0,07,000,00,2,8,01,B01
201700003327,0,07,000,02,0,2,20,A01
201700003328,2,07,000,00,2,1,15,A01
201700003328,1,07,000,00,2,1,01,B01
201700003329,0,07,000,00,1,2,01,A01
201700003330,1,07,000,00,2,5,19,A01
201700003330,2,01,000,00,2,1,01,B01
201700003331,2,07,000,00,2,7,01,A01
201700003331,1,07,000,00,0,3,15,B01
201700003332,2,33,000,00,2,3,01,B01
201700003332,1,33,000,00,2,3,01,A01
201700003333,2,07,000,00,2,3,13,A01
201700003333,1,17,000,00,0,3,01,B01
201700003334,0,01,000,00,0,7,19,B01
201700003334,2,07,000,00,2,2,01,A01
201700003335,0,07,000,00,2,2,01,A01
201700003335,0,01,000,00,0,8,15,B01
201700003336,1,07,000,00,2,3,13,A01
201700003336,2,07,000,00,2,3,01,B01
201700003337,1,10,000,00,0,1,02,A01
201700003337,1,07,000,00,0,4,23,B01
201700003338,2,10,000,00,2,1,02,A01
201700003338,2,07,000,00,0,6,15,B01
201700003339,0,02,000,00,2,1,01,A01
201700003339,0,07,000,00,0,4,23,B01
201700003340,2,07,000,00,1,2,01,A01
201700003341,1,01,000,07,0,1,01,A01
201700003342,2,07,000,00,2,1,02,A01
201700003342,2,07,000,00,2,4,02,B01
201700003343,2,07,000,00,2,1,13,A01
201700003343,1,07,000,00,2,8,01,B01
201700003344,1,07,000,00,0,4,23,A01
201700003344,1,07,000,00,2,2,02,B01
201700003345,1,33,000,13,0,8,01,A01
201700003346,1,07,000,00,2,2,16,A01
201700003346,2,01,000,00,2,1,15,B01
201700003347,0,07,000,00,1,2,01,A01
201700003348,2,07,000,00,6,1,01,A01
201700003349,1,07,000,03,0,1,01,A01
201700003350,1,07,000,00,2,2,15,A01
201700003350,2,01,000,00,0,8,01,B01
201700003351,1,07,000,02,0,3,01,A01
201700003352,1,07,000,00,1,3,15,A01
201700003353,1,07,000,00,4,7,01,A01
201700003353,2,39,035,00,2,1,01,B01
201700003354,1,07,000,06,0,1,13,A01
201700003355,2,17,000,00,2,3,01,B01
201700003355,0,07,000,00,2,3,06,A01
201700003356,1,07,000,00,2,3,17,A01
201700003356,1,07,000,00,2,3,01,B01
201700003356,2,02,000,00,2,1,09,C01
201700003357,1,01,000,00,0,7,01,B01
201700003357,0,07,000,00,2,1,09,A01
201700003358,0,02,000,06,0,8,01,A01
201700003359,2,32,000,00,2,1,02,A01
201700003359,2,10,000,00,2,4,16,B01
201700003360,1,07,000,00,2,2,15,A01
201700003360,2,02,000,00,2,3,01,B01
201700003361,1,07,000,00,2,7,13,A01
201700003361,2,07,000,00,2,1,01,B01
201700003362,1,07,000,00,2,1,15,A01
201700003362,2,01,000,00,0,8,01,B01
201700003363,1,07,000,00,2,3,02,A01
201700003363,2,07,000,04,2,8,01,B01
201700003364,2,30,000,00,2,1,17,A01
201700003364,2,31,000,00,2,8,15,B01
201700003365,2,33,000,00,2,1,13,A01
201700003365,1,07,000,00,2,1,01,B01
201700003366,2,33,000,00,0,9,17,A01
201700003367,2,07,000,07,0,1,06,A01
201700003368,1,07,000,00,2,1,13,A01
201700003368,2,07,000,00,0,1,01,B01
201700003369,2,01,000,07,0,1,01,A01
201700003370,1,01,000,00,2,3,13,A01
201700003370,2,07,000,00,0,3,01,B01
201700003371,1,01,000,00,0,9,01,A01
201700003372,1,33,000,00,0,7,20,A01
201700003373,1,33,000,00,0,9,01,A01
201700003374,2,07,000,00,2,3,13,A01
201700003374,1,07,000,00,0,8,01,B01
201700003375,2,33,000,16,0,9,01,A01
201700003376,1,07,000,00,2,3,13,A01
201700003376,2,07,000,00,0,3,01,B01
201700003377,2,07,000,02,0,9,01,A01
201700003378,2,07,000,00,2,3,13,A01
201700003378,1,07,000,00,0,3,01,B01
201700003379,1,33,000,00,6,7,01,A01
201700003380,1,07,000,00,2,7,00,A01
201700003380,2,07,000,00,2,3,01,B01
201700003381,0,33,000,15,0,2,15,A01
201700003382,1,33,000,00,0,1,15,A01
201700003383,0,02,000,00,2,1,11,A01
201700003383,0,07,000,00,2,1,01,B01
201700003384,2,17,000,00,2,1,01,B01
201700003384,1,07,000,00,2,7,13,A01
201700003385,1,07,000,02,0,8,17,A01
201700003386,1,07,000,00,0,1,00,B01
201700003386,1,07,000,00,0,1,00,D01
201700003386,1,07,000,00,0,4,00,A01
201700003386,1,07,000,00,0,1,23,C01
201700003387,1,07,000,03,0,2,14,A01
201700003388,1,07,000,00,2,2,12,A01
201700003388,1,13,000,00,0,6,01,B01
201700003389,2,14,000,00,0,6,00,B01
201700003389,2,07,000,03,2,2,17,A01
201700003390,1,33,000,,2,1,02,A01
201700003390,1,07,000,00,2,5,02,C01
201700003390,1,07,000,00,2,4,02,D01
201700003390,1,07,000,03,2,8,02,E01
201700003390,1,07,000,00,2,6,02,B01
201700003391,2,33,000,00,0,0,01,A01
201700003392,1,07,000,00,2,6,23,B01
201700003392,1,07,000,00,0,5,23,A01
201700003392,1,07,000,14,0,1,02,C01
201700003393,1,07,000,02,0,3,01,A01
201700003394,0,02,000,00,0,8,00,A01
201700003395,0,02,000,00,0,7,00,A01
201700003396,0,33,000,05,0,1,01,A01
201700003397,1,07,000,00,1,0,01,A01
201700003398,0,07,000,00,1,0,01,A01
201700003399,1,10,000,00,2,1,13,A01
201700003399,1,07,000,00,2,1,01,B02
201700003400,2,07,000,00,0,9,01,A01
201700003401,2,07,000,00,2,8,15,B02
201700003401,2,07,000,00,2,7,01,A01
201700003402,2,07,000,13,0,1,15,A01
201700003403,0,07,000,06,0,1,00,A01
201700003404,0,33,000,00,0,0,21,A01
201700003405,1,07,000,00,2,1,01,A01
201700003405,2,07,000,00,2,1,01,B01
201700003406,1,15,000,13,0,3,13,A01
201700003407,1,07,000,00,1,2,01,A01
201700003408,2,07,000,00,2,8,13,A01
201700003408,1,17,000,00,0,0,01,B01
201700003409,1,07,000,00,2,7,19,A01
201700003409,1,07,000,00,2,1,01,B01
201700003410,2,07,000,02,0,1,01,A01
201700003411,1,07,000,00,2,8,00,A01
201700003411,0,33,000,00,2,2,01,B01
201700003412,2,17,000,00,2,6,01,B01
201700003412,1,10,000,00,2,3,01,A01
201700003413,1,07,000,00,2,2,00,A01
201700003413,2,07,000,00,0,2,01,B01
201700003414,2,07,000,00,2,1,01,B01
201700003414,1,07,000,00,2,1,01,A01
201700003415,0,33,000,00,2,7,01,B01
201700003415,0,07,000,00,2,1,09,A01
201700003416,2,07,000,08,0,9,01,B01
201700003416,2,07,000,00,0,1,01,A01
201700003417,1,07,000,00,9,1,01,A01
201700003418,1,10,000,00,2,3,05,A01
201700003418,2,07,000,00,2,8,01,B01
201700003418,2,10,000,00,9,3,01,C01
201700003419,1,07,000,00,2,1,16,A01
201700003419,1,07,000,00,2,2,01,B01
201700003420,2,07,000,00,2,2,15,A01
201700003420,2,33,000,12,2,1,01,B01
201700003421,2,07,000,00,2,1,01,B01
201700003421,1,07,000,00,2,1,05,A01
201700003422,1,07,000,03,0,6,16,A01
201700003423,1,10,000,00,0,4,01,B01
201700003423,1,02,000,00,2,3,01,A01
201700003424,1,07,000,02,0,3,05,A01
201700003425,0,07,000,00,1,1,15,A01
201700003426,0,07,000,15,0,1,01,A01
201700003427,2,33,000,00,2,1,17,A01
201700003427,2,21,000,00,2,3,15,B01
201700003428,1,07,000,00,9,2,01,A01
201700003428,1,01,000,00,2,4,23,C01
201700003428,1,01,000,00,2,0,23,B01
201700003429,0,02,000,00,0,7,01,A01
201700003430,1,02,000,00,0,1,01,A01
201700003431,2,07,000,00,2,3,09,A01
201700003431,2,33,000,00,2,1,01,B01
201700003432,2,15,000,00,2,1,01,B01
201700003432,0,07,000,00,2,8,19,A01
201700003433,1,07,000,00,2,3,00,A01
201700003433,2,07,000,00,2,3,00,B01
201700003434,1,17,000,00,2,1,02,A01
201700003434,1,07,000,00,2,4,23,B01
201700003434,1,07,000,00,2,4,23,C01
201700003434,1,07,000,00,2,4,23,D01
201700003434,1,07,000,00,2,4,23,E01
201700003434,1,07,000,00,2,4,23,F01
201700003434,1,07,000,00,2,4,23,G01
201700003435,2,07,000,02,0,1,01,A01
201700003436,1,07,000,00,1,2,13,A01
201700003437,1,07,000,00,2,3,13,A01
201700003437,2,07,000,00,2,3,01,B01
201700003438,1,10,000,00,2,1,17,A01
201700003438,2,07,000,00,2,1,01,B01
201700003439,2,07,000,00,9,3,01,A01
201700003439,1,01,000,00,2,7,15,B01
201700003440,2,33,000,12,0,1,14,A01
201700003441,2,07,000,00,2,1,06,A01
201700003441,1,07,000,00,2,1,01,B01
201700003442,1,33,000,00,0,7,01,A01
201700003442,1,07,000,00,0,0,09,B01
201700003443,2,07,000,00,9,2,01,A01
201700003443,1,31,000,00,2,8,01,B01
201700003444,1,33,000,00,0,4,01,A01
201700003444,2,07,000,00,2,2,09,B01
201700003445,0,07,000,00,2,7,01,A01
201700003445,0,07,000,00,2,8,01,B01