Num_Acc,senc,catv,occutc,obs,obsm,choc,manv,num_veh
201700003446,2,07,000,12,0,3,01,A01
201700003447,1,07,000,15,0,2,01,A01
201700003448,0,33,000,00,2,1,02,A01
201700003448,1,10,000,00,2,3,09,B01
201700003449,2,07,000,00,2,8,19,A01
201700003449,1,33,000,00,2,1,01,B01
201700003450,1,01,000,00,0,0,00,A01
201700003451,0,02,000,00,2,1,05,A01
201700003451,0,07,000,00,2,3,01,B01
201700003452,2,07,000,02,0,3,16,A01
201700003453,2,33,000,00,0,8,01,A01
201700003454,2,02,000,00,2,1,01,A01
201700003454,0,07,000,00,0,6,00,B01
201700003455,2,07,000,13,0,1,00,A01
201700003456,2,07,000,00,2,1,01,B01
201700003456,0,07,000,00,2,3,16,A01
201700003457,1,07,000,13,0,1,00,A01
201700003458,0,07,000,00,0,0,02,A01
201700003459,2,33,000,02,0,1,01,A01
201700003460,0,07,000,00,0,5,15,A01
201700003460,0,33,000,00,0,0,01,B01
201700003461,0,07,000,00,2,1,01,A01
201700003461,0,07,000,00,2,3,01,B01
201700003462,1,07,000,02,9,1,00,A01
201700003463,2,01,000,11,0,0,01,A01
201700003464,0,21,000,00,0,1,01,A01
201700003465,0,07,000,06,0,2,01,A01
201700003466,0,07,000,00,0,1,01,B01
201700003466,0,31,000,00,0,8,09,A01
201700003467,1,07,000,00,2,1,19,B01
201700003467,1,07,000,00,2,7,19,A01
201700003468,0,07,000,00,1,2,01,A01
201700003469,0,07,000,00,1,7,04,A01
201700003470,0,07,000,00,1,7,01,A01
201700003471,0,33,000,14,2,1,13,A01
201700003471,0,30,000,00,2,1,00,B01
201700003472,1,07,000,00,0,6,01,A01
201700003472,2,33,000,00,2,9,01,B01
201700003473,2,07,000,00,2,3,15,B01
201700003473,2,07,000,00,2,2,17,A01
201700003474,2,07,000,00,1,1,01,A01
201700003475,0,07,000,00,2,8,00,A01
201700003475,0,33,000,00,2,2,01,B01
201700003476,0,07,000,06,0,3,13,A01
201700003477,0,07,000,00,2,3,01,B01
201700003477,0,07,000,00,2,3,17,A01
201700003478,1,07,000,00,2,6,01,B01
201700003478,1,32,000,00,2,1,01,A01
201700003479,0,10,000,00,1,4,04,A01
201700003480,1,07,000,07,0,1,06,A01
201700003481,2,07,000,00,2,8,05,A01
201700003481,1,07,000,00,2,8,01,B01
201700003482,2,33,000,08,0,1,00,A01
201700003483,1,15,000,00,2,2,02,A01
201700003483,1,07,000,00,0,4,02,B01
201700003484,0,02,000,00,2,2,01,B01
201700003484,0,07,000,00,2,3,15,A01
201700003485,1,07,000,00,2,1,01,B01
201700003485,0,07,000,07,2,7,19,A01
201700003486,1,10,000,00,2,3,01,B01
201700003486,1,07,000,00,2,7,17,A01
201700003487,0,34,000,03,0,3,13,A01
201700003488,1,07,000,00,2,2,01,B01
201700003488,1,17,000,00,0,3,01,A01
201700003489,0,07,000,00,2,1,01,A01
201700003489,0,07,000,00,2,6,02,C01
201700003489,0,07,000,00,2,4,02,B01
201700003490,0,07,000,02,0,1,19,A01
201700003491,0,07,000,00,2,3,15,A01
201700003491,0,07,000,00,2,1,01,B01
201700003492,0,10,000,13,0,3,01,A01
201700003493,0,07,000,00,2,1,01,A01
201700003493,1,07,000,00,2,8,01,B01
201700003494,0,10,000,00,1,2,01,A01
201700003495,0,07,000,00,2,1,02,A01
201700003495,0,07,000,00,2,4,02,B01
201700003495,0,07,000,00,0,4,02,C01
201700003496,0,07,000,00,2,3,13,A01
201700003496,0,07,000,00,2,3,01,B01
201700003497,0,07,000,00,2,3,19,A01
201700003497,0,07,000,00,2,1,01,B01
201700003498,0,07,000,06,0,3,20,A01
201700003499,1,07,000,01,0,1,01,A01
201700003499,1,07,000,00,0,4,24,B01
201700003500,2,33,000,00,2,1,01,A01
201700003500,2,33,000,00,0,4,01,B01
201700003501,1,07,000,13,0,3,01,A01
201700003502,1,07,000,02,0,3,00,A01
201700003503,1,07,000,07,0,1,01,A01
201700003504,2,07,000,13,0,2,14,A01
201700003505,1,02,000,00,0,0,00,A01
201700003506,1,38,032,03,0,9,01,A01
201700003507,2,07,000,15,0,1,13,A01
201700003508,1,17,000,03,2,1,01,A01
201700003508,2,07,000,00,2,3,01,B01
201700003509,1,07,000,00,2,1,01,B01
201700003509,2,07,000,00,2,1,13,A01
201700003510,1,07,000,00,2,3,13,A01
201700003510,2,07,000,00,2,3,01,B01
201700003511,1,07,000,13,0,1,01,A01
201700003512,1,07,000,00,2,1,13,B01
201700003512,2,07,000,00,2,1,01,A01
201700003513,2,07,000,00,1,1,01,A01
201700003514,0,07,000,09,2,6,15,B01
201700003514,0,07,000,07,2,2,17,A01
201700003515,0,14,000,00,2,8,01,A01
201700003515,2,38,001,00,2,1,01,B01
201700003516,2,14,000,00,2,3,13,A01
201700003516,1,07,000,00,2,3,01,B01
201700003517,2,07,000,00,2,3,19,A01
201700003517,2,07,000,00,2,2,01,B01
201700003518,0,07,000,00,2,6,19,A01
201700003518,0,07,000,00,2,3,01,B01
201700003519,0,33,000,00,0,0,01,A01
201700003520,2,07,000,01,0,2,01,A01
201700003521,1,33,000,00,0,8,01,A01
201700003522,2,07,000,06,0,1,13,A01
201700003523,0,02,000,00,2,1,05,A01
201700003523,0,07,000,00,2,1,01,B01
201700003524,2,07,000,08,0,3,01,A01
201700003525,2,07,000,10,0,1,13,A01
201700003526,1,07,000,00,0,3,01,A01
201700003526,2,07,000,00,0,3,01,B01
201700003527,1,17,000,00,0,4,02,A01
201700003527,1,07,000,00,2,1,02,B01
201700003527,1,14,000,00,2,1,02,C01
201700003527,1,10,000,00,2,1,02,D01
201700003527,1,17,000,00,2,1,02,E01
201700003528,0,33,000,00,0,0,01,A01
201700003529,1,07,000,00,2,4,01,A01
201700003529,1,07,000,00,2,1,01,B01
201700003529,2,10,000,00,2,3,01,C01
201700003530,2,10,000,00,2,2,01,A01
201700003530,2,17,000,00,0,0,01,B01
201700003531,2,07,000,00,2,1,14,A01
201700003531,2,17,000,00,2,6,01,B01
201700003532,2,07,000,00,2,2,14,A01
201700003532,2,17,000,00,0,6,01,B01
201700003533,2,07,000,03,0,3,00,A01
201700003534,1,07,000,04,0,1,01,A01
201700003535,1,07,000,04,0,1,01,A01
201700003536,2,07,000,04,0,2,02,A01
201700003537,1,07,000,00,2,2,01,A01
201700003537,1,17,000,00,0,6,02,B01
201700003538,2,07,000,00,2,1,01,A01
201700003538,2,07,000,00,2,4,01,B01
201700003539,0,07,000,04,0,2,01,A01
201700003540,2,17,000,03,0,2,00,A01
201700003541,1,07,000,03,0,3,01,A01
201700003542,2,15,000,06,0,2,01,A01
201700003543,1,15,000,03,0,7,01,A01
201700003543,2,16,000,14,0,1,01,B01
201700003544,1,07,000,03,0,8,13,A01
201700003545,1,07,000,00,0,9,01,A01
201700003546,1,07,000,03,0,9,01,A01
201700003547,1,07,000,00,9,1,01,A01
201700003548,1,14,000,04,0,2,01,A01
201700003548,1,14,000,14,0,2,02,B01
201700003549,1,07,000,01,0,1,01,A01
201700003549,1,16,000,00,0,0,23,B01
201700003550,1,07,000,03,0,1,01,A01
201700003551,2,17,000,06,0,2,01,A01
201700003552,1,10,000,00,2,3,02,A01
201700003552,1,16,000,00,0,0,02,C01
201700003552,1,07,000,14,0,7,02,D01
201700003553,2,07,000,00,0,0,00,A01
201700003554,2,17,000,03,0,3,02,A01
201700003554,1,07,000,14,0,3,01,B01
201700003554,1,07,000,14,0,8,01,C01
201700003554,1,07,000,14,0,8,01,D01
201700003554,1,07,000,14,0,8,01,E01
201700003554,1,07,000,14,0,8,01,F01
201700003555,2,07,000,00,6,1,11,A01
201700003556,2,33,000,13,0,1,01,A01
201700003557,1,07,000,00,0,6,01,B01
201700003557,1,33,000,00,2,1,01,A01
201700003558,1,07,000,00,2,8,01,B01
201700003558,0,07,000,00,2,1,01,A01
201700003559,0,07,000,00,1,4,20,A01
201700003560,2,07,000,00,9,1,02,A01
201700003560,2,01,000,00,0,4,02,B01
201700003561,2,07,000,00,2,3,01,A01
201700003561,1,07,000,00,2,1,01,B01
201700003562,0,07,000,13,0,3,01,A01
201700003563,0,07,000,00,2,7,01,A01
201700003563,0,07,000,00,2,1,01,B01
201700003564,1,07,000,00,2,1,02,A01
201700003564,1,07,000,00,2,4,23,B01
201700003564,1,07,000,00,2,4,23,C01
201700003565,2,10,000,00,2,7,01,A01
201700003565,1,07,000,00,2,1,01,B01
201700003566,2,07,000,00,1,1,01,A01
201700003567,0,02,000,00,2,1,18,A01
201700003567,0,07,000,00,2,2,16,B01
201700003568,1,10,000,02,0,7,01,A01
201700003569,1,07,000,00,2,2,13,A01
201700003569,2,07,000,00,2,2,01,B01
201700003569,2,07,000,00,2,1,01,C01
201700003570,2,15,000,00,2,3,13,A01
201700003570,1,15,000,00,2,3,00,B01
201700003571,1,33,000,00,0,0,01,A01
201700003572,2,10,000,00,2,1,00,A01
201700003572,1,07,000,00,2,1,00,B01
201700003572,0,07,000,00,2,1,01,C01
201700003572,2,07,000,00,2,1,01,D01
201700003573,1,33,000,11,0,0,01,A01
201700003574,0,07,000,01,2,1,05,A01
201700003574,0,07,000,00,2,1,01,B01
201700003575,0,07,000,00,2,3,01,A01
201700003575,0,07,000,00,2,3,15,B01
201700003576,2,07,000,06,1,9,13,A01
201700003577,1,31,000,00,2,1,17,A01
201700003577,1,21,000,00,0,3,15,B01
201700003578,0,07,000,03,2,3,13,A01
201700003578,0,14,000,00,2,5,00,B01
201700003579,0,07,000,00,0,7,15,A01
201700003579,0,07,000,00,0,9,02,B01
201700003580,2,07,000,00,2,5,15,A01
201700003580,1,02,000,00,2,1,01,B01
201700003581,0,07,000,00,2,8,15,A01
201700003581,0,07,000,00,2,1,01,B01
201700003582,1,07,000,00,2,3,13,A01
201700003582,2,07,000,00,2,3,02,B01
201700003583,1,07,000,02,0,8,01,A01
201700003584,2,07,000,06,0,1,14,A01
201700003585,2,07,000,00,2,1,17,A01
201700003585,1,07,000,00,2,1,01,B01
201700003586,1,07,000,13,0,2,14,A01
201700003587,2,01,000,13,0,0,01,B01
201700003587,0,07,000,00,0,0,15,A01
201700003588,1,07,000,00,9,2,01,A01
201700003588,1,01,000,00,0,8,00,B01
201700003589,2,07,000,00,2,3,13,A01
201700003589,1,07,000,00,2,3,00,B01
201700003590,2,07,000,00,2,4,21,D01
201700003590,2,07,000,01,2,4,01,B01
201700003590,2,07,000,01,2,1,01,A01
201700003590,2,07,000,01,2,4,13,C01
201700003591,1,07,000,01,0,2,01,A01
201700003592,1,07,000,06,1,4,24,A01
201700003593,1,07,000,00,2,1,01,A01
201700003593,1,07,000,00,1,4,00,B01
201700003594,1,07,000,06,0,1,16,A01
201700003595,2,07,000,00,2,8,15,B01
201700003595,2,01,000,00,2,1,05,A01
201700003596,1,07,000,01,0,2,14,A01
201700003596,1,07,000,00,2,6,24,B01
201700003597,2,07,000,08,0,3,13,A01
201700003598,2,07,000,00,2,8,19,A01
201700003598,2,31,000,00,2,8,01,B01
201700003599,1,14,000,00,1,7,01,A01
201700003600,1,07,000,16,0,9,14,A01
201700003601,1,07,000,13,0,8,14,A01
201700003602,2,02,000,00,0,0,01,A01
201700003603,1,33,000,15,2,3,13,A01
201700003603,2,07,000,00,2,6,01,B01
201700003604,1,07,000,00,2,8,13,A01
201700003604,2,14,000,00,2,3,00,B01
201700003605,1,01,000,00,2,1,09,A01
201700003605,2,07,000,00,2,7,01,B01
201700003606,1,07,000,00,2,2,01,B01
201700003606,2,07,000,00,0,2,13,A01
201700003607,1,07,000,00,1,1,01,A01
201700003608,0,33,000,02,0,8,13,A01
201700003609,1,01,000,00,2,4,01,B01
201700003609,1,07,000,,2,1,01,A02
201700003610,2,07,000,13,0,1,14,A01
201700003611,1,07,000,00,2,1,13,A01
201700003611,2,07,000,00,2,1,01,B01
201700003612,1,33,000,00,2,1,01,B01
201700003612,2,07,000,00,2,8,15,A01
201700003613,2,33,000,14,0,1,01,A01
201700003614,2,07,000,00,9,1,00,A01
201700003614,1,01,000,00,2,1,06,B01
201700003615,0,33,000,00,1,1,01,A01
201700003616,1,02,000,00,2,7,01,A01
201700003616,1,07,000,00,2,2,15,B01
201700003617,2,31,000,00,2,6,23,A01
201700003617,1,07,000,00,2,1,02,B01
201700003618,1,07,000,00,2,2,01,A01
201700003618,1,02,000,00,2,8,15,B01
201700003619,1,07,000,06,0,1,00,A01
201700003620,2,01,000,00,0,7,01,A01
201700003621,1,07,000,08,0,7,14,A01
201700003622,2,07,000,00,1,1,01,A01
201700003623,2,07,000,00,2,1,05,A01
201700003623,1,07,000,00,2,1,01,B01
201700003624,2,34,000,00,2,1,02,A01
201700003624,2,07,000,00,2,4,02,B01
201700003625,2,33,000,12,0,1,14,A01
201700003626,1,02,000,15,0,1,14,A01
201700003627,1,07,000,00,2,3,01,Z01
201700003627,1,01,000,00,2,6,01,A01
201700003628,1,07,000,02,0,2,14,A01
201700003629,2,07,000,00,1,1,01,A01
201700003630,1,07,000,00,1,1,01,A01
201700003631,1,07,000,00,2,0,15,A01
201700003631,1,33,000,00,2,1,01,B01
201700003632,1,07,000,00,1,1,01,A01
201700003633,2,33,000,00,2,1,01,B01
201700003633,0,07,000,00,2,8,15,A01
201700003634,2,07,000,00,2,3,13,A01
201700003634,1,07,000,00,2,3,01,B01
201700003635,1,07,000,00,1,2,16,A01
201700003636,1,07,000,00,0,9,01,A01
201700003637,1,07,000,00,2,8,16,A01
201700003637,1,30,000,00,2,2,01,B01
201700003638,2,07,000,00,2,8,19,A01
201700003638,2,01,000,00,2,1,01,B01
201700003639,1,07,000,00,2,3,13,A01
201700003639,2,15,000,00,2,3,21,B01
201700003640,2,07,000,00,2,3,13,A01
201700003640,1,07,000,00,2,3,01,B01
201700003641,2,38,007,00,2,3,13,A01
201700003641,2,10,000,00,2,6,15,B01
201700003642,2,32,000,00,6,1,01,A01
201700003643,1,07,000,00,2,1,13,A01
201700003643,2,07,000,00,2,8,01,B01
201700003643,2,07,000,00,2,1,01,C01
201700003644,2,07,000,16,0,0,01,A01
201700003645,1,07,000,04,0,7,13,A01
201700003646,0,01,000,00,2,1,01,A01
201700003646,0,01,000,00,2,3,02,B01
201700003647,1,33,000,00,2,2,17,A01
201700003647,1,07,000,00,2,3,15,B01
201700003648,1,07,000,00,0,8,14,A01
201700003649,1,34,000,00,2,1,17,A01
201700003649,1,07,000,00,2,8,15,B01
201700003650,2,07,000,04,0,1,01,A01
201700003651,1,07,000,05,2,6,01,A01
201700003651,1,07,000,00,2,1,12,B01
201700003652,1,10,000,00,9,0,02,C01
201700003652,1,10,000,00,9,0,02,B01
201700003652,1,07,000,04,0,3,00,A01
201700003652,1,17,000,00,9,0,02,D01
201700003653,1,07,000,00,2,7,01,A01
201700003653,1,17,000,00,2,8,01,B01
201700003654,2,07,000,03,0,9,00,A01
201700003654,2,17,000,03,2,1,02,B01
201700003655,2,07,000,00,2,4,01,A01
201700003655,2,15,000,00,2,1,02,B01
201700003656,2,07,000,04,2,1,01,A01
201700003656,2,15,000,00,2,3,01,B01
201700003656,2,15,000,00,0,0,01,C01
201700003657,1,07,000,04,0,1,17,A01
201700003658,2,38,002,00,0,6,01,B01
201700003658,2,07,000,03,2,2,17,A01
201700003659,1,15,000,00,2,1,01,A01
201700003659,2,07,000,00,2,8,01,B01
201700003660,2,07,000,00,2,4,02,B01
201700003660,2,07,000,00,2,1,02,A01
201700003661,1,10,000,00,2,1,02,A01
201700003661,1,17,000,00,0,4,02,B01
201700003662,2,07,000,05,0,1,01,A01
201700003663,1,07,000,00,2,3,13,A01
201700003663,2,17,000,00,2,3,01,B01
201700003664,2,17,000,01,0,2,14,A01
201700003664,2,07,000,00,0,6,00,B01
201700003665,1,07,000,00,2,2,12,A01
201700003665,1,07,000,04,2,6,01,B01
201700003666,2,07,000,05,0,1,01,A01
201700003667,1,07,000,04,2,2,17,A01
201700003667,1,17,000,00,2,3,01,B01
201700003667,1,17,000,00,2,1,01,C01
201700003668,1,07,000,00,2,1,17,A01
201700003668,1,13,000,00,0,6,02,B01
201700003669,1,17,000,06,0,2,01,A01
201700003670,2,07,000,04,2,7,01,C01
201700003670,2,17,000,00,2,3,13,A01
201700003671,1,07,000,00,2,1,01,A01
201700003671,1,14,000,00,2,4,01,B01
201700003671,1,07,000,00,2,1,01,C01
201700003671,1,17,000,00,2,3,01,D01
201700003672,1,07,000,00,2,2,11,A01
201700003672,1,14,000,00,2,6,01,B01
201700003673,2,07,000,04,0,1,01,A01
201700003674,2,17,000,03,2,2,17,A01
201700003674,2,17,000,00,2,6,01,B01
201700003674,2,07,000,04,2,1,02,C01
201700003674,2,07,000,00,2,0,01,D01
201700003674,2,17,000,00,0,6,01,E01
201700003675,1,07,000,00,0,1,01,A01
201700003676,1,10,000,00,0,2,01,A01
201700003676,1,17,000,00,2,3,01,B01
201700003677,2,07,000,00,2,6,01,C01
201700003677,2,10,000,00,2,4,01,E01
201700003677,2,07,000,00,2,4,01,D01
201700003677,2,07,000,00,2,1,02,G01
201700003677,2,10,000,00,0,4,01,B01
201700003677,2,10,000,04,2,3,21,A01
201700003677,2,10,000,00,2,1,02,F01
201700003678,1,07,000,04,0,1,01,A01
201700003679,1,07,000,04,2,2,01,A01
201700003679,1,07,000,00,2,6,02,B01
201700003679,1,07,000,00,2,6,02,C01
201700003680,2,07,000,04,0,6,02,A01
201700003681,2,07,000,00,2,8,17,A01
201700003681,2,33,000,00,2,7,01,B01
201700003682,2,17,000,00,2,2,17,A01
201700003682,2,07,000,04,2,8,00,B01
201700003683,0,07,000,00,2,3,15,A01
201700003683,0,07,000,00,2,1,01,B01
201700003684,2,07,000,00,0,1,01,B01
201700003684,1,07,000,00,2,1,01,A01
201700003685,2,07,000,00,1,2,01,A01
201700003686,0,07,000,00,2,1,16,A01
201700003686,0,10,000,00,2,7,01,B01
201700003687,0,07,000,00,2,3,13,A01
201700003687,0,10,000,00,2,3,21,B01
201700003688,1,07,000,00,2,1,02,A01
201700003688,1,07,000,00,2,1,01,B01
201700003689,1,07,000,00,0,7,19,B01
201700003689,2,07,000,15,0,1,01,A01
201700003690,0,07,000,00,2,2,15,A01
201700003690,0,07,000,00,2,3,01,C01
201700003690,0,33,000,00,2,1,01,B01
201700003691,0,33,000,00,2,1,01,A01
201700003691,0,07,000,00,2,7,01,B01
201700003692,0,07,000,00,0,5,21,A01
201700003692,0,33,000,00,2,1,00,B01
201700003693,2,33,000,08,0,1,01,A01
201700003694,2,07,000,00,2,4,04,A01
201700003694,0,02,000,00,2,1,01,B01
201700003695,2,07,000,02,0,1,01,A01
201700003696,0,07,000,00,2,2,17,A01
201700003696,0,33,000,00,0,3,11,B01
201700003697,1,07,000,00,1,2,01,A01
201700003698,0,07,000,15,0,1,14,A01
201700003699,0,07,000,00,2,1,05,A01
201700003699,0,07,000,00,2,1,15,B01
201700003700,1,07,000,00,2,2,09,A01
201700003700,2,10,000,00,2,3,23,B01
201700003701,0,07,000,00,2,1,09,B01
201700003701,0,34,000,00,0,5,01,A01
201700003702,2,07,000,00,2,1,13,A01
201700003702,1,17,000,00,2,3,01,B01
201700003703,2,34,000,02,0,8,01,A01
201700003704,2,10,000,00,2,3,10,A01
201700003704,1,07,000,00,2,2,01,B01
201700003705,2,33,000,07,0,1,01,A01
201700003706,1,07,000,02,0,2,14,A01
201700003707,0,07,000,13,0,2,01,A01
201700003708,2,32,000,06,0,8,13,A01
201700003709,0,07,000,00,2,3,01,B01
201700003709,0,07,000,00,2,3,13,A01
201700003710,1,07,000,02,0,2,01,A01
201700003711,0,32,000,00,0,1,01,A01
201700003711,0,07,000,00,9,5,15,B01
201700003712,2,07,000,02,0,3,01,A01
201700003713,2,07,000,00,2,7,13,A01
201700003713,1,17,000,00,2,1,01,B01
201700003714,0,07,000,00,1,1,01,A01
201700003715,1,07,000,01,0,2,01,A01
201700003715,0,07,000,00,2,6,24,B01
201700003716,2,07,000,00,0,1,02,A01
201700003716,2,15,000,00,0,4,12,B01
201700003717,0,07,000,13,0,2,21,A01
201700003718,0,10,000,00,1,0,01,A01
201700003719,0,33,000,00,2,1,01,B01
201700003719,0,07,000,00,2,8,01,A01
201700003720,2,33,000,02,0,1,00,A01
201700003721,0,07,000,00,0,4,15,A01
201700003721,0,33,000,00,2,1,02,B01
201700003722,1,07,000,02,0,7,01,A01
201700003723,0,07,000,00,2,1,01,A01
201700003723,0,07,000,00,2,1,01,B01
201700003724,2,07,000,00,2,1,01,B01
201700003724,1,07,000,00,2,1,06,A01
201700003725,0,33,000,13,0,1,01,A01
201700003726,0,07,000,03,9,1,01,A01
201700003727,2,33,000,00,2,1,01,B01
201700003727,1,07,000,00,2,5,00,A01
201700003728,2,10,000,13,0,1,17,A01
201700003729,2,07,000,00,2,1,01,B01
201700003729,1,07,000,00,2,7,13,A01
201700003730,0,07,000,02,0,1,13,A01
201700003731,1,07,000,13,0,9,01,A01
201700003732,0,07,000,01,2,1,01,B01
201700003732,0,07,000,03,0,6,23,A01
201700003733,1,07,000,13,2,3,01,B01
201700003733,2,07,000,00,2,3,01,A01
201700003734,1,07,000,13,0,7,00,A01
201700003735,0,14,000,00,2,3,23,C01
201700003735,2,07,000,00,2,2,15,A01
201700003735,1,07,000,00,2,1,01,B01
201700003736,0,07,000,00,2,1,01,B01
201700003736,0,07,000,00,2,1,13,A01
201700003737,0,07,000,00,2,1,01,B01
201700003737,0,02,000,00,2,1,01,A01
201700003738,0,07,000,00,2,5,15,A01
201700003738,0,10,000,00,2,1,01,C01
201700003738,0,99,000,00,2,1,02,B01
201700003739,0,07,000,00,1,7,01,A01
201700003740,0,01,000,00,0,7,01,A01
201700003741,1,33,000,00,2,1,01,B01
201700003741,2,07,000,00,2,1,13,A01
201700003742,2,07,000,16,0,3,01,B01
201700003742,1,07,000,13,2,3,01,A01
201700003743,0,02,000,00,2,1,02,A01
201700003743,0,10,000,00,2,5,04,B01
201700003744,0,07,000,00,0,4,02,A01
201700003744,0,07,000,00,2,1,02,B01
201700003745,0,07,000,00,2,1,01,B01
201700003745,0,07,000,13,2,8,19,A01
201700003746,0,07,000,00,2,3,01,B01
201700003746,2,01,000,00,2,2,01,A01
201700003747,2,07,000,00,2,0,01,A01
201700003747,1,07,000,00,2,0,01,B01
201700003748,1,07,000,00,9,1,09,A01
201700003748,0,01,000,00,2,7,00,B01
201700003749,1,07,000,00,2,1,02,A01
201700003749,1,07,000,00,2,4,15,B01
201700003750,1,07,000,02,0,3,01,A01
201700003751,0,31,000,00,2,1,01,B01
201700003751,0,07,000,00,0,5,15,A01
201700003752,0,01,000,00,2,4,02,B01
201700003752,0,07,000,00,2,2,02,A01
201700003753,0,07,000,00,2,2,01,B01
201700003753,0,07,000,08,2,3,09,A01
201700003754,2,07,000,06,2,1,13,A01
201700003754,1,15,000,00,2,8,01,B01
201700003755,0,07,000,13,2,1,01,A01
201700003755,0,17,000,00,2,1,00,B01
201700003756,2,07,000,13,0,1,13,A01
201700003757,1,07,000,13,0,2,01,A01
201700003758,1,32,000,00,0,7,01,B01
201700003758,2,07,000,00,2,3,15,A01
201700003759,2,07,000,00,2,3,01,B01
201700003759,1,07,000,00,2,3,01,A01
201700003760,1,15,000,00,2,1,00,B01
201700003760,2,07,000,00,2,1,05,A01
201700003761,1,10,000,00,2,3,01,A01
201700003761,2,07,000,00,2,1,19,B01
201700003762,0,07,000,00,2,3,21,A01
201700003762,0,07,000,00,2,8,05,B01
201700003763,1,07,000,00,2,7,15,A01
201700003763,2,07,000,00,2,1,01,B01
201700003763,0,07,000,00,2,3,23,C01
201700003764,1,07,000,13,0,1,01,A01
201700003765,0,01,000,00,2,2,01,B01
201700003765,0,07,000,00,2,3,09,A01
201700003766,0,07,000,00,2,1,01,C01
201700003766,0,07,000,00,2,3,13,A01
201700003766,0,10,000,00,2,3,01,B01
201700003767,0,07,000,04,2,4,02,B01
201700003767,0,07,000,00,2,3,02,A01
201700003768,0,07,000,00,2,8,09,A01
201700003768,0,01,000,00,2,1,01,B01
201700003769,0,07,000,01,0,6,00,A01
201700003770,0,07,000,13,0,1,01,A01
201700003771,1,07,000,00,1,2,02,A01
201700003772,1,07,000,00,2,1,01,B01
201700003772,1,07,000,13,2,7,09,A01
201700003773,1,07,000,02,0,7,13,A01
201700003774,1,07,000,00,2,2,17,A01
201700003774,1,07,000,00,0,6,02,B01
201700003774,2,07,000,00,2,1,01,C01
201700003775,2,07,000,02,0,1,13,A01
201700003776,0,07,000,00,2,3,13,A01
201700003776,0,10,000,00,2,3,01,B01
201700003777,0,07,000,00,2,2,09,A01
201700003777,0,07,000,00,2,3,01,B01
201700003778,0,33,000,00,0,0,01,A01
201700003779,1,07,000,02,0,7,21,B01
201700003779,0,07,000,02,2,8,19,A01
201700003780,0,10,000,00,1,1,01,A01
201700003781,0,07,000,02,0,3,01,A01
201700003782,0,07,000,02,0,1,00,A01
201700003783,1,07,000,00,2,3,01,A01
201700003783,2,07,000,00,2,3,01,B01
201700003784,0,33,000,00,0,0,00,B01
201700003784,0,07,000,00,0,0,15,A01
201700003785,1,33,000,00,2,4,23,B01
201700003785,1,07,000,00,2,2,01,A01
201700003785,1,07,000,00,0,5,23,C01
201700003786,1,07,000,00,0,4,01,A01
201700003786,1,33,000,00,2,1,00,B01
201700003787,0,33,000,00,2,1,01,A01
201700003787,0,33,000,00,2,1,05,B01
201700003788,2,33,000,00,2,1,17,A01
201700003788,0,07,000,00,0,8,09,B01
201700003789,1,07,000,00,1,7,01,A01
201700003790,1,33,000,02,0,1,01,A01
201700003791,1,07,000,00,2,3,01,B01
201700003791,2,03,000,00,2,1,01,A01
201700003792,0,33,000,05,0,8,00,A01
201700003793,1,07,000,00,2,6,11,A01
201700003793,1,33,000,00,2,2,17,B01
201700003794,0,34,000,15,0,8,14,A01
201700003795,1,33,000,15,0,1,17,A01
201700003796,2,07,000,00,2,8,01,C01
201700003796,1,07,000,00,0,0,01,D01
201700003796,1,33,000,00,2,3,13,A01
201700003796,2,33,000,00,2,3,01,B01
201700003797,2,07,000,00,9,3,17,A01
201700003797,2,34,000,00,2,1,15,B01
201700003798,0,07,000,00,2,1,01,B01
201700003798,1,07,000,00,0,3,01,A01
201700003799,0,07,000,00,9,1,01,C01
201700003799,0,33,000,00,2,1,01,A01
201700003799,0,33,000,00,2,1,01,B01
201700003800,2,02,000,00,2,1,01,A01
201700003800,2,07,000,00,0,4,01,B01
201700003801,2,07,000,11,2,3,15,A01
201700003801,1,34,000,00,2,1,01,B01
201700003802,0,07,000,02,0,3,01,A01
201700003803,1,07,000,00,2,1,01,C01
201700003803,1,02,000,00,2,1,01,B01
201700003803,2,07,000,00,2,1,15,A01
201700003804,1,07,000,00,1,1,01,A01
201700003805,0,07,000,00,2,3,02,B01
201700003805,0,33,000,00,2,1,03,A01
201700003806,0,07,000,00,9,6,01,B01
201700003806,0,01,000,00,2,1,03,A01
201700003807,0,07,000,04,0,3,01,A01
201700003808,2,07,000,00,2,6,15,A01
201700003808,2,33,000,00,2,1,17,B01
201700003809,2,07,000,00,2,8,17,A01
201700003809,2,32,000,00,2,7,17,B01
201700003810,1,33,000,03,0,2,01,A01
201700003811,2,07,000,00,1,2,01,A01
201700003812,1,07,000,00,2,3,01,A01
201700003812,2,33,000,00,2,3,01,B01
201700003813,1,07,000,06,0,2,01,A01
201700003814,2,10,000,00,0,7,01,B01
201700003814,0,01,000,00,2,1,01,A01
201700003815,0,33,000,00,2,1,02,A01
201700003815,0,07,000,00,0,4,01,B01
201700003816,2,07,000,00,1,1,01,A01
201700003817,0,07,000,13,0,2,01,A01
201700003818,0,07,000,00,1,2,01,A01