Num_Acc,senc,catv,occutc,obs,obsm,choc,manv,num_veh
201700004218,0,07,000,00,0,4,02,B01
201700004219,0,07,000,00,2,7,15,A01
201700004219,0,32,000,00,2,1,01,B01
201700004220,0,07,000,00,2,3,15,A01
201700004220,0,31,000,00,2,1,01,B01
201700004221,0,07,000,00,2,3,13,A01
201700004221,0,07,000,00,2,3,01,B01
201700004221,0,07,000,00,0,0,09,C01
201700004222,2,07,000,00,2,1,00,B01
201700004222,1,07,000,00,2,1,00,A01
201700004223,1,07,000,00,2,3,01,A01
201700004223,2,07,000,00,2,3,01,B01
201700004224,2,02,000,04,0,7,01,A01
201700004225,1,07,000,00,1,3,01,A01
201700004226,0,07,000,00,1,1,01,A01
201700004227,0,03,000,00,2,3,09,A01
201700004227,0,07,000,00,2,2,01,B01
201700004228,0,07,000,00,1,2,01,A01
201700004229,0,07,000,00,2,3,13,A01
201700004229,0,17,000,00,2,3,01,B01
201700004230,0,07,000,00,2,7,15,B01
201700004230,0,33,000,01,2,1,01,A01
201700004231,1,07,000,00,0,0,04,A01
201700004231,1,33,000,00,2,8,13,B01
201700004231,1,33,000,00,2,7,13,C01
201700004232,1,07,000,02,0,1,00,A01
201700004233,0,07,000,00,2,3,15,A01
201700004233,0,02,000,00,2,1,01,B01
201700004234,0,02,000,13,0,9,01,A01
201700004235,0,07,000,00,2,3,01,A01
201700004235,0,31,000,13,2,1,01,B01
201700004236,0,07,000,00,0,6,19,A01
201700004236,0,07,000,00,2,1,01,B01
201700004237,0,07,000,00,0,4,23,A01
201700004237,0,02,000,00,2,1,02,B01
201700004238,0,07,000,00,2,3,01,A01
201700004238,0,01,000,00,2,7,19,B01
201700004239,0,07,000,06,0,3,01,A01
201700004240,1,10,000,00,2,7,11,A01
201700004240,2,07,000,00,0,8,01,B01
201700004241,1,33,000,02,0,1,01,A01
201700004242,0,13,000,00,9,1,01,A01
201700004242,0,01,000,00,2,1,19,B01
201700004243,1,10,000,00,2,2,01,A01
201700004243,1,07,000,00,2,1,15,B01
201700004244,1,02,000,12,0,1,01,A01
201700004245,2,10,000,06,2,2,01,A01
201700004245,1,10,000,09,2,3,00,B01
201700004246,0,07,000,00,2,3,13,A01
201700004246,0,07,000,00,2,8,01,B01
201700004247,0,07,000,03,0,1,01,A01
201700004248,0,07,000,01,0,1,00,A01
201700004249,0,07,000,00,2,3,00,A01
201700004249,0,07,000,00,2,3,00,B01
201700004250,1,07,000,00,2,3,16,A01
201700004250,2,01,000,00,0,7,15,B01
201700004251,0,07,000,02,0,1,01,A01
201700004252,0,02,000,00,0,0,00,A01
201700004252,0,07,000,00,0,0,15,B01
201700004253,1,07,000,00,0,1,00,A01
201700004254,1,02,000,00,0,0,01,A01
201700004255,1,07,000,00,0,5,23,A01
201700004255,1,07,000,00,2,3,12,B01
201700004255,1,07,000,00,0,8,00,C01
201700004256,0,32,000,00,2,1,17,A01
201700004256,1,07,000,00,2,8,15,B01
201700004257,0,07,000,00,0,3,15,A01
201700004257,0,02,000,00,2,1,17,B01
201700004258,1,07,000,00,0,8,00,A01
201700004258,1,07,000,00,2,1,01,B01
201700004259,1,07,000,00,2,1,01,A01
201700004259,2,30,000,00,2,7,01,B01
201700004260,0,10,000,08,0,9,01,A01
201700004261,1,07,000,10,0,3,01,A01
201700004262,0,07,000,00,1,1,01,A01
201700004263,1,07,000,00,0,1,11,A01
201700004263,2,07,000,00,0,1,15,B01
201700004264,1,07,000,00,2,1,01,A01
201700004264,2,10,000,00,2,8,01,B01
201700004265,1,07,000,00,1,2,01,A01
201700004266,1,10,000,06,0,1,00,A01
201700004267,2,33,000,15,0,7,00,A01
201700004268,1,07,000,00,2,3,01,A01
201700004268,2,07,000,00,2,3,13,B01
201700004269,1,34,000,00,6,1,01,A01
201700004270,0,07,000,13,0,9,01,A01
201700004271,2,02,000,00,2,1,01,A01
201700004271,1,07,000,00,2,5,15,B01
201700004272,0,07,000,00,2,2,01,A01
201700004272,0,07,000,00,1,6,23,B01
201700004273,0,07,000,00,1,2,01,A01
201700004274,2,07,000,09,2,2,01,B01
201700004274,0,07,000,00,2,3,15,A01
201700004275,0,34,000,00,0,7,01,A01
201700004276,2,07,000,09,0,1,01,A01
201700004277,1,07,000,00,2,1,13,A01
201700004277,2,07,000,00,2,1,01,B01
201700004278,2,07,000,02,0,7,01,A01
201700004279,1,33,000,00,2,1,13,A01
201700004279,2,07,000,00,2,1,21,B01
201700004280,2,01,000,00,0,4,01,A01
201700004280,2,07,000,00,9,1,01,B01
201700004281,2,07,000,00,2,1,01,A01
201700004281,1,07,000,00,2,1,01,B01
201700004282,1,07,000,13,0,2,01,A01
201700004283,1,01,000,12,0,8,01,A01
201700004284,1,07,000,00,2,8,15,A01
201700004284,1,33,000,00,2,1,17,B01
201700004285,2,33,000,11,9,9,01,A01
201700004286,0,07,000,08,0,9,21,A01
201700004287,1,07,000,00,1,0,01,A01
201700004288,1,07,000,00,2,3,15,A01
201700004288,2,33,000,00,2,1,01,B01
201700004289,1,33,000,00,2,3,01,A01
201700004289,2,07,000,00,2,3,15,B01
201700004290,2,33,000,00,2,1,01,A01
201700004290,1,07,000,00,2,3,01,B01
201700004291,2,07,000,00,2,1,01,B01
201700004291,1,07,000,00,2,1,17,A01
201700004292,2,10,000,00,2,8,09,A01
201700004292,2,07,000,00,2,1,00,B01
201700004293,1,07,000,00,9,2,01,A01
201700004293,2,01,000,00,2,1,13,B01
201700004294,0,02,000,00,0,1,14,A01
201700004295,1,07,000,00,1,1,01,A01
201700004296,1,07,000,00,2,2,01,A01
201700004296,2,07,000,00,2,3,15,B01
201700004297,0,07,000,15,9,1,16,A01
201700004298,0,10,000,06,0,4,02,A01
201700004298,0,07,000,00,2,4,02,B01
201700004298,0,07,000,00,2,1,02,C01
201700004299,0,07,000,08,0,1,01,A01
201700004300,0,07,000,02,0,2,14,A01
201700004301,2,07,000,00,2,1,01,A01
201700004301,1,07,000,00,2,1,01,B01
201700004302,0,07,000,00,0,0,09,A01
201700004302,0,01,000,00,2,0,01,B01
201700004303,0,10,000,15,0,2,14,A01
201700004303,0,07,000,00,2,1,01,B01
201700004304,1,33,000,01,2,8,17,A01
201700004304,2,07,000,00,2,3,01,B01
201700004305,1,07,000,00,2,7,16,A01
201700004305,1,02,000,12,2,8,18,B01
201700004306,0,07,000,00,2,2,01,A01
201700004306,0,01,000,00,2,1,15,B01
201700004307,0,07,000,00,0,6,01,A01
201700004307,0,02,000,00,2,1,01,B01
201700004308,0,07,000,03,0,2,00,A01
201700004309,1,07,000,00,2,2,02,A01
201700004309,1,01,000,00,2,4,02,B01
201700004309,1,01,000,00,2,8,02,C01
201700004310,1,07,000,00,2,3,19,A01
201700004310,2,31,000,00,2,1,01,B01
201700004311,1,07,000,00,2,5,13,A01
201700004311,2,07,000,00,0,1,01,B01
201700004312,1,07,000,00,2,1,13,A01
201700004312,2,15,000,00,2,3,01,B01
201700004312,1,07,000,03,0,2,14,C01
201700004313,2,07,000,02,0,1,01,A01
201700004314,1,10,000,16,0,9,01,A01
201700004315,2,07,000,00,1,1,01,A01
201700004316,1,07,000,02,0,2,01,A01
201700004317,1,07,000,00,1,1,01,A01
201700004318,1,07,000,00,2,1,13,A01
201700004318,2,07,000,00,2,8,01,B01
201700004318,2,07,000,00,2,1,01,C01
201700004319,1,02,000,00,2,1,01,A01
201700004319,0,07,000,00,2,3,19,B01
201700004320,1,07,000,00,1,2,01,A01
201700004321,2,07,000,02,0,3,01,A01
201700004322,1,07,000,00,2,1,02,A01
201700004322,1,07,000,00,0,4,02,B01
201700004323,1,07,000,02,0,7,13,A01
201700004324,0,07,000,00,2,3,10,A01
201700004324,0,33,000,03,2,1,02,B01
201700004325,0,10,000,00,2,1,15,A01
201700004325,0,33,000,00,2,7,01,B01
201700004326,0,33,000,00,2,1,01,A01
201700004326,0,10,000,00,2,3,09,B01
201700004327,2,33,000,01,0,1,14,A01
201700004327,0,13,000,00,0,6,00,B01
201700004328,0,07,000,16,0,3,00,A01
201700004329,0,02,000,01,0,1,02,B01
201700004329,0,17,000,00,0,6,23,A01
201700004330,0,07,000,00,0,5,14,A01
201700004330,0,31,000,00,2,3,00,B01
201700004331,1,07,000,14,0,1,01,A01
201700004332,1,07,000,02,0,3,17,A01
201700004333,0,07,000,00,0,9,01,A01
201700004334,0,07,000,00,2,3,15,A01
201700004334,0,14,000,00,2,1,01,B01
201700004335,0,07,000,00,2,1,15,A01
201700004335,0,31,000,00,2,7,01,B01
201700004336,0,07,000,00,1,1,15,A01
201700004337,1,33,000,00,0,2,01,A01
201700004338,2,07,000,00,0,4,01,B01
201700004338,2,07,000,00,2,1,01,A01
201700004339,2,07,000,00,2,8,15,B01
201700004339,2,33,000,00,2,7,17,A01
201700004340,0,07,000,00,2,8,16,A01
201700004340,0,01,000,00,2,1,01,B01
201700004341,0,33,000,00,2,1,02,A01
201700004341,0,13,000,00,2,0,01,B01
201700004342,1,07,000,00,2,2,09,A01
201700004342,1,33,000,00,2,8,01,B01
201700004343,0,01,000,00,2,7,01,B01
201700004343,0,07,000,00,2,4,04,A01
201700004344,1,33,000,06,0,0,17,A01
201700004345,0,07,000,02,0,3,13,A01
201700004346,0,01,000,00,2,4,01,B01
201700004346,0,07,000,00,2,3,13,A01
201700004347,0,07,000,02,0,0,01,A01
201700004348,0,07,000,01,0,1,01,A01
201700004349,0,33,000,00,6,1,01,A01
201700004350,2,07,000,00,1,1,00,A01
201700004351,1,33,000,00,1,1,17,A01
201700004352,1,07,000,00,2,8,15,B01
201700004352,1,33,000,00,2,7,17,A01
201700004353,1,33,000,00,2,2,16,A01
201700004353,1,07,000,00,2,6,01,B01
201700004354,0,07,000,00,2,7,15,A01
201700004354,0,02,000,00,2,1,01,B01
201700004355,2,07,000,00,2,6,13,B01
201700004355,2,07,000,00,2,2,01,A01
201700004356,0,01,000,00,2,1,19,A01
201700004356,0,07,000,00,2,2,01,B01
201700004357,0,07,000,00,2,3,01,A01
201700004357,0,07,000,00,2,2,01,B01
201700004358,0,07,000,00,1,7,01,A01
201700004359,0,07,000,00,2,3,01,A01
201700004359,0,01,000,00,2,7,19,B01
201700004360,0,07,000,00,1,1,01,A01
201700004361,0,07,000,00,1,2,01,A01
201700004362,2,10,000,00,2,3,01,C01
201700004362,1,07,000,00,2,3,05,A01
201700004362,2,07,000,03,2,3,01,B01
201700004363,1,07,000,00,2,3,01,C01
201700004363,2,07,000,00,2,1,13,A01
201700004363,1,07,000,14,0,3,01,B01
201700004364,2,14,000,00,2,3,01,B01
201700004364,1,07,000,00,2,1,01,A01
201700004365,0,07,000,00,1,1,01,A01
201700004366,0,07,000,00,0,1,01,A01
201700004367,0,07,000,00,2,3,01,B01
201700004367,0,07,000,00,2,3,00,A01
201700004368,0,07,000,00,2,3,15,A01
201700004368,0,33,000,00,2,1,17,B01
201700004369,0,02,000,13,0,1,01,A01
201700004370,0,07,000,02,0,1,01,A01
201700004371,0,33,000,12,0,0,05,A01
201700004372,0,01,000,00,0,0,01,A01
201700004373,0,07,000,00,1,3,01,A01
201700004374,0,07,000,06,9,2,14,A01
201700004375,0,32,000,00,2,0,02,A01
201700004376,0,07,000,00,0,0,01,A01
201700004377,0,07,000,02,0,1,13,A01
201700004378,0,10,000,02,0,8,01,A01
201700004379,0,02,000,00,2,1,00,A01
201700004379,0,10,000,00,2,3,01,B01
201700004380,0,07,000,12,0,1,15,A01
201700004381,0,07,000,00,9,2,15,A01
201700004381,0,01,000,00,2,1,01,B01
201700004382,2,10,000,00,0,8,11,A01
201700004382,2,33,000,00,2,1,17,B01
201700004383,0,07,000,00,1,2,01,A01
201700004384,2,07,000,08,0,2,01,A01
201700004385,1,02,000,00,2,1,02,A01
201700004385,1,14,000,00,2,6,02,B01
201700004386,1,33,000,00,2,1,01,A01
201700004386,0,10,000,00,2,2,15,B01
201700004387,2,07,000,00,2,2,09,A01
201700004387,0,33,000,00,2,5,01,B01
201700004388,0,07,000,02,0,3,01,A01
201700004389,0,02,000,00,1,1,17,A01
201700004390,1,01,000,00,2,4,02,B01
201700004390,1,14,000,00,9,4,02,A01
201700004391,0,01,000,00,2,7,05,A01
201700004391,0,07,000,00,2,3,15,B01
201700004392,0,07,000,02,0,3,01,A01
201700004393,0,07,000,02,0,4,01,A01
201700004394,0,07,000,00,2,1,00,A01
201700004394,0,02,000,00,2,1,00,B01
201700004395,2,31,000,00,2,1,17,A01
201700004395,2,07,000,00,2,3,15,B01
201700004396,1,07,000,13,0,3,01,A01
201700004397,1,07,000,00,2,7,01,D01
201700004397,1,07,000,00,0,1,01,B01
201700004397,2,10,000,00,2,2,17,A01
201700004397,2,07,000,00,2,1,01,C01
201700004398,1,07,000,00,0,3,15,B01
201700004398,2,33,000,00,2,1,01,A01
201700004399,2,07,000,00,2,3,13,A01
201700004399,1,33,000,00,2,1,01,B01
201700004400,0,10,000,00,1,2,01,A01
201700004401,1,07,000,00,2,8,01,B01
201700004401,2,33,000,02,2,2,14,A01
201700004402,1,33,000,00,2,1,17,A01
201700004402,1,07,000,00,2,8,15,B01
201700004403,2,32,000,00,0,8,01,A01
201700004404,1,07,000,00,2,7,21,C01
201700004404,2,07,000,00,2,1,13,A01
201700004404,1,10,000,00,2,1,01,B01
201700004405,1,33,000,00,2,1,01,B01
201700004405,2,07,000,00,2,2,15,A01
201700004406,0,07,000,00,1,2,01,A01
201700004407,0,01,000,00,2,7,12,B01
201700004407,0,07,000,00,2,3,01,A01
201700004408,2,07,000,00,2,1,15,A01
201700004408,1,07,000,00,2,1,01,B01
201700004409,1,07,000,00,2,1,01,A01
201700004409,2,07,000,00,2,1,01,B01
201700004410,2,07,000,00,2,5,01,B01
201700004410,2,07,000,00,2,2,15,A01
201700004411,2,07,000,10,0,3,13,A01
201700004412,2,07,000,10,0,2,01,A01
201700004413,0,07,000,06,0,1,01,A01
201700004414,0,07,000,00,9,3,15,B01
201700004414,0,33,000,00,2,1,17,A01
201700004415,1,07,000,00,2,3,01,B01
201700004415,2,07,000,00,2,3,15,A01
201700004416,0,07,000,00,2,1,13,A01
201700004416,0,07,000,00,2,1,01,B01
201700004417,1,30,000,00,0,2,01,A01
201700004418,1,07,000,00,2,1,01,A01
201700004418,2,38,001,00,2,3,01,B01
201700004419,0,31,000,15,0,1,13,A01
201700004420,1,07,000,00,9,1,01,A01
201700004420,2,07,000,13,0,1,01,B01
201700004421,2,33,000,00,2,1,01,B01
201700004421,1,07,000,00,0,2,15,A01
201700004422,2,17,000,00,2,1,01,B01
201700004422,1,07,000,00,2,1,13,A01
201700004423,1,07,000,02,0,7,14,A01
201700004424,1,07,000,13,0,7,01,A01
201700004425,1,07,000,00,2,8,13,A01
201700004425,2,07,000,00,2,3,01,B01
201700004426,2,33,000,07,0,8,14,A01
201700004427,0,33,000,00,2,1,01,A01
201700004427,0,15,000,00,0,8,09,B01
201700004428,2,07,000,00,2,1,05,A01
201700004428,1,07,000,00,2,1,01,B01
201700004429,2,07,000,13,0,3,13,A01
201700004430,1,33,000,16,0,0,01,A01
201700004431,2,07,000,00,2,3,15,A01
201700004431,1,02,000,00,2,3,01,B01
201700004432,0,07,000,00,2,1,09,A01
201700004432,0,01,000,00,0,4,15,B01
201700004433,1,07,000,00,1,9,01,A01
201700004433,2,07,000,14,2,1,01,B01
201700004434,0,33,000,00,2,8,01,A01
201700004434,0,07,000,00,2,1,15,B01
201700004435,0,30,000,00,2,8,19,A01
201700004435,2,13,000,00,2,2,01,B01
201700004436,2,33,000,13,0,7,01,A01
201700004437,2,07,000,02,0,2,01,A01
201700004438,2,07,000,02,0,1,00,A01
201700004439,2,07,000,00,2,8,13,A01
201700004439,1,07,000,00,2,1,01,B01
201700004440,1,31,000,00,0,0,01,A01
201700004441,0,02,000,00,2,1,19,A01
201700004441,0,10,000,00,2,7,01,B01
201700004442,1,33,000,00,2,1,13,A01
201700004442,2,07,000,00,2,8,01,B01
201700004443,1,07,000,13,0,3,00,A01
201700004444,0,07,000,15,0,1,01,A01
201700004445,0,07,000,00,2,3,00,A01
201700004445,0,33,000,00,2,8,01,B01
201700004446,0,07,000,00,1,1,00,A01
201700004447,1,10,000,00,2,3,13,A01
201700004447,2,07,000,00,2,6,01,B01
201700004447,2,07,000,00,2,3,01,C01
201700004448,2,07,000,00,2,3,01,B01
201700004448,1,07,000,00,2,3,01,A01
201700004449,1,07,000,00,2,1,13,A01
201700004449,2,07,000,00,2,1,01,B01
201700004450,0,07,000,00,1,1,01,A01
201700004451,1,07,000,00,2,1,01,A01
201700004451,0,07,000,01,2,5,19,B01
201700004451,0,07,000,00,2,1,23,C01
201700004452,1,02,000,00,0,0,01,A01
201700004453,2,01,000,00,2,4,01,B01
201700004453,2,07,000,00,2,1,01,A01
201700004454,1,07,000,00,1,3,01,A01
201700004455,1,07,000,00,2,3,01,B01
201700004455,2,07,000,00,2,3,13,A01
201700004456,0,07,000,00,2,5,02,B01
201700004456,0,02,000,00,2,1,02,A01
201700004457,2,34,000,00,0,0,01,A01
201700004458,2,10,000,00,0,8,15,B01
201700004458,2,31,000,00,2,1,17,A01
201700004459,0,07,000,00,1,1,16,A01
201700004460,0,07,000,00,2,3,15,B01
201700004460,0,31,000,00,2,1,17,A01
201700004461,0,07,000,00,1,2,02,A01
201700004462,0,07,000,00,2,1,01,A01
201700004462,0,33,000,00,2,6,01,B01
201700004463,2,07,000,00,2,3,13,A01
201700004463,1,07,000,00,2,3,01,B01
201700004464,2,07,000,00,2,8,10,A01
201700004464,2,34,000,00,2,1,17,B01
201700004465,0,07,000,00,9,5,16,A01
201700004465,0,01,000,00,2,3,09,B01
201700004466,1,33,000,00,2,1,01,B01
201700004466,1,07,000,00,2,3,01,A01
201700004467,0,99,000,00,1,4,04,A01
201700004468,0,01,000,00,2,2,16,A01
201700004468,0,38,056,00,2,3,01,B01
201700004469,0,99,000,15,0,1,01,A01
201700004470,0,07,000,00,2,3,01,B01
201700004470,0,07,000,00,2,1,01,C01
201700004470,0,07,000,00,2,1,17,A01
201700004471,0,10,000,00,1,1,02,A01
201700004472,0,07,000,00,1,3,01,A01
201700004473,1,07,000,13,9,2,14,A01
201700004474,1,33,000,00,0,1,13,A01
201700004475,0,10,000,00,2,2,01,A01
201700004475,0,10,000,00,2,8,01,B01
201700004476,0,07,000,00,2,3,01,A01
201700004476,0,01,000,00,2,1,01,B01
201700004477,2,10,000,00,2,8,15,A01
201700004477,1,10,000,00,2,1,17,B01
201700004478,1,07,000,00,2,2,15,A01
201700004478,2,33,000,00,2,1,01,B01
201700004479,1,34,000,12,0,2,01,A01
201700004480,0,07,000,00,0,6,01,A01
201700004480,0,31,000,00,2,0,00,B01
201700004481,1,07,000,00,2,3,01,B01
201700004481,2,07,000,00,2,1,13,A01
201700004482,1,10,000,00,2,1,01,B01
201700004482,2,10,000,00,2,3,01,A01
201700004483,0,01,000,00,0,8,19,B01
201700004483,0,07,000,00,9,1,01,A01
201700004484,0,07,000,02,0,2,01,A01
201700004485,1,33,000,00,0,7,01,A01
201700004486,1,07,000,00,2,1,15,A01
201700004486,2,07,000,00,2,1,01,B01
201700004487,2,30,000,00,2,1,02,B01
201700004487,2,07,000,00,0,8,15,A01
201700004488,2,33,000,00,0,3,17,A01
201700004489,0,10,000,00,1,4,20,A01
201700004490,0,02,000,00,2,1,01,B01
201700004490,0,07,000,00,2,5,01,A01
201700004491,1,10,000,00,2,3,01,A01
201700004491,1,17,000,00,2,5,15,B01
201700004492,0,07,000,02,0,7,01,A01
201700004493,1,07,000,00,2,8,01,B01
201700004493,1,07,000,00,2,2,19,A01
201700004494,1,02,000,00,2,1,13,A01
201700004494,2,07,000,00,2,3,01,B01
201700004495,2,07,000,00,2,6,06,B01
201700004495,2,07,000,00,2,1,01,A01
201700004496,1,07,000,00,2,2,15,A01
201700004496,2,02,000,00,2,1,01,B01
201700004497,1,32,000,00,0,7,02,A01
201700004498,2,33,000,00,2,1,01,A01
201700004498,2,07,000,00,2,6,02,B01
201700004499,2,07,000,00,2,3,19,A01
201700004499,1,07,000,00,2,1,02,C01
201700004499,1,07,000,00,2,6,21,B01
201700004499,1,07,000,00,2,8,14,D01
201700004500,0,17,000,00,1,1,01,A01
201700004501,2,07,000,03,0,0,01,A01
201700004502,1,14,000,00,2,1,01,B01
201700004502,2,10,000,00,2,1,01,A01
201700004503,1,02,000,00,0,1,00,B02
201700004503,2,10,000,00,0,1,15,A01
201700004504,2,02,000,00,2,8,15,B01
201700004504,1,07,000,00,2,3,02,A01
201700004505,2,07,000,13,0,0,01,A01
201700004506,1,07,000,00,2,2,01,B02
201700004506,2,07,000,00,2,3,19,A01
201700004507,2,32,000,00,2,1,17,B01
201700004507,2,07,000,00,0,6,15,A01
201700004508,2,07,000,00,2,5,15,A01
201700004508,0,02,000,00,2,1,01,B01
201700004509,2,07,000,00,2,2,02,B01
201700004509,2,07,000,00,2,1,02,C01
201700004509,1,07,000,00,0,0,05,D01
201700004509,2,07,000,00,0,4,02,A01
201700004510,2,07,000,02,0,9,01,A01
201700004511,2,07,000,00,2,1,01,B01
201700004511,1,07,000,00,2,1,01,A01
201700004512,1,07,000,02,9,1,01,A01
201700004513,2,07,000,06,0,3,13,A01
201700004514,2,30,000,00,2,1,05,B01
201700004514,2,15,000,00,2,2,21,A01
201700004515,1,07,000,00,2,3,13,B01
201700004515,2,07,000,00,2,3,01,A01
201700004516,2,07,000,00,2,1,17,A01
201700004516,1,33,000,00,2,8,13,B01
201700004517,2,15,000,00,2,1,01,B01
201700004517,1,07,000,00,2,1,13,A01
201700004518,1,33,000,15,0,1,01,A01
201700004519,2,07,000,13,0,3,01,A01
201700004520,0,01,000,12,0,7,01,A01
201700004521,1,33,000,13,0,0,21,A01
201700004521,1,07,000,00,0,0,02,C01
201700004521,1,33,000,00,0,0,21,B01
201700004522,2,07,000,00,0,3,13,A01
201700004522,1,17,000,00,0,3,01,B01
201700004523,2,07,000,00,2,1,01,A01
201700004523,1,07,000,00,2,3,01,B01
201700004524,2,33,000,00,2,8,01,B01
201700004524,1,07,000,00,2,1,15,A01
201700004525,2,07,000,00,2,1,01,B01
201700004525,1,07,000,00,2,1,13,A01
201700004526,2,07,000,00,2,1,13,A01
201700004526,1,33,000,13,2,8,01,B01
201700004527,2,07,000,03,0,3,14,A01
201700004528,0,07,000,00,2,2,10,A01
201700004528,0,33,000,00,2,2,01,B01
201700004529,0,07,000,06,0,2,01,A01
201700004530,0,07,000,00,0,4,01,B01
201700004530,0,07,000,00,1,1,21,A01
201700004531,2,07,000,00,2,3,19,B01
201700004531,2,31,000,00,2,1,00,A01
201700004532,1,03,000,00,2,6,13,A01
201700004532,1,07,000,00,2,2,01,B01
201700004533,1,07,000,13,0,2,01,A01
201700004534,0,33,000,00,0,0,01,A01
201700004535,0,07,000,00,2,1,13,A01
201700004535,0,10,000,00,2,1,01,B01
201700004535,0,07,000,00,2,8,01,C01
201700004536,0,07,000,00,1,2,01,A01
201700004537,1,14,000,01,1,6,15,A01
201700004538,0,02,000,09,2,7,09,A01
201700004538,0,33,000,09,2,1,01,B01
201700004539,2,36,000,13,0,7,01,A01
201700004540,1,07,000,00,2,3,01,B01
201700004540,2,07,000,00,2,1,13,A01
201700004541,1,07,000,13,0,2,14,A01
201700004542,2,07,000,00,2,6,13,A01
201700004542,1,07,000,00,2,1,01,B01
201700004543,1,07,000,13,2,6,01,A01
201700004543,2,07,000,00,2,3,01,B01
201700004544,1,33,000,13,0,2,21,A01
201700004545,1,07,000,00,1,3,01,A01
201700004546,1,01,000,00,2,0,00,B01
201700004546,2,33,000,13,9,0,13,A01
201700004546,1,01,000,00,2,0,00,C01
201700004547,2,07,000,13,0,9,15,A01
201700004548,0,07,000,00,2,2,01,B01
201700004548,0,07,000,00,2,3,19,A01
201700004549,1,07,000,13,0,1,01,A01
201700004550,2,07,000,00,2,3,01,B01
201700004550,1,33,000,00,2,1,13,A01
201700004551,0,07,000,00,0,6,19,A01
201700004551,0,33,000,00,0,1,02,B01
201700004552,0,10,000,00,1,2,14,A01
201700004553,2,07,000,00,2,1,01,B01
201700004553,0,07,000,00,0,8,19,A01
201700004554,2,07,000,00,2,1,15,A01
201700004554,1,02,000,00,2,3,01,B01
201700004555,1,07,000,06,0,1,00,A01
201700004556,0,07,000,13,0,9,10,A01
201700004557,2,33,000,00,0,2,01,A01
201700004558,2,07,000,00,2,3,00,B01
201700004558,1,33,000,00,2,1,01,A01
201700004559,1,33,000,06,0,0,01,A01
201700004560,2,33,000,10,0,0,01,A01
201700004561,2,07,000,13,0,2,01,A01
201700004562,0,07,000,02,0,2,01,A01
201700004563,1,33,000,00,0,8,01,A01
201700004564,1,07,000,00,0,0,16,A01
201700004565,0,33,000,00,0,0,01,A01
201700004566,2,33,000,00,2,1,17,A01
201700004566,2,07,000,00,0,6,02,B01
201700004567,2,07,000,13,0,2,01,A01
201700004568,1,07,000,00,2,8,01,C01
201700004568,2,07,000,00,2,3,13,A01
201700004568,1,07,000,00,2,3,01,B01
201700004569,1,10,000,00,0,1,01,B01
201700004569,2,07,000,00,2,1,13,A01
201700004570,1,07,000,00,2,3,13,A01
201700004570,2,07,000,00,2,3,01,B01
201700004571,0,07,000,00,2,3,00,A01
201700004571,0,01,000,00,2,1,05,B01
201700004572,1,07,000,00,2,3,15,B01
201700004572,1,33,000,01,2,1,17,A01
201700004573,0,07,000,00,2,1,01,B01
201700004573,0,02,000,00,2,7,19,A01
201700004574,0,34,000,00,2,1,01,B01
201700004574,0,07,000,00,2,1,01,A01
201700004575,0,07,000,00,2,7,15,B01
201700004575,0,07,000,00,2,1,01,A01
201700004576,2,07,000,00,1,3,01,A01
201700004577,0,38,026,00,1,2,16,A01
201700004578,1,07,000,00,5,1,01,A01
201700004578,1,07,000,00,5,1,01,B01
201700004579,0,07,000,00,9,1,01,A01
201700004579,0,01,000,00,2,7,01,B01
201700004580,1,33,000,00,2,7,01,A01
201700004580,1,07,000,00,2,1,09,B01
201700004581,1,07,000,08,2,4,02,A01
201700004581,1,07,000,00,2,6,01,B01
201700004582,0,07,000,00,1,2,01,A01
201700004583,0,33,000,00,2,7,01,B01
201700004583,0,07,000,00,2,3,09,A01
201700004584,1,07,000,00,2,1,17,A01
201700004584,2,07,000,00,2,1,01,C01
201700004584,1,07,000,00,2,3,15,B01
201700004585,1,07,000,11,0,1,01,A01
201700004586,2,38,024,00,4,8,01,A01
201700004586,0,39,028,00,2,1,01,B01
201700004587,1,07,000,09,0,1,01,A01
201700004588,0,02,000,00,2,3,01,A01
201700004588,0,07,000,00,2,2,01,B01
201700004589,1,07,000,00,2,1,19,A01
201700004589,2,07,000,00,2,7,01,B01
201700004590,2,07,000,00,2,6,01,C01
201700004590,1,07,000,00,2,7,13,A01
201700004590,2,07,000,00,2,1,01,B01
201700004591,1,07,000,00,0,9,01,A01
201700004592,0,07,000,00,1,2,01,A01
201700004593,2,07,000,00,1,2,01,A01
201700004594,1,07,000,00,0,6,23,B01
201700004594,1,33,000,01,0,1,18,A01
201700004595,1,33,000,00,2,1,01,B01
201700004595,2,07,000,00,2,3,01,A01
201700004596,0,07,000,00,2,1,01,A01
201700004596,0,07,000,07,2,3,01,B01
201700004597,2,10,000,00,2,1,01,B01
201700004597,1,07,000,00,2,1,13,A01
201700004598,1,07,000,02,0,9,01,A01
201700004599,0,07,000,00,9,2,00,B01
201700004599,0,01,000,00,0,4,01,A01
201700004600,0,07,000,00,2,2,19,B01
201700004600,0,33,000,00,2,1,01,A01
201700004601,0,01,000,00,2,1,15,B01
201700004601,0,07,000,00,2,7,01,A01
201700004602,0,07,000,06,0,1,01,A01
201700004603,0,07,000,00,1,1,01,A01