Num_Acc,senc,catv,occutc,obs,obsm,choc,manv,num_veh
201700004604,0,07,000,08,1,2,20,A01
201700004605,0,31,000,00,0,1,01,B01
201700004605,0,07,000,00,2,1,15,A01
201700004606,2,17,000,00,2,3,01,B01
201700004606,2,07,000,16,0,6,10,A01
201700004607,0,07,000,00,1,2,01,A01
201700004608,1,07,000,00,2,1,13,A01
201700004608,2,07,000,00,2,3,01,B01
201700004609,0,07,000,00,1,1,01,A01
201700004610,0,33,000,06,1,1,01,A01
201700004611,2,07,000,00,2,3,13,A01
201700004611,1,07,000,00,2,3,00,B01
201700004612,1,07,000,00,1,3,01,A01
201700004613,2,07,000,00,2,3,13,A01
201700004613,1,07,000,00,2,3,01,B01
201700004614,0,21,000,00,2,1,09,A01
201700004614,1,07,000,00,2,1,21,C01
201700004614,1,07,000,00,2,3,01,B01
201700004614,1,07,000,00,2,1,01,D01
201700004615,2,07,000,00,2,1,13,A01
201700004615,1,07,000,00,2,1,01,B01
201700004616,2,01,000,16,0,0,13,A01
201700004617,1,33,000,03,0,0,01,A01
201700004618,1,02,000,00,2,1,01,B01
201700004618,2,07,000,00,0,1,05,A01
201700004619,1,33,000,00,2,2,17,B01
201700004619,1,07,000,00,2,3,15,A01
201700004620,1,07,000,13,0,9,00,A01
201700004621,0,07,000,00,1,3,01,A01
201700004622,1,07,000,02,0,3,14,A01
201700004623,1,02,000,00,2,0,00,C01
201700004623,2,07,000,00,2,3,01,A01
201700004623,1,31,000,00,2,0,00,B01
201700004624,0,07,000,03,0,0,00,A01
201700004625,0,07,000,00,1,1,00,A01
201700004626,1,07,000,15,6,1,01,A01
201700004627,1,07,000,13,0,1,01,A01
201700004628,1,07,000,08,0,1,01,A01
201700004629,2,07,000,16,2,8,13,A01
201700004629,1,07,000,00,2,1,21,B01
201700004630,1,07,000,00,2,1,17,A01
201700004630,2,07,000,00,2,1,01,B01
201700004631,0,33,000,04,0,7,14,A01
201700004632,2,07,000,08,0,1,13,A01
201700004633,1,07,000,00,2,1,01,B01
201700004633,2,07,000,00,2,1,13,A01
201700004634,2,07,000,00,0,4,01,A01
201700004634,0,07,000,00,2,1,02,B01
201700004635,2,07,000,00,2,1,01,B01
201700004635,1,07,000,00,2,1,13,A01
201700004636,2,33,000,00,2,1,01,A01
201700004636,1,07,000,00,2,3,01,B01
201700004637,2,07,000,13,0,1,00,A01
201700004638,1,33,000,09,0,7,01,A01
201700004639,2,07,000,13,0,7,14,A01
201700004640,2,10,000,00,4,3,01,A01
201700004640,2,39,025,00,2,1,01,B01
201700004641,1,07,000,00,2,1,17,B01
201700004641,1,07,000,00,2,1,01,C01
201700004641,2,07,000,03,2,3,05,A01
201700004642,1,07,000,07,0,3,13,A01
201700004643,1,07,000,06,0,6,19,A01
201700004644,1,07,000,00,2,1,13,A01
201700004644,2,07,000,00,2,1,01,B01
201700004645,2,33,000,00,2,1,13,A01
201700004645,1,33,000,00,2,1,01,B01
201700004645,1,33,000,00,2,1,01,C01
201700004646,2,34,000,00,2,1,01,A01
201700004646,1,07,000,00,2,1,15,B01
201700004647,2,07,000,00,1,1,20,A01
201700004648,2,07,000,13,1,9,21,A01
201700004649,1,07,000,00,2,3,13,A01
201700004649,2,33,000,00,2,1,01,B01
201700004649,2,33,000,00,2,7,01,C01
201700004650,1,16,000,00,2,1,02,A01
201700004650,1,10,000,00,2,4,23,B01
201700004650,1,07,000,00,0,4,23,C01
201700004651,1,07,000,13,0,3,01,A01
201700004652,0,07,000,02,0,1,02,A01
201700004653,1,32,000,00,2,3,13,A01
201700004653,2,07,000,00,2,3,01,B01
201700004654,0,07,000,00,2,0,13,A01
201700004654,0,07,000,00,2,3,01,B01
201700004655,0,07,000,00,0,4,01,A01
201700004655,0,07,000,00,2,1,01,B01
201700004656,0,07,000,00,2,1,10,A01
201700004656,0,02,000,00,2,1,01,B01
201700004657,1,30,000,00,2,2,01,A01
201700004657,2,07,000,00,2,3,01,B01
201700004658,1,07,000,00,2,3,01,A01
201700004658,2,07,000,00,2,3,01,B01
201700004659,2,02,000,00,2,1,13,A01
201700004659,1,07,000,00,2,1,01,B01
201700004660,1,33,000,13,0,1,14,A01
201700004661,2,07,000,00,2,1,13,A01
201700004661,1,07,000,00,2,1,01,B01
201700004662,1,33,000,13,0,7,14,A01
201700004663,1,02,000,00,2,1,01,A01
201700004663,2,10,000,00,9,7,06,B01
201700004664,1,07,000,00,0,6,01,A01
201700004664,1,07,000,00,0,2,01,B01
201700004665,2,07,000,00,2,1,01,A01
201700004665,2,07,000,00,0,4,01,B01
201700004666,1,07,000,00,2,7,15,A01
201700004666,2,07,000,00,2,1,01,B01
201700004666,2,07,000,00,0,8,23,C01
201700004667,2,33,000,00,6,1,01,A01
201700004668,0,34,000,00,2,1,01,A01
201700004668,0,31,000,00,0,1,23,B01
201700004669,1,07,000,08,0,2,01,A01
201700004670,1,36,000,15,0,1,17,A01
201700004671,2,07,000,13,0,1,14,A01
201700004672,2,07,000,00,0,3,16,A01
201700004672,2,01,000,00,2,1,02,B01
201700004673,2,07,000,00,1,1,01,A01
201700004674,0,07,000,00,0,9,01,A01
201700004675,2,07,000,00,2,3,15,A01
201700004675,2,34,000,00,2,1,17,B01
201700004675,2,07,000,00,2,6,01,C01
201700004676,1,07,000,00,2,8,15,A01
201700004676,1,33,000,00,2,2,17,B01
201700004677,1,33,000,00,2,4,13,A01
201700004677,2,07,000,00,0,3,19,B01
201700004678,0,07,000,00,1,7,01,A01
201700004679,1,07,000,00,2,1,01,A01
201700004679,2,07,000,00,2,1,01,B01
201700004680,2,07,000,00,0,6,15,A01
201700004680,1,33,000,00,2,1,01,B01
201700004681,1,33,000,00,2,1,01,A01
201700004681,1,07,000,00,0,5,01,B01
201700004682,2,07,000,00,2,3,01,A01
201700004682,1,02,000,00,2,1,17,B01
201700004683,1,07,000,00,2,1,15,A01
201700004683,2,01,000,00,2,1,01,B01
201700004684,2,07,000,00,2,3,15,A01
201700004684,2,34,000,00,2,1,17,B01
201700004685,0,07,000,00,1,2,01,A01
201700004686,2,07,000,00,0,4,23,A01
201700004686,2,02,000,00,2,1,02,B01
201700004686,2,02,000,00,2,1,01,C01
201700004686,2,02,000,00,2,1,01,D01
201700004687,2,07,000,00,2,1,01,A01
201700004687,1,02,000,00,2,1,11,B01
201700004688,2,07,000,06,0,1,01,A01
201700004689,2,10,000,13,0,1,01,A01
201700004689,1,10,000,00,2,1,02,B01
201700004690,1,07,000,00,2,3,13,A01
201700004690,2,07,000,00,2,8,01,B01
201700004691,2,10,000,00,2,3,01,A01
201700004691,1,20,000,00,2,3,00,B01
201700004692,2,07,000,02,0,1,01,A01
201700004693,2,10,000,00,2,3,01,A01
201700004693,1,07,000,00,2,3,13,B01
201700004694,1,10,000,00,2,5,17,A01
201700004694,1,07,000,00,0,3,02,B01
201700004695,2,07,000,00,2,2,12,A01
201700004695,2,07,000,00,0,6,02,B01
201700004696,2,33,000,00,2,1,17,A01
201700004696,2,07,000,00,2,6,15,B01
201700004697,2,07,000,06,2,1,01,A01
201700004697,1,07,000,13,2,8,01,B01
201700004697,1,07,000,00,2,7,01,C01
201700004698,2,01,000,00,2,1,13,A01
201700004698,1,07,000,00,2,3,01,B01
201700004699,1,14,000,00,2,8,01,A01
201700004699,2,07,000,00,2,1,01,B01
201700004699,2,07,000,00,2,1,02,C01
201700004700,1,07,000,04,2,8,11,A01
201700004700,1,07,000,00,0,7,01,B01
201700004701,1,33,000,15,0,1,01,A01
201700004702,1,30,000,00,2,7,15,A01
201700004702,2,07,000,00,2,2,01,B01
201700004703,1,10,000,00,2,1,01,A01
201700004703,1,10,000,00,2,9,02,B01
201700004703,1,07,000,00,2,4,01,C01
201700004704,0,07,000,00,0,9,01,A01
201700004705,1,34,000,00,2,1,01,A01
201700004705,1,07,000,00,0,4,23,B01
201700004706,2,10,000,00,2,3,11,A01
201700004706,1,10,000,00,2,3,01,B01
201700004707,2,14,000,00,0,8,01,C01
201700004707,2,07,000,00,2,3,14,A01
201700004707,2,07,000,03,2,5,01,B01
201700004708,0,07,000,00,1,1,01,A01
201700004709,1,07,000,00,2,3,01,B01
201700004709,2,07,000,00,2,3,13,A01
201700004710,1,07,000,02,0,1,01,A01
201700004711,1,32,000,06,0,1,01,A01
201700004712,2,07,000,00,2,8,13,A01
201700004712,1,01,000,00,2,3,01,B01
201700004713,1,07,000,13,0,1,14,A01
201700004714,0,33,000,16,0,7,01,A01
201700004715,2,07,000,00,2,1,02,A01
201700004715,2,01,000,00,0,4,02,B01
201700004716,1,07,000,06,0,1,14,A01
201700004717,2,07,000,04,2,1,01,A01
201700004717,2,07,000,00,2,2,01,B01
201700004718,1,07,000,06,0,2,01,A01
201700004719,2,31,000,00,5,1,01,A01
201700004720,1,07,000,00,2,3,01,A01
201700004720,2,07,000,00,2,3,13,B01
201700004721,1,07,000,00,0,4,02,B01
201700004721,1,07,000,00,2,1,02,A01
201700004722,2,07,000,00,2,1,01,B01
201700004722,1,07,000,00,2,1,13,A01
201700004723,2,07,000,13,0,1,01,A01
201700004724,1,07,000,13,0,0,00,A01
201700004725,1,34,000,06,0,1,01,A01
201700004726,0,07,000,00,1,3,01,A01
201700004727,2,33,000,00,2,1,01,A01
201700004727,2,07,000,00,2,8,09,B01
201700004728,2,14,000,10,0,0,02,A01
201700004729,2,02,000,06,0,1,13,A01
201700004730,1,10,000,00,2,8,15,A01
201700004730,1,34,000,00,2,3,01,B01
201700004731,0,33,000,00,0,7,01,A01
201700004732,2,07,000,02,0,8,01,A01
201700004733,1,33,000,00,2,1,01,B01
201700004733,2,07,000,00,2,3,15,A01
201700004734,0,31,000,00,1,1,01,A01
201700004735,1,33,000,00,2,1,13,A01
201700004735,2,07,000,00,2,3,01,B01
201700004736,0,07,000,12,1,2,14,A01
201700004737,2,34,000,00,2,7,03,A01
201700004737,2,10,000,00,2,8,23,B01
201700004738,2,10,000,00,2,2,17,A01
201700004738,2,07,000,00,2,8,15,B01
201700004739,0,07,000,12,2,2,21,A01
201700004739,0,07,000,08,2,8,13,B01
201700004740,2,07,000,13,0,9,01,A01
201700004741,0,07,000,00,2,1,13,A01
201700004741,0,07,000,00,2,1,01,B01
201700004742,1,07,000,16,0,1,01,A01
201700004743,2,33,000,00,5,1,01,A01
201700004744,2,07,000,13,0,3,13,A01
201700004745,2,33,000,16,0,2,01,A01
201700004746,2,07,000,00,2,3,01,A01
201700004746,1,34,000,00,2,3,01,B01
201700004747,1,07,000,13,2,3,01,A01
201700004747,2,07,000,00,2,2,01,B01
201700004748,2,07,000,00,2,1,13,A01
201700004748,1,07,000,06,2,1,01,B01
201700004749,2,07,000,00,2,6,17,A01
201700004749,2,33,000,00,2,1,17,B01
201700004750,1,07,000,00,1,3,01,A01
201700004751,2,07,000,05,0,1,01,A01
201700004752,1,07,000,00,2,1,02,A01
201700004752,1,07,000,00,0,4,02,B01
201700004753,1,07,000,06,0,2,13,A01
201700004754,0,07,000,00,1,1,00,A01
201700004755,1,07,000,00,2,1,01,A01
201700004755,1,07,000,00,2,4,01,B01
201700004755,1,07,000,00,0,4,01,C01
201700004756,1,07,000,15,0,3,01,A01
201700004757,1,07,000,00,2,3,15,A01
201700004757,2,33,000,00,2,3,00,B01
201700004758,1,07,000,02,0,3,14,A01
201700004759,0,07,000,08,0,1,01,A01
201700004760,2,07,000,06,0,1,01,A01
201700004761,1,07,000,00,2,2,17,A01
201700004761,1,07,000,00,2,3,15,B01
201700004762,2,07,000,00,1,2,01,A01
201700004763,2,07,000,00,2,4,01,D01
201700004763,2,07,000,00,2,4,01,C01
201700004763,2,07,000,00,0,4,01,E01
201700004763,2,07,000,00,2,1,01,A01
201700004763,2,07,000,00,2,4,01,B01
201700004764,1,33,000,00,2,7,17,B01
201700004764,1,07,000,00,2,8,15,A01
201700004765,1,07,000,02,0,7,14,A01
201700004766,0,10,000,00,1,6,20,A01
201700004767,1,10,000,00,1,1,01,A01
201700004768,1,07,000,00,2,1,13,A01
201700004768,2,07,000,00,2,2,01,B01
201700004769,2,10,000,00,1,3,01,A01
201700004770,1,07,000,00,2,3,01,A01
201700004770,2,10,000,00,2,3,01,B01
201700004771,1,07,000,00,5,4,01,B01
201700004771,1,07,000,00,2,1,02,A01
201700004772,1,07,000,00,2,4,15,A01
201700004772,1,07,000,00,2,1,02,B01
201700004773,2,07,000,00,2,1,09,B01
201700004773,2,07,000,00,2,1,09,A01
201700004774,2,02,000,00,2,1,17,A01
201700004774,2,07,000,00,2,8,15,B01
201700004775,0,10,000,00,1,4,04,A01
201700004776,2,07,000,00,2,7,17,A01
201700004776,2,10,000,00,2,3,01,B01
201700004777,1,07,000,00,2,6,04,A01
201700004777,1,31,000,00,2,3,01,B01
201700004778,1,07,000,00,1,2,01,A01
201700004779,2,33,000,00,2,1,13,A01
201700004779,1,07,000,00,2,3,01,B01
201700004780,1,07,000,00,1,1,01,A01
201700004781,1,07,000,00,1,3,15,A01
201700004782,1,33,000,00,2,2,02,A01
201700004782,1,07,000,00,0,6,02,B01
201700004783,1,33,000,00,2,3,13,A01
201700004783,2,33,000,00,2,6,13,B01
201700004784,1,07,000,00,2,2,15,A01
201700004784,2,01,000,00,2,1,01,B01
201700004785,0,07,000,00,1,4,04,A01
201700004786,2,10,000,00,2,5,17,A01
201700004786,1,01,000,00,2,1,02,B01
201700004787,2,33,000,00,0,1,01,A01
201700004787,1,07,000,00,0,,15,B01
201700004788,1,01,000,00,1,1,01,A01
201700004789,1,07,000,00,1,1,01,A01
201700004790,1,02,000,00,1,1,01,A01
201700004791,1,02,000,00,2,1,17,A01
201700004791,1,07,000,00,2,6,20,B01
201700004792,2,10,000,00,2,2,15,A01
201700004792,1,01,000,00,2,2,01,B01
201700004793,1,10,000,00,2,1,01,A01
201700004793,2,33,000,00,2,7,15,B01
201700004793,2,07,000,00,2,8,09,C01
201700004794,1,10,000,00,2,1,09,A01
201700004794,1,30,000,00,2,1,01,B01
201700004795,2,07,000,00,1,3,01,A01
201700004796,2,02,000,00,2,8,15,A01
201700004796,2,32,000,00,2,7,17,B01
201700004797,2,07,000,00,1,0,01,A01
201700004798,1,07,000,00,0,0,02,A01
201700004798,1,33,000,00,0,0,02,B01
201700004799,1,07,000,00,1,1,09,A01
201700004800,0,01,000,00,2,4,03,B01
201700004800,0,07,000,00,2,1,01,A01
201700004801,1,07,000,00,2,2,15,A01
201700004801,1,02,000,00,2,1,01,B01
201700004802,1,07,000,00,1,0,00,A01
201700004803,1,07,000,00,2,1,02,A01
201700004803,1,07,000,00,2,4,02,B01
201700004803,1,07,000,00,0,4,23,C01
201700004804,2,07,000,00,2,1,02,A01
201700004804,1,38,001,00,0,4,23,B01
201700004805,2,07,000,00,2,2,15,A01
201700004805,1,33,000,00,2,7,01,B01
201700004806,2,07,000,00,2,1,05,A01
201700004806,1,07,000,00,0,1,01,B01
201700004807,2,10,000,00,2,1,09,A01
201700004807,1,33,000,00,2,7,01,B01
201700004808,2,07,000,00,2,2,01,B01
201700004808,1,07,000,00,2,1,01,A01
201700004809,2,30,000,00,2,6,01,A01
201700004809,1,33,000,00,2,8,01,B01
201700004810,2,07,000,00,0,0,01,A01
201700004810,1,32,000,00,0,0,01,B01
201700004811,2,31,000,02,0,1,01,A01
201700004812,2,02,000,00,2,1,17,B01
201700004812,1,07,000,00,2,2,09,A01
201700004813,1,31,000,14,0,0,13,A01
201700004814,2,33,000,00,2,1,02,A01
201700004814,2,33,000,00,2,5,02,B01
201700004815,2,07,000,00,2,5,01,B01
201700004815,0,07,000,00,2,3,09,A01
201700004816,1,07,000,06,0,9,01,A01
201700004817,0,07,000,00,0,7,24,B01
201700004817,0,07,000,01,1,2,14,A01
201700004818,2,07,000,00,2,1,02,A01
201700004818,2,10,000,00,2,4,01,B01
201700004819,2,07,000,00,2,7,19,A01
201700004819,1,01,000,00,2,1,01,B01
201700004820,2,07,000,00,2,1,02,A01
201700004820,2,07,000,00,,4,23,B01
201700004821,2,07,000,13,0,9,14,A01
201700004822,1,07,000,00,2,8,22,A01
201700004822,1,01,000,00,2,1,01,B01
201700004823,1,33,000,00,2,7,01,B01
201700004823,2,07,000,00,2,5,09,A01
201700004823,1,07,000,00,9,3,09,C01
201700004824,1,07,000,00,2,3,01,A01
201700004825,1,07,000,13,0,2,01,A01
201700004826,1,14,000,13,0,7,01,A01
201700004827,1,07,000,12,0,3,01,A01
201700004828,2,33,000,00,0,0,01,A01
201700004829,0,07,000,00,1,4,04,A01
201700004830,1,07,000,00,2,2,01,B01
201700004830,0,07,000,00,2,3,19,A01
201700004831,1,07,000,00,1,1,01,A01
201700004832,1,07,000,00,1,2,09,A01
201700004833,1,01,000,00,1,1,03,A01
201700004834,2,07,000,00,2,1,01,A01
201700004834,2,07,000,00,2,4,01,B01
201700004835,1,07,000,00,2,2,15,A01
201700004835,2,01,000,00,2,1,01,B01
201700004836,2,07,000,00,2,2,01,B01
201700004836,2,07,000,00,2,8,09,A01
201700004837,2,10,000,00,0,9,01,A01
201700004838,2,33,000,08,0,1,01,A01
201700004839,2,07,000,00,2,5,01,A01
201700004839,1,10,000,00,2,1,01,B01
201700004840,1,30,000,00,1,1,17,A01
201700004841,1,01,000,00,2,1,01,B01
201700004841,2,07,000,00,2,2,09,A01
201700004842,2,07,000,00,2,3,09,A01
201700004842,1,01,000,00,2,1,01,B01
201700004843,1,07,000,00,2,1,02,A01
201700004843,1,07,000,00,2,4,02,B01
201700004844,2,07,000,00,1,1,01,A01
201700004845,2,07,000,00,2,4,01,B01
201700004845,1,07,000,00,2,4,01,C01
201700004845,2,07,000,00,2,1,01,A01
201700004846,2,07,000,00,2,4,01,B01
201700004846,2,07,000,00,2,1,01,A01
201700004847,2,07,000,00,2,1,01,A01
201700004847,1,01,000,00,2,7,01,B01
201700004848,2,07,000,00,1,1,01,A01
201700004849,2,07,000,00,2,3,01,A01
201700004849,2,07,000,00,2,5,01,B01
201700004850,1,07,000,06,0,1,16,A01
201700004851,1,07,000,00,1,3,01,A01
201700004852,1,30,000,00,2,1,01,A01
201700004852,1,07,000,00,2,1,01,B01
201700004853,1,07,000,00,2,3,01,A01
201700004853,2,07,000,00,2,3,01,B01
201700004854,2,10,000,00,1,1,01,A01
201700004855,1,10,000,00,2,2,15,A01
201700004855,2,01,000,00,2,1,01,B01
201700004856,2,07,000,01,2,2,01,A01
201700004856,2,07,000,01,2,8,01,B01
201700004857,1,07,000,00,2,8,05,A01
201700004857,1,07,000,00,2,8,01,B01
201700004858,1,07,000,00,1,8,20,A01
201700004859,2,07,000,00,1,1,01,A01
201700004860,2,10,000,06,0,1,01,A01
201700004861,2,07,000,00,1,3,15,A01
201700004862,1,33,000,15,0,1,10,A01
201700004863,2,07,000,00,2,1,01,B01
201700004863,2,10,000,00,2,8,16,A01
201700004864,2,32,000,00,2,1,01,A01
201700004864,2,32,000,00,0,8,01,B01
201700004865,2,07,000,00,2,4,01,B01
201700004865,2,33,000,00,2,1,01,A01
201700004866,2,07,000,00,1,1,01,A01
201700004867,1,07,000,00,1,2,01,A01
201700004868,2,01,000,00,2,1,01,A01
201700004868,2,07,000,00,2,5,01,B01
201700004869,1,07,000,00,1,1,01,A01
201700004870,1,10,000,00,1,2,01,A01
201700004871,1,07,000,00,2,5,01,A01
201700004871,2,07,000,00,2,3,01,B01
201700004872,2,33,000,00,0,7,01,A01
201700004873,2,15,000,00,2,4,01,A01
201700004873,2,07,000,00,2,1,02,B01
201700004873,2,07,000,00,2,1,02,C01
201700004873,2,14,000,00,2,1,02,D01
201700004874,2,07,000,06,0,1,01,A01
201700004875,2,07,000,00,2,1,01,A01
201700004875,2,07,000,00,2,4,02,B01
201700004875,2,07,000,00,2,4,02,C01
201700004876,2,07,000,00,2,3,01,A01
201700004876,1,07,000,00,2,2,01,B01
201700004876,1,07,000,00,2,3,01,C01
201700004877,1,30,000,00,2,7,01,B01
201700004877,2,07,000,00,2,1,09,A01
201700004878,2,07,000,00,2,1,01,A01
201700004878,2,07,000,00,2,4,02,B01
201700004878,2,10,000,00,2,4,02,C01
201700004879,1,31,000,00,1,1,01,A01
201700004880,2,02,000,00,2,1,17,A01
201700004880,2,07,000,00,2,3,15,B01
201700004881,2,07,000,00,1,1,01,A01
201700004882,2,34,000,00,2,1,01,B01
201700004882,2,07,000,00,2,3,15,A01
201700004883,1,10,000,00,2,4,02,B01
201700004883,1,07,000,00,2,1,01,A01
201700004884,2,10,000,02,0,1,13,A01
201700004885,0,07,000,00,1,4,20,A01
201700004886,2,07,000,04,2,2,00,A01
201700004886,2,17,000,00,2,8,01,B01
201700004887,1,17,000,00,0,4,00,A01
201700004887,1,10,000,00,2,1,02,B01
201700004888,1,33,000,00,2,1,14,A01
201700004888,1,07,000,00,0,4,02,B01
201700004889,2,07,000,03,0,1,01,A01
201700004890,2,07,000,04,1,0,00,A01
201700004890,2,07,000,00,2,3,00,B01
201700004891,2,07,000,03,9,0,01,A01
201700004892,1,07,000,00,2,3,01,B01
201700004892,2,07,000,00,2,3,13,A01
201700004893,2,07,000,13,2,3,00,A01
201700004893,2,07,000,00,2,5,00,B01
201700004894,1,07,000,00,0,1,02,B01
201700004894,1,15,000,00,2,8,02,A01
201700004895,2,07,000,04,2,3,00,A01
201700004895,2,15,000,00,0,6,00,B01
201700004896,2,07,000,00,2,3,23,C01
201700004896,2,15,000,03,0,8,00,B01
201700004897,2,07,000,00,2,4,00,C01
201700004897,2,07,000,00,2,3,00,D01
201700004898,2,07,000,00,2,3,01,B01
201700004898,1,07,000,00,2,3,05,A01
201700004899,1,07,000,03,0,4,02,B01
201700004899,1,10,000,03,2,1,02,A01
201700004900,0,07,000,00,1,7,00,A01
201700004901,0,01,000,01,2,9,19,B01
201700004901,2,07,000,00,2,2,00,A01
201700004902,1,07,000,00,2,1,02,B01
201700004902,2,07,000,03,2,4,02,A01
201700004903,1,31,000,00,0,7,01,A01
201700004904,0,31,000,00,2,1,01,B01
201700004904,0,31,000,00,2,1,01,A01
201700004905,2,07,000,00,2,3,00,A01
201700004905,2,07,000,00,2,3,01,B01
201700004906,2,07,000,00,0,2,01,B01
201700004906,1,07,000,07,0,3,09,A01
201700004907,2,07,000,00,2,1,01,B01
201700004907,1,07,000,00,2,7,00,A01
201700004908,2,07,000,02,0,8,01,A01
201700004909,1,07,000,00,0,3,01,A01
201700004909,2,07,000,00,0,3,01,B01
201700004910,1,33,000,00,2,1,01,B01
201700004910,1,07,000,00,2,3,20,A01
201700004911,1,07,000,13,0,1,01,A01
201700004912,2,07,000,15,2,7,01,B01
201700004912,1,07,000,00,2,1,01,A01
201700004913,2,01,000,00,2,8,15,A01
201700004913,2,07,000,00,2,2,02,B01
201700004914,2,03,000,06,0,1,01,A01
201700004915,0,07,000,00,2,8,15,A01
201700004915,0,33,000,00,2,1,01,B01
201700004916,0,33,000,00,2,0,13,A01
201700004916,0,07,000,00,2,7,01,B01
201700004917,2,07,000,00,9,1,09,A01
201700004917,2,31,000,00,2,1,09,B01
201700004918,2,07,000,00,2,1,13,A01
201700004918,1,07,000,00,2,1,01,B01
201700004919,1,07,000,00,2,0,00,B01
201700004919,1,33,000,00,2,0,00,A01
201700004920,2,07,000,08,0,1,01,A01
201700004921,2,07,000,06,0,1,13,A01
201700004922,2,02,000,12,0,3,01,A01
201700004923,1,07,000,00,0,4,02,B01
201700004923,1,07,000,00,2,1,02,A01
201700004924,1,07,000,00,0,3,01,A01
201700004924,0,33,000,00,2,1,15,B01
201700004925,2,07,000,00,1,1,01,A01
201700004926,2,07,000,00,1,3,00,A01
201700004927,2,07,000,02,0,0,13,A01
201700004928,2,07,000,12,0,9,01,A01
201700004929,2,33,000,00,2,1,13,A01
201700004929,1,07,000,00,2,2,01,B01
201700004930,1,07,000,10,0,2,01,A01
201700004931,1,07,000,00,0,1,02,A01
201700004932,0,07,000,00,0,6,00,B01
201700004932,0,07,000,00,0,3,00,A01
201700004933,0,07,000,12,0,3,06,A01
201700004933,0,07,000,00,0,3,01,B01
201700004934,1,34,000,13,0,2,01,A01
201700004935,2,15,000,03,0,2,01,A01
201700004936,1,07,000,04,0,1,21,A01
201700004937,2,07,000,13,0,1,19,A01
201700004938,0,07,000,00,0,0,00,B01
201700004938,0,33,000,00,2,4,01,A01
201700004939,2,33,000,00,2,1,01,B01
201700004939,0,07,000,00,2,1,10,A01
201700004940,1,07,000,00,2,5,15,A01
201700004940,2,33,000,00,2,1,01,B01
201700004941,2,10,000,00,2,8,17,A01
201700004941,1,01,000,00,2,1,01,B01
201700004942,2,07,000,07,0,1,00,B01
201700004942,1,07,000,07,0,7,19,A01
201700004943,2,07,000,00,2,7,13,A01
201700004943,1,07,000,00,2,1,01,B01
201700004944,1,07,000,00,0,3,00,C01
201700004944,2,07,000,00,0,1,13,A01
201700004944,1,07,000,00,0,1,01,B01
201700004945,0,07,000,00,1,1,01,A01
201700004946,0,33,000,00,0,1,17,B01
201700004946,0,07,000,00,0,6,01,A01
201700004947,2,07,000,06,0,1,01,A01
201700004948,0,07,000,00,0,4,02,B01
201700004948,0,07,000,09,2,1,02,A01
201700004949,2,33,000,06,0,1,01,A01
201700004950,2,33,000,02,0,1,14,A01
201700004951,1,31,000,15,0,1,00,A01
201700004952,2,33,000,02,0,1,15,A01
201700004953,0,07,000,00,2,1,15,A01
201700004953,0,02,000,00,2,9,19,C01
201700004953,0,02,000,00,2,9,01,B01
201700004954,1,33,000,00,2,3,13,A01
201700004954,2,07,000,00,2,8,01,B01
201700004955,2,07,000,00,2,1,05,A01
201700004955,1,07,000,00,2,1,01,C01
201700004955,1,07,000,00,2,3,01,B01
201700004956,2,07,000,02,0,8,13,A01
201700004957,0,37,005,00,2,1,01,B01
201700004957,0,07,000,00,2,1,13,A01
201700004958,2,33,000,00,2,2,17,A01
201700004958,2,07,000,00,2,3,15,B01
201700004959,0,07,000,00,0,3,10,A01
201700004959,0,07,000,00,2,2,02,B01
201700004960,1,07,000,16,0,0,13,A01
201700004961,1,33,000,00,2,1,17,B01
201700004961,1,10,000,00,0,3,15,A01
201700004962,0,07,000,16,0,0,00,A01
201700004963,2,07,000,00,9,2,09,A01
201700004963,2,34,000,00,2,1,01,B01
201700004964,1,07,000,00,2,3,01,B01
201700004964,2,15,000,00,2,3,01,A01
201700004965,2,02,000,00,2,1,14,B01
201700004965,2,07,000,00,2,6,23,A01
201700004966,2,07,000,00,9,3,20,A01
201700004966,2,33,000,00,2,1,02,B01
201700004967,1,07,000,00,2,4,24,B01
201700004967,1,07,000,01,0,1,01,A01
201700004968,2,07,000,00,2,4,02,B01
201700004968,2,07,000,00,2,1,02,A01
201700004969,1,33,000,00,0,0,01,A01
201700004970,1,33,000,00,2,1,21,B01
201700004970,2,07,000,00,2,2,17,A01
201700004971,0,07,000,00,2,6,10,A01
201700004971,2,33,000,00,2,2,02,B01
201700004972,1,07,000,06,0,2,00,A01
201700004973,0,33,000,15,0,1,06,A01
201700004974,1,07,000,00,0,1,02,A01
201700004974,1,07,000,00,0,4,02,B01
201700004975,0,02,000,16,0,9,16,A01
201700004976,2,07,000,03,0,1,01,A01
201700004977,1,02,000,00,2,1,15,A01
201700004977,2,07,000,00,2,1,23,B01
201700004978,1,07,000,00,2,3,13,A01
201700004978,2,07,000,00,2,3,01,B01
201700004979,2,07,000,00,1,3,01,A01
201700004980,1,02,000,00,2,1,02,A01
201700004980,1,03,000,00,2,6,02,B01
201700004981,1,07,000,00,0,3,01,A01
201700004981,2,10,000,00,2,3,05,C01
201700004981,1,10,000,00,0,3,23,B01
201700004982,2,07,000,00,2,3,23,B01
201700004982,1,33,000,12,2,3,17,A01