Num_Acc,senc,catv,occutc,obs,obsm,choc,manv,num_veh
201700006108,1,07,000,06,0,1,01,A01
201700006108,1,07,000,00,9,0,00,Z01
201700006109,1,07,000,00,2,1,01,A01
201700006109,1,07,000,01,2,9,01,B01
201700006110,2,07,000,00,2,3,01,A01
201700006110,2,07,000,00,2,5,23,C01
201700006110,2,07,000,00,2,6,23,B01
201700006111,1,33,000,00,1,1,01,A01
201700006112,1,07,000,00,2,8,15,A01
201700006112,1,10,000,00,2,2,01,B01
201700006113,2,07,000,00,2,1,15,A01
201700006113,0,33,000,00,2,1,01,B01
201700006114,0,07,000,00,2,1,19,B01
201700006114,0,07,000,14,2,8,01,A01
201700006115,1,07,000,01,2,5,17,A01
201700006115,1,07,000,00,2,6,01,B01
201700006116,1,07,000,00,1,3,15,A01
201700006117,0,33,000,00,1,1,01,A01
201700006118,0,31,000,00,2,1,17,A01
201700006118,0,07,000,00,2,3,15,B01
201700006119,1,01,000,00,2,7,01,A01
201700006119,1,07,000,00,2,1,01,B01
201700006120,1,10,000,00,0,0,09,A01
201700006120,1,32,000,00,0,7,14,B01
201700006121,2,31,000,00,2,1,02,A01
201700006121,2,07,000,00,2,4,23,B01
201700006122,1,07,000,00,1,2,15,A01
201700006123,2,32,000,00,1,1,01,A01
201700006124,1,07,000,00,9,8,22,A01
201700006124,1,01,000,01,0,1,01,B01
201700006125,1,07,000,00,2,5,12,A01
201700006125,1,33,000,00,2,1,01,B01
201700006126,0,07,000,00,2,2,15,A01
201700006126,1,02,000,00,2,1,01,B01
201700006127,1,07,000,00,2,2,15,A01
201700006127,1,02,000,01,2,2,01,B01
201700006128,1,07,000,00,1,5,01,A01
201700006129,1,02,000,00,2,1,17,A01
201700006129,1,07,000,00,2,3,15,B01
201700006130,1,07,000,00,1,0,00,A01
201700006131,1,07,000,00,2,1,02,A01
201700006131,1,07,000,00,2,4,01,B01
201700006132,1,07,000,00,1,1,01,A01
201700006133,0,33,000,00,2,1,02,A01
201700006133,0,07,000,00,2,5,01,B01
201700006134,1,07,000,00,2,3,01,A01
201700006134,1,02,000,00,2,7,17,B01
201700006135,1,07,000,08,1,4,04,A01
201700006136,1,32,000,00,1,1,01,A01
201700006137,1,32,000,00,2,1,01,A01
201700006137,1,07,000,00,2,4,01,B01
201700006138,2,07,000,00,2,2,16,A01
201700006138,2,01,000,00,2,1,01,B01
201700006139,1,10,000,00,2,1,01,A01
201700006139,1,10,000,00,2,4,01,B01
201700006139,1,07,000,00,2,4,01,C01
201700006140,1,30,000,00,1,1,01,A01
201700006141,1,07,000,00,2,1,01,B01
201700006141,2,07,000,01,2,7,15,A01
201700006142,1,10,000,00,2,0,00,A01
201700006142,1,02,000,00,2,1,01,B01
201700006143,1,30,000,00,2,4,02,B01
201700006143,1,07,000,00,2,1,01,A01
201700006144,1,10,000,00,2,1,00,A01
201700006144,1,07,000,00,2,3,00,B01
201700006144,1,07,000,00,2,1,00,C01
201700006145,1,07,000,00,9,7,00,B01
201700006145,2,01,000,00,2,7,00,A01
201700006146,1,07,000,01,0,1,01,A01
201700006147,1,33,000,06,0,9,17,A01
201700006148,1,07,000,00,2,0,00,B01
201700006148,1,07,000,00,2,1,02,Z01
201700006148,1,07,000,00,2,9,02,A01
201700006149,1,30,000,00,2,1,01,B01
201700006149,1,07,000,00,2,3,15,A01
201700006150,0,10,000,00,1,4,04,A01
201700006151,1,07,000,00,2,7,01,A01
201700006151,0,02,000,00,2,0,01,B01
201700006152,0,40,001,00,1,1,01,A01
201700006153,0,07,000,00,1,3,01,A01
201700006154,1,07,000,00,1,1,00,A01
201700006155,1,07,000,00,1,1,15,A01
201700006156,2,07,000,00,1,0,20,A01
201700006157,0,33,000,00,1,2,01,A01
201700006158,2,07,000,00,2,1,02,C01
201700006158,1,07,000,00,2,4,02,B01
201700006158,2,07,000,00,2,0,02,A01
201700006159,1,07,000,00,2,0,00,B01
201700006159,1,07,000,00,2,0,00,C01
201700006159,1,34,000,00,2,0,00,A01
201700006160,1,07,000,00,1,1,01,A01
201700006161,1,07,000,09,0,1,13,A01
201700006161,2,07,000,00,2,1,01,B01
201700006162,1,02,000,00,2,5,01,B01
201700006162,1,02,000,00,2,1,01,A01
201700006163,0,31,000,00,1,1,01,A01
201700006164,1,31,000,00,2,0,11,A01
201700006164,1,07,000,00,2,3,01,B01
201700006165,1,10,000,00,2,4,04,A01
201700006165,1,02,000,00,2,1,02,B01
201700006166,1,01,000,00,1,0,00,A01
201700006167,1,07,000,00,2,8,01,B01
201700006167,1,37,001,00,2,2,15,A01
201700006168,2,02,000,00,2,4,12,A01
201700006168,2,30,000,00,2,8,01,B01
201700006169,0,02,000,00,2,0,01,B01
201700006169,2,07,000,00,2,1,01,A01
201700006170,2,07,000,00,2,1,15,A01
201700006170,1,30,000,00,2,8,01,B01
201700006171,1,10,000,00,1,3,15,A01
201700006172,1,07,000,00,2,3,00,A01
201700006172,1,07,000,00,2,5,01,B01
201700006172,1,07,000,00,2,3,00,C01
201700006173,0,34,000,00,2,1,03,A01
201700006173,1,07,000,00,2,5,01,B01
201700006174,2,07,000,00,2,1,00,A01
201700006174,2,33,000,00,2,4,02,B01
201700006174,2,07,000,00,2,0,02,C01
201700006175,0,07,000,00,2,4,00,B01
201700006175,0,07,000,00,2,1,00,A01
201700006176,2,07,000,00,2,7,01,A01
201700006176,1,33,000,00,2,9,01,B01
201700006177,0,34,000,00,1,1,01,A01
201700006178,1,34,000,00,2,0,13,B01
201700006178,1,07,000,00,2,0,19,A01
201700006179,1,07,000,00,2,4,02,C01
201700006179,1,07,000,00,2,2,12,A01
201700006179,1,33,000,00,2,1,03,B01
201700006180,0,07,000,00,1,3,02,A01
201700006181,1,07,000,00,2,1,01,A01
201700006181,1,01,000,00,2,7,19,B01
201700006182,1,10,000,00,2,1,01,B01
201700006182,1,10,000,00,2,1,01,A01
201700006183,1,07,000,00,1,2,01,A01
201700006184,0,10,000,00,1,1,00,A01
201700006185,1,07,000,00,2,1,00,A01
201700006185,1,07,000,00,2,4,00,B01
201700006185,1,07,000,00,0,0,00,C01
201700006186,0,07,000,00,2,1,01,B01
201700006186,0,10,000,00,2,3,01,A01
201700006187,2,02,000,00,2,2,01,A01
201700006187,2,07,000,00,0,0,00,Z01
201700006188,0,07,000,00,2,4,02,B01
201700006188,1,07,000,00,2,1,02,A01
201700006189,1,02,000,00,2,1,02,A01
201700006189,1,07,000,00,2,4,01,B01
201700006190,2,07,000,00,1,2,01,A01
201700006191,2,02,000,01,0,0,00,A01
201700006191,2,07,000,00,0,0,00,Z01
201700006192,1,07,000,00,2,2,12,A01
201700006192,1,33,000,00,2,3,00,B01
201700006193,1,32,000,00,1,1,01,A01
201700006194,2,33,000,00,2,1,01,B01
201700006194,1,07,000,00,2,2,15,A01
201700006195,1,37,001,00,2,3,03,A01
201700006195,2,32,000,00,2,1,17,B01
201700006196,0,07,000,00,2,3,01,B01
201700006196,0,10,000,00,2,0,05,A01
201700006197,1,33,000,00,2,1,01,B01
201700006197,2,07,000,00,2,2,00,A01
201700006198,1,07,000,00,2,7,01,A01
201700006198,2,07,000,00,2,1,01,B01
201700006199,1,07,000,00,2,8,15,A01
201700006199,1,02,000,00,2,2,01,B01
201700006200,2,32,000,01,0,1,01,A01
201700006201,1,32,000,00,2,2,02,B01
201700006201,1,07,000,00,2,3,15,A01
201700006202,2,07,000,00,2,3,15,B01
201700006202,2,02,000,00,2,1,17,A01
201700006203,2,30,000,00,2,1,05,A01
201700006203,1,07,000,00,2,2,23,B01
201700006204,1,31,000,00,2,1,01,A01
201700006204,2,07,000,00,2,7,01,B01
201700006205,0,02,000,00,2,7,17,A01
201700006205,0,07,000,00,2,3,01,B01
201700006206,2,02,000,00,2,5,01,B01
201700006206,1,07,000,00,2,1,01,A01
201700006207,2,02,000,00,2,8,01,B01
201700006207,1,07,000,00,2,2,19,A01
201700006208,1,07,000,00,1,2,01,A01
201700006209,1,31,000,00,2,1,18,A01
201700006209,1,07,000,00,2,2,16,B01
201700006210,0,07,000,00,2,5,01,A01
201700006210,0,01,000,00,2,1,01,B01
201700006211,1,02,000,00,2,5,01,A01
201700006211,1,10,000,00,2,2,16,B01
201700006212,1,07,000,00,1,1,01,A01
201700006213,1,07,000,01,0,2,00,A01
201700006214,1,07,000,00,2,2,15,A01
201700006214,0,34,000,00,2,0,00,B01
201700006215,1,07,000,07,0,1,01,A01
201700006216,1,07,000,00,2,0,00,A01
201700006216,1,07,000,00,2,5,01,B01
201700006217,1,07,000,00,2,5,15,A01
201700006217,1,31,000,00,2,1,01,B01
201700006218,1,07,000,00,0,0,00,A01
201700006218,1,33,000,00,0,0,00,B01
201700006219,0,07,000,00,1,1,15,A01
201700006220,2,32,000,00,2,7,15,A01
201700006220,2,34,000,00,2,0,01,B01
201700006221,1,07,000,00,2,3,15,A01
201700006221,1,30,000,00,2,1,01,B01
201700006222,0,33,000,00,2,0,17,A01
201700006222,0,33,000,00,2,0,01,B01
201700006223,0,02,000,00,1,3,13,A01
201700006224,1,07,000,01,0,1,01,A01
201700006224,1,07,000,01,2,4,24,B01
201700006225,2,01,000,08,0,1,01,A01
201700006226,1,40,001,00,1,5,01,A01
201700006227,1,14,000,00,0,0,00,B01
201700006227,2,07,000,00,2,3,05,A01
201700006228,2,07,000,00,2,7,15,A01
201700006228,1,33,000,00,2,1,01,B01
201700006229,0,40,001,00,1,3,01,A01
201700006230,1,07,000,00,2,3,20,A01
201700006230,1,30,000,00,2,7,00,B01
201700006231,1,30,000,01,0,0,00,A01
201700006232,1,07,000,00,2,3,15,A01
201700006232,2,33,000,00,2,1,01,B01
201700006233,1,07,000,00,2,3,19,A01
201700006233,2,30,000,08,2,1,01,B01
201700006234,2,07,000,00,2,1,15,A01
201700006234,1,34,000,00,2,1,17,B01
201700006235,1,07,000,06,2,8,13,B01
201700006235,1,07,000,06,2,7,17,A01
201700006236,1,32,000,00,2,7,01,B01
201700006236,1,07,000,00,2,3,15,A01
201700006237,0,07,000,00,2,1,15,A01
201700006237,0,07,000,00,2,1,01,B01
201700006238,0,31,000,00,2,1,01,B01
201700006238,0,07,000,00,2,2,15,A01
201700006239,2,07,000,00,1,3,01,A01
201700006240,0,02,000,00,2,0,00,A01
201700006240,0,07,000,00,2,0,00,B01
201700006241,0,07,000,00,2,2,10,A01
201700006241,0,33,000,01,2,1,01,B01
201700006242,1,07,000,00,2,2,16,A01
201700006242,1,33,000,00,2,8,01,B01
201700006243,2,07,000,00,2,1,10,A01
201700006243,1,33,000,00,2,1,17,B01
201700006244,1,32,000,06,2,2,17,B01
201700006244,2,07,000,00,2,3,15,A01
201700006245,2,07,000,00,2,3,15,B01
201700006245,1,32,000,00,2,1,01,A01
201700006246,1,07,000,00,2,8,15,B01
201700006246,1,33,000,00,2,1,17,A01
201700006247,1,07,000,00,2,5,02,B01
201700006247,1,30,000,00,2,1,02,A01
201700006248,0,07,000,00,0,0,00,A01
201700006248,0,33,000,00,0,0,00,B01
201700006249,2,07,000,00,1,2,01,A01
201700006250,0,33,000,00,1,1,01,A01
201700006251,1,30,000,00,2,0,00,A01
201700006251,2,07,000,00,2,1,00,B01
201700006252,1,07,000,08,1,1,13,A01
201700006253,1,07,000,00,1,2,01,A01
201700006254,1,07,000,00,2,0,01,A01
201700006254,1,07,000,00,2,2,01,B01
201700006255,1,10,000,00,1,1,15,A01
201700006256,1,07,000,00,2,7,01,A01
201700006256,2,01,000,00,2,1,02,C01
201700006256,1,07,000,00,2,1,02,B01
201700006257,1,33,000,00,1,2,01,A01
201700006258,2,31,000,00,2,1,05,A01
201700006258,1,07,000,00,2,2,00,B01
201700006259,1,07,000,00,2,7,15,A01
201700006259,2,31,000,00,2,1,01,B01
201700006260,1,99,000,00,1,1,01,A01
201700006261,1,07,000,00,1,1,15,A01
201700006262,0,07,000,00,0,0,00,B01
201700006262,1,07,000,00,0,0,00,A01
201700006263,1,07,000,00,2,2,19,B01
201700006263,1,07,000,00,2,1,19,A01
201700006264,2,07,000,12,1,2,14,A01
201700006265,2,07,000,00,2,5,15,A01
201700006265,1,02,000,00,2,1,01,B01
201700006266,1,02,000,00,2,8,01,A01
201700006266,1,02,000,00,2,7,01,B01
201700006267,2,10,000,00,1,7,01,A01
201700006268,1,07,000,00,1,3,01,A01
201700006269,2,07,000,00,2,1,15,A01
201700006269,1,07,000,00,2,1,01,B01
201700006270,2,99,000,00,1,1,01,A01
201700006271,1,07,000,00,2,3,01,A01
201700006271,1,01,000,00,2,7,19,B01
201700006272,1,07,000,00,2,1,13,A01
201700006272,1,10,000,00,2,8,10,B01
201700006273,2,07,000,00,2,2,16,A01
201700006273,1,01,000,00,2,1,19,B01
201700006274,1,10,000,00,2,1,14,A01
201700006274,2,99,000,00,2,3,01,B01
201700006274,1,07,000,00,2,1,23,C01
201700006275,1,07,000,00,2,1,01,B01
201700006275,2,31,000,00,2,1,13,A01
201700006276,0,07,000,00,2,1,00,B01
201700006276,1,07,000,00,2,1,05,A01
201700006277,1,07,000,08,0,1,01,A01
201700006278,1,07,000,00,2,8,01,C01
201700006278,1,07,000,00,2,8,01,B01
201700006278,1,31,000,00,2,7,17,A01
201700006279,1,33,000,00,2,2,02,B01
201700006279,1,07,000,00,2,0,10,A01
201700006280,2,07,000,00,2,3,01,B01
201700006280,1,33,000,00,2,3,13,A01
201700006281,1,07,000,00,2,1,19,A01
201700006281,1,07,000,00,2,3,00,B01
201700006282,1,33,000,00,2,8,01,B01
201700006282,2,07,000,00,2,1,15,A01
201700006283,2,07,000,00,2,1,10,A01
201700006283,1,33,000,00,2,3,01,B01
201700006284,2,02,000,00,2,1,17,A01
201700006284,2,07,000,00,2,3,15,B01
201700006285,0,10,000,00,1,4,04,A01
201700006286,1,07,000,00,2,2,15,A01
201700006286,2,33,000,00,2,3,01,B01
201700006287,1,10,000,00,2,3,15,B01
201700006287,1,34,000,00,2,1,17,A01
201700006288,1,07,000,00,2,2,15,A01
201700006288,1,07,000,00,2,1,19,B01
201700006289,1,07,000,00,1,0,01,A01
201700006290,0,02,000,00,2,4,01,B01
201700006290,0,07,000,00,2,1,15,A01
201700006291,2,07,000,00,2,3,01,A01
201700006291,1,34,000,01,2,6,01,B01
201700006292,1,31,000,00,1,2,17,A01
201700006293,1,07,000,00,1,2,15,A01
201700006294,1,07,000,15,0,1,01,A01
201700006295,0,07,000,00,2,1,02,A01
201700006295,0,07,000,00,2,4,01,B01
201700006296,1,07,000,00,2,1,01,A01
201700006296,1,07,000,00,2,3,01,B01
201700006297,1,07,000,00,2,1,01,A01
201700006297,1,07,000,01,0,4,23,B01
201700006298,1,31,000,00,2,8,01,A01
201700006298,1,07,000,00,2,2,07,B01
201700006299,1,07,000,00,1,3,01,A01
201700006300,1,33,000,00,1,1,00,A01
201700006301,1,31,000,01,1,1,21,A01
201700006302,2,33,000,00,2,4,01,B01
201700006302,2,07,000,00,2,1,02,A01
201700006303,1,07,000,00,1,3,01,A01
201700006304,1,10,000,00,1,1,15,A01
201700006305,1,07,000,00,1,1,16,A01
201700006306,0,31,000,00,2,1,15,B01
201700006306,0,10,000,00,2,2,01,A01
201700006307,1,07,000,00,2,3,13,A01
201700006307,2,07,000,00,2,3,01,B01
201700006308,1,33,000,00,2,1,13,A01
201700006308,2,07,000,00,2,1,01,B01
201700006309,0,10,000,00,2,0,14,Z01
201700006309,1,31,000,00,2,3,01,A01
201700006310,1,07,000,00,2,2,01,C01
201700006310,1,31,000,00,2,3,18,A01
201700006310,1,14,000,00,2,5,13,B01
201700006311,2,07,000,00,2,3,01,B01
201700006311,1,07,000,00,2,3,13,A01
201700006312,1,07,000,00,2,4,15,B01
201700006312,1,31,000,00,2,1,02,A01
201700006313,0,31,000,00,2,1,00,B01
201700006313,0,02,000,00,2,2,15,A01
201700006314,2,02,000,00,2,3,17,A01
201700006314,1,07,000,00,2,3,01,B01
201700006315,0,07,000,00,1,1,15,A01
201700006316,2,07,000,00,2,1,09,A01
201700006316,2,32,000,00,2,2,00,B01
201700006317,1,07,000,00,2,2,01,A01
201700006317,2,07,000,00,2,3,01,B01
201700006318,2,33,000,00,2,1,01,A01
201700006318,2,10,000,00,2,8,01,B01
201700006319,1,07,000,06,0,2,14,A01
201700006320,2,07,000,00,1,2,01,A01
201700006321,1,07,000,00,2,8,15,A01
201700006321,1,31,000,00,2,1,01,B01
201700006322,1,07,000,00,2,4,02,C01
201700006322,1,07,000,00,2,4,02,B01
201700006322,1,07,000,00,2,1,02,A01
201700006323,1,02,000,00,2,3,01,A01
201700006323,2,07,000,00,2,2,01,B01
201700006324,1,33,000,12,0,1,01,A01
201700006325,2,07,000,00,2,3,01,A01
201700006325,1,31,000,00,2,1,00,B01
201700006326,1,07,000,00,2,3,15,A01
201700006326,2,34,000,00,2,1,23,B01
201700006327,2,07,000,00,2,3,09,B01
201700006327,1,07,000,14,2,1,01,A01
201700006328,2,07,000,02,0,1,00,A01
201700006329,1,07,000,00,2,1,19,B01
201700006329,0,31,000,00,1,1,19,A01
201700006330,0,07,000,00,1,2,00,A01
201700006331,1,07,000,00,1,3,01,A01
201700006332,1,34,000,01,0,1,01,A01
201700006333,2,07,000,00,2,4,02,B01
201700006333,2,07,000,00,2,1,02,A01
201700006334,1,02,000,01,0,1,02,A01
201700006334,1,37,001,00,2,4,23,B01
201700006335,2,07,000,00,2,8,01,C01
201700006335,1,07,000,00,2,4,02,B01
201700006335,1,07,000,00,2,1,02,A01
201700006336,1,07,000,00,2,7,16,A01
201700006336,1,37,002,00,2,3,02,B01
201700006337,0,07,000,00,2,8,15,A01
201700006337,0,31,000,00,2,1,17,B01
201700006338,1,31,000,15,2,1,17,B01
201700006338,1,07,000,00,2,0,15,A01
201700006339,2,31,000,00,1,1,01,A01
201700006340,1,37,001,00,2,3,13,A01
201700006340,1,30,000,00,2,1,17,B01
201700006341,2,33,000,00,2,0,01,A01
201700006341,2,07,000,00,2,4,02,B01
201700006342,1,07,000,00,2,6,01,B01
201700006342,1,15,000,00,2,2,14,A01
201700006343,1,02,000,00,2,7,21,A01
201700006343,1,03,000,00,2,7,19,B01
201700006344,2,07,000,00,4,3,01,A01
201700006344,2,40,002,00,2,2,01,B01
201700006345,1,07,000,00,1,6,04,A01
201700006346,2,30,000,00,2,8,02,B01
201700006346,2,02,000,00,2,7,02,A01
201700006346,2,07,000,00,2,4,01,C01
201700006347,1,31,000,00,1,1,21,A01
201700006348,1,07,000,00,2,7,15,A01
201700006348,1,33,000,00,2,1,01,B01
201700006349,2,34,000,00,2,1,01,A01
201700006349,1,07,000,00,2,2,15,B01
201700006350,2,07,000,01,0,1,15,A01
201700006351,1,07,000,00,2,9,02,B01
201700006351,1,07,000,00,2,4,02,C01
201700006351,1,07,000,00,2,1,02,A01
201700006352,2,33,000,00,2,2,17,B01
201700006352,2,07,000,00,2,3,15,A01
201700006353,1,07,000,03,0,3,12,A01
201700006354,1,32,000,00,2,8,01,A01
201700006354,1,07,000,00,2,7,12,B01
201700006355,0,07,000,00,2,3,15,A01
201700006355,0,33,000,00,2,8,01,B01
201700006356,1,07,000,00,6,1,21,A01
201700006356,2,07,000,00,2,2,01,B01
201700006357,1,07,000,00,1,1,15,A01
201700006358,1,07,000,00,2,2,10,A01
201700006358,1,33,000,00,2,1,01,B01
201700006359,1,07,000,00,2,4,01,B01
201700006359,1,10,000,00,2,1,02,A01
201700006360,2,07,000,08,0,2,15,A01
201700006361,1,07,000,00,2,2,09,A01
201700006361,0,31,000,00,2,1,01,B01
201700006362,1,07,000,00,2,5,20,A01
201700006362,1,02,000,00,2,1,01,B01
201700006363,0,07,000,00,1,3,01,A01
201700006364,2,07,000,00,1,2,01,A01
201700006365,1,02,000,00,2,1,17,A01
201700006365,1,07,000,00,2,6,15,B01
201700006366,1,07,000,00,1,1,15,A01
201700006367,1,07,000,00,2,3,09,A01
201700006367,2,07,000,00,2,2,01,B01
201700006368,1,07,000,01,0,2,14,A01
201700006369,1,33,000,00,2,7,01,A01
201700006369,1,07,000,00,2,1,00,B01
201700006370,1,31,000,00,2,1,02,A01
201700006370,1,07,000,00,2,1,02,B01
201700006370,1,07,000,00,9,4,21,C01
201700006371,1,31,000,00,2,4,14,B01
201700006371,1,07,000,00,2,2,02,A01
201700006372,1,07,000,00,2,2,01,B01
201700006372,1,14,000,00,2,3,01,A01
201700006373,1,07,000,07,2,3,01,B01
201700006373,1,07,000,00,2,7,16,A01
201700006374,0,07,000,00,2,3,23,C01
201700006374,0,07,000,01,2,9,01,B01
201700006374,0,10,000,00,2,1,01,A01
201700006375,2,33,000,00,2,7,18,A01
201700006375,2,35,000,00,2,4,01,B01
201700006376,1,31,000,00,2,1,01,B01
201700006376,2,07,000,00,2,1,15,A01
201700006377,1,07,000,00,2,1,02,A01
201700006377,1,07,000,00,2,4,01,B01
201700006378,2,31,000,00,2,1,02,A01
201700006378,2,07,000,00,2,4,01,B01
201700006379,1,02,000,00,1,1,01,A01
201700006380,2,07,000,00,2,2,01,A01
201700006380,2,07,000,00,2,3,01,B01
201700006381,2,07,000,00,1,1,01,A01
201700006382,2,07,000,00,2,6,14,B01
201700006382,2,20,000,00,2,2,21,A01
201700006383,1,07,000,00,2,3,02,B01
201700006383,1,31,000,00,2,1,09,A01
201700006384,1,02,000,01,2,7,02,A01
201700006384,1,02,000,00,2,8,01,B01
201700006385,1,07,000,00,1,1,01,A01
201700006386,1,02,000,00,2,8,01,A01
201700006386,1,10,000,00,2,0,02,Z01
201700006387,2,07,000,00,2,7,01,B01
201700006387,2,01,000,00,2,8,11,A01
201700006388,1,31,000,00,2,1,02,A01
201700006388,1,10,000,00,2,4,01,B01
201700006389,1,07,000,00,1,1,01,A01
201700006390,1,07,000,00,2,3,01,A01
201700006390,2,31,000,00,2,1,01,B01
201700006391,2,01,000,00,2,1,05,A01
201700006391,1,10,000,00,2,3,00,B01
201700006392,2,31,000,00,9,1,05,A01
201700006392,2,33,000,00,2,1,21,B01
201700006393,2,37,001,00,2,1,01,B01
201700006393,1,31,000,08,2,8,01,A01
201700006394,2,30,000,00,2,4,02,A01
201700006395,1,31,000,00,2,1,02,B01
201700006395,1,07,000,00,2,3,10,A01
201700006396,2,02,000,00,2,1,17,A01
201700006396,2,07,000,00,2,3,15,B01
201700006397,1,07,000,00,1,3,01,A01
201700006398,2,02,000,00,4,1,19,A01
201700006398,2,40,001,00,2,3,01,B01
201700006399,1,31,000,00,2,4,23,B01
201700006399,1,07,000,00,2,1,02,A01
201700006400,2,10,000,01,2,1,02,A01
201700006400,2,10,000,00,1,4,23,B01
201700006400,2,07,000,00,2,6,23,C01
201700006401,1,07,000,00,9,3,01,A01
201700006401,1,01,000,00,2,7,19,B01
201700006402,1,07,000,00,2,1,01,A01
201700006402,1,01,000,00,2,8,19,B01
201700006403,2,07,000,00,2,3,15,A01
201700006403,2,30,000,00,2,1,01,B01
201700006404,1,07,000,01,2,6,24,B01
201700006404,1,07,000,01,0,2,02,A01
201700006405,1,07,000,00,1,1,15,A01
201700006406,1,07,000,00,1,4,21,A01
201700006407,0,07,000,00,1,2,01,A01
201700006408,1,31,000,00,2,8,00,B01
201700006408,2,07,000,00,2,1,15,A01
201700006409,1,07,000,00,2,2,02,A01
201700006409,1,07,000,00,0,6,02,B01
201700006410,1,31,000,00,2,1,07,A01
201700006410,1,10,000,00,2,2,16,B01
201700006411,2,31,000,12,0,1,14,A01
201700006412,1,07,000,00,2,3,13,A01
201700006412,2,07,000,00,2,3,01,B01
201700006413,1,34,000,00,2,7,17,A01
201700006413,1,07,000,00,2,8,15,B01
201700006414,2,07,000,00,2,1,02,A01
201700006414,2,07,000,00,2,4,23,B01
201700006415,1,31,000,00,2,8,18,A01
201700006415,1,38,001,00,2,7,07,B01
201700006416,0,33,000,00,2,2,02,B01
201700006416,0,07,000,00,2,8,15,A01
201700006417,2,40,001,00,1,2,01,A01
201700006418,2,07,000,00,2,3,15,A01
201700006418,2,33,000,00,2,2,01,B01
201700006419,1,07,000,00,1,1,01,A01
201700006420,2,33,000,00,2,1,01,B01
201700006420,1,07,000,00,2,1,13,A01
201700006421,2,07,000,00,2,3,01,A01
201700006421,2,07,000,00,2,5,23,B01
201700006422,1,02,000,00,2,1,01,B01
201700006422,1,07,000,00,2,3,15,A01
201700006423,1,07,000,00,2,8,01,B01
201700006423,1,07,000,00,2,1,01,C01
201700006423,1,07,000,09,2,1,06,A01
201700006424,1,10,000,00,2,2,15,A01
201700006424,1,33,000,00,2,1,01,B01
201700006425,1,33,000,00,1,1,01,A01
201700006426,2,33,000,00,2,1,01,B01
201700006426,2,07,000,00,2,3,10,A01
201700006427,1,02,000,00,2,1,02,A01
201700006427,1,10,000,00,2,6,23,B01
201700006428,1,07,000,00,2,3,15,A01
201700006428,1,33,000,00,2,8,01,B01
201700006429,0,07,000,00,2,7,14,A01
201700006429,0,34,000,00,2,8,01,B01
201700006430,1,31,000,00,1,1,21,A01
201700006431,1,31,000,00,1,1,01,A01
201700006432,1,07,000,00,2,2,19,B01
201700006432,1,34,000,00,2,1,19,A01
201700006433,0,34,000,00,2,1,02,A01
201700006433,0,10,000,00,2,2,15,B01
201700006434,1,31,000,00,2,3,01,B01
201700006434,1,07,000,00,2,2,01,A01
201700006435,1,07,000,00,2,8,09,B01
201700006435,1,07,000,00,2,8,14,A01
201700006436,1,07,000,00,2,2,11,A01
201700006436,1,07,000,00,2,4,01,B01
201700006437,2,33,000,00,1,1,00,A01
201700006438,0,01,000,00,2,1,02,A01
201700006438,0,07,000,00,2,4,01,B01
201700006439,0,07,000,00,2,4,23,C01
201700006439,0,07,000,00,2,4,23,B01
201700006439,0,10,000,00,2,1,02,A01
201700006440,2,07,000,01,0,1,17,A01
201700006441,1,07,000,00,1,2,01,A01
201700006442,1,07,000,00,2,8,15,A01
201700006442,1,02,000,00,2,1,17,B01
201700006443,2,34,000,00,2,1,00,A01
201700006443,1,31,000,00,2,0,00,B01
201700006444,1,34,000,00,2,1,02,A01
201700006444,1,07,000,00,2,4,00,B01
201700006445,1,10,000,08,2,1,00,A01
201700006445,2,07,000,00,2,2,23,B01
201700006445,2,31,000,00,2,2,23,C01
201700006446,1,07,000,00,2,3,07,A01
201700006446,1,07,000,00,2,7,16,B01
201700006447,1,15,000,00,2,3,01,B01
201700006447,2,10,000,00,2,5,00,A01
201700006448,2,07,000,00,2,2,15,A01
201700006448,1,33,000,00,2,1,01,B01
201700006449,2,07,000,00,1,1,19,A01
201700006450,2,30,000,00,1,1,01,A01
201700006451,2,31,000,00,0,2,02,A01
201700006452,2,07,000,00,1,4,01,B01
201700006452,2,07,000,00,1,2,01,A01
201700006453,0,07,000,00,1,1,09,A01
201700006454,1,07,000,00,2,7,15,A01
201700006454,1,07,000,00,2,1,01,B01
201700006455,1,33,000,00,2,1,01,A01
201700006455,2,07,000,00,2,3,15,B01
201700006456,1,33,000,00,2,2,01,A01
201700006456,2,07,000,00,2,3,01,B01
201700006457,1,07,000,02,0,0,01,A01
201700006458,1,07,000,00,2,1,17,B01
201700006458,1,07,000,07,2,1,15,A01
201700006459,1,07,000,02,2,1,00,A01
201700006459,1,07,000,08,0,6,00,B01
201700006460,1,30,000,00,2,1,19,B01
201700006460,1,07,000,00,2,7,01,A01
201700006461,1,07,000,02,0,8,14,A01
201700006462,2,33,000,07,0,1,01,A01
201700006463,1,33,000,16,0,0,01,A01
201700006464,1,07,000,00,2,7,21,A01
201700006464,0,07,000,00,2,2,09,B01
201700006465,2,01,000,00,2,1,01,B01
201700006465,1,07,000,00,9,2,00,A01
201700006466,0,07,000,00,1,3,01,A01
201700006467,0,07,000,00,1,2,01,A01
201700006468,2,07,000,00,2,1,02,A01