Num_Acc,senc,catv,occutc,obs,obsm,choc,manv,num_veh
201700008220,1,07,000,00,2,4,01,B01
201700008221,1,07,000,00,1,2,01,A01
201700008222,1,07,000,00,2,4,02,C01
201700008222,1,07,000,14,0,1,02,A01
201700008222,1,07,000,14,0,2,02,B01
201700008223,1,34,000,00,2,1,01,B01
201700008223,1,07,000,00,2,2,15,A01
201700008224,1,07,000,00,1,1,01,A01
201700008225,1,07,000,02,0,9,01,A01
201700008226,1,07,000,00,2,1,09,A01
201700008226,1,07,000,00,2,3,01,B01
201700008227,1,07,000,00,1,2,01,A01
201700008228,2,33,000,00,2,1,17,B01
201700008228,2,07,000,00,2,3,10,A01
201700008229,2,07,000,00,2,7,01,A01
201700008229,1,07,000,00,2,1,01,B01
201700008230,1,07,000,00,1,2,01,A01
201700008231,2,10,000,00,2,1,01,B01
201700008231,1,07,000,00,2,3,13,A01
201700008232,1,07,000,00,2,2,01,B01
201700008232,1,07,000,00,2,1,19,A01
201700008233,2,07,000,00,2,1,02,A01
201700008233,2,07,000,00,2,4,02,B01
201700008234,1,30,000,00,0,1,01,A01
201700008235,1,07,000,00,1,1,01,A01
201700008236,1,07,000,00,2,1,01,B01
201700008236,2,01,000,00,2,7,19,A01
201700008237,1,07,000,00,2,3,01,B01
201700008237,2,07,000,00,2,3,01,A01
201700008238,1,07,000,00,1,3,09,A01
201700008239,1,07,000,00,2,1,01,B01
201700008239,2,07,000,00,2,8,19,A01
201700008240,1,07,000,00,2,7,13,A01
201700008240,2,07,000,00,2,1,01,B01
201700008241,1,17,000,00,2,3,13,A01
201700008241,2,07,000,00,2,3,01,B01
201700008241,2,07,000,00,2,8,01,C01
201700008241,2,07,000,00,2,1,01,D01
201700008241,2,07,000,00,2,8,01,E01
201700008242,1,07,000,00,2,1,02,A01
201700008242,1,17,000,00,2,4,02,B01
201700008243,1,07,000,00,0,4,02,B01
201700008243,1,07,000,00,2,1,02,A01
201700008244,2,07,000,03,2,1,02,A01
201700008244,2,10,000,00,2,6,02,B01
201700008245,1,07,000,13,2,8,15,A01
201700008245,1,38,040,00,2,2,17,B01
201700008246,1,07,000,00,2,1,02,A01
201700008246,2,07,000,03,2,4,02,B01
201700008247,1,07,000,03,0,1,13,A01
201700008248,1,07,000,04,2,1,00,A01
201700008248,1,07,000,00,2,2,02,B01
201700008249,1,07,000,00,1,0,01,A01
201700008250,1,07,000,04,0,1,14,A01
201700008251,1,07,000,03,0,8,01,A01
201700008252,1,07,000,00,2,8,13,A01
201700008252,1,07,000,00,2,3,00,B01
201700008252,1,07,000,00,2,1,17,C01
201700008253,1,14,000,13,0,9,02,A01
201700008254,1,33,000,03,0,8,01,A01
201700008255,1,07,000,00,2,2,00,B01
201700008255,1,07,000,00,2,7,01,C01
201700008255,1,17,000,00,2,8,01,A01
201700008256,1,07,000,04,2,1,23,A01
201700008256,1,07,000,14,0,1,01,B01
201700008257,2,07,000,00,2,3,01,C01
201700008257,1,14,000,00,2,3,01,A01
201700008257,2,07,000,00,2,8,01,B01
201700008258,2,07,000,13,0,1,01,A01
201700008259,2,10,000,00,2,1,01,A01
201700008259,2,17,000,00,0,0,01,B01
201700008260,1,17,000,11,0,3,00,A01
201700008261,2,10,000,00,2,1,02,A01
201700008261,2,07,000,00,0,4,01,B01
201700008262,2,07,000,00,0,4,02,A01
201700008262,2,07,000,00,2,1,02,B01
201700008263,2,10,000,01,0,1,13,A01
201700008264,0,07,000,00,1,1,01,A01
201700008265,1,07,000,00,2,3,00,A01
201700008265,1,07,000,00,2,2,01,B01
201700008266,2,07,000,06,0,1,13,A01
201700008267,1,07,000,00,2,4,02,B01
201700008267,1,07,000,00,2,1,02,A01
201700008268,2,02,000,00,2,3,01,B01
201700008268,2,10,000,01,2,2,01,A01
201700008269,2,02,000,00,2,1,05,A01
201700008269,0,07,000,00,2,8,01,B01
201700008270,2,07,000,06,0,2,00,A01
201700008271,1,32,000,00,0,7,00,A01
201700008272,2,07,000,00,2,3,00,B01
201700008272,1,07,000,00,2,1,17,A01
201700008273,1,07,000,00,2,3,09,A01
201700008273,1,33,000,00,2,2,09,B01
201700008274,2,07,000,00,2,4,04,A01
201700008274,2,07,000,00,2,1,01,B01
201700008275,2,02,000,00,2,1,01,B01
201700008275,1,07,000,00,2,3,15,A01
201700008276,0,07,000,00,2,8,14,B01
201700008276,1,07,000,00,2,7,17,A01
201700008277,1,07,000,00,1,1,16,A01
201700008278,1,10,000,00,2,3,13,A01
201700008278,1,32,000,00,2,7,21,B01
201700008279,1,07,000,00,2,2,01,A01
201700008279,0,30,000,00,2,1,01,B01
201700008280,2,33,000,00,2,1,00,B01
201700008280,1,07,000,00,2,4,00,A01
201700008281,2,07,000,00,2,1,00,B01
201700008281,2,07,000,00,2,1,00,A01
201700008282,1,07,000,00,2,4,02,B01
201700008282,1,07,000,00,2,1,02,C01
201700008282,1,07,000,00,2,1,02,A01
201700008283,1,07,000,00,2,1,00,A01
201700008283,0,07,000,00,2,3,01,B01
201700008284,2,07,000,00,1,1,01,A01
201700008285,1,33,000,00,0,7,09,A01
201700008286,1,07,000,00,2,7,22,A01
201700008286,1,01,000,01,0,8,09,B01
201700008287,2,30,000,00,2,1,01,B01
201700008287,1,07,000,00,2,4,10,A01
201700008288,2,07,000,00,1,1,02,A01
201700008289,1,33,000,00,2,1,02,A01
201700008289,1,07,000,00,2,4,02,B01
201700008290,0,07,000,00,1,1,01,A01
201700008291,0,31,000,00,2,8,01,B01
201700008291,0,07,000,00,2,1,09,A01
201700008292,2,07,000,00,2,3,00,B01
201700008292,1,10,000,00,2,2,01,A01
201700008293,1,07,000,00,2,4,02,B01
201700008293,1,07,000,00,2,1,02,A01
201700008294,1,07,000,00,2,1,02,A01
201700008294,1,07,000,00,2,4,02,B01
201700008295,1,01,000,00,2,1,16,A01
201700008295,1,10,000,00,2,3,01,B01
201700008296,1,07,000,00,2,1,01,A01
201700008296,0,07,000,01,2,4,02,B01
201700008297,1,33,000,00,2,3,09,A01
201700008297,1,07,000,00,2,1,01,B01
201700008298,2,07,000,00,1,1,01,A01
201700008299,1,10,000,00,1,1,01,A01
201700008300,2,07,000,00,2,2,09,B01
201700008300,2,07,000,00,2,1,09,A01
201700008301,2,07,000,00,2,4,02,B01
201700008301,2,07,000,00,2,1,02,A01
201700008302,2,01,000,00,2,1,01,B01
201700008302,1,07,000,00,2,3,09,A01
201700008303,2,07,000,00,2,1,15,A01
201700008303,1,02,000,00,2,1,01,B01
201700008304,1,01,000,00,2,7,15,B01
201700008304,1,14,000,00,2,8,15,A01
201700008305,1,07,000,00,2,6,00,B01
201700008305,1,07,000,00,2,1,01,A01
201700008306,0,07,000,00,1,0,00,A01
201700008307,2,07,000,00,2,8,09,A01
201700008307,1,33,000,00,2,8,01,B01
201700008308,1,33,000,00,2,1,17,B01
201700008308,1,07,000,00,2,8,15,A01
201700008309,2,07,000,00,2,1,02,B01
201700008309,2,07,000,00,2,4,04,A01
201700008310,1,07,000,00,2,4,02,B01
201700008310,1,33,000,00,2,2,02,A01
201700008311,2,33,000,00,0,0,01,A01
201700008312,2,07,000,00,2,1,02,A01
201700008312,2,07,000,00,2,4,02,B01
201700008313,1,02,000,00,2,1,02,A01
201700008313,1,02,000,00,2,1,05,B01
201700008314,1,07,000,00,2,1,02,A01
201700008314,2,07,000,00,2,1,02,B01
201700008315,1,07,000,00,2,5,09,B01
201700008315,2,07,000,00,2,1,09,A01
201700008316,1,07,000,00,2,1,02,A01
201700008316,1,07,000,00,2,4,02,B01
201700008317,1,07,000,00,2,0,01,B01
201700008317,2,07,000,00,2,0,01,A01
201700008318,2,07,000,00,2,4,09,B01
201700008318,2,07,000,00,2,1,09,A01
201700008318,2,07,000,00,2,1,02,C01
201700008319,1,07,000,00,2,1,02,B01
201700008319,2,10,000,00,2,1,13,A01
201700008320,1,07,000,00,2,5,01,A01
201700008320,1,07,000,00,2,1,01,B01
201700008321,2,07,000,00,1,1,01,A01
201700008322,0,10,000,00,1,2,01,A01
201700008323,2,10,000,00,2,3,01,B01
201700008323,2,33,000,00,2,7,12,A01
201700008324,2,07,000,00,2,4,15,A01
201700008324,1,32,000,00,2,1,02,B01
201700008325,1,14,000,00,2,1,02,B01
201700008325,2,07,000,00,2,1,13,A01
201700008326,1,07,000,00,1,4,04,A01
201700008327,2,07,000,00,1,0,00,A01
201700008328,2,14,000,00,2,1,02,A01
201700008328,2,07,000,00,2,4,02,B01
201700008328,2,14,000,00,2,4,02,C01
201700008329,1,07,000,00,0,0,09,A01
201700008329,2,01,000,00,0,0,09,B01
201700008330,2,31,000,00,2,0,20,A01
201700008330,1,07,000,00,2,1,01,B01
201700008331,1,07,000,00,2,0,02,A01
201700008332,1,07,000,00,1,1,20,A01
201700008333,1,30,000,00,2,1,12,A01
201700008333,1,07,000,00,2,3,01,B01
201700008334,1,07,000,08,0,1,15,A01
201700008335,1,07,000,00,1,2,02,A01
201700008336,2,07,000,00,2,4,23,A01
201700008336,1,07,000,00,2,0,23,B01
201700008337,1,31,000,00,9,0,00,A01
201700008338,1,30,000,00,2,0,00,A01
201700008339,1,07,000,00,2,0,00,B01
201700008339,2,31,000,00,2,0,00,A01
201700008340,1,31,000,00,2,1,01,A01
201700008340,1,07,000,00,2,0,09,B01
201700008341,1,07,000,00,2,1,01,A01
201700008341,1,07,000,00,2,0,01,B01
201700008342,1,07,000,00,2,0,01,B01
201700008342,2,07,000,00,2,0,01,A01
201700008343,1,31,000,00,0,0,21,A01
201700008344,1,37,011,00,1,2,02,A01
201700008345,1,01,000,00,2,0,00,B01
201700008345,1,07,000,00,2,0,00,A01
201700008346,2,07,000,00,2,2,09,A01
201700008346,1,34,000,00,2,2,00,B01
201700008347,1,07,000,00,2,0,02,C01
201700008347,1,07,000,00,2,0,02,A01
201700008347,1,07,000,00,2,0,02,B01
201700008348,1,07,000,00,2,2,02,A01
201700008348,1,01,000,00,2,0,00,B01
201700008349,1,07,000,00,2,2,02,B01
201700008349,1,07,000,00,2,3,02,A01
201700008350,1,07,000,00,1,7,00,A01
201700008351,1,31,000,00,2,1,17,A01
201700008351,1,07,000,00,2,8,02,B01
201700008352,1,07,000,00,1,3,20,A01
201700008353,2,07,000,00,2,1,09,A01
201700008353,1,07,000,00,2,7,01,B01
201700008354,1,02,000,00,2,4,15,A01
201700008354,1,07,000,00,2,5,01,B01
201700008355,1,34,000,02,0,1,21,A01
201700008356,1,07,000,00,2,4,02,C01
201700008356,1,07,000,00,2,4,02,B01
201700008356,1,07,000,00,2,1,02,A01
201700008357,1,07,000,00,1,7,02,B01
201700008357,1,07,000,00,2,1,02,A01
201700008358,1,30,000,00,2,1,14,A01
201700008358,1,07,000,00,2,4,00,B01
201700008359,1,07,000,00,2,4,02,B01
201700008359,1,07,000,00,2,1,02,A01
201700008360,1,07,000,00,2,1,02,A01
201700008360,1,33,000,00,2,2,02,B01
201700008361,1,07,000,00,2,8,02,B01
201700008361,1,07,000,00,2,7,02,A01
201700008362,2,31,000,00,2,1,02,B01
201700008362,1,07,000,00,2,3,02,A01
201700008362,1,07,000,00,9,1,02,C01
201700008363,2,07,000,00,2,3,15,B01
201700008363,2,07,000,00,2,2,19,A01
201700008364,1,07,000,00,2,3,01,B01
201700008364,2,07,000,00,2,2,12,A01
201700008365,2,07,000,00,2,4,02,E01
201700008365,2,07,000,00,2,4,02,C01
201700008365,2,07,000,00,2,1,01,A01
201700008365,2,10,000,00,2,4,02,B01
201700008365,2,07,000,00,2,4,02,D01
201700008366,1,31,000,00,1,0,01,A01
201700008367,1,07,000,00,1,0,02,A01
201700008368,1,07,000,00,9,2,14,A01
201700008369,1,07,000,00,2,4,02,A01
201700008369,1,07,000,00,2,1,02,B01
201700008370,1,07,000,00,1,1,02,A01
201700008371,1,07,000,00,1,1,00,A01
201700008372,1,10,000,00,2,7,02,A01
201700008372,1,33,000,00,2,8,02,B01
201700008373,2,10,000,00,1,2,01,A01
201700008374,1,07,000,00,2,1,02,B01
201700008374,1,07,000,00,2,4,02,C01
201700008374,1,07,000,00,2,1,02,A01
201700008375,1,33,000,00,2,1,00,A01
201700008375,1,07,000,00,2,4,01,B01
201700008376,1,02,000,00,2,1,01,A01
201700008376,1,07,000,00,2,3,01,B01
201700008377,1,07,000,13,0,8,01,A01
201700008378,2,07,000,15,0,1,14,A01
201700008379,1,07,000,02,0,1,01,A01
201700008380,2,07,000,03,2,6,01,B01
201700008380,2,10,000,03,2,2,12,A01
201700008381,2,10,000,00,2,1,11,A01
201700008381,2,10,000,00,0,4,02,B01
201700008382,2,07,000,00,2,5,02,A01
201700008382,2,07,000,03,2,4,01,B01
201700008383,0,33,000,07,0,2,01,A01
201700008384,1,07,000,15,9,0,00,A01
201700008385,1,17,000,03,2,3,11,B01
201700008385,2,07,000,03,2,3,05,A01
201700008386,1,07,000,00,0,4,23,B01
201700008386,1,07,000,00,2,1,02,A01
201700008387,0,07,000,00,1,2,01,A01
201700008388,1,07,000,00,9,3,01,A01
201700008388,2,01,000,00,2,1,00,B01
201700008389,1,07,000,06,0,1,01,A01
201700008390,0,07,000,16,0,1,01,A01
201700008391,1,07,000,00,2,2,02,A01
201700008391,1,21,000,00,0,6,02,B01
201700008392,2,07,000,00,2,5,01,B01
201700008392,1,31,000,00,2,2,01,C01
201700008392,2,07,000,00,2,3,01,A01
201700008393,1,07,000,08,0,2,00,A01
201700008394,2,07,000,00,9,2,01,A01
201700008394,2,01,000,00,2,4,01,B01
201700008395,1,07,000,00,2,3,01,A01
201700008395,1,07,000,00,2,9,23,B01
201700008395,2,07,000,00,2,2,01,C01
201700008396,1,07,000,00,2,8,01,A01
201700008396,2,33,000,00,2,1,01,B01
201700008397,0,07,000,13,0,1,01,A01
201700008398,1,07,000,00,2,3,01,A01
201700008398,2,02,000,00,2,1,05,B01
201700008399,2,07,000,00,2,1,19,A01
201700008399,1,33,000,00,2,1,01,B01
201700008400,0,07,000,00,2,1,01,B01
201700008400,0,02,000,00,2,1,15,A01
201700008401,0,07,000,08,0,1,01,A01
201700008402,0,07,000,00,2,2,06,A01
201700008402,0,32,000,00,2,1,01,B01
201700008403,0,07,000,00,2,1,00,B01
201700008403,0,07,000,00,2,1,00,A01
201700008404,2,07,000,13,0,1,00,A01
201700008405,0,07,000,00,2,1,00,B01
201700008405,0,07,000,00,2,3,00,A01
201700008406,0,07,000,00,2,1,05,A01
201700008406,0,07,000,00,2,1,01,B01
201700008407,2,07,000,00,2,2,02,A01
201700008407,2,33,000,00,2,4,02,B01
201700008408,1,17,000,00,0,0,21,A01
201700008408,1,14,000,00,2,1,01,C01
201700008408,1,10,000,00,2,1,01,D01
201700008409,2,07,000,03,0,1,01,A01
201700008410,2,07,000,00,2,1,01,A01
201700008410,2,07,000,00,2,5,01,B01
201700008411,2,07,000,01,0,1,01,A01
201700008411,2,10,000,00,0,4,23,B01
201700008412,1,33,000,04,0,3,13,A01
201700008413,0,37,010,00,2,2,01,B01
201700008413,0,07,000,00,2,3,16,A01
201700008414,1,07,000,00,0,6,13,B01
201700008414,1,33,000,00,2,2,12,A01
201700008415,2,33,000,00,0,8,03,A01
201700008415,2,07,000,00,0,0,02,B01
201700008416,0,14,000,15,2,2,02,A01
201700008416,0,07,000,00,2,5,02,B01
201700008417,2,07,000,00,2,3,13,A01
201700008417,1,17,000,00,2,3,01,B01
201700008418,2,07,000,00,2,4,23,B01
201700008418,2,15,000,00,2,1,17,A01
201700008418,2,07,000,00,0,4,01,C01
201700008418,2,07,000,00,2,4,01,D01
201700008418,2,07,000,00,2,5,01,E01
201700008419,1,33,000,06,0,9,13,A01
201700008420,2,07,000,03,0,2,01,A01
201700008421,2,33,000,00,0,1,03,A01
201700008422,2,07,000,00,0,1,01,A01
201700008423,2,07,000,03,0,2,14,A01
201700008424,1,15,000,13,0,9,01,A01
201700008425,2,07,000,03,0,3,11,A01
201700008426,2,07,000,00,2,3,17,A01
201700008426,1,14,000,00,2,3,21,B01
201700008427,2,07,000,15,2,3,17,A01
201700008427,2,15,000,00,0,7,01,B01
201700008428,1,15,000,00,2,2,17,B01
201700008428,1,07,000,00,0,8,15,A01
201700008429,1,07,000,00,2,1,15,A01
201700008429,2,15,000,00,2,3,01,B01
201700008430,0,17,000,00,1,2,16,A01
201700008431,0,17,000,00,2,1,01,B01
201700008431,0,07,000,00,2,1,13,A01
201700008432,2,10,000,00,2,2,02,B01
201700008432,2,03,000,00,2,6,02,A01
201700008433,2,15,000,00,2,2,01,B01
201700008433,1,07,000,00,2,2,17,A01
201700008434,2,10,000,00,0,9,01,A01
201700008435,2,07,000,13,0,1,14,A01
201700008435,1,07,000,00,9,3,00,C01
201700008435,1,07,000,00,9,3,00,B01
201700008436,2,17,000,00,1,3,01,A01
201700008437,2,02,000,00,2,1,05,A01
201700008437,1,14,000,00,2,2,01,B01
201700008438,1,07,000,00,0,2,00,A01
201700008438,2,14,000,00,0,1,01,B01
201700008439,2,07,000,04,0,1,01,A01
201700008440,2,07,000,03,0,1,01,A01
201700008441,1,10,000,00,2,2,12,A01
201700008441,1,07,000,00,2,6,01,B01
201700008442,1,07,000,03,0,1,01,A01
201700008443,1,07,000,00,2,2,02,A01
201700008443,1,07,000,00,0,4,02,B01
201700008444,2,07,000,13,0,1,01,A01
201700008445,2,10,000,00,0,6,02,B01
201700008445,2,07,000,00,2,2,02,A01
201700008446,1,10,000,00,2,1,02,A01
201700008446,1,15,000,00,0,4,02,B01
201700008447,2,07,000,03,0,3,00,A01
201700008448,1,10,000,00,2,1,02,A01
201700008448,1,15,000,00,0,6,01,B01
201700008449,2,07,000,00,2,2,01,A01
201700008449,2,17,000,00,2,6,02,B01
201700008450,1,07,000,00,2,3,13,A01
201700008450,2,14,000,00,2,8,01,B01
201700008451,2,17,000,03,0,7,01,A01
201700008452,1,33,000,00,2,3,13,A01
201700008452,2,17,000,00,2,8,01,B01
201700008453,0,38,030,16,0,7,01,A01
201700008454,2,07,000,03,0,1,13,A01
201700008455,1,15,000,00,2,2,01,B01
201700008455,2,07,000,00,2,5,13,A01
201700008456,1,13,000,06,0,3,14,A01
201700008457,2,07,000,00,2,2,15,A01
201700008457,2,37,003,00,2,1,01,B01
201700008458,1,07,000,06,0,1,14,A01
201700008459,1,07,000,07,0,3,14,A01
201700008460,2,15,000,04,0,1,14,A01
201700008461,1,07,000,03,2,3,13,A01
201700008461,1,15,000,00,2,6,01,B01
201700008462,2,07,000,00,2,1,01,B01
201700008462,1,07,000,00,2,1,13,A01
201700008463,2,07,000,07,2,1,01,A01
201700008463,2,07,000,00,2,4,02,B01
201700008464,0,07,000,00,2,1,01,B01
201700008464,0,03,000,00,2,1,13,A01
201700008465,0,07,000,01,0,2,02,A01
201700008465,0,07,000,00,0,6,01,B01
201700008466,1,07,000,00,2,3,01,B01
201700008466,2,07,000,00,2,3,01,A01
201700008467,2,31,000,00,2,7,01,B01
201700008467,1,37,000,00,2,6,19,A01
201700008468,1,07,000,12,0,3,13,A01
201700008468,2,15,000,12,2,3,21,B01
201700008469,1,07,000,00,2,8,16,A01
201700008469,1,07,000,00,2,1,01,B01
201700008470,1,03,000,00,2,1,13,A01
201700008470,2,07,000,00,2,1,00,B01
201700008471,1,07,000,00,2,1,02,A01
201700008471,1,07,000,00,2,4,15,B01
201700008472,1,07,000,00,2,2,15,A01
201700008472,2,01,000,00,2,1,01,B01
201700008473,1,32,000,00,2,0,01,B01
201700008473,0,07,000,00,2,0,15,A01
201700008474,0,31,000,00,2,2,17,B01
201700008474,0,07,000,00,2,3,15,A01
201700008475,2,07,000,00,1,2,01,A01
201700008476,1,01,000,00,1,1,01,P01
201700008477,2,31,000,00,2,1,01,A01
201700008477,1,07,000,00,2,3,15,B01
201700008478,1,07,000,00,2,3,15,A01
201700008478,1,33,000,00,2,2,17,B01
201700008479,2,10,000,00,2,3,15,A01
201700008479,1,01,000,00,2,8,01,B01
201700008480,0,07,000,01,1,2,17,A01
201700008480,0,07,000,00,2,7,24,B01
201700008481,1,07,000,00,1,3,15,A01
201700008482,1,07,000,00,2,1,19,A01
201700008482,1,07,000,00,2,3,01,B01
201700008483,1,15,000,00,1,6,00,A01
201700008484,1,07,000,00,2,1,02,C01
201700008484,1,07,000,00,2,1,02,A01
201700008484,1,07,000,00,2,1,02,B01
201700008485,1,07,000,06,0,1,01,A01
201700008486,1,33,000,00,1,1,01,A01
201700008487,1,01,000,00,0,1,02,A01
201700008488,1,07,000,00,1,2,02,A01
201700008489,1,07,000,00,2,1,02,B01
201700008489,1,33,000,00,2,1,13,A01
201700008490,1,01,000,00,2,1,02,B01
201700008490,1,07,000,00,9,5,15,A01
201700008491,2,07,000,00,2,8,10,A01
201700008491,2,10,000,00,2,2,02,B01
201700008492,2,14,000,00,1,2,17,A01
201700008493,1,07,000,00,1,1,02,A01
201700008494,1,07,000,00,2,4,23,B01
201700008494,1,07,000,00,2,1,02,A01
201700008495,1,33,000,11,0,1,02,A01
201700008496,1,07,000,02,0,2,01,A01
201700008497,1,07,000,00,2,3,05,A01
201700008497,1,33,000,03,2,3,21,B01
201700008498,1,15,000,00,2,3,13,B01
201700008498,1,07,000,00,2,1,13,A01
201700008498,1,07,000,00,2,1,02,D01
201700008498,1,07,000,00,2,1,02,C01
201700008499,1,15,000,00,2,3,11,A01
201700008499,1,07,000,00,2,1,02,B01
201700008500,1,07,000,11,2,2,06,A01
201700008500,1,33,000,00,2,1,02,B01
201700008500,1,07,000,00,2,1,02,C01
201700008501,1,14,000,00,2,3,02,A01
201700008501,1,17,000,00,0,0,23,B01
201700008502,1,33,000,04,0,1,01,A01
201700008503,1,33,000,00,2,3,01,A01
201700008503,2,13,000,00,2,8,01,B01
201700008504,1,34,000,03,0,8,02,A01
201700008505,2,14,000,00,2,4,01,A01
201700008505,2,14,000,00,2,1,02,B01
201700008506,1,10,000,03,0,2,01,A01
201700008507,2,14,000,03,0,3,00,A01
201700008508,1,07,000,00,2,1,13,A01
201700008508,2,07,000,00,2,1,01,B01
201700008509,0,07,000,02,0,8,01,A01
201700008510,2,33,000,00,2,7,01,A01
201700008510,1,07,000,00,2,2,15,B01
201700008511,1,07,000,00,0,6,09,A01
201700008511,1,33,000,00,2,1,01,B01
201700008511,2,07,000,00,2,1,01,C01
201700008512,2,07,000,00,2,1,13,A01
201700008512,1,07,000,00,2,1,21,B01
201700008513,1,07,000,00,2,5,01,A01
201700008513,2,17,000,00,2,2,01,B01
201700008514,1,10,000,02,0,1,13,A01
201700008515,2,02,000,12,0,7,01,A01
201700008516,1,07,000,00,1,1,15,A01
201700008517,1,07,000,00,0,4,15,A01
201700008517,2,07,000,00,2,1,01,B01
201700008518,2,02,000,00,0,0,01,A01
201700008519,0,33,000,00,0,8,01,A01
201700008520,1,07,000,00,1,3,01,A01
201700008521,2,33,000,02,0,1,01,A01
201700008522,1,07,000,00,2,6,01,A01
201700008522,2,15,000,00,2,3,01,B01
201700008523,2,38,030,00,2,1,02,A01
201700008523,2,14,000,00,0,4,01,B01
201700008524,2,38,012,00,2,1,02,A01
201700008524,2,07,000,00,0,4,02,B01
201700008525,1,03,000,00,2,1,13,A01
201700008525,2,17,000,00,2,1,01,B01
201700008526,1,07,000,03,0,1,14,A01
201700008527,2,07,000,00,0,4,24,A01
201700008527,2,17,000,01,0,1,02,B01
201700008528,2,07,000,16,0,1,17,A01
201700008529,2,07,000,00,0,4,24,A01
201700008529,2,17,000,01,0,2,02,B01
201700008530,1,10,000,16,0,2,00,A01
201700008531,2,07,000,00,2,3,01,B01
201700008531,1,07,000,00,2,0,00,A01
201700008532,1,33,000,00,0,7,02,A01
201700008533,0,07,000,00,2,4,02,B01
201700008533,0,07,000,00,2,1,02,A01
201700008533,0,07,000,00,2,4,02,C01
201700008534,1,30,000,15,0,2,14,A01
201700008535,0,07,000,00,1,1,01,A01
201700008536,0,07,000,00,2,8,01,D01
201700008536,0,07,000,00,2,8,01,B01
201700008536,1,07,000,00,2,2,15,A01
201700008536,1,07,000,00,2,3,01,C01
201700008537,0,07,000,00,1,3,01,A01
201700008538,1,07,000,00,2,4,02,C01
201700008538,1,07,000,00,2,4,02,B01
201700008538,1,07,000,00,2,1,02,A01
201700008539,0,07,000,00,2,3,01,A01
201700008539,1,07,000,00,2,1,00,B01
201700008540,1,33,000,00,2,7,17,B01
201700008540,1,07,000,00,2,1,15,A01
201700008541,1,07,000,00,2,6,02,A01
201700008541,1,10,000,00,0,0,00,B01
201700008542,1,07,000,00,1,3,01,A01
201700008543,2,07,000,00,2,3,15,A01
201700008543,1,33,000,00,2,1,01,B01
201700008544,2,07,000,00,2,2,02,B01
201700008544,2,07,000,00,2,8,15,A01
201700008545,1,33,000,00,0,8,15,A01
201700008546,1,13,000,04,0,9,00,A01
201700008547,0,03,000,00,2,3,13,B01
201700008547,0,07,000,00,2,3,01,A01
201700008548,0,07,000,13,0,2,14,A01
201700008549,2,07,000,06,0,1,01,A01
201700008550,0,07,000,00,2,0,00,B01
201700008550,0,07,000,00,2,1,02,A01
201700008551,1,07,000,00,1,2,01,A01
201700008552,0,30,000,00,0,0,00,B01
201700008552,0,07,000,00,0,0,00,A01
201700008553,1,07,000,13,0,9,00,A01
201700008554,0,07,000,06,0,1,00,A01
201700008555,2,33,000,00,1,1,01,F01
201700008556,1,33,000,12,0,1,00,A01
201700008557,1,07,000,00,1,0,00,A01
201700008558,1,07,000,13,0,1,01,A01
201700008559,1,07,000,00,2,9,00,B01
201700008559,1,07,000,00,2,3,13,A01
201700008560,1,33,000,00,0,0,00,A01
201700008560,1,07,000,00,0,0,00,B01
201700008561,2,07,000,00,2,4,15,B01
201700008561,2,07,000,00,2,1,11,A01
201700008562,1,34,000,00,2,1,01,B01
201700008562,1,07,000,00,2,2,16,A01
201700008563,1,13,000,00,1,1,01,A01
201700008564,1,20,000,00,2,3,01,B01
201700008564,1,07,000,00,2,1,10,A01
201700008565,0,07,000,00,1,2,01,A01
201700008566,2,33,000,00,2,1,01,A01
201700008566,0,07,000,00,2,3,15,B01
201700008567,1,34,000,00,2,2,17,A01
201700008567,1,07,000,00,2,3,15,B01
201700008568,2,07,000,00,2,1,01,C01
201700008568,0,07,000,00,2,3,13,A01
201700008568,2,07,000,00,2,1,01,B01
201700008569,2,07,000,00,2,1,15,A01
201700008569,2,33,000,00,2,2,01,B01
201700008570,1,10,000,00,2,1,02,A01
201700008570,1,07,000,00,2,4,02,B01
201700008570,1,07,000,00,2,4,02,C01
201700008570,1,07,000,00,2,4,02,D01
201700008571,0,32,000,00,2,3,01,A01
201700008571,0,07,000,00,2,1,00,B01
201700008572,1,10,000,00,2,5,01,B01
201700008572,1,07,000,00,2,3,09,A01
201700008573,1,07,000,00,1,1,00,A01
201700008574,0,07,000,00,2,1,13,A01
201700008574,0,07,000,00,2,1,01,B01
201700008575,2,07,000,00,2,1,01,B01
201700008575,1,07,000,00,2,1,13,A01
201700008576,1,07,000,02,0,1,13,A01
201700008577,2,33,000,00,2,1,17,A01
201700008577,1,07,000,00,2,1,23,B01
201700008578,2,31,000,00,2,3,01,B01
201700008578,1,07,000,00,2,3,15,A01
201700008579,1,07,000,00,2,1,02,A01
201700008579,1,07,000,00,2,4,23,B01
201700008580,1,07,000,00,2,8,01,B01
201700008580,1,07,000,00,2,1,19,A01
201700008581,1,33,000,00,2,1,01,B01
201700008581,1,07,000,00,2,1,09,A01
201700008582,1,07,000,02,2,3,13,A01
201700008582,2,07,000,00,2,7,01,B01
201700008583,1,07,000,00,9,2,09,A01
201700008583,1,01,000,00,2,1,15,B01
201700008584,1,31,000,00,2,7,01,B01
201700008584,1,07,000,00,2,1,09,A01
201700008585,2,07,000,15,2,9,21,B01