Num_Acc,senc,catv,occutc,obs,obsm,choc,manv,num_veh
201700009305,1,07,000,00,2,0,00,A01
201700009306,1,07,000,00,1,2,15,A01
201700009307,1,07,000,04,0,2,14,A01
201700009308,2,07,000,00,1,0,00,A01
201700009309,1,07,000,00,2,1,01,A01
201700009309,1,07,000,00,2,7,01,B01
201700009310,1,07,000,00,2,5,15,A01
201700009310,1,33,000,00,2,1,01,B01
201700009311,1,07,000,00,2,7,12,A01
201700009311,2,37,000,00,2,3,01,B01
201700009312,1,07,000,00,2,0,00,D01
201700009312,1,07,000,00,2,0,00,C01
201700009312,1,07,000,00,2,0,00,F02
201700009312,1,07,000,00,2,0,00,A01
201700009312,1,07,000,00,2,0,00,B01
201700009312,1,07,000,00,2,0,00,E01
201700009313,2,07,000,13,0,2,00,A01
201700009314,2,07,000,00,2,2,00,A01
201700009314,1,32,000,00,2,1,00,B01
201700009315,1,31,000,00,2,8,01,B01
201700009315,2,07,000,00,2,3,00,A01
201700009316,1,07,000,00,2,6,15,B01
201700009316,1,13,000,00,2,0,01,A01
201700009317,1,07,000,00,1,1,15,A01
201700009318,1,07,000,00,1,2,00,Z01
201700009319,2,03,000,00,2,1,01,A01
201700009319,1,07,000,00,2,0,00,B01
201700009320,1,14,000,00,2,7,12,A01
201700009320,1,07,000,00,2,8,01,B01
201700009321,2,07,000,00,2,2,12,A01
201700009321,2,33,000,00,2,1,01,B01
201700009322,1,07,000,00,2,5,00,C01
201700009322,1,07,000,00,2,1,01,B01
201700009322,1,07,000,00,2,1,05,A01
201700009323,1,07,000,00,2,2,16,B01
201700009323,1,30,000,00,2,3,02,A01
201700009324,2,07,000,00,2,4,12,B01
201700009324,2,07,000,00,2,1,01,A01
201700009325,1,33,000,00,2,1,02,B01
201700009325,1,07,000,00,2,3,15,A01
201700009326,2,32,000,00,2,2,03,B01
201700009326,2,07,000,00,2,8,13,Z01
201700009327,1,07,000,00,2,7,15,A01
201700009327,2,33,000,00,2,1,01,B01
201700009328,1,07,000,00,1,1,01,B01
201700009329,1,34,000,00,2,7,01,B01
201700009329,1,07,000,00,2,3,10,A01
201700009330,1,07,000,00,2,3,09,A01
201700009330,2,07,000,00,2,2,00,B01
201700009331,1,07,000,00,1,2,20,A01
201700009332,1,07,000,00,2,4,02,B01
201700009332,1,07,000,00,2,0,00,Z01
201700009332,1,07,000,00,2,4,02,C01
201700009333,1,33,000,00,2,3,01,A01
201700009333,1,07,000,00,2,3,15,B01
201700009334,2,07,000,00,2,1,01,B01
201700009334,1,33,000,00,2,9,05,A01
201700009335,1,33,000,00,2,1,01,B01
201700009335,1,07,000,00,2,5,15,A01
201700009336,1,07,000,00,2,3,09,A01
201700009336,1,32,000,00,2,2,00,B01
201700009337,2,07,000,00,2,1,16,Z01
201700009337,2,30,000,00,2,1,15,A01
201700009338,2,02,000,00,2,2,01,B01
201700009338,1,30,000,00,2,0,00,Z01
201700009339,1,07,000,00,2,5,01,B01
201700009339,1,33,000,00,2,1,16,A01
201700009340,1,02,000,00,2,0,00,B01
201700009340,1,10,000,00,2,3,15,A01
201700009341,2,07,000,00,2,0,02,A01
201700009341,2,32,000,00,2,4,23,B01
201700009342,2,07,000,00,2,2,15,B01
201700009342,1,02,000,00,2,1,02,A01
201700009343,1,34,000,00,2,0,01,B01
201700009343,1,07,000,00,2,6,15,A01
201700009344,2,07,000,00,2,2,00,B01
201700009344,2,33,000,00,2,2,18,A01
201700009345,1,02,000,00,2,1,01,B01
201700009345,1,07,000,00,2,6,09,A01
201700009346,1,32,000,00,2,1,01,B01
201700009346,1,07,000,00,2,1,15,A01
201700009347,1,15,000,00,2,4,04,A01
201700009347,1,30,000,00,2,1,02,B01
201700009348,1,07,000,00,0,1,01,A01
201700009349,1,07,000,00,2,2,15,B01
201700009349,1,31,000,00,2,1,17,A01
201700009350,1,07,000,00,2,3,15,A01
201700009350,1,32,000,00,2,1,17,B01
201700009351,2,07,000,00,2,8,15,A01
201700009351,2,31,000,00,2,1,01,B01
201700009352,2,07,000,00,2,0,09,B01
201700009352,1,30,000,01,0,3,21,A01
201700009353,1,07,000,00,2,2,01,B01
201700009353,2,30,000,00,2,1,05,A01
201700009354,1,07,000,00,2,6,01,B01
201700009354,1,07,000,00,2,2,01,A01
201700009355,1,33,000,00,2,0,00,B01
201700009355,1,07,000,00,2,8,00,A01
201700009356,2,07,000,00,1,2,01,A01
201700009357,1,13,000,00,2,1,00,Z01
201700009357,1,30,000,00,2,4,00,B01
201700009358,1,07,000,15,0,1,13,A01
201700009359,2,33,000,01,0,1,02,A01
201700009360,1,07,000,00,2,4,01,A01
201700009360,1,07,000,00,2,4,01,B01
201700009360,1,07,000,00,2,1,01,C01
201700009361,1,13,000,00,1,7,02,A01
201700009362,2,07,000,00,2,3,00,B01
201700009362,2,34,000,00,2,2,00,A01
201700009363,1,33,000,00,2,8,01,B01
201700009363,1,07,000,00,2,7,14,Z01
201700009364,2,33,000,00,2,1,01,B01
201700009364,2,07,000,00,2,8,09,A01
201700009365,2,07,000,00,2,4,02,B01
201700009365,1,07,000,00,2,1,02,A01
201700009366,1,07,000,00,2,3,01,B01
201700009366,1,07,000,00,2,8,19,A01
201700009367,2,07,000,00,2,7,12,Z01
201700009367,1,07,000,00,2,6,00,C01
201700009367,2,07,000,00,2,3,02,B01
201700009368,1,02,000,00,2,1,09,A01
201700009368,2,07,000,00,2,8,01,B01
201700009369,2,07,000,00,2,2,13,A01
201700009369,2,07,000,00,2,0,00,B01
201700009370,1,30,000,00,2,0,00,B01
201700009370,1,07,000,00,2,0,00,A01
201700009371,1,07,000,00,1,1,01,A01
201700009372,1,32,000,00,2,1,03,A01
201700009372,1,07,000,00,2,8,15,B01
201700009373,1,07,000,00,2,0,00,Z01
201700009373,1,30,000,00,2,1,01,A01
201700009374,2,33,000,00,1,1,01,A01
201700009375,2,07,000,00,2,1,02,Z01
201700009375,2,07,000,00,2,4,23,B01
201700009376,1,07,000,00,1,2,02,Z01
201700009377,1,07,000,00,2,2,16,A01
201700009377,1,32,000,00,2,6,00,B01
201700009378,1,07,000,00,2,7,15,A01
201700009378,2,07,000,00,2,1,01,B01
201700009379,1,10,000,00,1,2,01,A01
201700009380,2,07,000,00,2,2,01,A01
201700009380,2,30,000,00,2,1,01,B01
201700009381,1,07,000,00,1,0,00,Z01
201700009382,1,07,000,00,1,7,01,Z01
201700009383,1,02,000,00,0,0,00,A01
201700009384,1,07,000,00,2,0,00,B01
201700009384,2,32,000,00,2,1,01,A01
201700009385,2,07,000,00,2,1,15,A01
201700009385,1,30,000,00,2,1,02,B01
201700009386,2,07,000,00,1,0,00,A01
201700009387,1,07,000,00,2,9,01,A01
201700009387,1,07,000,00,2,6,02,B01
201700009387,1,07,000,00,2,1,02,Z01
201700009388,1,07,000,00,2,2,15,B01
201700009388,1,33,000,00,2,1,01,A01
201700009389,1,07,000,00,1,0,00,A01
201700009390,1,33,000,00,2,1,01,B01
201700009390,1,07,000,00,2,2,20,A01
201700009391,2,34,000,00,2,7,22,B01
201700009391,2,07,000,00,2,8,22,A01
201700009392,2,02,000,00,2,2,17,A01
201700009392,2,07,000,00,2,8,13,B01
201700009393,1,33,000,00,0,0,15,A01
201700009394,1,01,000,00,0,0,00,A01
201700009395,0,32,000,00,0,0,00,B01
201700009395,0,32,000,00,0,1,16,A01
201700009396,1,07,000,00,2,3,01,B01
201700009396,1,30,000,00,2,1,00,A01
201700009397,1,07,000,00,2,5,23,B01
201700009397,1,10,000,00,2,3,02,A01
201700009398,1,07,000,00,1,1,01,A01
201700009399,1,07,000,00,1,1,01,A01
201700009400,2,33,000,00,2,8,23,C01
201700009400,2,07,000,00,2,8,23,D01
201700009400,2,07,000,00,2,1,15,A01
201700009400,1,34,000,00,2,9,01,B01
201700009401,2,32,000,00,2,1,00,B01
201700009401,2,30,000,00,2,1,05,A01
201700009402,2,07,000,00,2,0,00,A01
201700009402,1,30,000,00,2,1,01,B01
201700009403,1,07,000,00,2,3,01,B01
201700009403,2,07,000,00,2,3,13,A01
201700009404,1,07,000,08,0,2,01,A01
201700009405,1,07,000,00,2,4,01,B01
201700009405,1,07,000,00,2,1,01,A01
201700009406,1,07,000,14,0,9,06,A01
201700009407,1,33,000,08,0,7,00,A01
201700009407,1,07,000,00,2,1,00,B01
201700009408,1,07,000,00,9,0,00,A01
201700009409,1,07,000,00,2,5,01,B01
201700009409,0,20,000,00,2,2,01,A01
201700009410,2,07,000,00,1,3,01,A01
201700009411,2,07,000,00,2,1,01,A01
201700009411,2,32,000,00,2,6,15,B01
201700009412,2,02,000,00,2,1,01,B01
201700009412,1,07,000,00,2,2,15,A01
201700009413,1,07,000,00,2,1,02,A01
201700009413,1,07,000,00,2,4,00,B01
201700009414,1,07,000,00,2,3,01,B01
201700009414,1,07,000,00,2,3,01,A01
201700009415,2,07,000,00,2,1,15,A01
201700009415,1,02,000,00,2,3,02,B01
201700009416,1,07,000,00,1,0,00,Z01
201700009417,2,01,000,00,4,8,19,A01
201700009417,1,40,000,00,9,2,02,B01
201700009418,2,33,000,00,2,1,01,B01
201700009418,2,07,000,00,2,8,10,A01
201700009419,1,07,000,00,2,6,01,B01
201700009419,1,13,000,00,2,2,00,Z01
201700009420,1,07,000,00,1,3,01,A01
201700009421,1,07,000,00,2,4,02,B01
201700009421,1,07,000,00,2,1,02,A01
201700009422,1,07,000,00,2,1,05,A01
201700009422,1,07,000,00,2,6,01,C01
201700009422,1,07,000,00,2,3,01,B01
201700009423,1,07,000,00,2,3,10,A01
201700009423,1,30,000,00,2,2,21,B01
201700009424,2,30,000,00,2,0,01,A01
201700009424,2,07,000,00,2,4,00,C01
201700009424,2,07,000,00,2,6,01,B01
201700009425,2,07,000,00,1,2,00,Z01
201700009426,1,34,000,00,2,8,01,B01
201700009426,1,31,000,00,2,7,14,A01
201700009427,1,07,000,00,2,0,00,Z01
201700009427,1,33,000,00,2,0,17,A01
201700009428,1,07,000,00,2,3,01,B01
201700009428,1,34,000,00,2,1,01,A01
201700009429,2,32,000,00,0,0,02,A01
201700009430,2,07,000,00,2,1,05,A01
201700009430,1,07,000,00,2,1,01,B01
201700009431,1,07,000,00,2,8,15,Z01
201700009431,1,33,000,00,2,7,01,A01
201700009432,1,07,000,00,2,3,13,A01
201700009432,2,32,000,00,2,1,01,B01
201700009433,1,07,000,00,2,3,09,B01
201700009433,1,07,000,00,2,1,12,A01
201700009434,1,32,000,00,2,1,23,B01
201700009434,1,07,000,00,2,0,00,A01
201700009435,1,07,000,00,1,6,04,A01
201700009436,2,34,000,00,2,6,00,B01
201700009436,2,07,000,00,2,1,02,A01
201700009437,1,07,000,00,1,2,02,A01
201700009438,1,32,000,00,2,8,09,B01
201700009438,1,07,000,00,9,7,09,A01
201700009439,2,02,000,00,2,7,21,B01
201700009439,2,07,000,00,9,8,09,A01
201700009440,1,07,000,00,2,3,15,A01
201700009440,2,07,000,00,2,8,01,B01
201700009441,1,33,000,00,2,1,01,A01
201700009441,1,10,000,00,2,5,19,B01
201700009442,1,07,000,00,1,2,02,A01
201700009443,1,07,000,00,2,3,15,B01
201700009443,1,30,000,00,2,6,01,A01
201700009444,2,32,000,08,0,1,01,A01
201700009445,1,07,000,00,2,2,01,B01
201700009445,1,07,000,00,2,0,17,A01
201700009446,2,07,000,04,0,1,01,A01
201700009446,2,07,000,00,9,0,00,Z01
201700009447,2,32,000,00,2,1,01,B01
201700009447,2,07,000,00,2,3,09,A01
201700009448,1,07,000,00,2,1,00,A01
201700009448,1,07,000,00,2,4,00,B01
201700009449,2,40,000,00,2,3,19,B01
201700009449,1,07,000,00,4,1,19,A01
201700009450,1,07,000,00,2,6,23,C01
201700009450,1,07,000,00,2,1,02,A01
201700009450,1,07,000,00,2,9,23,B01
201700009451,1,07,000,00,2,0,00,A01
201700009451,1,07,000,00,2,0,00,B01
201700009452,2,07,000,00,2,2,15,A01
201700009452,1,31,000,00,2,1,01,B01
201700009453,1,31,000,12,0,1,01,A01
201700009454,1,07,000,00,2,6,19,A01
201700009454,1,32,000,00,2,1,01,B01
201700009455,1,17,000,00,1,0,01,A01
201700009456,2,07,000,00,2,1,01,Z01
201700009456,2,07,000,00,2,6,00,B01
201700009457,2,33,000,00,1,1,01,A01
201700009458,2,07,000,00,2,0,15,A01
201700009458,2,33,000,00,2,7,17,B01
201700009459,1,07,000,00,1,0,15,A01
201700009460,2,07,000,00,2,4,23,B01
201700009460,2,07,000,00,2,1,02,A01
201700009460,2,07,000,00,2,4,23,C01
201700009461,1,32,000,00,2,4,02,B01
201700009461,1,07,000,00,2,1,02,Z01
201700009462,2,10,000,00,1,7,00,A01
201700009463,1,07,000,08,2,1,02,B01
201700009463,2,03,000,00,2,3,15,A01
201700009464,1,07,000,00,2,7,01,B01
201700009464,1,10,000,00,2,1,01,A01
201700009465,2,02,000,00,2,0,00,A01
201700009465,2,07,000,00,2,0,00,B01
201700009466,1,07,000,00,1,2,01,A01
201700009467,2,07,000,00,2,1,02,Z01
201700009467,2,07,000,00,2,4,02,B01
201700009468,1,07,000,00,2,1,15,A01
201700009468,1,07,000,00,2,6,15,B01
201700009469,1,07,000,00,2,7,01,A01
201700009469,1,07,000,00,2,1,01,B01
201700009470,2,07,000,00,1,0,00,A01
201700009471,0,07,000,00,2,2,09,A01
201700009471,0,07,000,00,2,1,01,B01
201700009472,1,31,000,15,2,7,00,B01
201700009472,1,07,000,00,0,0,00,Z01
201700009473,2,07,000,08,0,0,00,A01
201700009474,1,30,000,00,2,1,01,B01
201700009474,1,30,000,00,2,2,01,A01
201700009475,2,32,000,00,0,0,02,A01
201700009476,1,07,000,00,2,2,14,A01
201700009476,1,34,000,00,2,8,00,B01
201700009477,1,07,000,00,2,4,04,A01
201700009477,1,32,000,00,2,1,23,B01
201700009478,1,32,000,00,2,1,23,B01
201700009478,1,10,000,00,2,4,04,A01
201700009479,1,07,000,00,2,1,02,A01
201700009479,1,07,000,00,2,5,01,B01
201700009480,1,07,000,00,2,3,15,A01
201700009480,1,34,000,00,2,3,01,B01
201700009481,2,30,000,00,1,1,00,Z01
201700009482,1,07,000,00,2,1,15,A01
201700009482,2,33,000,00,2,1,02,B01
201700009483,2,14,000,06,0,1,00,A01
201700009484,1,07,000,00,2,4,01,B01
201700009484,1,07,000,00,2,1,01,A01
201700009485,1,10,000,00,2,4,02,B01
201700009485,1,07,000,00,2,1,02,A01
201700009486,1,07,000,00,2,3,15,A01
201700009486,1,07,000,00,2,1,01,B01
201700009487,1,07,000,01,1,2,01,A01
201700009488,2,07,000,00,2,1,01,B01
201700009488,1,34,000,01,2,1,01,A01
201700009489,1,07,000,00,2,2,01,B01
201700009489,1,30,000,00,2,1,01,A01
201700009490,1,07,000,00,2,2,00,B01
201700009490,1,30,000,00,2,1,01,A01
201700009491,1,07,000,08,0,1,21,A01
201700009492,2,32,000,00,0,7,21,A01
201700009493,1,07,000,00,1,0,00,A01
201700009494,1,07,000,00,1,2,01,A01
201700009495,1,07,000,00,2,1,00,A01
201700009495,1,07,000,00,2,7,00,B01
201700009496,1,07,000,00,2,6,00,B01
201700009496,1,07,000,00,2,3,00,A01
201700009497,1,07,000,00,2,3,16,A01
201700009497,1,07,000,00,2,6,01,B01
201700009498,1,07,000,00,2,7,02,B01
201700009498,1,07,000,00,2,1,16,A01
201700009499,2,07,000,00,2,1,02,A01
201700009499,2,07,000,00,2,4,02,C01
201700009499,2,07,000,00,2,4,02,B01
201700009500,0,33,000,00,2,8,01,A01
201700009500,0,07,000,00,2,8,19,B01
201700009501,2,30,000,00,2,7,01,B01
201700009501,1,34,000,00,2,1,05,A01
201700009502,1,07,000,00,2,3,01,A01
201700009502,1,07,000,00,2,0,00,Z01
201700009503,1,31,000,00,2,3,01,B01
201700009503,2,07,000,00,2,1,17,A01
201700009504,2,07,000,00,2,6,01,B01
201700009504,2,07,000,00,2,2,01,A01
201700009505,1,31,000,00,0,1,00,A01
201700009506,1,07,000,00,1,1,01,A01
201700009507,1,02,000,00,2,2,02,B01
201700009507,1,07,000,00,2,3,02,A01
201700009508,1,07,000,00,2,8,15,A01
201700009508,1,30,000,00,2,0,00,B01
201700009509,1,07,000,00,2,5,04,A01
201700009509,1,32,000,00,2,1,01,B01
201700009510,1,07,000,00,1,2,01,A01
201700009511,2,07,000,00,2,5,15,A01
201700009511,1,32,000,00,2,1,01,B01
201700009512,1,33,000,00,2,1,12,A01
201700009512,1,07,000,00,2,6,01,B01
201700009513,1,32,000,00,0,0,00,A01
201700009514,2,07,000,00,2,4,00,C01
201700009514,1,07,000,00,2,5,00,B01
201700009514,2,07,000,00,2,1,00,A01
201700009515,2,33,000,00,2,4,02,B01
201700009515,2,07,000,00,2,1,02,A01
201700009516,1,07,000,01,0,3,16,A01
201700009517,1,07,000,00,2,4,01,A01
201700009517,1,07,000,00,2,4,00,B01
201700009518,1,07,000,00,1,4,04,A01
201700009519,1,32,000,00,0,1,01,A01
201700009520,2,07,000,00,2,1,01,A01
201700009520,2,07,000,00,2,4,01,B01
201700009521,2,30,000,00,2,1,01,B01
201700009521,1,07,000,00,2,7,15,A01
201700009522,1,07,000,00,2,8,00,B01
201700009522,1,33,000,00,2,1,00,A01
201700009523,1,07,000,00,2,0,00,B01
201700009523,1,32,000,00,2,1,01,A01
201700009524,1,30,000,00,2,1,01,B01
201700009524,2,07,000,00,2,2,00,Z01
201700009525,2,32,000,11,0,2,13,A01
201700009526,2,07,000,00,2,1,01,Z01
201700009526,1,34,000,00,2,8,01,B01
201700009527,1,37,000,00,1,1,01,A01
201700009528,1,32,000,00,0,0,17,A01
201700009529,1,07,000,00,2,0,00,B01
201700009529,1,07,000,00,2,1,05,A01
201700009530,1,34,000,00,1,1,01,A01
201700009531,1,07,000,00,2,4,00,B01
201700009531,1,07,000,00,2,1,00,A01
201700009532,1,07,000,08,0,1,02,A01
201700009533,2,07,000,00,2,1,02,A01
201700009533,2,07,000,00,2,4,02,B01
201700009534,2,31,000,00,2,1,01,B01
201700009534,2,07,000,00,2,3,15,A01
201700009535,2,02,000,00,2,2,02,A01
201700009535,1,07,000,00,2,1,00,Z01
201700009536,2,07,000,00,2,3,01,B01
201700009536,1,34,000,00,2,2,01,A01
201700009537,1,07,000,08,0,1,01,A01
201700009538,1,07,000,00,2,4,02,A01
201700009538,2,07,000,00,2,1,01,Z01
201700009539,2,07,000,02,0,1,14,A01
201700009540,2,07,000,00,2,0,00,B01
201700009540,1,30,000,00,2,0,00,A01
201700009541,1,34,000,00,2,4,02,B01
201700009541,1,07,000,00,2,1,02,A01
201700009542,1,30,000,00,2,0,00,B01
201700009542,1,07,000,00,2,3,00,A01
201700009543,2,30,000,00,2,8,17,A01
201700009544,1,07,000,00,1,1,02,A01
201700009545,1,07,000,00,2,3,01,A01
201700009545,2,07,000,00,2,8,01,B01
201700009546,1,07,000,00,1,0,16,Z01
201700009547,1,07,000,00,2,1,15,A01
201700009547,1,07,000,00,2,6,01,B01
201700009548,1,07,000,00,1,0,00,A01
201700009549,1,32,000,00,1,1,01,A01
201700009550,1,07,000,00,2,2,15,A01
201700009550,1,32,000,00,2,2,01,B01
201700009551,1,07,000,00,1,3,15,A01
201700009552,2,07,000,00,2,0,00,Z01
201700009552,2,07,000,00,2,6,01,A01
201700009553,2,33,000,00,0,0,00,B01
201700009553,1,07,000,00,0,0,00,A01
201700009554,1,33,000,00,2,8,00,B01
201700009554,1,07,000,00,2,1,01,A01
201700009555,1,07,000,00,2,1,24,C01
201700009555,1,07,000,01,2,2,00,B01
201700009555,1,30,000,01,2,9,14,A01
201700009556,2,31,000,00,9,7,00,A01
201700009557,1,30,000,00,0,0,00,A01
201700009558,1,32,000,00,0,9,00,A01
201700009559,1,32,000,00,2,1,00,B01
201700009559,1,07,000,00,2,3,00,A01
201700009560,2,37,000,00,2,6,02,B01
201700009560,2,02,000,00,2,9,17,A01
201700009560,1,07,000,00,2,8,01,C01
201700009561,1,33,000,00,0,1,00,A01
201700009562,1,07,000,00,2,3,15,B01
201700009562,1,32,000,00,2,2,17,A01
201700009563,2,07,000,00,1,0,00,A01
201700009564,1,07,000,00,2,0,00,B01
201700009564,1,33,000,00,2,1,05,A01
201700009565,1,30,000,00,1,0,02,A01
201700009566,1,32,000,00,1,1,07,A01
201700009567,1,07,000,00,2,0,00,Z01
201700009567,1,07,000,01,0,1,16,A01
201700009567,1,07,000,00,2,6,24,B01
201700009568,1,33,000,00,2,1,02,B01
201700009568,1,07,000,00,2,3,02,A01
201700009569,1,07,000,00,1,0,00,Z01
201700009570,0,07,000,00,2,3,15,B01
201700009570,1,07,000,00,2,1,01,A01
201700009571,2,07,000,00,1,1,01,A01
201700009572,2,07,000,06,0,1,02,A01
201700009573,2,07,000,00,1,2,01,A01
201700009574,1,02,000,01,1,7,02,A01
201700009575,1,07,000,00,2,3,01,A01
201700009575,1,07,000,00,2,6,01,B01
201700009576,1,30,000,00,2,1,02,B01
201700009576,2,07,000,00,2,0,00,Z01
201700009577,2,07,000,08,0,0,21,A01
201700009578,1,33,000,00,2,1,00,B01
201700009578,1,07,000,00,2,1,15,A01
201700009579,1,07,000,00,2,1,02,A01
201700009579,1,07,000,00,2,4,01,B01
201700009580,2,07,000,00,2,4,02,B01
201700009580,2,07,000,00,2,6,01,C01
201700009580,2,07,000,00,2,6,02,D01
201700009580,2,07,000,00,2,1,01,A01
201700009581,1,07,000,00,2,1,01,B01
201700009581,1,07,000,00,2,6,01,A01
201700009582,2,07,000,00,2,0,02,A01
201700009582,2,07,000,00,2,4,02,B01
201700009583,2,34,000,00,2,1,00,B01
201700009583,2,10,000,00,2,1,05,Z01
201700009584,1,07,000,00,2,1,02,B01
201700009584,1,07,000,00,2,1,02,A01
201700009584,1,15,000,00,2,4,11,Z01
201700009585,1,07,000,00,2,1,09,A01
201700009585,1,07,000,00,2,7,14,B01
201700009586,2,10,000,00,0,0,15,B01
201700009586,1,07,000,14,0,3,01,A01
201700009587,1,07,000,00,1,6,04,A01
201700009588,1,07,000,00,2,1,15,A01
201700009588,1,07,000,00,2,2,01,B01
201700009589,2,30,000,00,2,1,00,A01
201700009589,1,07,000,00,2,4,01,B01
201700009590,2,10,000,00,2,1,01,B01
201700009590,1,33,000,00,2,2,00,A01
201700009591,2,10,000,00,1,4,04,A01
201700009592,1,07,000,00,2,2,02,Z01
201700009592,1,02,000,00,2,4,01,B01
201700009593,1,07,000,00,2,4,02,C01
201700009593,1,07,000,00,2,4,02,B01
201700009593,1,07,000,00,2,1,02,A01
201700009594,1,02,000,01,0,1,17,B01
201700009594,1,10,000,00,2,0,22,A01
201700009595,1,30,000,00,2,5,15,B01
201700009595,1,07,000,00,2,0,00,Z01
201700009596,2,07,000,01,0,3,00,B01
201700009596,1,02,000,00,2,1,01,A01
201700009597,2,07,000,00,2,3,19,B01
201700009597,1,32,000,00,2,1,02,Z01
201700009598,2,10,000,08,0,1,01,A01
201700009599,1,07,000,00,1,2,01,A01
201700009600,2,31,000,00,1,1,00,A01
201700009601,2,37,000,00,2,5,15,B01
201700009601,1,34,000,00,2,1,02,A01
201700009602,2,07,000,00,1,4,04,A01
201700009603,1,07,000,00,2,6,00,B01
201700009603,1,10,000,00,2,2,16,A01
201700009604,1,07,000,01,0,9,01,A01
201700009605,2,07,000,09,0,2,01,A01
201700009606,1,07,000,00,2,1,05,A01
201700009606,2,07,000,00,2,1,01,B01
201700009607,1,07,000,00,2,1,01,A01
201700009607,1,07,000,00,2,4,23,B01
201700009608,2,03,000,00,2,0,00,A01
201700009608,2,07,000,00,2,0,15,B01
201700009609,1,07,000,00,2,4,01,B01
201700009609,1,07,000,00,2,0,00,Z01
201700009610,1,01,000,00,0,0,00,C01
201700009610,1,30,000,00,0,0,01,B01
201700009611,1,07,000,00,2,1,02,A01
201700009611,1,07,000,00,2,4,02,B01
201700009612,2,07,000,00,2,3,02,B01
201700009612,2,33,000,00,2,4,02,A01
201700009613,2,01,000,00,2,7,15,A01
201700009613,2,07,000,00,2,1,01,B01
201700009614,1,33,000,01,0,0,00,A01
201700009615,1,07,000,00,2,3,15,A01
201700009615,2,33,000,00,2,3,01,B01
201700009616,1,30,000,00,2,0,00,A01
201700009616,1,07,000,00,2,0,00,B01
201700009617,1,07,000,00,2,1,01,Z01
201700009617,1,07,000,00,2,4,23,B01
201700009617,2,07,000,00,2,4,23,C01
201700009617,1,07,000,00,2,0,00,A01
201700009618,1,30,000,00,2,3,02,A01
201700009618,1,07,000,00,2,2,02,B01
201700009619,2,30,000,00,2,1,01,B01
201700009619,2,07,000,00,2,8,10,A01
201700009620,2,34,000,00,2,1,02,B01
201700009620,1,07,000,00,2,2,15,A01
201700009621,2,07,000,00,2,3,16,B01
201700009621,1,07,000,00,2,2,01,A01
201700009622,2,07,000,00,1,7,15,A01
201700009623,1,07,000,00,2,3,10,B01
201700009623,1,33,000,00,2,1,01,A01
201700009624,2,07,000,00,1,8,00,A01
201700009625,1,07,000,15,2,7,01,A01
201700009625,1,07,000,00,2,1,01,B01
201700009626,1,07,000,00,2,1,00,A01
201700009626,2,34,000,00,2,3,00,B01
201700009627,2,02,000,00,1,1,00,Z01
201700009628,1,33,000,00,2,1,00,A01
201700009628,1,07,000,00,2,8,00,Z01
201700009629,1,01,000,00,2,7,02,B01
201700009629,1,07,000,00,2,1,09,A01
201700009630,2,07,000,00,1,0,00,A01
201700009631,1,01,000,00,2,1,01,A01
201700009631,1,07,000,08,9,1,16,B01
201700009632,1,07,000,00,1,1,09,A01
201700009633,2,02,000,00,2,1,01,A01
201700009633,1,13,000,00,2,7,15,B01
201700009634,1,07,000,00,2,1,01,A01
201700009634,1,07,000,00,2,8,01,B01
201700009635,2,07,000,00,2,8,22,A01
201700009635,2,30,000,00,9,7,17,B01
201700009636,1,30,000,00,1,0,00,A01
201700009637,1,07,000,00,1,2,01,A01
201700009638,1,33,000,00,2,1,14,B01
201700009638,1,07,000,00,2,5,16,A01
201700009639,2,07,000,00,2,8,15,B01
201700009639,2,30,000,00,2,1,17,A01
201700009640,1,07,000,00,2,6,15,A01
201700009640,1,31,000,00,2,1,01,B01
201700009641,1,33,000,00,2,1,21,B01
201700009641,2,07,000,00,2,1,15,A01
201700009642,1,07,000,00,2,3,00,B01
201700009642,1,34,000,00,2,2,00,A01
201700009643,1,31,000,00,2,1,01,B01
201700009643,1,07,000,00,2,7,01,A01
201700009644,1,07,000,00,2,3,01,B01
201700009644,1,07,000,00,2,1,01,A01
201700009644,1,07,000,00,9,0,23,C01
201700009645,2,07,000,00,2,0,00,Z01
201700009645,1,30,000,00,2,0,00,A01
201700009646,1,07,000,00,1,2,01,A01
201700009647,1,07,000,00,2,2,01,A01
201700009647,1,33,000,00,2,1,01,B01
201700009648,1,32,000,00,1,1,01,A01
201700009649,1,07,000,00,2,1,02,A01
201700009649,1,07,000,00,2,4,02,B01
201700009650,2,07,000,00,1,0,00,A01
201700009651,1,10,000,00,2,1,01,B01
201700009651,0,07,000,00,2,6,10,A01
201700009652,1,07,000,00,2,8,00,A01
201700009652,1,02,000,00,2,7,17,B01
201700009653,1,07,000,00,1,2,11,A01
201700009654,1,30,000,00,2,2,01,B01
201700009654,1,07,000,00,2,3,01,A01
201700009655,1,33,000,00,2,8,18,B01
201700009655,1,07,000,00,2,2,12,A01
201700009656,2,30,000,00,2,3,14,A01
201700009656,2,07,000,00,2,7,16,B01
201700009657,1,31,000,00,0,0,00,A01
201700009658,2,33,000,00,2,1,01,B01
201700009658,2,07,000,00,2,8,19,A01
201700009659,2,07,000,00,1,1,02,A01
201700009660,1,32,000,00,2,0,00,A01
201700009661,2,10,000,00,2,5,02,A01
201700009661,2,30,000,00,2,1,02,B01
201700009662,1,07,000,00,1,2,00,A01
201700009663,2,07,000,00,2,5,09,A01