Num_Acc,senc,catv,occutc,obs,obsm,choc,manv,num_veh
201700010019,2,33,000,00,2,0,01,A01
201700010019,2,31,000,00,2,0,01,B01
201700010020,1,14,000,00,1,1,09,A01
201700010021,1,07,000,00,1,6,11,A01
201700010022,1,34,000,00,2,1,21,A01
201700010022,1,07,000,00,2,6,15,B01
201700010023,1,07,000,00,2,3,15,A01
201700010023,2,31,000,00,2,1,01,B01
201700010024,2,33,000,00,2,4,02,B01
201700010024,2,07,000,00,2,1,02,A01
201700010025,1,07,000,01,0,4,23,B01
201700010025,1,07,000,00,2,2,21,A01
201700010025,1,07,000,00,2,5,23,C01
201700010026,1,01,000,00,2,1,01,A01
201700010026,2,07,000,00,9,3,15,B01
201700010027,1,07,000,00,2,0,00,Z01
201700010027,1,07,000,00,2,2,01,A01
201700010028,2,07,000,09,0,1,15,A01
201700010029,2,07,000,08,0,1,06,A01
201700010030,1,31,000,00,2,1,02,B01
201700010030,2,07,000,00,2,2,15,A01
201700010031,2,32,000,00,2,6,01,B01
201700010031,2,07,000,00,2,2,14,A01
201700010032,1,31,000,09,0,1,01,A01
201700010033,1,10,000,00,2,3,07,B01
201700010033,1,07,000,00,2,7,16,A01
201700010034,1,30,000,00,2,3,18,B01
201700010034,1,07,000,00,2,2,16,A01
201700010035,1,33,000,13,0,1,14,A01
201700010036,1,07,000,00,2,5,15,B01
201700010036,2,33,000,00,2,7,21,A01
201700010037,1,07,000,00,2,4,02,B01
201700010037,1,07,000,00,2,1,02,Z01
201700010038,1,07,000,00,2,3,01,B01
201700010038,1,07,000,00,2,2,13,A01
201700010039,1,07,000,00,2,1,02,A01
201700010039,1,07,000,00,2,4,02,B01
201700010040,1,07,000,00,2,3,15,A01
201700010040,2,34,000,00,2,1,19,B01
201700010041,1,07,000,00,2,4,23,B01
201700010041,1,07,000,00,2,1,02,A01
201700010042,1,07,000,00,1,0,00,A01
201700010043,1,07,000,00,2,6,01,B01
201700010043,1,07,000,00,2,1,01,A01
201700010044,2,07,000,00,2,2,02,A01
201700010044,2,07,000,00,2,4,02,C01
201700010044,2,07,000,00,2,6,02,B01
201700010045,2,07,000,00,2,2,01,B01
201700010045,2,07,000,00,2,1,01,A01
201700010046,1,07,000,00,2,1,01,B01
201700010046,1,07,000,00,2,3,15,A01
201700010047,2,31,000,00,0,0,01,A01
201700010048,2,07,000,00,2,2,01,B01
201700010048,1,07,000,00,2,1,19,A01
201700010049,1,07,000,00,2,4,09,B01
201700010049,2,07,000,00,2,1,09,A01
201700010050,1,33,000,00,1,1,08,Z01
201700010051,1,33,000,00,1,0,21,A01
201700010052,1,07,000,00,2,1,19,A01
201700010052,2,07,000,00,2,8,19,B01
201700010053,2,07,000,00,1,1,19,Z01
201700010054,1,33,000,00,2,1,02,A01
201700010054,1,07,000,00,2,5,01,B01
201700010055,1,07,000,00,2,3,21,A01
201700010055,1,31,000,00,2,7,21,B01
201700010056,2,07,000,00,2,7,15,A01
201700010056,2,37,000,00,2,8,09,Z01
201700010057,1,07,000,00,1,4,04,A01
201700010058,1,37,000,00,0,0,07,B01
201700010058,1,07,000,00,0,0,12,A01
201700010059,1,07,000,00,2,3,16,B01
201700010059,1,07,000,00,2,1,01,A01
201700010060,1,07,000,00,1,1,15,A01
201700010061,1,31,000,00,2,1,01,Z01
201700010061,1,07,000,00,2,2,01,A01
201700010062,1,07,000,08,2,3,01,A01
201700010062,1,37,000,00,2,1,07,B01
201700010063,1,07,000,00,1,1,15,A01
201700010064,1,33,000,00,2,1,01,B01
201700010064,1,33,000,00,2,4,15,A01
201700010065,1,07,000,00,2,0,00,A01
201700010065,1,30,000,00,2,0,00,B01
201700010066,1,07,000,00,2,1,01,B01
201700010066,2,07,000,00,2,8,15,A01
201700010067,1,30,000,00,2,1,01,B01
201700010067,2,10,000,00,2,1,15,Z01
201700010068,1,07,000,00,2,0,20,Z01
201700010068,1,31,000,00,2,8,01,B01
201700010069,2,31,000,00,2,3,01,B01
201700010069,1,07,000,00,2,3,01,A01
201700010070,1,07,000,00,2,3,10,A01
201700010070,1,33,000,00,2,1,01,B01
201700010071,2,33,000,00,2,1,15,A01
201700010071,1,07,000,00,2,5,15,B01
201700010072,2,03,000,06,0,1,01,A01
201700010073,1,07,000,00,2,5,01,B01
201700010073,1,10,000,00,2,1,09,A01
201700010074,1,31,000,04,0,1,13,A01
201700010075,1,31,000,00,0,8,21,A01
201700010075,2,07,000,00,0,0,13,B01
201700010076,1,07,000,00,2,4,09,Z01
201700010076,1,07,000,00,2,7,02,A01
201700010077,1,33,000,00,2,0,10,A01
201700010077,1,07,000,00,0,0,10,Z01
201700010078,1,07,000,00,2,1,01,A01
201700010078,1,07,000,00,2,8,01,B01
201700010079,1,33,000,00,0,7,01,A01
201700010080,1,31,000,00,0,0,21,A01
201700010081,1,02,000,00,0,8,13,A01
201700010082,2,07,000,00,2,3,13,A01
201700010082,2,30,000,00,2,1,17,B01
201700010083,1,07,000,01,0,3,17,A01
201700010083,1,34,000,00,2,1,01,B01
201700010084,1,07,000,00,2,3,09,A01
201700010084,2,07,000,00,2,5,01,B01
201700010085,1,33,000,00,2,0,02,B01
201700010085,2,07,000,00,2,1,01,Z01
201700010086,2,07,000,00,2,8,01,B01
201700010086,1,30,000,00,2,1,05,A01
201700010087,2,07,000,00,2,1,01,B01
201700010087,1,07,000,00,2,1,13,A01
201700010087,2,07,000,00,2,3,01,C01
201700010088,1,33,000,00,0,3,01,A01
201700010089,1,01,000,00,2,0,01,B01
201700010089,2,32,000,00,2,1,02,A01
201700010090,2,34,000,00,2,7,17,B01
201700010090,1,20,000,00,2,6,15,A01
201700010091,2,07,000,00,2,1,02,A01
201700010091,2,07,000,00,9,4,23,B01
201700010092,1,07,000,00,2,7,01,B01
201700010092,1,07,000,00,2,1,01,A01
201700010093,1,07,000,00,1,1,15,A01
201700010094,1,31,000,00,2,1,14,B01
201700010094,1,07,000,00,2,3,16,A01
201700010095,1,07,000,00,1,2,01,A01
201700010096,1,07,000,00,2,7,15,B01
201700010096,1,07,000,00,2,1,16,A01
201700010097,2,07,000,01,2,3,01,B01
201700010097,1,07,000,00,2,1,05,Z01
201700010098,1,07,000,00,2,3,16,A01
201700010098,1,07,000,00,2,7,02,B01
201700010099,1,07,000,00,2,1,02,B01
201700010099,2,07,000,00,2,2,10,A01
201700010100,2,14,000,00,1,5,04,A01
201700010101,1,10,000,00,2,2,10,A01
201700010101,1,33,000,00,2,8,01,B01
201700010102,1,07,000,00,1,3,01,A01
201700010103,1,07,000,00,2,4,02,B01
201700010103,1,07,000,00,2,1,02,A01
201700010104,2,07,000,00,1,3,01,A01
201700010105,1,07,000,00,2,1,01,B01
201700010105,1,07,000,00,2,3,01,A01
201700010106,1,07,000,08,0,2,00,A01
201700010107,2,07,000,00,1,1,15,A01
201700010108,1,34,000,12,0,2,14,A01
201700010109,1,07,000,00,1,4,04,A01
201700010110,1,34,000,00,1,0,17,Z01
201700010111,1,07,000,00,2,1,01,B01
201700010111,1,07,000,00,2,4,15,A01
201700010112,1,07,000,13,0,8,13,A01
201700010113,1,07,000,00,1,1,00,A01
201700010114,1,07,000,00,2,2,01,A01
201700010114,1,33,000,00,2,3,01,B01
201700010115,1,07,000,00,2,4,01,C01
201700010115,1,07,000,00,2,4,01,B01
201700010115,1,07,000,00,2,1,01,A01
201700010116,1,07,000,08,0,1,01,A01
201700010117,1,31,000,00,2,4,01,B01
201700010117,1,07,000,00,2,1,01,A01
201700010118,2,07,000,00,2,7,15,A01
201700010118,1,07,000,00,2,1,01,B01
201700010119,1,07,000,00,1,3,16,A01
201700010120,1,07,000,00,1,2,01,A01
201700010121,2,30,000,04,1,0,01,A01
201700010122,1,13,000,00,2,2,01,A01
201700010122,1,32,000,00,2,8,01,B01
201700010123,1,01,000,00,2,0,19,B01
201700010123,1,07,000,00,9,8,00,A01
201700010124,1,32,000,00,2,3,01,B01
201700010124,1,07,000,00,2,1,15,A01
201700010125,1,07,000,00,2,1,02,A01
201700010125,2,07,000,00,2,4,02,B01
201700010126,1,07,000,00,2,1,01,A01
201700010126,1,07,000,00,2,7,15,B01
201700010127,2,07,000,00,1,1,01,A01
201700010128,1,07,000,00,2,1,15,A01
201700010128,2,31,000,00,2,1,17,B01
201700010129,2,40,000,00,1,1,00,A01
201700010130,1,33,000,00,2,1,01,A01
201700010130,1,07,000,00,2,5,16,Z01
201700010131,2,07,000,00,2,1,02,A01
201700010131,2,07,000,00,2,4,02,B01
201700010132,2,33,000,00,2,1,01,B01
201700010132,1,07,000,00,2,2,15,A01
201700010133,2,07,000,00,2,0,16,B01
201700010133,2,33,000,00,2,7,07,A01
201700010134,0,07,000,00,1,1,15,A01
201700010135,1,07,000,00,2,6,23,B01
201700010135,1,07,000,14,0,1,01,A01
201700010136,1,07,000,00,2,1,09,Z01
201700010136,1,07,000,01,2,3,01,A01
201700010137,1,07,000,00,2,3,17,B01
201700010137,1,07,000,00,2,3,23,C01
201700010137,1,07,000,00,2,2,17,A01
201700010137,2,07,000,00,2,3,21,D01
201700010138,1,33,000,00,2,3,13,A01
201700010138,2,07,000,00,2,8,01,B01
201700010139,1,07,000,00,2,7,10,A01
201700010139,1,07,000,00,2,9,01,B01
201700010140,1,34,000,00,2,6,15,B01
201700010140,1,07,000,07,2,1,17,A01
201700010141,1,07,000,00,2,4,02,B01
201700010141,2,07,000,00,2,1,02,A01
201700010142,2,02,000,00,2,1,02,A01
201700010142,2,07,000,00,2,4,02,B01
201700010143,2,33,000,00,2,8,01,A01
201700010143,2,07,000,00,2,3,01,B01
201700010144,1,07,000,00,1,2,01,A01
201700010145,2,07,000,00,2,1,15,A01
201700010145,1,31,000,00,2,2,01,B01
201700010146,2,01,000,00,1,8,02,A01
201700010147,2,34,000,00,2,8,17,A01
201700010147,2,07,000,00,2,8,15,B01
201700010148,1,07,000,00,1,1,07,A01
201700010149,1,31,000,00,2,7,15,A01
201700010149,2,02,000,00,2,8,02,B01
201700010150,1,10,000,01,1,1,17,A01
201700010150,2,02,000,00,1,8,24,B01
201700010151,1,07,000,00,2,1,01,B01
201700010151,1,07,000,00,2,7,01,A01
201700010152,1,07,000,00,2,3,20,A01
201700010152,1,31,000,00,2,7,01,B01
201700010153,1,07,000,00,2,3,19,A01
201700010153,2,33,000,00,2,1,01,B01
201700010154,0,07,000,00,1,2,00,A01
201700010155,1,07,000,00,2,1,02,B01
201700010155,2,07,000,00,2,2,15,A01
201700010156,1,07,000,00,2,3,15,B01
201700010156,1,07,000,00,2,5,23,A01
201700010157,2,07,000,00,2,1,01,B01
201700010157,2,33,000,00,2,2,07,A01
201700010158,1,07,000,00,1,3,01,A01
201700010159,1,07,000,00,1,1,09,A01
201700010160,2,07,000,00,1,3,15,A01
201700010161,1,07,000,00,1,1,19,A01
201700010162,1,07,000,00,2,2,01,A01
201700010162,1,34,000,00,2,1,01,B01
201700010163,1,07,000,00,2,1,01,Z01
201700010163,1,01,000,00,2,4,01,B01
201700010164,1,10,000,00,1,1,00,A01
201700010165,1,07,000,00,2,3,01,A01
201700010165,2,07,000,00,2,1,01,B01
201700010166,1,07,000,00,2,4,02,B01
201700010166,1,07,000,00,2,1,01,Z01
201700010167,1,31,000,00,0,3,01,A01
201700010168,1,07,000,02,0,1,01,A01
201700010169,1,07,000,00,1,3,02,A01
201700010170,1,07,000,00,2,3,01,B01
201700010170,1,07,000,00,2,1,01,A01
201700010170,1,07,000,00,2,1,09,C01
201700010171,1,07,000,00,2,1,09,A01
201700010171,1,31,000,00,2,7,09,B01
201700010172,2,33,000,00,2,9,21,B01
201700010172,1,07,000,00,2,1,15,A01
201700010173,2,07,000,00,2,6,01,B01
201700010173,2,07,000,00,2,2,01,A01
201700010174,1,07,000,00,2,4,16,B01
201700010174,1,31,000,00,2,1,01,A01
201700010175,1,01,000,00,2,2,15,B01
201700010175,2,07,000,00,2,3,02,Z01
201700010176,1,07,000,00,2,3,15,A01
201700010176,2,33,000,00,2,1,01,B01
201700010177,1,07,000,01,2,1,01,A01
201700010177,1,07,000,00,2,2,24,B01
201700010178,1,07,000,00,2,4,02,C01
201700010178,1,07,000,00,2,1,02,A01
201700010178,1,07,000,00,2,4,02,B01
201700010179,1,07,000,15,0,1,19,A01
201700010180,2,34,000,00,2,1,19,A01
201700010180,1,07,000,00,2,8,01,B01
201700010181,1,07,000,00,2,2,15,B01
201700010181,1,33,000,00,2,3,17,A01
201700010182,2,07,000,00,2,7,14,A01
201700010182,2,31,000,00,2,8,01,B01
201700010183,1,07,000,00,1,1,01,A01
201700010184,2,33,000,00,2,7,02,A01
201700010184,2,07,000,00,2,4,02,B01
201700010185,1,17,000,04,0,3,13,A01
201700010186,1,07,000,00,1,3,00,A01
201700010187,2,01,000,00,2,1,01,B01
201700010187,1,07,000,00,9,4,04,Z01
201700010188,1,07,000,00,2,1,01,B01
201700010188,2,07,000,00,2,8,01,A01
201700010189,2,07,000,00,2,1,15,A01
201700010189,1,07,000,00,2,3,01,B01
201700010190,1,31,000,00,1,1,19,A01
201700010191,1,07,000,00,1,3,02,A01
201700010192,1,07,000,00,2,7,15,B01
201700010192,2,20,000,00,2,1,01,A01
201700010193,1,07,000,00,1,7,14,Z01
201700010194,1,31,000,00,2,1,01,B01
201700010194,2,07,000,00,2,2,10,Z01
201700010195,2,31,000,08,0,2,09,A01
201700010196,1,07,000,00,2,3,01,B01
201700010196,2,30,000,00,2,2,01,A01
201700010197,2,07,000,15,0,1,01,A01
201700010198,2,33,000,08,0,2,21,A01
201700010199,2,30,000,00,0,2,16,A01
201700010200,2,31,000,00,2,1,02,A01
201700010200,2,07,000,00,2,5,02,B01
201700010201,1,02,000,01,0,3,00,A01
201700010202,1,07,000,00,2,4,00,B01
201700010202,1,07,000,00,2,1,00,A01
201700010203,2,07,000,08,2,1,00,A01
201700010203,1,07,000,00,2,3,01,B01
201700010204,2,02,000,00,2,1,01,B01
201700010204,1,07,000,00,2,3,01,A01
201700010205,2,07,000,00,2,4,01,C01
201700010205,2,07,000,00,2,1,01,A01
201700010205,2,07,000,00,2,1,01,B01
201700010206,1,30,000,00,2,2,01,B01
201700010206,2,07,000,00,2,3,10,Z01
201700010207,1,07,000,00,2,0,15,A01
201700010207,1,30,000,00,2,0,15,B01
201700010208,1,33,000,00,2,7,01,B01
201700010208,1,07,000,00,2,3,01,A01
201700010209,1,07,000,00,2,2,15,A01
201700010209,1,34,000,00,2,1,01,B01
201700010210,1,07,000,00,1,2,01,A01
201700010211,1,07,000,00,2,2,02,A01
201700010211,2,07,000,00,2,8,16,B01
201700010212,2,10,000,00,2,2,16,A01
201700010212,2,07,000,00,2,6,16,B01
201700010213,2,31,000,00,1,1,18,A01
201700010214,1,07,000,00,2,3,13,B01
201700010214,1,07,000,00,2,2,17,A01
201700010215,1,31,000,12,0,0,01,A01
201700010216,2,13,000,01,2,7,07,A01
201700010216,2,10,000,00,2,4,24,B01
201700010217,1,07,000,00,2,7,16,B01
201700010217,1,07,000,00,2,1,01,A01
201700010218,2,07,000,00,2,4,01,B01
201700010218,2,07,000,00,2,1,07,A01
201700010219,1,20,000,00,2,0,00,A01
201700010219,1,20,000,00,2,1,00,B01
201700010220,1,31,000,00,2,0,01,B01
201700010220,1,07,000,00,2,2,01,A01
201700010221,1,33,000,00,9,8,17,A01
201700010222,2,31,000,00,1,0,17,A01
201700010223,1,07,000,00,1,2,01,A01
201700010224,1,07,000,15,0,4,01,B01
201700010224,1,07,000,00,2,1,01,A01
201700010225,1,30,000,00,2,2,17,B01
201700010225,1,07,000,00,0,3,15,A01
201700010226,2,07,000,00,2,1,01,B01
201700010226,1,07,000,00,2,3,23,A01
201700010227,1,07,000,00,2,8,11,A01
201700010227,1,07,000,00,2,2,01,B01
201700010228,1,07,000,15,0,1,00,A01
201700010229,2,07,000,01,0,2,01,A01
201700010229,2,07,000,00,2,4,24,D01
201700010229,2,07,000,00,2,6,24,C01
201700010230,2,33,000,00,0,1,02,A01
201700010231,2,07,000,00,2,1,02,A01
201700010232,1,07,000,00,1,0,00,Z01
201700010233,1,07,000,00,1,2,01,A01
201700010234,2,07,000,01,0,0,00,B01
201700010234,2,14,000,00,0,0,00,A01
201700010235,1,10,000,00,2,1,02,Z01
201700010235,1,34,000,00,2,4,02,B01
201700010236,2,33,000,00,2,7,14,B01
201700010236,2,07,000,00,2,3,01,A01
201700010237,1,02,000,00,2,7,15,A01
201700010237,1,07,000,00,2,2,02,B01
201700010238,1,30,000,00,2,1,00,A01
201700010238,1,07,000,00,9,1,00,Z01
201700010239,1,07,000,00,1,1,01,A01
201700010240,2,07,000,00,2,4,04,A01
201700010240,1,07,000,00,2,6,15,B01
201700010241,1,07,000,00,1,0,17,Z01
201700010242,2,37,000,00,2,3,07,B01
201700010242,2,07,000,00,2,7,16,A01
201700010243,1,31,000,00,0,0,02,A01
201700010244,2,07,000,00,1,1,17,A01
201700010245,1,10,000,00,2,4,02,B01
201700010245,1,07,000,00,2,1,02,A01
201700010246,1,07,000,00,2,5,01,B01
201700010246,2,07,000,00,2,3,21,A01
201700010247,2,30,000,00,2,3,01,A01
201700010247,1,07,000,00,2,0,15,Z01
201700010248,1,07,000,14,0,2,01,A01
201700010249,1,07,000,00,1,4,20,A01
201700010250,1,07,000,00,2,1,15,A01
201700010250,2,32,000,00,2,1,01,B01
201700010251,1,34,000,00,2,7,16,A01
201700010251,1,07,000,00,2,7,16,B01
201700010252,1,07,000,00,2,0,01,Z01
201700010252,1,31,000,00,2,4,01,A01
201700010253,2,07,000,00,2,5,16,A01
201700010253,2,30,000,00,2,1,18,B01
201700010254,1,07,000,00,2,1,02,Z01
201700010254,1,07,000,00,2,6,01,A01
201700010255,2,07,000,00,2,2,01,Z01
201700010255,2,07,000,00,2,3,01,B01
201700010256,2,07,000,08,2,5,01,A01
201700010256,2,07,000,00,2,2,16,Z01
201700010257,1,30,000,00,9,5,00,A01
201700010257,1,07,000,00,2,1,00,Z01
201700010258,1,07,000,00,1,1,01,A01
201700010259,1,02,000,00,2,3,00,B01
201700010259,1,07,000,00,2,5,16,A01
201700010260,1,37,000,00,2,2,01,A01
201700010260,1,07,000,00,2,6,23,B01
201700010261,1,07,000,00,2,4,01,B01
201700010261,1,07,000,00,2,1,01,A01
201700010262,1,33,000,00,0,0,01,A01
201700010263,1,07,000,00,2,8,01,B01
201700010263,2,07,000,00,2,1,13,A01
201700010263,1,31,000,00,2,8,01,C01
201700010264,1,07,000,00,2,3,13,A01
201700010264,2,07,000,12,2,8,02,B01
201700010265,2,07,000,00,1,3,00,A01
201700010266,2,02,000,00,0,0,01,A01
201700010267,1,07,000,01,0,1,13,A01
201700010268,1,33,000,00,2,4,02,B01
201700010268,1,07,000,00,2,1,02,Z01
201700010269,1,07,000,00,0,0,01,B01
201700010269,1,30,000,00,2,0,23,A01
201700010270,1,02,000,00,2,3,19,A01
201700010270,2,07,000,14,2,3,19,B01
201700010271,1,34,000,08,0,1,15,A01
201700010272,1,07,000,00,2,1,19,A01
201700010272,1,07,000,00,2,7,19,B01
201700010273,2,10,000,00,2,2,01,A01
201700010273,2,31,000,00,2,0,23,B01
201700010274,1,10,000,00,1,4,04,A01
201700010275,2,30,000,00,2,1,05,A01
201700010275,2,07,000,00,2,3,00,B01
201700010276,1,07,000,00,2,4,02,B01
201700010276,1,33,000,00,2,1,02,A01
201700010277,1,10,000,00,2,4,00,B01
201700010277,1,33,000,00,2,1,00,A01
201700010278,1,07,000,00,2,1,01,B01
201700010278,2,07,000,00,2,3,15,A01
201700010279,1,07,000,00,2,3,15,A01
201700010279,1,07,000,00,2,7,01,B01
201700010280,2,15,000,00,2,2,15,A01
201700010280,1,07,000,00,2,8,15,B01
201700010281,2,07,000,00,2,4,00,A01
201700010281,2,07,000,00,2,1,23,B01
201700010282,2,02,000,00,0,2,01,A01
201700010283,1,10,000,08,0,1,01,A01
201700010284,1,33,000,00,2,4,02,A01
201700010284,1,07,000,00,2,4,02,B01
201700010285,1,07,000,00,2,0,21,B01
201700010285,1,33,000,00,2,3,15,A01
201700010286,2,07,000,00,1,0,09,A01
201700010287,2,33,000,00,1,1,05,A01
201700010288,1,07,000,00,2,3,14,C01
201700010288,1,07,000,00,2,3,15,A01
201700010288,1,07,000,00,2,3,14,B01
201700010289,1,33,000,14,0,3,13,A01
201700010290,1,03,000,00,2,3,13,A01
201700010290,2,07,000,00,2,3,21,B01
201700010291,2,34,000,00,2,1,01,B01
201700010291,1,07,000,00,2,3,10,A01
201700010292,1,07,000,00,2,5,09,A01
201700010292,1,33,000,00,2,3,21,B01
201700010293,2,30,000,00,0,1,01,A01
201700010294,2,30,000,00,2,7,17,A01
201700010294,2,07,000,00,2,8,13,X01
201700010295,2,07,000,00,2,1,09,A01
201700010295,2,31,000,00,2,7,15,B01
201700010296,2,07,000,00,2,8,01,B01
201700010296,1,31,000,00,2,1,13,A01
201700010297,2,07,000,00,1,0,01,A01
201700010298,1,07,000,00,2,8,01,A01
201700010298,1,07,000,00,2,1,01,B01
201700010299,2,07,000,00,1,1,01,A01
201700010300,1,07,000,00,1,2,16,A01
201700010301,1,07,000,00,9,5,15,Z01
201700010301,1,30,000,00,2,1,19,B01
201700010302,1,07,000,00,1,3,02,Z01
201700010303,1,07,000,00,2,6,02,A01
201700010303,1,32,000,00,2,0,01,B01
201700010304,2,30,000,12,0,0,00,A01
201700010305,1,07,000,00,2,2,02,A01
201700010305,1,07,000,00,2,6,02,B01
201700010306,1,07,000,00,2,1,01,A01
201700010306,1,07,000,00,2,3,24,B01
201700010307,1,31,000,01,0,0,00,A01
201700010308,1,07,000,08,0,1,01,A01
201700010308,2,07,000,08,0,1,15,B01
201700010309,2,01,000,14,0,1,21,A01
201700010309,2,37,000,00,2,7,07,B01
201700010310,1,33,000,00,1,0,07,Z01
201700010311,1,30,000,00,2,3,05,A01
201700010311,2,07,000,00,2,3,01,B01
201700010312,2,07,000,00,2,3,15,A01
201700010312,2,31,000,00,2,1,17,Z01
201700010313,2,07,000,08,0,2,14,A01
201700010314,1,07,000,08,1,1,15,Z01
201700010315,1,07,000,08,0,2,15,A01
201700010315,2,07,000,00,2,0,00,B01
201700010316,1,30,000,00,0,7,15,A01
201700010317,2,34,000,00,2,1,21,B01
201700010317,1,07,000,00,2,3,15,A01
201700010318,1,40,000,00,1,1,02,A01
201700010319,1,07,000,00,1,1,10,A01
201700010320,1,07,000,00,2,0,19,B01
201700010320,2,33,000,00,2,1,01,A01
201700010321,1,07,000,00,2,4,23,B01
201700010321,1,07,000,00,2,4,23,C01
201700010321,1,14,000,00,2,1,09,A01
201700010322,2,07,000,00,1,0,15,Z01
201700010323,1,07,000,00,1,1,18,A01
201700010324,1,07,000,00,2,3,21,B01
201700010324,1,07,000,00,2,7,15,A01
201700010325,2,07,000,00,2,1,01,Z01
201700010325,2,33,000,00,2,4,12,B01
201700010326,1,33,000,00,1,3,21,A01
201700010327,1,07,000,00,2,1,09,A01
201700010327,1,34,000,01,2,9,01,B01
201700010328,1,07,000,00,9,6,13,B01
201700010328,1,33,000,00,2,1,17,A01
201700010329,1,07,000,00,2,4,02,C01
201700010329,1,10,000,00,2,1,02,A01
201700010329,1,33,000,00,2,1,02,B01
201700010330,1,33,000,00,2,4,02,B01
201700010330,1,07,000,00,2,1,02,Z01
201700010331,2,30,000,00,2,3,00,A01
201700010331,1,07,000,00,2,3,17,B01
201700010332,2,34,000,00,2,1,02,C01
201700010332,1,07,000,00,2,3,13,A01
201700010332,2,33,000,00,2,1,02,B01
201700010333,1,07,000,03,0,1,01,A01
201700010334,1,07,000,08,9,1,21,A01
201700010335,1,07,000,00,2,2,14,A01
201700010335,1,34,000,00,2,6,01,B01
201700010336,1,33,000,00,2,0,02,A01
201700010337,2,34,000,00,2,1,02,A01
201700010337,2,07,000,00,2,8,15,B01
201700010338,1,07,000,00,2,4,23,B01
201700010338,1,07,000,00,2,0,01,Z01
201700010339,1,37,000,00,2,2,01,A01
201700010340,1,30,000,00,2,1,07,A01
201700010340,1,07,000,00,2,6,23,B01
201700010341,1,07,000,00,2,0,00,Z01
201700010341,1,07,000,00,2,4,02,B01
201700010342,1,34,000,00,1,1,01,A01
201700010343,2,33,000,00,1,1,00,A01
201700010344,1,07,000,00,9,2,01,A01
201700010345,1,07,000,00,2,3,15,B01
201700010345,2,34,000,00,2,1,17,A01
201700010346,1,07,000,00,1,1,01,A01
201700010347,1,07,000,00,1,7,17,A01
201700010348,1,33,000,00,2,1,01,B01
201700010348,1,07,000,00,2,3,15,A01
201700010349,1,07,000,00,9,1,12,A01
201700010349,1,01,000,00,2,4,02,B01
201700010350,1,32,000,00,2,1,23,B01
201700010350,1,07,000,00,2,4,23,A01
201700010351,1,33,000,00,2,9,01,B01
201700010351,1,07,000,00,2,7,01,A01
201700010352,2,07,000,00,2,1,15,A01
201700010352,2,37,000,00,2,1,01,B01
201700010353,2,07,000,00,2,9,23,B01
201700010353,2,07,000,00,2,4,23,C01
201700010353,2,07,000,00,2,1,02,A01
201700010354,1,32,000,00,0,7,09,A01
201700010355,2,07,000,00,0,1,21,A01
201700010356,1,07,000,00,1,1,01,A01
201700010357,1,07,000,00,2,1,02,A01
201700010357,1,32,000,00,2,3,02,B01
201700010358,1,30,000,00,2,7,01,B01
201700010358,2,30,000,00,2,0,01,Z01
201700010359,1,34,000,00,2,1,01,B01
201700010359,1,07,000,00,2,1,15,A01
201700010360,1,07,000,00,2,2,17,A01
201700010360,2,07,000,00,2,6,13,B01
201700010361,1,99,000,00,1,0,19,Z01
201700010362,1,30,000,00,2,1,00,B01
201700010362,1,07,000,00,2,1,15,A01
201700010363,2,07,000,00,2,3,02,B01
201700010363,1,31,000,00,2,1,16,A01
201700010364,1,07,000,00,1,3,15,A01
201700010365,2,07,000,00,2,1,02,A01
201700010365,2,33,000,00,2,4,02,B01
201700010366,1,07,000,00,2,7,15,A01
201700010366,2,07,000,00,2,1,08,B01
201700010367,2,07,000,00,2,1,13,B01
201700010367,1,33,000,00,2,3,19,A01
201700010368,1,07,000,00,2,7,16,A01
201700010368,1,34,000,00,2,8,01,B01
201700010369,1,33,000,01,0,1,13,A01
201700010370,1,07,000,00,2,7,15,A01
201700010370,1,07,000,00,2,7,15,C01
201700010370,1,07,000,00,2,3,02,B01
201700010371,2,31,000,00,2,4,07,B01
201700010371,2,07,000,00,2,1,02,Z01
201700010372,1,34,000,00,2,1,00,B01
201700010372,1,07,000,00,2,8,15,A01
201700010373,1,07,000,00,2,6,10,A01
201700010373,1,07,000,00,2,2,02,Z01
201700010374,2,07,000,00,2,2,17,A01
201700010374,2,07,000,08,2,6,01,B01
201700010375,1,37,000,00,2,3,13,A01
201700010375,2,07,000,00,2,3,01,B01
201700010376,1,07,000,00,2,8,15,A01
201700010376,1,07,000,00,2,2,17,B01
201700010377,1,31,000,00,2,8,18,A01
201700010377,1,07,000,00,2,7,01,B01
201700010378,2,33,000,01,2,1,00,A01
201700010378,1,07,000,00,2,1,00,B01
201700010379,1,07,000,00,1,3,07,A01
201700010380,1,30,000,00,2,3,13,A01
201700010380,1,07,000,00,2,2,07,B01
201700010381,1,07,000,00,2,0,15,Z01
201700010381,1,34,000,00,2,0,16,A01
201700010382,1,02,000,00,2,1,01,B01
201700010382,2,07,000,00,2,7,15,A01
201700010383,1,07,000,00,2,2,15,A01
201700010383,1,07,000,00,2,3,01,B01
201700010384,1,07,000,00,2,3,01,B01
201700010384,2,30,000,00,2,1,05,A01
201700010385,1,07,000,00,1,3,01,A01
201700010386,2,31,000,09,0,0,01,A01
201700010387,1,31,000,00,2,2,02,B01
201700010387,1,07,000,00,2,4,02,A01
201700010388,1,07,000,00,2,2,15,A01
201700010388,2,33,000,00,2,1,17,B01