Num_Acc,senc,catv,occutc,obs,obsm,choc,manv,num_veh
201700011118,1,07,000,00,2,1,15,A01
201700011118,1,33,000,00,2,1,23,B01
201700011119,0,34,000,00,1,1,01,A01
201700011120,0,07,000,00,1,3,16,A01
201700011121,0,07,000,13,0,1,01,A01
201700011122,0,02,000,00,2,2,15,A01
201700011122,0,07,000,00,2,8,15,B01
201700011123,0,07,000,00,2,3,01,B01
201700011123,0,07,000,00,2,3,13,A01
201700011124,0,07,000,00,2,1,13,A01
201700011124,0,07,000,00,2,1,01,B01
201700011125,0,99,000,00,2,1,01,A01
201700011125,0,07,000,00,2,4,23,B01
201700011126,0,07,000,00,2,1,17,A01
201700011126,0,07,000,00,2,1,01,B01
201700011127,1,07,000,08,0,1,01,A01
201700011128,1,07,000,00,2,1,01,B01
201700011128,1,07,000,00,2,1,01,C01
201700011128,1,10,000,00,2,1,01,D01
201700011128,1,10,000,07,2,2,15,A01
201700011129,1,31,000,00,2,4,02,C01
201700011129,1,07,000,00,2,1,02,A01
201700011129,1,07,000,00,2,4,02,D01
201700011129,1,07,000,00,2,4,02,B01
201700011130,0,07,000,08,0,1,15,A01
201700011131,1,07,000,08,0,1,13,A01
201700011132,0,33,000,08,0,1,13,A01
201700011133,0,07,000,00,2,3,01,B01
201700011133,0,07,000,00,2,5,13,A01
201700011134,1,07,000,00,0,9,17,A01
201700011135,2,07,000,00,1,2,01,A01
201700011136,1,07,000,00,9,1,01,A01
201700011136,2,01,000,00,2,6,19,B01
201700011137,1,07,000,00,2,5,15,B01
201700011137,1,31,000,00,2,8,09,A01
201700011138,1,33,000,00,2,1,17,B01
201700011138,1,10,000,00,2,3,15,A01
201700011139,0,07,000,01,0,1,19,A01
201700011140,2,33,000,00,2,1,01,B01
201700011140,1,07,000,00,2,7,10,A01
201700011141,1,33,000,00,1,1,21,A01
201700011142,1,07,000,13,0,1,02,A01
201700011143,2,07,000,00,1,1,13,A01
201700011144,1,07,000,00,2,2,15,A01
201700011144,2,31,000,00,2,1,01,B01
201700011145,1,07,000,00,2,1,13,A01
201700011145,2,07,000,00,2,1,01,B01
201700011146,0,07,000,06,0,2,01,A01
201700011147,0,07,000,00,2,1,01,B01
201700011147,0,07,000,06,2,8,09,A01
201700011148,0,07,000,00,2,3,13,A01
201700011148,0,33,000,00,2,1,01,B01
201700011149,0,07,000,00,2,7,09,A01
201700011149,0,07,000,00,2,1,01,B01
201700011150,0,07,000,09,0,1,01,A01
201700011151,0,07,000,00,2,2,00,B01
201700011151,0,34,000,00,2,1,15,A01
201700011152,0,07,000,00,1,2,01,A01
201700011153,0,07,000,00,2,9,01,B01
201700011153,0,07,000,00,2,9,00,A01
201700011154,0,33,000,04,0,1,01,A01
201700011155,0,07,000,00,2,3,01,A01
201700011155,0,10,000,00,2,3,01,B01
201700011156,0,07,000,13,0,9,01,A01
201700011157,0,35,000,06,0,1,01,A01
201700011158,0,07,000,00,1,1,01,A01
201700011159,0,07,000,00,2,2,01,B01
201700011159,0,07,000,00,2,3,15,A01
201700011160,0,07,000,00,2,9,21,B01
201700011160,0,07,000,00,2,3,13,A01
201700011161,0,33,000,01,0,9,01,A01
201700011162,0,02,000,00,2,1,01,A01
201700011162,0,07,000,00,2,7,15,B01
201700011163,0,33,000,00,2,1,01,B01
201700011163,0,07,000,00,2,8,19,A01
201700011164,0,07,000,00,2,3,13,B01
201700011164,0,02,000,00,2,0,01,A01
201700011165,0,07,000,00,2,1,17,A01
201700011165,0,07,000,00,2,1,01,B01
201700011166,1,15,000,00,2,1,02,A01
201700011166,1,07,000,00,2,2,02,B01
201700011166,1,07,000,00,2,4,02,C01
201700011167,1,07,000,00,1,3,01,A01
201700011168,0,07,000,00,2,1,01,A01
201700011168,0,07,000,00,2,4,01,B01
201700011169,0,07,000,00,2,3,01,B01
201700011169,0,07,000,00,2,3,15,A01
201700011170,0,07,000,00,2,3,15,A01
201700011170,0,30,000,00,2,3,01,B01
201700011171,1,07,000,00,2,8,02,C01
201700011171,1,07,000,04,2,5,10,A01
201700011171,1,07,000,00,2,1,01,B01
201700011172,1,32,000,00,2,7,17,A01
201700011172,1,14,000,00,2,8,01,B01
201700011172,2,10,000,12,0,0,15,C01
201700011173,1,07,000,00,2,1,01,A01
201700011173,1,07,000,00,2,4,01,B01
201700011174,0,07,000,00,2,3,01,A01
201700011174,0,07,000,00,2,8,01,B01
201700011175,0,07,000,00,2,7,15,A01
201700011175,0,33,000,00,2,1,01,B01
201700011176,0,07,000,00,2,1,15,A01
201700011176,1,31,000,00,0,7,01,B01
201700011177,1,07,000,12,0,3,13,A01
201700011178,1,34,000,00,0,0,01,B01
201700011178,1,07,000,00,0,0,00,A01
201700011179,0,07,000,00,0,0,00,A01
201700011180,0,07,000,00,2,0,11,B01
201700011180,1,10,000,00,2,2,17,A01
201700011181,0,07,000,00,2,1,02,A01
201700011181,0,07,000,00,2,4,02,B01
201700011182,2,01,000,00,2,1,01,B01
201700011182,2,10,000,00,2,2,16,A01
201700011183,1,07,000,00,0,0,00,A01
201700011184,0,07,000,03,0,3,01,A01
201700011185,2,07,000,03,0,1,16,A01
201700011186,0,30,000,00,2,1,17,A01
201700011186,0,07,000,00,2,8,15,B01
201700011187,1,07,000,00,2,3,15,A01
201700011187,1,99,000,00,2,2,01,B01
201700011188,0,07,000,00,2,0,02,A01
201700011188,0,07,000,00,0,6,02,B01
201700011189,1,07,000,00,2,6,02,A01
201700011190,0,03,000,00,2,9,15,A01
201700011190,0,07,000,00,2,1,01,B01
201700011191,0,07,000,00,2,6,00,B01
201700011191,0,07,000,00,2,0,00,C01
201700011191,1,07,000,01,0,5,13,A01
201700011192,0,07,000,00,2,2,02,A01
201700011192,0,07,000,00,2,9,00,C01
201700011192,0,07,000,00,2,9,02,B01
201700011192,0,07,000,00,0,4,02,D01
201700011193,0,07,000,00,2,1,02,A01
201700011193,0,07,000,00,2,9,02,B01
201700011193,0,07,000,00,0,4,02,C01
201700011194,0,07,000,15,0,2,00,A01
201700011195,0,03,000,00,2,3,16,A01
201700011195,0,38,000,00,2,7,15,B01
201700011196,1,07,000,00,1,3,01,A01
201700011197,0,07,000,00,2,2,02,A01
201700011197,0,07,000,00,0,6,16,B01
201700011198,1,33,000,00,2,1,17,A01
201700011198,1,07,000,00,2,1,19,B01
201700011199,0,07,000,00,2,0,00,A01
201700011199,2,07,000,00,2,6,00,B01
201700011200,0,31,000,00,2,5,15,B01
201700011200,0,07,000,00,0,0,00,A01
201700011201,1,07,000,03,2,4,02,B01
201700011201,1,07,000,00,2,9,02,A01
201700011202,0,07,000,04,2,5,23,B01
201700011202,0,07,000,14,0,1,01,A01
201700011203,0,07,000,13,0,9,00,A01
201700011204,2,07,000,03,0,1,01,A01
201700011205,0,07,000,00,2,1,01,B01
201700011205,0,07,000,00,2,3,15,A01
201700011206,0,07,000,00,2,4,02,B01
201700011206,0,07,000,00,2,1,02,A01
201700011207,0,07,000,00,2,5,20,A01
201700011207,0,33,000,00,2,3,00,B01
201700011208,1,30,000,00,1,1,00,A01
201700011209,0,07,000,00,2,6,15,A01
201700011209,0,02,000,00,2,2,01,B01
201700011210,0,07,000,02,0,9,01,A01
201700011211,1,07,000,00,2,1,02,A01
201700011211,1,07,000,00,2,4,02,C01
201700011211,1,07,000,00,2,1,02,B01
201700011212,2,07,000,00,2,2,15,A01
201700011212,1,02,000,00,2,1,02,B01
201700011213,0,07,000,00,2,4,02,B01
201700011213,0,07,000,00,2,1,02,A01
201700011214,0,07,000,00,1,3,01,A01
201700011215,1,07,000,00,2,1,01,A01
201700011215,1,07,000,00,2,7,01,B01
201700011216,1,07,000,00,0,4,02,B01
201700011216,1,07,000,00,2,1,02,A01
201700011217,0,33,000,00,2,1,01,B01
201700011217,0,07,000,00,2,6,15,A01
201700011217,0,07,000,00,9,1,23,C01
201700011218,0,07,000,00,0,0,00,A01
201700011219,0,33,000,00,1,1,00,A01
201700011220,0,07,000,00,2,1,02,A01
201700011220,0,07,000,00,2,4,02,B01
201700011220,0,07,000,00,0,4,15,C01
201700011221,0,07,000,00,2,1,02,A01
201700011221,0,07,000,00,0,4,15,B01
201700011222,0,33,000,00,2,7,17,B01
201700011222,2,07,000,00,2,3,15,A01
201700011223,2,20,000,00,2,8,01,B01
201700011223,1,07,000,00,2,1,01,A01
201700011224,1,07,000,00,2,4,02,B01
201700011224,1,07,000,00,2,1,02,A01
201700011225,2,07,000,00,0,0,01,A01
201700011226,1,07,000,00,9,2,15,A01
201700011226,1,32,000,00,2,1,01,B01
201700011227,0,07,000,00,0,3,01,A01
201700011227,0,07,000,00,0,1,01,B01
201700011228,0,07,000,00,2,4,02,B01
201700011228,0,07,000,00,2,1,02,A01
201700011228,0,07,000,00,2,4,02,C01
201700011229,0,33,000,00,2,1,01,B01
201700011229,0,10,000,00,2,3,15,A01
201700011230,2,07,000,00,2,1,02,A01
201700011230,2,07,000,00,2,4,02,B01
201700011231,0,07,000,00,2,4,15,B01
201700011231,0,07,000,00,2,1,02,A01
201700011232,0,32,000,00,0,8,01,A01
201700011233,2,32,000,00,2,3,01,B01
201700011233,1,07,000,00,2,3,15,A01
201700011234,0,07,000,00,2,2,01,B01
201700011234,0,07,000,00,2,5,15,A01
201700011235,0,31,000,00,2,1,01,B01
201700011235,0,07,000,00,2,1,15,A01
201700011236,1,07,000,00,2,4,01,B01
201700011236,1,07,000,00,2,1,01,A01
201700011236,1,07,000,00,2,4,01,C01
201700011237,1,07,000,00,2,8,15,A01
201700011237,1,37,000,00,2,2,13,B01
201700011238,1,07,000,00,2,1,02,A01
201700011238,1,07,000,00,2,4,02,C01
201700011238,1,07,000,00,2,4,02,B01
201700011239,1,02,000,00,2,1,17,A01
201700011239,1,07,000,00,2,6,15,B01
201700011240,0,07,000,13,0,4,01,B01
201700011240,0,07,000,00,2,1,01,A01
201700011241,1,07,000,13,0,9,01,A01
201700011242,1,07,000,00,2,1,01,A01
201700011242,1,07,000,00,2,0,00,B01
201700011243,0,10,000,00,2,1,01,B01
201700011243,0,07,000,00,2,1,01,A01
201700011244,0,07,000,00,0,0,00,A01
201700011245,0,07,000,00,2,4,02,B01
201700011245,0,07,000,00,2,1,01,A01
201700011246,1,07,000,00,2,1,02,A01
201700011246,1,07,000,00,2,4,01,B01
201700011247,1,07,000,00,1,2,01,A01
201700011248,1,07,000,00,2,6,02,B01
201700011248,1,07,000,00,2,1,09,A01
201700011248,1,07,000,00,2,4,02,C01
201700011249,0,07,000,00,2,5,01,B01
201700011249,0,32,000,00,2,3,21,A01
201700011250,1,30,000,00,2,1,01,B01
201700011250,2,07,000,00,2,2,15,A01
201700011251,1,07,000,00,2,1,01,A01
201700011251,2,07,000,00,2,8,01,C01
201700011251,1,07,000,00,0,0,00,B01
201700011252,1,07,000,00,2,2,02,B01
201700011252,1,07,000,00,2,1,15,A01
201700011253,1,07,000,00,2,4,02,B01
201700011253,1,10,000,00,2,5,02,C01
201700011253,0,10,000,00,0,0,00,Z01
201700011254,1,07,000,00,1,4,04,A01
201700011255,0,07,000,00,2,4,02,A01
201700011255,0,07,000,00,2,4,02,B01
201700011256,1,33,000,00,0,2,01,A01
201700011257,1,07,000,00,2,6,18,A01
201700011257,1,17,000,00,2,2,16,B01
201700011258,1,10,000,00,2,3,15,A01
201700011258,1,07,000,00,2,2,02,B01
201700011259,0,07,000,00,2,3,02,B01
201700011259,0,14,000,00,2,2,12,A01
201700011260,1,33,000,00,2,0,17,A01
201700011260,1,10,000,00,2,8,15,B01
201700011261,1,07,000,00,1,2,01,A01
201700011262,1,07,000,00,2,1,02,A01
201700011262,1,07,000,00,0,4,02,B01
201700011263,0,07,000,00,2,0,00,Z01
201700011263,1,07,000,15,2,6,01,B01
201700011264,0,07,000,00,2,1,02,A01
201700011264,0,07,000,00,2,4,01,B01
201700011264,0,07,000,00,2,4,01,C01
201700011265,1,07,000,14,0,1,01,A01
201700011266,1,07,000,00,2,2,01,B01
201700011266,1,07,000,00,2,6,09,A01
201700011267,0,07,000,00,2,3,15,B01
201700011267,0,33,000,00,0,0,00,A01
201700011268,0,07,000,00,1,8,15,A01
201700011269,1,07,000,00,1,1,15,A01
201700011270,1,07,000,00,0,4,02,B01
201700011270,1,07,000,00,0,0,02,C01
201700011270,1,33,000,00,2,1,02,A01
201700011271,0,07,000,00,2,4,23,B01
201700011271,0,07,000,00,2,1,01,A01
201700011272,1,03,000,00,2,1,02,A01
201700011272,1,07,000,00,2,4,01,B01
201700011273,0,07,000,00,2,8,13,B01
201700011273,1,33,000,00,2,7,02,A01
201700011274,0,07,000,00,0,0,00,Z01
201700011274,0,07,000,00,2,9,01,B01
201700011274,0,07,000,00,2,3,01,C01
201700011275,1,10,000,00,1,1,00,A01
201700011276,0,33,000,00,2,0,21,B01
201700011276,0,10,000,00,2,8,15,A01
201700011277,0,07,000,10,2,2,15,B01
201700011277,0,07,000,08,2,2,19,A01
201700011278,1,07,000,00,2,1,01,A01
201700011278,1,10,000,00,2,4,01,B01
201700011279,0,07,000,00,2,1,01,A01
201700011279,0,07,000,00,2,8,00,B01
201700011280,1,03,000,15,0,3,13,A01
201700011281,2,07,000,00,1,3,01,A01
201700011282,1,07,000,00,1,3,18,A01
201700011283,1,99,000,00,2,1,01,A01
201700011283,1,07,000,00,2,8,15,B01
201700011284,1,07,000,00,2,1,02,A01
201700011284,1,07,000,00,2,4,02,B01
201700011284,1,07,000,00,2,4,01,C01
201700011285,2,07,000,00,2,8,01,B01
201700011285,1,07,000,00,2,1,15,A01
201700011286,1,07,000,06,0,1,00,A01
201700011287,1,07,000,08,2,2,10,A01
201700011287,0,07,000,00,2,2,21,B01
201700011288,1,33,000,00,2,2,01,B01
201700011288,1,07,000,00,2,3,09,A01
201700011289,1,07,000,00,2,1,13,A01
201700011289,2,07,000,00,2,1,01,B01
201700011290,1,07,000,00,2,1,16,A01
201700011290,1,07,000,00,2,3,23,B01
201700011291,2,07,000,00,2,3,01,B01
201700011291,1,07,000,00,2,2,13,A01
201700011292,2,07,000,00,2,1,05,A01
201700011292,1,07,000,00,2,0,00,C01
201700011292,1,07,000,00,2,1,00,B01
201700011293,1,33,000,00,2,0,13,A01
201700011293,2,31,000,00,2,1,00,B01
201700011294,1,07,000,00,2,3,01,B01
201700011294,2,07,000,00,2,1,15,A01
201700011295,1,34,000,00,2,7,01,B01
201700011295,2,07,000,00,2,2,09,A01
201700011296,2,07,000,00,2,8,17,A01
201700011296,1,07,000,00,2,8,02,B01
201700011297,1,33,000,00,0,8,01,A01
201700011297,2,07,000,00,0,0,02,T01
201700011298,1,07,000,00,2,4,02,B01
201700011298,1,07,000,00,2,1,02,A01
201700011298,1,07,000,00,2,4,00,C01
201700011298,1,07,000,00,2,4,02,D01
201700011299,1,07,000,00,2,3,09,A01
201700011299,0,33,000,00,2,7,15,B01
201700011300,1,07,000,00,2,4,01,B01
201700011300,0,07,000,00,2,1,02,A01
201700011301,0,07,000,00,2,3,15,A01
201700011301,0,07,000,00,2,2,17,B01
201700011302,0,07,000,00,2,8,19,B01
201700011302,0,07,000,00,2,1,19,A01
201700011303,0,02,000,12,0,1,01,A01
201700011304,0,07,000,00,2,0,01,Z01
201700011304,1,02,000,00,2,2,02,B01
201700011305,1,07,000,08,2,1,01,A01
201700011305,1,07,000,00,2,0,00,B01
201700011306,1,07,000,00,2,9,02,B01
201700011306,0,07,000,00,2,7,02,C01
201700011306,1,07,000,00,2,1,19,A01
201700011307,1,07,000,00,2,1,01,B01
201700011307,1,07,000,00,2,7,19,A01
201700011308,1,10,000,00,1,2,02,A01
201700011309,1,07,000,01,0,2,09,A01
201700011309,1,38,000,00,2,6,24,B01
201700011310,1,33,000,00,2,3,01,A01
201700011310,2,07,000,00,2,3,15,B01
201700011311,2,33,000,00,2,1,01,B01
201700011311,2,07,000,00,2,8,10,A01
201700011312,1,07,000,15,0,9,15,A01
201700011313,1,07,000,00,2,3,16,A01
201700011313,1,07,000,00,2,2,01,B01
201700011314,0,37,000,00,2,7,15,A01
201700011314,0,07,000,00,2,1,02,B01
201700011315,1,07,000,00,1,1,01,A01
201700011316,1,07,000,00,2,8,15,A01
201700011316,1,33,000,00,2,2,02,B01
201700011317,2,07,000,00,1,1,01,A01
201700011318,1,07,000,00,2,1,15,A01
201700011318,2,07,000,00,2,1,02,B01
201700011319,1,30,000,00,2,1,18,A01
201700011319,0,07,000,00,2,6,09,B01
201700011320,1,07,000,00,0,0,00,M01
201700011321,1,07,000,00,2,2,15,A01
201700011321,2,30,000,00,2,1,01,B01
201700011322,0,07,000,02,0,3,14,A01
201700011323,0,07,000,00,2,4,00,B01
201700011324,1,07,000,00,2,2,19,B01
201700011324,1,33,000,00,2,1,19,A01
201700011325,1,07,000,00,1,3,01,A01
201700011326,1,30,000,01,0,1,01,A01
201700011326,1,10,000,00,2,4,23,B01
201700011327,1,15,000,00,2,3,11,A01
201700011327,1,07,000,00,2,2,01,B01
201700011328,1,07,000,00,2,3,15,B01
201700011328,1,31,000,00,2,1,17,A01
201700011329,1,07,000,00,2,1,19,A01
201700011329,2,07,000,00,2,8,01,B01
201700011330,1,07,000,00,2,8,10,A01
201700011330,1,31,000,00,2,2,17,B01
201700011331,1,07,000,00,2,4,02,B01
201700011331,1,07,000,00,2,1,02,A01
201700011331,1,07,000,00,2,4,02,C01
201700011332,1,07,000,00,2,6,01,B01
201700011332,1,07,000,00,2,1,17,A01
201700011333,2,07,000,00,2,4,01,B01
201700011333,2,07,000,00,2,4,01,A01
201700011334,1,07,000,00,1,2,01,A01
201700011335,0,07,000,00,2,4,02,C01
201700011335,0,07,000,00,2,4,02,B01
201700011335,0,07,000,00,2,1,02,A01
201700011336,1,07,000,00,1,1,01,A01
201700011337,1,07,000,00,2,3,17,A01
201700011337,1,07,000,00,2,6,02,C01
201700011337,2,07,000,00,2,1,01,B01
201700011338,1,07,000,04,0,2,14,A01
201700011339,1,33,000,00,2,2,17,B01
201700011339,1,07,000,00,2,3,13,A01
201700011340,1,10,000,00,2,2,02,A01
201700011340,1,07,000,00,2,6,02,B01
201700011341,1,07,000,00,1,1,01,A01
201700011342,1,07,000,00,2,1,02,A01
201700011342,1,07,000,00,2,4,01,B01
201700011343,2,07,000,00,0,0,00,A01
201700011344,2,07,000,00,2,1,02,A01
201700011344,2,17,000,00,0,4,00,B01
201700011345,2,07,000,00,2,2,02,A01
201700011345,2,07,000,00,2,6,01,B01
201700011346,1,07,000,00,2,1,02,A01
201700011346,1,07,000,00,2,4,02,B01
201700011347,2,07,000,00,2,1,02,A01
201700011347,2,17,000,00,2,4,01,B01
201700011348,2,14,000,01,1,2,14,A01
201700011349,1,17,000,00,2,3,01,C01
201700011349,1,10,000,00,2,4,02,B01
201700011349,1,07,000,00,2,1,02,A01
201700011350,2,15,000,00,0,6,01,B01
201700011350,2,07,000,00,2,1,14,A01
201700011351,1,10,000,00,2,3,21,A01
201700011351,1,07,000,00,2,5,02,B01
201700011351,1,07,000,04,0,8,21,C01
201700011351,1,07,000,00,0,2,01,D01
201700011351,1,10,000,00,0,4,01,E01
201700011352,1,07,000,00,9,1,01,A01
201700011353,2,07,000,00,2,1,02,A01
201700011353,2,07,000,00,0,4,02,B01
201700011354,1,07,000,00,6,3,01,A01
201700011355,1,07,000,04,0,3,01,A01
201700011356,1,07,000,04,0,1,21,A01
201700011357,1,07,000,00,2,1,01,A01
201700011357,1,15,000,00,2,5,01,B01
201700011358,2,07,000,00,2,1,12,A01
201700011358,2,17,000,00,0,4,01,B01
201700011359,1,07,000,00,2,1,02,A01
201700011359,1,07,000,00,0,4,02,B01
201700011360,1,07,000,00,2,1,02,A01
201700011360,1,07,000,00,0,4,02,B01
201700011361,2,17,000,00,2,1,01,D01
201700011361,2,07,000,00,2,7,01,A01
201700011361,2,07,000,00,2,4,01,C01
201700011361,2,17,000,00,2,3,01,B01
201700011362,2,17,000,00,0,5,01,A01
201700011362,2,10,000,03,2,3,02,B01
201700011363,2,07,000,00,0,4,01,A01
201700011363,2,07,000,00,2,4,02,B01
201700011363,2,07,000,00,2,4,02,C01
201700011363,2,07,000,00,2,1,02,D01
201700011363,2,07,000,00,0,4,01,E01
201700011363,2,33,000,00,0,4,02,F01
201700011363,2,33,000,00,2,1,02,G01
201700011364,1,10,000,00,2,1,02,A01
201700011364,1,07,000,00,0,4,02,B01
201700011365,1,07,000,04,0,3,13,A01
201700011366,2,07,000,16,0,0,01,A01
201700011367,1,07,000,04,0,1,02,A01
201700011367,1,07,000,00,2,1,01,B01
201700011368,1,17,000,00,2,1,02,A01
201700011368,1,17,000,00,2,1,02,B01
201700011368,1,17,000,00,2,4,23,C01
201700011368,1,17,000,00,0,4,23,D01
201700011369,2,07,000,00,2,1,02,A01
201700011369,2,17,000,00,0,4,23,B01
201700011370,2,07,000,00,2,1,02,A01
201700011370,2,07,000,00,2,4,02,B01
201700011370,2,10,000,00,0,4,01,C01
201700011371,1,33,000,00,2,8,11,A01
201700011371,1,07,000,00,2,7,17,B01
201700011372,2,10,000,00,2,2,11,B01
201700011372,1,07,000,00,2,2,11,A01
201700011373,1,01,000,00,0,0,01,B01
201700011373,2,33,000,08,2,9,01,A01
201700011374,2,33,000,00,0,1,17,A01
201700011375,2,07,000,00,2,4,01,B01
201700011375,2,07,000,00,2,1,01,A01
201700011376,1,01,000,00,2,8,13,A01
201700011376,2,07,000,00,0,6,01,B01
201700011377,2,33,000,05,0,2,14,A01
201700011378,1,07,000,00,0,4,01,A01
201700011378,1,10,000,00,2,1,02,B01
201700011379,1,33,000,00,0,0,14,A01
201700011380,1,07,000,00,2,1,13,A01
201700011380,2,07,000,00,0,0,21,C01
201700011380,2,07,000,00,2,1,01,B01
201700011381,2,07,000,00,2,1,02,B01
201700011381,2,07,000,00,0,4,02,A01
201700011382,1,07,000,13,0,1,16,A01
201700011383,2,07,000,03,2,2,14,A01
201700011383,2,17,000,00,0,6,01,B01
201700011384,2,10,000,00,2,1,01,A01
201700011384,2,07,000,04,2,4,00,B01
201700011385,1,07,000,00,2,4,01,B01
201700011385,1,07,000,00,2,1,01,A01
201700011386,0,01,000,00,2,1,13,B01
201700011386,0,07,000,00,2,2,01,A01
201700011387,2,33,000,01,2,9,21,B01
201700011387,2,07,000,00,2,2,09,A01
201700011388,0,07,000,00,2,1,01,C01
201700011388,0,07,000,00,2,4,02,B01
201700011388,0,07,000,00,0,4,02,A01
201700011388,0,07,000,00,0,4,02,D01
201700011389,1,07,000,00,2,2,05,Z01
201700011389,2,07,000,00,2,2,01,A01
201700011390,1,07,000,00,2,4,04,A01
201700011390,0,33,000,00,2,1,23,B01
201700011391,1,10,000,00,2,4,02,B01
201700011391,1,07,000,00,2,1,01,A01
201700011392,2,07,000,00,2,2,01,A01
201700011392,2,07,000,00,2,8,01,C03
201700011392,2,07,000,00,2,8,01,B02
201700011392,2,07,000,00,2,4,01,D04
201700011393,1,07,000,15,0,0,01,A01
201700011394,2,07,000,04,0,8,17,A01
201700011395,1,07,000,00,0,0,01,B01
201700011395,1,07,000,00,2,0,11,A01
201700011396,0,07,000,03,0,2,01,A01
201700011397,2,07,000,13,0,5,14,A01
201700011398,2,17,000,13,0,5,01,A01
201700011399,1,17,000,16,0,7,01,A01
201700011400,1,07,000,13,0,5,01,B01
201700011400,1,07,000,00,2,3,02,A01
201700011400,1,38,002,00,0,5,23,C01
201700011401,1,07,000,03,0,3,01,A01
201700011402,1,07,000,00,0,5,17,A01
201700011402,1,07,000,00,0,0,13,B01
201700011403,1,10,000,03,0,2,01,A01
201700011404,2,07,000,00,2,1,13,A01
201700011404,1,17,000,00,2,1,21,B01
201700011405,1,07,000,00,0,4,23,A01
201700011405,1,17,000,01,0,1,01,B01
201700011406,2,14,000,00,9,7,18,A01
201700011406,2,01,000,00,9,8,00,B01
201700011407,1,17,000,13,0,2,01,A01
201700011408,1,07,000,08,0,1,00,A01
201700011409,1,07,000,00,2,3,13,A01
201700011409,2,07,000,00,2,3,01,B01
201700011410,2,02,000,00,2,1,17,A01
201700011410,1,07,000,00,2,2,01,B01
201700011411,1,07,000,13,0,1,14,A01
201700011412,1,07,000,00,2,3,13,A01
201700011412,2,14,000,00,2,3,01,B01
201700011413,1,21,000,00,2,8,15,A01
201700011413,1,33,000,00,2,1,01,B01
201700011414,2,07,000,13,0,3,01,A01
201700011415,2,17,000,00,2,3,01,A01
201700011415,1,07,000,00,2,1,01,C01
201700011416,1,07,000,16,0,9,01,A01
201700011417,2,01,000,00,2,1,14,B01
201700011417,2,07,000,00,2,3,02,A01
201700011418,2,07,000,00,2,2,15,A01
201700011418,1,01,000,00,2,1,01,B01
201700011419,2,07,000,00,2,1,15,A01
201700011419,1,07,000,00,2,3,01,B01
201700011420,1,07,000,00,1,3,01,A01
201700011421,1,01,000,00,0,7,01,A01
201700011421,1,07,000,00,2,8,24,B01
201700011422,1,07,000,00,1,2,01,A01
201700011423,1,10,000,00,2,1,01,A01
201700011423,1,17,000,00,2,6,01,B01
201700011424,2,07,000,13,0,9,01,A01
201700011425,2,07,000,13,0,1,01,A01
201700011426,1,07,000,00,0,8,13,B01
201700011426,1,33,000,00,2,1,17,A01
201700011427,1,07,000,13,0,3,21,A01
201700011428,1,07,000,03,0,7,00,A01
201700011429,1,07,000,03,0,3,01,A01
201700011430,0,07,000,00,1,2,15,A01
201700011431,0,01,000,00,2,3,01,B01
201700011431,0,07,000,00,9,2,01,A01
201700011432,1,07,000,02,0,1,00,A01
201700011433,2,07,000,00,2,1,00,B01
201700011433,1,07,000,01,2,2,13,A01
201700011434,0,07,000,01,1,7,01,A01
201700011435,2,33,000,00,2,1,01,B01
201700011435,1,14,000,00,2,3,15,A01
201700011436,0,30,000,00,2,8,19,A01
201700011436,0,33,000,00,2,1,01,B01
201700011437,0,07,000,00,0,7,01,A01
201700011437,0,02,000,00,2,1,01,B01
201700011438,1,07,000,02,0,3,01,A01
201700011439,1,07,000,00,1,3,01,A01
201700011440,2,07,000,00,1,3,01,A01
201700011441,0,07,000,00,1,1,01,Z01
201700011442,0,07,000,00,1,2,01,A01
201700011443,0,07,000,00,1,2,16,A01
201700011444,0,02,000,00,2,1,01,A01
201700011444,0,07,000,00,2,3,01,B01
201700011445,0,07,000,00,1,2,01,A01
201700011446,0,07,000,00,1,3,01,A01
201700011447,0,07,000,00,2,7,10,A01
201700011447,0,33,000,00,2,1,01,B01
201700011448,0,30,000,00,2,3,01,A01
201700011448,0,10,000,00,2,2,15,B01
201700011449,1,33,000,00,2,1,01,A01
201700011449,1,07,000,00,2,3,15,B01
201700011450,0,07,000,00,2,2,15,A01
201700011450,0,33,000,00,2,1,01,B01
201700011451,0,07,000,00,1,3,01,A01
201700011452,1,07,000,00,1,1,01,A01
201700011453,1,33,000,00,2,1,17,B01
201700011453,1,07,000,00,2,3,15,A01
201700011454,1,07,000,00,1,1,01,A01
201700011454,1,07,000,00,1,1,01,B01
201700011455,1,07,000,00,2,4,15,B01
201700011455,1,10,000,00,2,1,01,A01
201700011456,1,07,000,00,2,3,11,A01
201700011456,1,33,000,00,2,7,01,B01
201700011457,1,07,000,00,9,2,00,A01
201700011457,2,01,000,00,2,3,19,Y01
201700011458,0,07,000,02,0,0,00,A01
201700011459,1,33,000,00,1,1,19,A01
201700011460,1,07,000,00,2,2,15,A01
201700011460,2,33,000,00,2,1,01,B01
201700011461,1,37,000,00,2,3,16,B01
201700011461,2,07,000,00,9,3,15,A01
201700011462,1,07,000,00,1,1,09,A01
201700011463,2,10,000,00,2,3,01,B01
201700011463,2,07,000,00,2,1,13,A01
201700011464,2,01,000,00,1,1,01,A01
201700011465,1,07,000,00,2,1,01,A01