Num_Acc,senc,catv,occutc,obs,obsm,choc,manv,num_veh
201700011465,1,07,000,00,2,4,02,B01
201700011466,1,30,000,00,9,2,01,A01
201700011467,1,14,000,00,1,3,09,A01
201700011468,2,07,000,00,2,1,13,A01
201700011468,1,07,000,00,2,3,01,B01
201700011469,1,37,000,00,2,3,15,B01
201700011469,1,07,000,00,2,2,08,A01
201700011469,1,37,000,00,2,4,02,C01
201700011470,1,01,000,00,2,7,09,B01
201700011470,1,07,000,00,2,0,09,A01
201700011471,1,10,000,00,1,4,04,A01
201700011472,1,07,000,00,1,2,01,A01
201700011473,1,10,000,00,2,1,02,C01
201700011473,1,07,000,00,2,4,02,B01
201700011473,1,10,000,00,2,4,02,A01
201700011474,1,07,000,00,1,1,02,A01
201700011475,2,07,000,00,2,8,10,A01
201700011475,2,16,000,00,2,1,01,B01
201700011476,1,07,000,00,1,2,01,A01
201700011477,1,07,000,00,1,2,01,A01
201700011478,2,07,000,08,2,1,00,A01
201700011478,1,07,000,00,2,3,09,B01
201700011479,1,37,000,00,2,3,00,A01
201700011479,2,31,000,00,2,1,00,B01
201700011480,1,07,000,03,0,1,14,A01
201700011481,1,07,000,00,1,3,01,A01
201700011482,1,07,000,00,9,0,09,A01
201700011482,2,01,000,00,2,0,01,B01
201700011483,0,07,000,11,0,1,01,A01
201700011484,1,07,000,06,0,1,15,A01
201700011485,2,07,000,02,0,1,14,A01
201700011486,0,07,000,00,2,1,15,A01
201700011486,0,01,000,00,2,8,19,B01
201700011487,1,32,000,00,2,2,01,A01
201700011487,0,10,000,00,2,6,09,B01
201700011488,1,07,000,00,2,2,15,A01
201700011488,2,32,000,00,2,1,01,B01
201700011489,1,07,000,00,2,2,15,A01
201700011489,1,01,000,00,2,4,01,B01
201700011490,1,30,000,00,1,0,15,A01
201700011491,1,07,000,00,2,4,04,A01
201700011491,1,07,000,01,0,5,01,B01
201700011492,1,07,000,00,2,1,02,A01
201700011492,1,07,000,00,2,4,11,B01
201700011493,1,02,000,00,2,1,01,B01
201700011493,1,10,000,00,2,8,19,A01
201700011494,2,07,000,00,2,2,02,A01
201700011494,2,07,000,00,2,4,02,B01
201700011495,2,01,000,00,2,1,00,A01
201700011495,2,07,000,00,9,7,02,B01
201700011496,2,07,000,01,2,6,00,C01
201700011496,2,07,000,01,0,1,21,A01
201700011496,2,07,000,01,2,4,00,B01
201700011497,1,07,000,00,1,2,02,A01
201700011498,1,07,000,00,2,1,15,A01
201700011498,1,02,000,00,2,1,01,B01
201700011499,1,07,000,13,0,1,01,A01
201700011500,2,07,000,00,2,3,15,B01
201700011500,2,02,000,00,2,1,17,A01
201700011501,2,07,000,08,0,3,11,A01
201700011502,1,33,000,15,0,1,01,A01
201700011503,0,07,000,00,1,1,01,A01
201700011504,1,07,000,02,0,1,01,A01
201700011505,1,07,000,08,0,1,01,A01
201700011506,2,07,000,00,1,1,01,A01
201700011507,2,07,000,13,0,2,01,A01
201700011508,2,07,000,00,2,2,01,B01
201700011508,2,07,000,00,2,3,15,A01
201700011509,1,07,000,00,0,9,01,A01
201700011510,2,33,000,13,0,1,14,A01
201700011511,2,07,000,02,0,1,01,A01
201700011512,0,07,000,00,2,8,01,B01
201700011512,0,07,000,00,2,3,05,A01
201700011512,0,07,000,00,2,3,01,C01
201700011513,0,07,000,00,2,3,15,A01
201700011513,0,01,000,00,2,1,15,B01
201700011514,2,07,000,13,0,1,01,A01
201700011515,0,01,000,00,2,3,15,A01
201700011515,0,07,000,00,9,1,01,B01
201700011516,2,07,000,03,0,1,06,A01
201700011517,1,10,000,00,2,3,01,B01
201700011517,2,33,000,00,2,1,17,A01
201700011518,0,07,000,16,0,9,14,A01
201700011519,1,07,000,02,0,2,01,A01
201700011520,0,15,000,00,0,5,23,B01
201700011520,0,07,000,00,2,3,02,A01
201700011521,1,07,000,03,0,1,01,A01
201700011522,1,07,000,00,2,3,01,B01
201700011522,2,10,000,00,2,3,05,A01
201700011523,1,07,000,00,0,5,23,B01
201700011523,1,07,000,00,2,3,01,A01
201700011524,0,07,000,13,0,2,14,A01
201700011525,1,35,000,12,0,0,01,A01
201700011526,0,07,000,00,1,1,01,A01
201700011527,0,07,000,15,0,3,01,A01
201700011528,1,07,000,00,2,2,15,A01
201700011528,2,02,000,00,2,1,01,B01
201700011529,0,07,000,00,2,1,01,B01
201700011529,0,07,000,00,2,1,01,A01
201700011530,0,33,000,13,0,1,01,A01
201700011531,2,17,000,01,1,2,14,A01
201700011532,0,07,000,00,2,3,01,B01
201700011532,0,03,000,00,2,1,13,A01
201700011533,2,07,000,00,2,7,13,A01
201700011533,1,15,000,00,2,1,01,B01
201700011534,0,07,000,02,0,8,00,A01
201700011535,0,01,000,00,2,1,01,B01
201700011535,0,07,000,00,2,1,01,A01
201700011535,0,01,000,00,2,1,01,C01
201700011536,0,33,000,00,0,1,01,A01
201700011537,0,07,000,06,0,1,00,A01
201700011538,1,07,000,08,0,8,01,A01
201700011539,2,07,000,13,0,2,01,A01
201700011540,2,07,000,00,1,1,19,A01
201700011541,1,07,000,00,1,3,01,A01
201700011542,0,07,000,00,1,1,01,A01
201700011543,2,01,000,00,2,1,01,B01
201700011543,1,07,000,00,9,7,15,A01
201700011544,0,33,000,00,2,1,01,B01
201700011544,0,07,000,00,2,8,15,A01
201700011545,0,01,000,00,2,1,09,A01
201700011545,0,07,000,00,2,1,01,B01
201700011546,0,07,000,00,2,2,15,A01
201700011546,0,30,000,00,2,3,01,B01
201700011547,0,02,000,00,2,2,01,B01
201700011547,0,07,000,00,2,3,19,A01
201700011548,0,01,000,00,2,8,01,A01
201700011548,0,07,000,00,2,2,01,B01
201700011549,1,07,000,00,2,3,01,B01
201700011549,2,07,000,00,2,8,06,A01
201700011550,1,01,000,00,2,3,01,A01
201700011550,1,07,000,00,2,2,01,B01
201700011551,2,34,000,06,0,3,13,A01
201700011552,1,07,000,00,2,6,17,A01
201700011552,1,33,000,15,2,7,17,B01
201700011553,2,07,000,00,2,1,01,C01
201700011553,2,07,000,00,2,8,01,B01
201700011553,1,07,000,00,2,3,13,A01
201700011554,2,33,000,00,2,1,01,B01
201700011554,1,07,000,00,2,7,15,A01
201700011555,2,02,000,00,2,1,02,A01
201700011555,2,07,000,00,0,4,02,B01
201700011556,1,07,000,00,2,1,17,A01
201700011556,2,07,000,00,2,1,01,B01
201700011557,0,02,000,00,5,4,21,A01
201700011558,1,07,000,00,2,1,01,C01
201700011558,2,17,000,13,2,2,01,A01
201700011558,1,07,000,00,2,1,01,B01
201700011559,1,07,000,00,1,2,17,A01
201700011560,2,33,000,00,0,8,01,A01
201700011561,1,07,000,08,0,2,01,A01
201700011562,1,07,000,00,2,3,13,A01
201700011562,2,07,000,00,2,2,01,B01
201700011563,2,07,000,13,0,1,01,A01
201700011564,1,07,000,00,2,1,01,A01
201700011564,1,01,000,00,2,4,11,B01
201700011565,0,07,000,06,0,2,01,A01
201700011566,1,07,000,13,0,7,01,A01
201700011567,2,07,000,00,2,3,01,A01
201700011567,0,34,000,00,2,4,16,B01
201700011567,0,07,000,00,2,1,02,C01
201700011568,1,07,000,02,0,1,00,A01
201700011569,1,20,000,00,2,6,01,A01
201700011569,2,14,000,00,9,3,01,A02
201700011570,1,01,000,00,0,4,01,B01
201700011570,1,10,000,00,2,1,01,A01
201700011571,1,07,000,00,2,1,01,B01
201700011571,1,33,000,00,2,8,10,A01
201700011572,1,02,000,00,0,0,00,A01
201700011573,1,07,000,08,0,1,01,A01
201700011574,1,07,000,13,0,3,01,A01
201700011575,1,07,000,16,0,3,19,A01
201700011576,2,03,000,01,0,1,16,A01
201700011577,0,07,000,00,1,2,01,A01
201700011578,0,15,000,09,0,1,01,A01
201700011579,1,10,000,13,0,0,01,A01
201700011580,1,07,000,00,1,1,01,A01
201700011581,0,02,000,00,2,1,00,B01
201700011581,0,02,000,00,2,1,00,A01
201700011582,1,01,000,00,2,8,02,B01
201700011582,1,07,000,00,9,7,17,A01
201700011583,2,07,000,02,0,1,01,A01
201700011584,1,07,000,00,1,2,01,A01
201700011585,1,01,000,08,2,8,02,B01
201700011585,1,07,000,00,9,2,02,A01
201700011586,2,07,000,00,0,0,17,B01
201700011586,1,02,000,00,0,0,01,A01
201700011587,2,07,000,00,2,2,15,B01
201700011587,2,07,000,00,2,1,02,A01
201700011587,2,07,000,00,2,1,01,C01
201700011588,1,07,000,16,2,3,01,B01
201700011588,2,07,000,13,2,3,13,A01
201700011589,1,07,000,02,0,1,00,A01
201700011590,2,07,000,00,2,3,01,A01
201700011590,1,33,000,00,2,0,01,B01
201700011591,0,07,000,01,1,2,16,A01
201700011592,0,07,000,00,1,3,15,A01
201700011593,1,07,000,00,2,3,01,B01
201700011593,1,07,000,01,2,3,02,A01
201700011594,1,07,000,00,1,2,01,A01
201700011595,0,07,000,00,1,3,20,A01
201700011596,1,07,000,02,0,2,01,A01
201700011597,1,07,000,00,2,2,13,A01
201700011597,2,07,000,00,2,6,01,B01
201700011597,2,07,000,00,2,2,01,C01
201700011598,1,07,000,07,9,1,01,A01
201700011599,2,07,000,01,9,1,01,A01
201700011600,1,07,000,00,1,8,00,A01
201700011601,2,07,000,00,2,7,19,B01
201700011601,1,07,000,00,2,2,01,A01
201700011602,1,30,000,00,0,0,01,A01
201700011603,0,30,000,16,0,8,01,A01
201700011604,1,03,000,00,0,0,01,A01
201700011605,1,07,000,00,0,3,01,A01
201700011606,1,33,000,00,2,8,05,A01
201700011606,2,07,000,00,2,8,01,B01
201700011607,2,01,000,12,0,1,00,A01
201700011608,1,07,000,00,9,2,01,A01
201700011608,1,01,000,00,0,4,01,B01
201700011609,2,07,000,00,2,1,05,A01
201700011609,1,07,000,00,2,1,01,B01
201700011610,1,07,000,00,2,3,03,A01
201700011610,2,02,000,00,2,1,01,B01
201700011611,1,07,000,00,2,8,01,B01
201700011611,0,07,000,00,2,1,01,A01
201700011612,1,07,000,00,2,1,13,A01
201700011612,2,14,000,00,2,3,01,B01
201700011613,1,07,000,00,2,2,14,A01
201700011613,1,10,000,00,0,7,21,B01
201700011614,2,02,000,00,0,1,00,A01
201700011614,1,01,000,00,0,4,01,B01
201700011615,2,07,000,00,2,1,17,A01
201700011615,1,07,000,00,2,1,01,B01
201700011616,2,07,000,00,2,1,01,C01
201700011616,1,07,000,00,0,6,01,A01
201700011616,1,07,000,00,2,1,17,B01
201700011617,2,07,000,02,0,1,01,A01
201700011618,1,07,000,00,2,1,01,B01
201700011618,0,07,000,00,2,5,19,A01
201700011619,2,07,000,00,2,2,01,B01
201700011619,1,07,000,00,2,3,15,A01
201700011620,1,02,000,00,0,0,00,A01
201700011621,2,07,000,13,0,1,01,A01
201700011622,1,07,000,02,0,1,01,A01
201700011623,1,07,000,02,0,3,01,A01
201700011624,0,21,000,00,2,5,01,A01
201700011624,0,30,000,00,2,1,19,B01
201700011625,1,07,000,00,2,1,13,A01
201700011625,2,07,000,00,2,1,01,B01
201700011626,2,01,000,00,2,8,02,B01
201700011626,2,07,000,00,9,7,17,A01
201700011627,1,07,000,13,0,1,00,A01
201700011628,1,07,000,13,0,1,13,A01
201700011629,2,07,000,13,0,3,01,A01
201700011630,1,01,000,00,2,3,01,B01
201700011630,1,01,000,00,2,5,14,A01
201700011631,1,33,000,13,0,1,01,A01
201700011632,0,07,000,00,2,6,17,A01
201700011632,0,07,000,06,2,1,01,B01
201700011633,0,07,000,00,2,1,01,B01
201700011633,0,07,000,00,2,1,01,A01
201700011634,1,07,000,02,0,1,13,A01
201700011635,1,15,000,00,2,1,01,B01
201700011635,2,07,000,00,2,3,15,A01
201700011636,1,07,000,00,0,9,01,A01
201700011637,2,07,000,02,0,8,01,A01
201700011638,0,33,000,02,0,1,01,B01
201700011638,0,33,000,02,0,1,01,A01
201700011639,1,03,000,00,2,1,13,A01
201700011639,2,07,000,00,2,1,21,B01
201700011640,1,07,000,08,0,1,14,A01
201700011641,1,10,000,00,2,6,01,B01
201700011641,2,07,000,00,2,3,13,A01
201700011642,2,07,000,15,0,8,14,A01
201700011643,1,07,000,13,0,2,14,A01
201700011644,1,02,000,00,0,1,16,A01
201700011645,0,07,000,00,2,3,15,B01
201700011645,0,07,000,00,2,2,01,A01
201700011646,2,07,000,00,2,3,05,A01
201700011646,1,33,000,00,2,2,01,B01
201700011647,2,33,000,12,0,1,02,A01
201700011648,1,31,000,00,2,0,21,A01
201700011648,2,07,000,00,2,0,15,B01
201700011649,1,07,000,00,2,4,15,A01
201700011649,1,32,000,00,0,0,00,B01
201700011650,2,07,000,01,1,1,20,A01
201700011651,2,07,000,08,0,2,02,A01
201700011652,2,33,000,00,0,0,01,A01
201700011653,1,07,000,00,2,3,01,B01
201700011653,1,02,000,00,2,1,01,A01
201700011654,1,07,000,00,2,1,15,A01
201700011654,2,07,000,00,2,1,01,B01
201700011655,2,31,000,12,0,3,15,A01
201700011656,1,34,000,13,0,1,00,A01
201700011657,1,33,000,11,0,2,16,A01
201700011658,1,07,000,15,0,1,13,A01
201700011659,1,02,000,00,0,8,01,A01
201700011660,1,07,000,08,0,2,14,A01
201700011661,1,33,000,13,0,7,13,A01
201700011662,1,33,000,12,0,1,09,A01
201700011663,1,07,000,00,2,6,23,A01
201700011663,1,07,000,00,2,1,21,C01
201700011663,1,07,000,00,2,2,21,B01
201700011664,1,07,000,00,2,3,19,A01
201700011664,1,07,000,00,2,1,21,B01
201700011665,1,07,000,00,2,1,02,B01
201700011665,1,07,000,00,9,4,02,A01
201700011666,2,07,000,01,1,2,13,A01
201700011667,1,07,000,00,1,7,01,A01
201700011668,1,21,000,00,2,1,01,B01
201700011668,2,07,000,00,2,3,09,A01
201700011669,0,21,000,06,0,8,01,A01
201700011670,1,07,000,13,0,1,14,A01
201700011671,0,07,000,00,2,3,15,A01
201700011671,1,07,000,00,2,2,01,B01
201700011672,2,10,000,13,0,1,00,A01
201700011673,2,10,000,00,2,1,01,B01
201700011673,1,10,000,00,2,1,13,A01
201700011674,2,07,000,03,0,2,13,A01
201700011675,1,33,000,00,0,9,01,A01
201700011676,1,33,000,00,2,1,01,A01
201700011676,2,01,000,00,2,7,19,B01
201700011677,0,07,000,00,2,3,01,B01
201700011677,0,07,000,00,2,3,01,A01
201700011678,2,07,000,00,2,1,02,C01
201700011678,1,13,000,00,2,8,01,D01
201700011678,2,07,000,00,2,4,02,A01
201700011678,2,07,000,00,2,1,02,B01
201700011679,2,07,000,00,2,8,01,B01
201700011679,1,33,000,00,2,8,13,A01
201700011680,0,07,000,05,0,1,01,A01
201700011681,2,07,000,00,0,8,13,A01
201700011682,1,07,000,02,0,7,13,A01
201700011683,2,17,000,04,0,1,13,A01
201700011684,2,07,000,02,0,1,00,A01
201700011685,2,07,000,00,9,3,15,A01
201700011685,1,01,000,00,2,3,01,B01
201700011686,2,02,000,00,2,1,15,B01
201700011686,1,07,000,00,0,2,01,A01
201700011687,0,07,000,00,1,1,01,A01
201700011688,2,07,000,13,2,0,01,B01
201700011688,1,07,000,15,2,5,16,A01
201700011689,2,07,000,02,0,7,13,A01
201700011690,2,02,000,08,2,1,00,B01
201700011690,1,07,000,00,2,3,13,A01
201700011691,1,01,000,00,0,4,02,B01
201700011691,1,21,000,00,9,2,02,A01
201700011692,1,13,000,00,2,2,01,B01
201700011692,2,07,000,00,2,8,13,A01
201700011693,1,07,000,00,0,9,01,A01
201700011694,2,33,000,02,0,1,21,B01
201700011695,2,33,000,00,2,2,13,A01
201700011695,1,10,000,00,2,1,01,B01
201700011696,1,33,000,13,0,2,14,A01
201700011697,2,07,000,00,1,1,01,A01
201700011698,2,07,000,13,9,1,13,A01
201700011699,2,07,000,00,1,6,20,A01
201700011700,0,35,000,13,0,0,13,A01
201700011701,2,33,000,00,2,1,13,A01
201700011701,1,07,000,00,2,1,01,B01
201700011702,2,33,000,13,0,1,01,A01
201700011703,1,07,000,00,1,1,01,A01
201700011704,2,07,000,00,1,3,21,A01
201700011705,2,33,000,07,0,1,01,A01
201700011705,2,33,000,15,0,2,02,B01
201700011706,2,33,000,00,0,7,01,A01
201700011707,1,07,000,00,2,1,01,B01
201700011707,2,07,000,00,2,1,05,A01
201700011708,1,01,000,00,2,8,01,A01
201700011708,1,14,000,00,2,5,13,B01
201700011709,1,33,000,00,0,0,17,A01
201700011710,0,07,000,00,2,3,01,B01
201700011710,0,07,000,00,2,3,01,A01
201700011711,1,33,000,00,6,1,01,A01
201700011712,0,07,000,08,0,2,01,A01
201700011713,1,07,000,00,2,8,01,B01
201700011713,2,33,000,00,2,8,01,A01
201700011714,2,33,000,03,0,9,01,A01
201700011715,1,33,000,16,0,9,01,A01
201700011716,2,33,000,13,0,0,01,A01
201700011717,0,07,000,00,0,0,00,A01
201700011718,1,33,000,06,0,1,01,A01
201700011719,2,07,000,06,0,3,01,A01
201700011720,2,33,000,13,0,1,01,A01
201700011721,0,32,000,00,2,1,01,A01
201700011721,0,07,000,00,2,1,01,B01
201700011722,1,07,000,09,0,9,13,A01
201700011723,0,33,000,02,0,1,01,A01
201700011724,0,07,000,00,1,2,01,A01
201700011725,1,07,000,16,0,9,01,A01
201700011726,0,07,000,00,1,1,05,A01
201700011727,2,07,000,02,0,1,14,A01
201700011728,1,33,000,13,0,8,02,A01
201700011729,1,33,000,13,0,0,01,A01
201700011730,2,07,000,06,0,2,00,A01
201700011731,1,33,000,00,0,8,01,A01
201700011732,1,07,000,02,0,1,01,A01
201700011733,1,33,000,12,0,3,01,A01
201700011734,1,07,000,00,2,1,13,A01
201700011734,2,07,000,00,2,1,01,B01
201700011735,2,07,000,00,2,1,02,C01
201700011735,2,07,000,00,2,3,01,B01
201700011735,2,07,000,00,2,3,13,A01
201700011736,2,07,000,13,2,1,13,A01
201700011736,1,07,000,14,0,2,01,C01
201700011736,1,07,000,00,2,2,01,B01
201700011737,0,07,000,00,2,8,09,A01
201700011737,0,07,000,00,2,1,01,B01
201700011738,1,07,000,00,2,3,15,A01
201700011738,2,07,000,00,2,3,01,B01
201700011739,2,33,000,00,2,3,13,A01
201700011739,1,07,000,00,2,3,01,B01
201700011740,2,07,000,00,2,2,15,A01
201700011740,1,07,000,00,2,1,01,B01
201700011741,0,07,000,00,2,3,15,B01
201700011741,0,31,000,00,2,7,01,A01
201700011742,0,07,000,00,1,2,01,A01
201700011743,1,07,000,15,0,1,01,A01
201700011744,2,33,000,06,0,7,01,A01
201700011745,1,07,000,00,2,1,13,A01
201700011745,1,14,000,00,2,1,01,B01
201700011746,2,07,000,00,2,3,01,B01
201700011746,1,07,000,00,2,1,17,A01
201700011747,0,07,000,00,0,8,15,B01
201700011747,0,01,000,00,2,1,17,A01
201700011748,1,07,000,00,2,1,01,B01
201700011748,1,07,000,00,9,0,01,C01
201700011748,2,07,000,00,2,7,01,A01
201700011749,2,07,000,08,0,1,00,A01
201700011750,0,07,000,00,2,2,01,A01
201700011750,0,07,000,00,2,1,01,B01
201700011751,0,07,000,07,0,3,01,A01
201700011752,0,07,000,00,2,1,15,A01
201700011752,2,33,000,00,2,1,01,B01
201700011753,0,20,000,00,1,1,01,A01
201700011754,1,02,000,00,2,1,01,B01
201700011754,2,07,000,00,2,2,13,A01
201700011755,1,07,000,10,2,1,13,A01
201700011755,2,07,000,00,2,1,01,B01
201700011756,2,31,000,00,2,3,13,A01
201700011756,1,07,000,00,2,3,01,B01
201700011757,0,07,000,13,0,3,01,A01
201700011758,0,21,000,00,0,0,01,A01
201700011759,0,07,000,00,2,1,02,B01
201700011759,0,07,000,00,2,4,01,A01
201700011759,0,02,000,00,2,2,02,C01
201700011760,0,33,000,00,0,1,01,A01
201700011761,0,07,000,00,2,1,13,A01
201700011761,0,07,000,00,2,3,01,B01
201700011762,0,07,000,06,0,1,14,A01
201700011763,0,07,000,06,0,1,01,A01
201700011764,0,07,000,15,0,1,01,A01
201700011765,2,07,000,00,2,9,01,A01
201700011765,1,07,000,00,2,3,01,B01
201700011765,1,10,000,00,2,1,01,C01
201700011766,0,07,000,00,2,1,05,A01
201700011766,0,07,000,06,2,3,12,B01
201700011767,1,07,000,00,0,1,01,A01
201700011768,1,10,000,13,2,3,15,B01
201700011768,1,33,000,13,2,1,17,A01
201700011769,1,07,000,00,2,1,21,B01
201700011769,2,34,000,00,2,1,17,A01
201700011770,0,07,000,00,2,3,13,A01
201700011770,0,07,000,00,2,3,01,B01
201700011771,1,07,000,02,0,1,13,A01
201700011772,1,07,000,00,2,1,01,B01
201700011772,2,07,000,00,2,1,15,A01
201700011773,0,07,000,00,2,3,01,B01
201700011773,0,33,000,00,2,1,00,A01
201700011774,2,07,000,12,2,8,21,B01
201700011774,1,07,000,06,2,3,13,A01
201700011775,0,07,000,00,2,3,19,A01
201700011775,1,07,000,00,2,1,01,B01
201700011776,2,07,000,02,0,9,01,A01
201700011777,2,07,000,00,2,1,05,B01
201700011777,1,07,000,00,2,1,05,A01
201700011778,1,07,000,13,0,2,01,A01
201700011779,1,07,000,10,0,1,01,A01
201700011780,1,07,000,00,2,8,15,B01
201700011780,2,33,000,00,2,1,02,A01
201700011781,1,07,000,13,0,8,01,A01
201700011782,2,10,000,00,2,6,15,B01
201700011782,2,33,000,00,2,1,17,A01
201700011783,2,07,000,13,0,2,01,A01
201700011784,2,01,000,00,0,0,01,A01
201700011785,1,33,000,03,0,2,01,A01
201700011786,1,01,000,00,2,1,01,A01
201700011786,0,07,000,00,2,2,01,B01
201700011787,1,07,000,10,0,1,14,A01
201700011788,1,33,000,00,2,8,01,B01
201700011788,2,07,000,00,2,8,01,A01
201700011789,2,07,000,00,1,2,01,A01
201700011790,1,07,000,06,0,9,01,A01
201700011791,1,07,000,00,2,6,01,B01
201700011791,2,15,000,13,2,1,01,C01
201700011791,1,07,000,00,2,1,13,A01
201700011792,1,33,000,08,0,0,01,A01
201700011793,2,07,000,00,2,3,01,B01
201700011793,1,07,000,00,2,3,05,A01
201700011794,1,07,000,02,0,1,01,A01
201700011795,0,31,000,00,2,1,00,B01
201700011795,0,07,000,00,2,6,00,A01
201700011796,0,07,000,12,0,3,01,A01
201700011797,0,07,000,00,2,3,15,B01
201700011797,0,07,000,00,0,2,01,A01
201700011798,0,99,000,02,0,2,01,A01
201700011799,0,07,000,00,2,5,10,A01
201700011799,0,02,000,00,2,1,01,B01
201700011800,2,07,000,00,2,2,13,A01
201700011800,1,07,000,00,2,1,01,B01
201700011801,0,34,000,13,0,0,01,A01
201700011802,0,33,000,00,2,1,01,B01
201700011802,0,99,000,00,0,1,15,A01
201700011803,1,33,000,00,2,1,01,A01
201700011803,0,17,000,00,2,8,15,B01
201700011804,2,07,000,06,0,1,01,A01
201700011805,2,07,000,00,2,1,17,A01
201700011805,1,14,000,00,2,1,01,B01
201700011806,1,07,000,00,0,6,01,B01
201700011806,1,33,000,00,2,2,17,A01
201700011807,0,07,000,00,2,2,02,B01
201700011807,0,02,000,00,0,4,19,A01
201700011808,1,07,000,00,2,3,21,B01
201700011808,2,10,000,06,2,1,14,A01
201700011809,2,33,000,00,2,1,13,A01
201700011809,1,07,000,00,2,1,01,B01
201700011810,0,07,000,00,1,3,01,A01
201700011811,2,33,000,00,0,8,01,A01
201700011812,2,33,000,00,2,3,01,B01
201700011812,1,10,000,00,2,3,01,A01
201700011813,1,33,000,00,2,1,13,A01
201700011813,2,10,000,00,2,1,01,B01
201700011814,0,33,000,14,0,1,00,A01
201700011815,1,07,000,06,0,1,13,A01
201700011816,2,33,000,00,0,7,01,A01
201700011817,1,07,000,00,2,3,13,A01
201700011817,2,07,000,00,2,3,01,B01
201700011817,1,07,000,00,2,3,01,C01
201700011818,1,33,000,13,0,2,17,A01
201700011819,0,07,000,01,1,0,19,A01
201700011820,1,33,000,00,2,2,01,B01
201700011820,1,07,000,00,2,8,15,A01
201700011821,1,07,000,00,2,3,01,A01
201700011821,2,07,000,00,2,3,01,B01
201700011822,2,07,000,00,2,1,01,B01
201700011822,1,07,000,00,2,8,13,A01
201700011823,1,07,000,02,6,0,01,A01
201700011824,2,07,000,00,2,1,01,B01
201700011824,1,10,000,00,2,1,13,A01
201700011824,1,07,000,00,2,8,14,C01
201700011824,1,07,000,00,2,3,02,D01
201700011825,1,01,000,00,2,5,02,B01
201700011825,1,07,000,00,9,2,02,A01
201700011826,1,07,000,02,0,3,14,A01
201700011827,0,07,000,00,2,2,01,A01
201700011827,0,31,000,00,2,4,01,B01
201700011828,0,34,000,00,6,0,01,A01
201700011829,0,07,000,00,2,3,01,B01
201700011829,0,07,000,00,2,3,01,A01
201700011830,2,07,000,02,0,1,01,A01
201700011831,2,13,000,00,1,2,02,A01
201700011832,0,07,000,00,0,1,00,B01
201700011832,0,07,000,00,0,2,00,A01
201700011833,0,31,000,00,2,7,09,A01
201700011833,0,15,000,00,2,1,09,B01
201700011834,2,10,000,00,2,3,01,B01
201700011834,1,10,000,00,2,1,01,A01
201700011835,2,07,000,13,0,9,13,A01
201700011836,0,07,000,00,2,8,15,A01
201700011836,0,07,000,00,2,1,01,B01
201700011837,2,10,000,00,2,1,01,B01
201700011837,1,07,000,00,2,1,13,A01
201700011838,0,07,000,00,2,3,16,B01
201700011838,0,31,000,00,2,1,01,A01
201700011839,1,07,000,00,2,1,13,A01
201700011839,2,07,000,00,2,1,16,B01
201700011840,0,07,000,00,9,1,01,B01
201700011840,0,01,000,00,2,1,05,A01
201700011841,1,07,000,00,2,1,01,B01
201700011841,2,07,000,00,2,1,13,A01
201700011842,1,07,000,00,2,2,11,A01
201700011842,1,07,000,00,2,6,01,B01
201700011843,0,10,000,00,1,4,00,A01
201700011844,2,07,000,06,0,1,14,A01
201700011845,0,10,000,00,2,1,02,A01
201700011845,0,07,000,00,2,4,02,B01
201700011845,0,10,000,00,0,4,01,C01
201700011846,1,07,000,06,0,2,01,A01
201700011847,2,07,000,00,2,3,01,B01
201700011847,1,07,000,00,2,3,01,A01
201700011847,2,10,000,00,2,3,01,C01
201700011848,2,07,000,00,2,3,01,B01
201700011848,1,07,000,00,2,3,13,A01
201700011849,2,10,000,06,0,2,01,A01
201700011850,1,07,000,00,2,8,01,B01
201700011850,2,07,000,08,2,2,14,A01
201700011851,0,33,000,02,0,7,13,A01
201700011852,1,07,000,00,1,3,00,A01
201700011853,0,07,000,00,1,0,01,A01
201700011854,2,07,000,13,0,9,14,A01
201700011855,1,07,000,13,0,1,01,A01
201700011856,2,07,000,13,0,1,16,A01
201700011857,2,07,000,00,1,3,01,A01
201700011858,2,01,000,00,2,4,01,B01
201700011858,2,07,000,00,2,2,01,A01
201700011858,2,01,000,00,2,4,01,C01
201700011859,2,07,000,00,2,3,01,B01
201700011859,1,07,000,00,2,3,13,A01
201700011860,1,07,000,03,0,1,01,A01
201700011861,0,07,000,00,1,2,01,A01
201700011862,0,33,000,00,2,2,01,B01
201700011862,0,07,000,00,2,3,09,A01
201700011863,2,33,000,15,0,1,01,A01
201700011864,0,01,000,00,2,7,12,B01
201700011864,0,07,000,00,2,6,09,A01
201700011865,0,33,000,00,2,1,01,B01
201700011865,0,07,000,00,0,5,10,A01
201700011866,1,07,000,00,1,1,01,A01
201700011867,0,07,000,00,9,2,02,A01
201700011867,0,01,000,00,2,4,00,B01
201700011868,0,33,000,00,2,1,21,A01
201700011868,0,07,000,00,2,3,01,B01
201700011869,0,38,001,00,1,2,20,A01
201700011870,0,07,000,00,1,1,01,A01
201700011871,2,07,000,03,0,1,01,A01
201700011872,1,07,000,00,2,3,13,A01
201700011872,2,07,000,00,2,6,01,B01
201700011873,1,07,000,00,2,1,02,C01
201700011873,1,07,000,00,0,4,02,A01
201700011873,1,07,000,00,2,4,02,B01
201700011874,0,02,000,00,0,0,01,A01