Num_Acc,senc,catv,occutc,obs,obsm,choc,manv,num_veh
201700011875,0,33,000,00,2,8,23,B01
201700011875,1,07,000,00,2,4,02,C01
201700011875,1,33,000,00,2,1,02,A01
201700011876,1,07,000,00,2,2,01,B01
201700011876,2,07,000,00,2,7,19,A01
201700011877,0,01,000,00,0,4,01,B01
201700011877,0,07,000,00,9,1,02,A01
201700011878,0,07,000,00,1,3,15,A01
201700011879,1,07,000,00,2,1,00,A01
201700011879,1,07,000,00,0,4,00,B01
201700011880,0,33,000,12,0,8,00,A01
201700011881,1,31,000,00,2,1,01,B01
201700011881,0,07,000,14,0,0,10,C01
201700011881,1,07,000,00,2,5,01,A01
201700011882,0,07,000,00,9,2,02,A01
201700011882,0,01,000,00,2,8,02,B01
201700011883,0,33,000,00,0,5,12,B01
201700011883,0,07,000,00,2,3,09,A01
201700011884,0,07,000,00,2,0,13,A01
201700011884,0,07,000,00,2,3,01,B01
201700011885,1,07,000,00,2,8,19,A01
201700011885,1,07,000,00,2,1,02,B01
201700011886,2,07,000,06,0,3,01,A01
201700011887,0,07,000,00,1,1,01,A01
201700011888,0,07,000,00,1,2,01,A01
201700011889,0,07,000,00,0,0,00,A01
201700011890,1,07,000,00,2,3,01,A01
201700011890,2,07,000,00,2,3,01,B01
201700011891,1,07,000,13,0,9,01,A01
201700011892,2,33,000,00,0,0,17,A01
201700011893,2,07,000,00,0,0,01,A01
201700011894,0,01,000,16,0,0,01,A01
201700011895,0,33,000,13,0,2,01,A01
201700011896,2,07,000,13,0,2,00,A01
201700011897,0,07,000,00,2,1,13,A01
201700011897,0,07,000,00,2,1,01,B01
201700011898,0,07,000,00,2,1,01,A01
201700011898,0,02,000,00,2,3,01,B01
201700011899,0,13,000,00,2,2,01,B01
201700011899,0,14,000,00,2,6,09,A01
201700011900,1,07,000,03,2,2,05,A01
201700011900,2,07,000,00,2,1,01,B01
201700011901,0,07,000,00,2,3,01,B01
201700011901,0,07,000,00,2,1,19,A01
201700011902,0,07,000,13,0,9,01,A01
201700011903,0,07,000,00,0,0,01,A01
201700011904,2,33,000,13,0,1,15,A01
201700011905,2,33,000,06,0,2,01,A01
201700011906,0,07,000,00,2,6,00,A01
201700011906,0,10,000,00,2,1,19,B01
201700011907,0,07,000,03,0,9,00,A01
201700011908,0,07,000,13,0,1,21,A01
201700011909,1,10,000,00,2,8,15,B01
201700011909,2,07,000,00,2,1,01,A01
201700011910,1,07,000,13,0,0,01,A01
201700011911,2,07,000,00,2,4,01,B01
201700011911,1,07,000,00,2,1,02,A01
201700011912,2,07,000,13,0,2,02,A01
201700011913,1,30,000,12,0,1,01,A01
201700011914,0,07,000,00,2,3,01,A01
201700011914,0,07,000,00,2,1,02,B01
201700011915,1,07,000,00,2,2,15,A01
201700011915,2,07,000,00,2,1,01,B01
201700011916,0,07,000,13,0,2,01,A01
201700011917,1,03,000,08,0,1,01,A01
201700011918,1,33,000,00,1,2,01,A01
201700011919,1,07,000,00,2,7,01,A01
201700011919,2,07,000,00,2,1,01,B01
201700011920,1,07,000,02,0,1,01,A01
201700011921,2,02,000,00,2,1,23,A01
201700011921,2,02,000,00,0,4,23,B01
201700011922,1,07,000,13,0,1,01,A01
201700011923,1,34,000,13,0,9,01,A01
201700011924,0,07,000,00,0,1,01,B01
201700011924,0,07,000,00,0,4,01,A01
201700011925,2,07,000,02,0,1,01,A01
201700011926,1,07,000,02,0,1,00,A01
201700011927,0,07,000,13,0,1,01,A01
201700011928,1,02,000,00,2,7,01,B01
201700011928,2,07,000,00,2,8,10,A01
201700011929,1,07,000,06,0,2,01,A01
201700011930,2,07,000,00,2,1,01,A01
201700011930,0,07,000,00,2,8,15,B01
201700011931,2,33,000,13,0,9,14,A01
201700011932,1,10,000,00,2,3,15,A01
201700011932,2,07,000,00,2,1,01,B01
201700011933,0,07,000,13,0,9,01,A01
201700011934,1,07,000,13,0,2,14,A01
201700011935,0,07,000,00,0,9,17,A01
201700011936,2,33,000,01,0,1,01,A01
201700011937,0,07,000,00,1,2,02,A01
201700011938,1,33,000,00,2,1,03,A01
201700011938,2,07,000,00,2,1,01,B01
201700011939,0,07,000,00,2,8,23,C01
201700011939,0,07,000,00,2,1,15,B01
201700011939,1,30,000,00,2,1,01,A01
201700011940,2,07,000,00,2,8,01,A01
201700011940,1,07,000,00,2,1,01,B01
201700011941,1,07,000,00,2,1,15,A01
201700011941,2,07,000,00,2,1,01,B01
201700011942,2,10,000,15,0,2,01,A01
201700011943,1,07,000,12,0,1,01,A01
201700011944,1,01,000,00,2,4,01,B01
201700011944,1,07,000,09,2,2,01,A01
201700011945,2,07,000,14,0,1,01,A01
201700011946,1,07,000,06,0,1,01,A01
201700011947,1,33,000,13,0,1,01,A01
201700011948,0,07,000,00,2,1,01,A01
201700011948,0,02,000,00,2,1,16,B01
201700011949,1,02,000,00,2,5,15,A01
201700011949,1,07,000,00,2,2,01,B01
201700011950,1,02,000,00,6,1,01,A01
201700011951,1,07,000,00,2,1,13,A01
201700011951,2,07,000,00,2,1,01,C01
201700011951,2,07,000,00,2,1,01,B01
201700011952,1,07,000,00,2,3,01,B01
201700011952,2,07,000,07,2,2,15,A01
201700011953,1,07,000,00,2,4,02,B01
201700011953,1,07,000,00,2,1,02,A01
201700011953,1,07,000,00,0,6,02,D01
201700011953,2,07,000,00,2,3,01,C01
201700011954,1,01,000,00,2,7,19,A01
201700011954,1,07,000,00,9,3,00,B01
201700011955,0,30,000,00,2,1,01,B01
201700011955,0,07,000,00,0,6,15,A01
201700011956,0,02,000,00,2,1,11,B01
201700011956,0,07,000,00,2,3,21,A01
201700011957,1,07,000,00,0,2,09,B01
201700011957,2,07,000,00,0,1,01,A01
201700011958,,10,000,00,2,1,00,B01
201700011958,2,07,000,09,2,8,15,A01
201700011959,0,07,000,02,0,7,14,A01
201700011960,1,07,000,00,2,3,01,A01
201700011960,2,21,000,00,2,3,01,B01
201700011961,0,07,000,00,1,3,00,A01
201700011962,1,07,000,00,2,1,17,A01
201700011962,1,07,000,00,2,8,15,B01
201700011963,1,07,000,00,2,1,05,A01
201700011963,2,07,000,00,2,1,01,B01
201700011964,0,07,000,00,2,6,15,B01
201700011964,0,34,000,00,2,1,01,A01
201700011965,1,07,000,00,2,1,02,A01
201700011965,1,07,000,00,2,4,23,B01
201700011966,1,07,000,00,2,1,01,B01
201700011966,2,07,000,00,2,7,13,A01
201700011967,0,07,000,00,1,3,01,A01
201700011968,1,07,000,16,0,8,01,A01
201700011969,1,07,000,16,2,9,01,A01
201700011970,1,30,000,16,0,0,14,A01
201700011971,0,30,000,00,2,1,01,B01
201700011971,0,10,000,00,2,8,09,A01
201700011972,2,07,000,00,2,6,19,A01
201700011972,2,07,000,00,2,3,01,B01
201700011973,2,07,000,00,2,1,02,A01
201700011973,2,07,000,00,2,4,02,B01
201700011974,0,07,000,00,2,7,15,A01
201700011974,0,02,000,00,2,1,01,B01
201700011975,0,07,000,00,2,3,13,A01
201700011975,0,07,000,00,2,3,01,B01
201700011976,2,01,000,00,2,5,01,B01
201700011976,0,07,000,00,2,1,16,A01
201700011977,0,07,000,00,1,1,15,A01
201700011978,2,30,000,00,2,1,17,A01
201700011978,0,07,000,00,2,6,15,B01
201700011979,1,07,000,00,1,0,01,A01
201700011980,1,07,000,00,2,8,01,A01
201700011980,2,07,000,00,2,2,01,B01
201700011981,1,10,000,00,2,1,01,B01
201700011981,2,01,000,00,2,1,01,A01
201700011982,0,07,000,00,2,1,05,A01
201700011982,0,07,000,00,2,7,01,B01
201700011983,2,07,000,00,1,1,01,A01
201700011984,1,07,000,00,2,1,02,B01
201700011984,2,07,000,00,2,4,02,A01
201700011984,1,07,000,00,2,1,02,C01
201700011985,1,14,000,00,2,7,01,B01
201700011985,1,07,000,00,2,2,15,A01
201700011986,2,07,000,13,0,1,01,A01
201700011987,1,07,000,00,2,1,01,B01
201700011987,2,07,000,00,2,6,19,A01
201700011988,1,07,000,08,0,9,13,A01
201700011989,2,07,000,00,1,1,01,A01
201700011990,1,07,000,00,2,4,02,B01
201700011990,1,10,000,00,2,1,02,A01
201700011991,1,07,000,00,1,4,20,A01
201700011992,2,07,000,00,2,4,02,B01
201700011992,2,07,000,00,2,1,02,A01
201700011993,2,33,000,14,0,7,01,A01
201700011994,1,31,000,00,1,1,01,A01
201700011995,2,07,000,00,1,1,01,A01
201700011996,1,07,000,00,1,7,01,A01
201700011997,1,07,000,11,0,9,01,A01
201700011998,1,07,000,00,2,3,01,B01
201700011998,2,07,000,00,2,3,13,A01
201700011999,2,07,000,01,0,1,13,A01
201700012000,2,10,000,00,2,2,01,B01
201700012000,1,07,000,00,2,1,16,A01
201700012001,1,07,000,09,0,3,13,A01
201700012002,1,07,000,00,2,3,13,A01
201700012002,2,07,000,00,2,8,01,B01
201700012003,1,07,000,00,2,7,12,A01
201700012003,1,07,000,00,2,3,01,B01
201700012004,1,33,000,16,0,8,01,A01
201700012005,1,32,000,00,0,4,00,A01
201700012006,1,07,000,13,0,1,01,A01
201700012007,1,07,000,00,1,1,01,A01
201700012008,2,07,000,03,0,3,13,A01
201700012009,1,31,000,16,0,8,01,A01
201700012010,1,31,000,16,0,8,01,A01
201700012011,2,07,000,16,0,2,13,A01
201700012012,2,34,000,00,2,1,01,B01
201700012012,1,07,000,00,2,1,15,A01
201700012013,1,30,000,00,2,1,15,A01
201700012013,1,07,000,00,2,1,01,B01
201700012014,1,07,000,16,0,7,14,A01
201700012015,1,07,000,02,0,1,14,A01
201700012016,1,31,000,01,0,1,13,A01
201700012017,1,07,000,00,2,1,02,A01
201700012017,1,33,000,00,2,4,02,B01
201700012018,1,07,000,00,1,1,16,A01
201700012019,2,07,000,16,0,9,14,A01
201700012020,2,07,000,00,2,8,11,A01
201700012020,2,07,000,08,2,2,17,B01
201700012021,1,07,000,02,0,1,01,A01
201700012022,1,07,000,00,2,1,01,A01
201700012022,1,07,000,00,2,3,09,B01
201700012023,1,07,000,00,1,1,01,A01
201700012024,2,07,000,00,2,3,13,A01
201700012024,1,07,000,00,2,3,01,B01
201700012025,2,07,000,03,0,3,01,A01
201700012026,2,07,000,00,2,1,01,B01
201700012026,1,07,000,00,2,8,13,A01
201700012027,2,07,000,00,2,1,13,A01
201700012027,1,07,000,00,2,1,17,B01
201700012028,1,07,000,00,1,1,01,A01
201700012029,0,07,000,00,2,3,01,B01
201700012029,0,30,000,00,2,1,13,A01
201700012030,0,07,000,02,0,7,01,A01
201700012031,1,07,000,00,2,3,13,A01
201700012031,2,07,000,00,0,8,01,B01
201700012032,2,31,000,00,2,1,01,B01
201700012032,1,07,000,00,2,1,15,A01
201700012033,0,07,000,15,0,9,00,A01
201700012034,1,07,000,00,2,1,01,B01
201700012034,0,07,000,12,2,6,19,A01
201700012035,2,07,000,00,2,1,01,B01
201700012035,1,07,000,00,2,3,15,A01
201700012036,2,01,000,00,9,1,01,B01
201700012036,1,01,000,00,9,2,15,A01
201700012037,0,07,000,06,0,1,00,A01
201700012038,2,10,000,00,2,3,15,B01
201700012038,2,33,000,00,2,2,11,A01
201700012039,0,07,000,06,0,3,14,A01
201700012040,0,07,000,00,2,8,01,B01
201700012040,0,07,000,00,2,1,01,A01
201700012041,0,07,000,07,2,8,01,B01
201700012041,0,07,000,00,2,1,19,A01
201700012042,1,02,000,00,0,0,00,A01
201700012043,0,36,000,05,0,2,00,A01
201700012044,2,07,000,13,0,5,21,A01
201700012045,1,07,000,00,1,2,13,A01
201700012046,1,01,000,00,6,8,01,A01
201700012047,2,10,000,00,2,1,16,A01
201700012047,1,07,000,00,2,1,01,B01
201700012048,1,33,000,13,0,0,01,A01
201700012049,0,07,000,08,0,2,01,A01
201700012050,1,07,000,00,2,1,01,A01
201700012050,2,07,000,00,2,1,01,B01
201700012051,0,02,000,01,0,1,14,A01
201700012052,2,10,000,00,2,1,01,B01
201700012052,1,10,000,00,0,7,19,A01
201700012053,1,07,000,12,0,2,14,A01
201700012054,0,02,000,00,2,1,02,A01
201700012054,0,07,000,00,0,4,20,B01
201700012055,2,07,000,08,0,7,01,A01
201700012056,2,33,000,11,2,7,01,B01
201700012056,1,07,000,00,2,1,19,A01
201700012057,2,07,000,00,2,3,13,A01
201700012057,1,07,000,00,2,3,01,B01
201700012058,1,02,000,00,2,2,01,A01
201700012058,0,07,000,00,2,3,09,B01
201700012059,1,07,000,13,0,3,13,A01
201700012060,2,07,000,00,2,2,01,A01
201700012060,0,07,000,12,0,0,16,B01
201700012061,0,30,000,00,2,1,01,A01
201700012061,0,30,000,00,2,1,01,B01
201700012062,1,30,000,00,6,1,01,A01
201700012063,0,07,000,00,0,2,00,A01
201700012064,1,01,000,00,0,4,02,B01
201700012064,1,07,000,00,2,2,02,A01
201700012065,1,30,000,00,0,4,00,A01
201700012065,1,07,000,00,2,2,01,Z01
201700012066,2,07,000,13,0,7,01,A01
201700012067,1,07,000,00,2,3,19,B01
201700012067,2,07,000,00,2,2,01,A01
201700012068,0,07,000,00,1,3,01,A01
201700012069,2,07,000,00,2,2,02,A01
201700012069,2,01,000,00,2,8,02,B01
201700012070,2,07,000,00,0,0,01,A01
201700012071,0,33,000,00,2,8,01,B01
201700012071,0,07,000,00,2,3,15,A01
201700012072,2,07,000,00,2,1,05,B01
201700012072,1,07,000,00,2,8,02,C01
201700012072,1,07,000,00,2,1,13,A01
201700012072,1,07,000,00,2,1,05,D01
201700012073,2,07,000,00,2,1,01,D01
201700012073,1,07,000,00,2,5,23,B01
201700012073,1,07,000,00,0,0,15,C01
201700012073,1,07,000,00,2,3,01,A01
201700012074,0,07,000,00,2,3,01,A01
201700012074,0,07,000,00,2,3,01,B01
201700012075,2,01,000,13,2,8,02,A01
201700012075,2,07,000,00,9,7,02,B01
201700012076,1,07,000,13,2,3,01,B01
201700012076,1,13,000,00,2,2,15,A01
201700012077,1,07,000,00,2,1,01,B01
201700012077,2,07,000,00,2,1,05,A01
201700012078,1,07,000,00,2,2,01,B01
201700012078,1,07,000,00,2,3,16,A01
201700012079,1,07,000,02,0,1,00,A01
201700012080,1,07,000,13,0,1,01,A01
201700012080,1,33,000,00,0,8,01,B01
201700012081,1,07,000,00,2,3,01,A01
201700012081,0,07,000,00,2,1,19,B01
201700012082,2,07,000,08,0,9,01,A01
201700012083,0,07,000,00,4,8,23,A01
201700012083,0,39,008,01,0,1,00,B01
201700012084,0,02,000,12,9,2,01,A01
201700012085,2,07,000,14,0,1,01,A01
201700012086,1,01,000,00,2,1,16,B01
201700012086,2,07,000,00,9,2,01,A01
201700012087,1,07,000,00,0,3,01,B01
201700012087,2,07,000,00,2,3,13,A01
201700012088,1,33,000,15,0,1,00,A01
201700012089,1,02,000,00,2,2,11,A01
201700012089,2,10,000,00,2,2,01,B01
201700012090,2,02,000,00,2,1,01,B01
201700012090,1,07,000,00,2,3,15,A01
201700012091,1,07,000,13,0,8,01,A01
201700012091,1,07,000,13,2,9,02,B01
201700012092,0,07,000,13,0,1,13,A01
201700012093,0,07,000,00,1,4,04,A01
201700012094,1,07,000,06,0,2,14,A01
201700012095,0,02,000,00,0,0,01,A01
201700012096,2,01,000,00,2,1,01,B01
201700012096,0,07,000,00,0,7,15,A01
201700012097,0,07,000,00,1,2,01,A01
201700012098,1,33,000,12,0,8,10,A01
201700012099,0,30,000,06,0,1,01,A01
201700012100,1,07,000,13,0,1,19,A01
201700012101,1,33,000,16,0,1,01,A01
201700012102,2,07,000,00,1,1,01,A01
201700012103,0,02,000,08,0,7,01,A01
201700012104,1,07,000,00,2,4,23,B01
201700012104,1,07,000,00,0,4,23,C01
201700012104,1,07,000,00,2,1,02,A01
201700012105,1,07,000,00,2,6,24,B01
201700012105,1,07,000,01,1,2,02,A01
201700012106,2,07,000,00,2,1,01,B01
201700012106,1,21,000,00,2,6,15,A01
201700012107,2,07,000,00,1,2,01,A01
201700012108,0,07,000,00,1,3,19,A01
201700012109,2,07,000,00,2,1,09,A01
201700012109,2,33,000,00,2,7,01,B01
201700012110,1,10,000,00,0,0,02,C01
201700012110,1,21,000,00,2,3,15,B01
201700012110,1,34,000,00,2,2,17,A01
201700012111,1,07,000,00,2,3,13,A01
201700012111,2,07,000,00,2,3,01,B01
201700012112,2,33,000,02,0,5,01,A01
201700012113,1,17,000,00,0,8,10,A01
201700012113,2,07,000,00,2,1,01,B01
201700012114,1,07,000,02,2,3,01,A01
201700012114,1,02,000,00,0,4,01,B01
201700012115,1,07,000,00,2,3,01,B01
201700012115,2,07,000,00,2,3,13,A01
201700012116,2,15,000,13,0,7,14,A01
201700012117,1,07,000,00,0,3,01,B01
201700012117,2,07,000,00,2,3,17,A01
201700012118,2,33,000,00,2,1,01,B01
201700012118,2,07,000,00,2,6,19,A01
201700012119,1,17,000,00,2,1,01,B01
201700012119,2,07,000,00,2,1,13,A01
201700012120,2,07,000,00,2,2,02,A01
201700012120,2,07,000,00,2,6,02,B01
201700012121,1,07,000,00,2,3,01,B01
201700012121,2,07,000,00,2,3,01,A01
201700012122,2,33,000,15,0,1,00,A01
201700012123,1,07,000,00,2,1,01,A01
201700012123,2,07,000,00,2,1,05,B01
201700012124,2,10,000,00,2,3,00,B01
201700012124,1,07,000,00,9,0,00,C01
201700012124,1,07,000,00,2,3,13,A01
201700012125,2,07,000,00,2,3,13,A01
201700012125,1,17,000,00,2,3,01,B01
201700012126,1,07,000,15,0,2,01,A01
201700012127,2,07,000,00,2,3,01,B01
201700012127,1,07,000,00,2,3,01,A01
201700012128,2,07,000,00,2,1,13,A01
201700012128,1,03,000,00,2,1,01,B01
201700012129,0,10,000,00,2,8,01,B01
201700012129,0,30,000,00,2,1,16,A01
201700012130,1,10,000,01,0,2,14,A01
201700012130,1,07,000,13,0,6,24,B01
201700012131,1,07,000,06,0,6,01,A01
201700012132,1,07,000,00,2,1,01,C01
201700012132,2,07,000,00,2,1,01,A01
201700012132,1,07,000,00,2,1,01,B01
201700012133,2,07,000,00,0,8,01,B01
201700012133,1,07,000,00,0,1,17,A01
201700012134,1,07,000,02,0,0,01,A01
201700012135,1,33,000,15,0,1,14,A01
201700012136,1,07,000,00,0,1,01,A01
201700012137,1,07,000,00,0,2,15,A01
201700012137,2,01,000,00,0,7,01,B01
201700012138,1,07,000,00,2,3,05,A01
201700012138,2,10,000,00,2,3,05,B01
201700012139,0,33,000,00,6,1,00,A01
201700012140,0,07,000,00,1,2,01,A01
201700012141,1,07,000,00,2,8,01,B01
201700012141,1,07,000,00,2,3,01,A01
201700012142,0,07,000,00,1,3,01,A01
201700012143,1,01,000,00,9,0,13,A01
201700012143,2,21,000,00,2,6,01,B01
201700012144,0,07,000,00,2,5,10,A01
201700012144,0,33,000,00,2,1,01,B01
201700012145,2,07,000,13,0,2,00,A01
201700012146,1,07,000,02,0,3,01,A01
201700012147,2,07,000,00,2,2,01,A01
201700012147,2,07,000,00,2,3,23,B01
201700012147,2,07,000,00,0,5,23,C01
201700012148,2,01,000,00,0,6,02,B01
201700012148,2,07,000,00,9,2,02,A01
201700012149,1,33,000,13,0,1,01,A01
201700012150,2,02,000,00,2,8,19,A01
201700012150,1,07,000,00,2,1,01,B01
201700012151,1,02,000,00,2,1,01,B01
201700012151,2,07,000,00,2,2,17,A01
201700012152,2,07,000,15,9,3,01,A01
201700012153,1,07,000,00,2,3,01,B01
201700012153,2,07,000,00,2,3,13,A01
201700012154,1,07,000,00,1,1,01,A01
201700012155,1,07,000,16,0,2,01,A01
201700012156,1,07,000,02,0,1,19,A01
201700012157,2,07,000,00,0,4,02,B01
201700012157,2,07,000,00,2,1,01,A01
201700012158,0,07,000,00,0,7,01,A01
201700012158,0,33,000,00,2,1,01,B01
201700012159,1,07,000,02,0,3,01,A01
201700012160,2,07,000,00,2,2,01,B01
201700012160,2,07,000,00,2,8,09,A01
201700012161,1,30,000,12,0,1,01,A01
201700012162,2,13,000,00,2,2,23,C01
201700012162,1,07,000,00,2,3,13,A01
201700012162,1,07,000,01,2,6,01,B01
201700012163,1,07,000,02,0,1,15,A01
201700012164,2,07,000,08,0,5,14,A01
201700012165,1,07,000,00,0,4,23,A01
201700012165,1,02,000,00,2,1,02,B01
201700012166,2,17,000,00,9,1,09,A01
201700012166,2,01,000,00,2,4,01,B01
201700012167,1,10,000,01,1,2,01,A01
201700012168,2,02,000,13,0,8,01,A01
201700012169,2,07,000,00,0,3,01,A01
201700012170,2,07,000,00,0,0,01,A01
201700012171,2,07,000,00,2,1,01,A01
201700012171,2,07,000,00,2,2,01,B01
201700012172,2,07,000,00,2,1,01,A01
201700012172,1,07,000,00,2,1,13,B01
201700012173,1,07,000,02,0,2,01,A01
201700012174,1,10,000,00,2,3,01,A01
201700012174,2,21,000,00,2,3,01,B01
201700012175,1,07,000,00,2,3,00,A01
201700012175,2,21,000,00,2,3,00,B01
201700012176,1,07,000,13,0,0,01,A01
201700012177,1,01,000,01,0,1,01,B01
201700012177,1,17,000,00,0,4,24,A01
201700012178,2,02,000,06,0,3,01,A01
201700012179,1,07,000,15,0,1,14,A01
201700012180,2,07,000,06,0,3,00,A01
201700012181,1,38,002,13,0,2,01,A01
201700012182,1,33,000,00,2,7,17,A01
201700012182,1,07,000,00,2,3,01,B01
201700012183,1,07,000,08,2,8,01,A01
201700012184,0,07,000,02,0,1,13,A01
201700012185,1,07,000,06,0,2,01,A01
201700012186,1,33,000,00,2,2,01,A01
201700012186,2,07,000,00,2,3,06,B01
201700012187,2,02,000,01,0,1,01,A01
201700012188,2,07,000,00,2,3,15,A01
201700012188,1,33,000,00,2,1,01,B01
201700012189,1,33,000,03,0,8,15,A01
201700012190,1,02,000,00,0,0,01,A01
201700012191,1,07,000,00,2,1,21,B01
201700012191,2,07,000,00,2,3,13,A01
201700012192,1,07,000,08,0,0,14,A01
201700012193,2,02,000,00,2,8,15,A01
201700012193,1,07,000,00,2,2,01,B01
201700012194,1,07,000,06,0,2,01,A01
201700012195,2,07,000,00,2,1,01,B01
201700012195,2,02,000,00,2,8,15,A01
201700012196,1,07,000,00,2,2,19,A01
201700012196,1,02,000,00,2,1,01,B01
201700012197,2,07,000,00,2,3,13,A01
201700012197,1,07,000,00,2,2,01,B01
201700012198,1,07,000,00,0,9,01,A01
201700012199,2,07,000,13,0,1,01,A01
201700012200,1,07,000,06,0,1,01,A01
201700012201,2,03,000,00,2,3,21,A01
201700012201,1,02,000,00,2,1,01,B01
201700012202,2,07,000,02,0,1,14,A01
201700012203,1,07,000,00,2,1,17,A01
201700012203,2,33,000,00,2,1,05,B01
201700012204,2,07,000,00,9,1,11,A01
201700012204,1,01,000,00,2,7,01,B01
201700012205,1,02,000,16,0,0,01,A01
201700012206,2,07,000,13,0,0,01,A01
201700012207,1,07,000,00,2,7,01,A01
201700012207,1,07,000,00,2,1,01,B01
201700012208,2,30,000,00,2,4,19,A01
201700012208,2,07,000,00,2,2,01,B01
201700012209,1,07,000,08,2,3,13,A01
201700012209,2,30,000,00,2,1,01,B01
201700012210,1,07,000,00,2,1,17,A01
201700012210,1,07,000,00,2,3,15,B01
201700012211,1,21,000,00,2,8,15,A01
201700012211,1,31,000,00,2,1,17,B01
201700012212,1,07,000,08,0,1,14,A01
201700012213,1,07,000,06,0,3,13,A01
201700012214,2,07,000,15,0,1,01,A01
201700012215,2,07,000,00,2,2,15,A01
201700012215,1,07,000,00,2,1,01,B01
201700012216,2,33,000,00,2,1,01,B01
201700012216,2,07,000,00,2,3,15,A01
201700012217,1,07,000,02,0,2,01,A01
201700012218,2,07,000,00,0,3,01,A01
201700012218,1,07,000,00,0,3,19,B01
201700012219,1,07,000,06,6,1,01,A01
201700012220,1,07,000,00,2,3,01,A01
201700012220,2,07,000,00,2,2,01,B01
201700012221,1,21,000,00,2,2,15,A01
201700012221,2,33,000,00,2,1,01,B01
201700012222,1,07,000,06,0,1,01,A01
201700012223,2,07,000,00,2,3,01,A01
201700012223,1,07,000,00,2,3,01,B01
201700012224,2,07,000,08,0,7,01,A01
201700012225,1,07,000,00,2,1,01,A01
201700012225,2,07,000,00,2,1,01,B01
201700012226,1,02,000,10,0,0,01,A01
201700012227,1,07,000,00,0,9,01,A01
201700012228,1,07,000,13,2,1,16,A01
201700012228,1,07,000,00,2,7,01,B01
201700012229,1,07,000,00,2,8,09,A01
201700012229,1,07,000,00,2,7,01,B01
201700012229,2,07,000,00,2,1,01,C01
201700012230,2,10,000,00,2,3,01,B01
201700012230,1,02,000,00,2,1,15,A01
201700012231,2,07,000,00,2,1,11,A01
201700012231,1,10,000,00,2,3,01,B01
201700012231,2,07,000,00,2,6,23,C01
201700012232,1,07,000,08,0,3,01,A01
201700012233,1,07,000,08,0,7,14,A01
201700012234,2,02,000,00,2,1,17,A01
201700012234,1,07,000,00,2,1,01,B01
201700012235,1,07,000,00,2,1,01,A01
201700012235,2,07,000,00,2,1,01,B01
201700012236,1,07,000,02,0,3,01,A01
201700012237,1,33,000,00,0,3,01,A01
201700012238,1,07,000,00,9,7,17,A01
201700012238,1,01,000,00,2,8,01,B01
201700012239,1,07,000,02,0,1,01,A01
201700012240,1,02,000,00,1,1,01,A01
201700012241,1,07,000,00,2,2,17,A01
201700012241,1,07,000,00,2,3,15,B01
201700012242,2,07,000,00,2,3,01,A01
201700012242,2,30,000,00,2,4,01,B01
201700012243,2,07,000,00,2,2,15,A01
201700012243,1,07,000,00,2,1,01,B01
201700012244,2,07,000,00,2,1,13,A01
201700012244,1,07,000,00,2,1,01,B01
201700012245,2,07,000,06,0,1,13,A01
201700012246,1,07,000,00,2,3,09,A01
201700012246,1,30,000,00,0,1,01,B01
201700012247,1,33,000,06,0,1,19,A01
201700012248,2,34,000,12,0,0,17,A01
201700012249,1,07,000,02,0,2,17,A01
201700012250,1,07,000,00,2,1,13,A01
201700012250,2,07,000,00,2,1,01,B01
201700012251,1,30,000,00,2,1,13,A01
201700012251,2,33,000,00,2,1,01,B01
201700012252,1,33,000,00,0,2,01,A01
201700012253,1,02,000,00,2,2,01,A01
201700012253,2,07,000,00,2,3,01,B01
201700012254,1,07,000,00,2,3,15,A01
201700012254,1,33,000,00,2,1,17,B01
201700012255,1,07,000,00,1,2,01,A01
201700012256,1,07,000,00,2,2,15,A01
201700012256,2,30,000,00,2,1,01,B01
201700012257,1,07,000,02,0,7,01,A01
201700012258,2,07,000,06,0,3,01,A01
201700012259,2,01,000,00,2,1,13,A01
201700012259,1,10,000,00,2,1,15,B01
201700012260,1,07,000,00,2,9,05,A01
201700012260,2,07,000,00,2,8,01,B01
201700012260,2,07,000,00,2,1,01,C01
201700012261,2,02,000,12,0,1,01,A01
201700012262,2,02,000,09,2,7,17,A01
201700012262,2,07,000,00,2,3,15,B01
201700012263,1,07,000,01,2,4,23,A01
201700012263,1,07,000,00,2,1,02,B01
201700012264,1,07,000,00,9,7,17,A01
201700012264,1,01,000,00,2,8,01,B01
201700012265,2,07,000,02,0,7,13,A01
201700012266,2,01,000,00,2,2,13,A01
201700012266,1,07,000,00,2,3,01,B01
201700012267,2,31,000,00,2,3,01,A01
201700012267,1,01,000,00,2,2,01,B01
201700012268,2,33,000,00,2,1,01,A01
201700012268,2,07,000,00,2,3,09,B01
201700012269,1,02,000,12,0,7,00,A01
201700012270,1,07,000,00,2,1,19,A01
201700012270,2,33,000,00,2,1,01,B01
201700012271,1,33,000,00,2,1,01,B01
201700012271,1,07,000,00,2,6,15,A01
201700012272,2,33,000,00,2,1,01,B01
201700012272,1,07,000,00,2,1,15,C01
201700012273,1,07,000,00,1,5,16,A01
201700012274,2,07,000,02,0,1,01,A01
201700012275,1,33,000,00,2,1,01,A01
201700012275,2,07,000,00,2,3,01,B01
201700012276,1,07,000,00,0,0,16,A01
201700012276,1,02,000,00,0,0,21,B01