Num_Acc,senc,catv,occutc,obs,obsm,choc,manv,num_veh
201700012277,2,07,000,02,0,1,01,A01
201700012278,2,07,000,02,0,1,01,A01
201700012279,2,10,000,01,0,2,02,A01
201700012280,2,13,000,00,0,0,01,A01
201700012280,1,07,000,00,9,1,00,B01
201700012281,1,33,000,07,0,1,01,A01
201700012282,1,07,000,15,0,2,01,A01
201700012283,2,07,000,00,2,3,15,A01
201700012283,1,33,000,00,2,1,01,B01
201700012284,1,10,000,00,2,2,02,A01
201700012284,1,02,000,00,2,6,02,B01
201700012285,1,07,000,00,2,4,01,A01
201700012285,1,02,000,00,2,1,02,B01
201700012286,2,33,000,00,1,1,03,A01
201700012287,2,07,000,00,2,7,15,A01
201700012287,1,07,000,00,2,1,01,B01
201700012288,0,07,000,00,1,4,04,A01
201700012289,1,33,000,00,2,1,01,A01
201700012289,2,07,000,00,2,6,01,B01
201700012290,1,07,000,02,0,3,01,A01
201700012291,1,07,000,00,2,2,17,A01
201700012291,1,01,000,00,2,8,01,B01
201700012292,1,07,000,00,1,3,01,A01
201700012293,1,02,000,00,2,1,15,A01
201700012293,2,07,000,00,2,3,01,B01
201700012294,1,07,000,00,2,3,09,A01
201700012294,1,07,000,00,2,0,19,B01
201700012295,0,07,000,00,1,3,20,A01
201700012296,2,07,000,00,2,3,13,A01
201700012296,1,07,000,00,2,8,01,B01
201700012296,1,07,000,00,2,1,01,C01
201700012297,2,33,000,16,0,9,14,A01
201700012298,1,07,000,16,0,9,14,A01
201700012299,1,02,000,00,2,1,01,A01
201700012299,1,07,000,00,0,5,00,B01
201700012300,1,07,000,00,2,7,15,A01
201700012300,2,33,000,00,2,1,01,B01
201700012301,1,07,000,00,2,1,02,A01
201700012301,1,07,000,00,2,4,02,B01
201700012302,1,07,000,00,0,9,01,A01
201700012303,2,14,000,00,2,8,01,A01
201700012303,1,10,000,00,2,8,01,B01
201700012304,1,07,000,00,2,2,02,A01
201700012304,1,01,000,00,0,6,02,B01
201700012305,1,07,000,00,2,3,19,A01
201700012305,2,07,000,00,2,2,01,B01
201700012306,1,07,000,00,2,3,01,A01
201700012306,2,10,000,00,2,3,01,B01
201700012307,2,07,000,00,0,5,15,A01
201700012307,1,02,000,00,2,1,01,B01
201700012308,1,33,000,06,0,7,01,A01
201700012309,1,07,000,00,2,2,15,A01
201700012309,2,07,000,00,2,1,01,B01
201700012310,1,31,000,00,2,2,05,A01
201700012310,2,07,000,00,2,2,01,B01
201700012311,1,07,000,00,2,1,01,A01
201700012311,1,07,000,06,2,7,01,B01
201700012312,1,33,000,10,0,1,01,A01
201700012313,1,07,000,15,0,9,13,A01
201700012314,2,07,000,00,9,3,01,A01
201700012314,2,01,000,00,9,4,01,B01
201700012315,1,07,000,02,9,1,14,A01
201700012316,1,07,000,00,2,1,01,B01
201700012316,2,07,000,08,2,7,19,A01
201700012317,1,07,000,13,0,2,01,A01
201700012318,2,02,000,00,0,3,01,A01
201700012319,2,07,000,01,1,1,21,A01
201700012320,2,07,000,00,1,2,01,A01
201700012321,1,07,000,02,0,1,01,A01
201700012322,2,07,000,13,0,3,01,A01
201700012323,1,07,000,02,0,1,01,A01
201700012324,1,07,000,02,0,1,01,A01
201700012325,1,07,000,00,2,7,09,A01
201700012325,2,07,000,00,2,1,01,B01
201700012326,1,33,000,00,1,1,01,A01
201700012327,1,01,000,00,2,0,19,A01
201700012327,1,07,000,00,2,1,01,B01
201700012328,1,02,000,00,0,0,01,A01
201700012329,1,07,000,02,0,9,02,A01
201700012330,1,07,000,00,2,3,21,A01
201700012330,2,33,000,06,2,3,01,B01
201700012331,1,07,000,00,1,7,00,A01
201700012332,1,07,000,00,1,5,01,A01
201700012333,2,07,000,08,0,9,01,A01
201700012334,2,10,000,13,0,3,00,A01
201700012335,2,07,000,03,2,1,05,A01
201700012335,1,07,000,00,0,1,01,B01
201700012336,2,07,000,02,0,3,05,A01
201700012337,2,14,000,00,2,1,01,B01
201700012337,1,07,000,00,2,3,17,A01
201700012338,1,07,000,13,0,2,14,A01
201700012339,1,07,000,00,0,0,15,A01
201700012339,1,33,000,00,2,1,13,B01
201700012340,2,07,000,00,2,8,19,B01
201700012340,1,07,000,00,2,1,01,A01
201700012341,2,07,000,00,2,1,01,B01
201700012341,2,07,000,00,2,8,19,A01
201700012342,1,20,000,00,2,2,24,B01
201700012342,1,07,000,01,2,2,01,A01
201700012343,2,07,000,00,2,3,13,A01
201700012343,1,07,000,00,2,3,01,B01
201700012344,2,33,000,00,0,1,00,A01
201700012344,2,07,000,00,2,3,01,B01
201700012345,2,07,000,02,0,3,21,A01
201700012346,2,02,000,01,0,1,01,A01
201700012347,0,36,000,00,9,0,19,A01
201700012348,2,01,000,00,2,1,01,B01
201700012348,2,07,000,00,2,3,09,A01
201700012349,0,01,000,00,2,6,00,B01
201700012349,1,07,000,00,2,2,00,A01
201700012350,1,33,000,01,2,1,17,A01
201700012350,1,07,000,00,2,3,10,B01
201700012351,1,07,000,00,2,1,01,A01
201700012351,2,17,000,00,2,8,01,B01
201700012352,1,07,000,02,0,3,01,A01
201700012353,2,07,000,06,0,1,14,A01
201700012354,2,07,000,00,1,1,01,A01
201700012355,1,10,000,00,2,3,01,C01
201700012355,1,37,001,00,2,8,01,B01
201700012355,2,07,000,00,2,3,17,A01
201700012355,2,07,000,00,2,3,01,D01
201700012356,1,07,000,00,2,2,15,A01
201700012356,2,33,000,00,2,7,01,B01
201700012357,2,33,000,00,2,1,01,B01
201700012357,1,17,000,00,2,2,15,A01
201700012358,1,07,000,00,2,1,02,A01
201700012358,1,02,000,00,0,8,02,B01
201700012358,1,07,000,00,2,1,02,C01
201700012358,1,07,000,00,0,4,02,D01
201700012358,1,02,000,00,0,8,02,E01
201700012359,1,07,000,13,0,1,00,A01
201700012360,1,07,000,00,2,1,19,A01
201700012360,1,07,000,00,2,8,01,B01
201700012361,2,07,000,01,0,1,01,A01
201700012362,1,07,000,00,2,8,19,A01
201700012362,2,02,000,00,2,7,01,B01
201700012363,1,07,000,00,2,3,01,C01
201700012363,2,07,000,00,2,8,01,B01
201700012363,1,10,000,00,2,8,13,A01
201700012364,1,02,000,00,2,3,01,A01
201700012364,2,07,000,00,2,3,15,B01
201700012365,2,07,000,00,1,2,01,A01
201700012366,1,07,000,00,2,3,01,C01
201700012366,1,07,000,00,2,1,01,B01
201700012366,2,07,000,00,2,1,01,A01
201700012367,1,13,000,00,2,1,01,B01
201700012367,2,07,000,00,2,1,13,A01
201700012368,1,07,000,00,2,1,01,B01
201700012368,2,07,000,00,2,1,13,A01
201700012369,2,02,000,00,2,4,11,B01
201700012369,2,07,000,00,2,1,17,A01
201700012370,1,07,000,06,0,2,01,A01
201700012371,1,07,000,,,,,A02
201700012371,1,07,000,,,4,01,A01
201700012372,1,02,000,00,2,8,01,A01
201700012372,0,07,000,00,2,7,17,B01
201700012373,1,17,000,00,2,4,23,C01
201700012373,1,07,000,00,2,9,01,B01
201700012373,1,17,000,00,2,2,01,A01
201700012374,0,07,000,00,2,3,01,B01
201700012374,0,31,000,00,2,1,01,A01
201700012374,0,07,000,00,2,3,01,C01
201700012375,0,02,000,09,0,1,00,A01
201700012376,0,01,000,00,2,1,01,B01
201700012376,1,07,000,00,9,2,19,A01
201700012377,1,33,000,00,2,1,01,B01
201700012377,2,10,000,00,2,1,15,A01
201700012378,1,07,000,00,2,3,01,B01
201700012378,2,07,000,00,2,3,13,A01
201700012379,1,07,000,06,0,8,01,A01
201700012380,1,14,000,00,0,3,13,A01
201700012381,2,07,000,00,2,3,17,A01
201700012381,1,07,000,00,2,1,01,B01
201700012382,1,07,000,00,2,1,01,B01
201700012382,2,07,000,00,2,5,01,A01
201700012383,1,07,000,16,0,9,01,A01
201700012384,0,07,000,08,0,1,01,A01
201700012385,0,07,000,00,1,3,01,A01
201700012386,0,07,000,00,2,1,01,B01
201700012386,0,07,000,00,6,1,01,A01
201700012387,0,07,000,00,1,4,04,A01
201700012388,2,07,000,00,2,1,15,A01
201700012388,0,07,000,00,2,1,01,B01
201700012389,0,07,000,16,0,9,01,A01
201700012390,1,33,000,13,0,1,01,A01
201700012391,1,10,000,00,2,3,15,A01
201700012391,2,02,000,00,2,1,01,B01
201700012392,2,07,000,08,0,1,01,A01
201700012393,1,10,000,00,2,2,19,A01
201700012393,1,02,000,00,0,8,01,B01
201700012394,2,33,000,00,6,8,01,A01
201700012395,0,36,000,02,0,3,01,A01
201700012396,1,07,000,00,2,1,01,A01
201700012396,1,07,000,00,0,7,01,B01
201700012397,1,07,000,00,2,1,01,B01
201700012397,2,07,000,00,2,7,13,A01
201700012398,2,33,000,00,0,2,01,A01
201700012399,1,07,000,00,0,1,01,A01
201700012400,1,07,000,02,0,1,13,A01
201700012401,1,07,000,00,1,4,04,A01
201700012402,2,07,000,13,0,1,01,A01
201700012403,2,07,000,06,0,8,00,A01
201700012404,0,07,000,00,1,3,20,A01
201700012405,2,07,000,00,2,1,01,B01
201700012405,1,07,000,00,2,8,15,A01
201700012406,2,07,000,00,2,1,17,A01
201700012406,1,07,000,00,2,1,01,B01
201700012407,0,02,000,00,2,1,05,A01
201700012407,0,02,000,00,2,1,01,B01
201700012408,0,07,000,02,0,1,01,A01
201700012409,2,07,000,00,2,1,00,A01
201700012409,0,07,000,00,2,8,00,B01
201700012410,0,07,000,00,2,7,19,A01
201700012410,0,30,000,00,2,1,01,B01
201700012411,0,10,000,00,2,3,19,A01
201700012411,0,07,000,00,2,7,01,B01
201700012412,0,07,000,00,2,7,01,B01
201700012412,0,07,000,00,2,1,01,A01
201700012413,0,07,000,16,0,9,01,A01
201700012414,0,07,000,00,2,8,01,A01
201700012414,0,33,000,00,2,1,01,B01
201700012415,0,07,000,00,2,1,19,A01
201700012415,0,07,000,00,0,3,01,B01
201700012416,1,07,000,00,2,3,09,A01
201700012416,2,01,000,00,2,1,01,B01
201700012417,2,07,000,00,2,1,13,A01
201700012417,1,10,000,00,2,1,01,B01
201700012418,0,07,000,00,2,1,01,B01
201700012418,0,07,000,00,2,7,01,A01
201700012419,0,07,000,00,2,4,01,A01
201700012419,0,07,000,00,2,1,01,B01
201700012420,2,07,000,00,2,3,19,B01
201700012420,0,07,000,00,2,2,19,A01
201700012421,2,07,000,00,2,1,01,B01
201700012421,0,07,000,00,2,2,01,A01
201700012422,2,10,000,00,2,1,01,A01
201700012422,1,07,000,00,2,1,01,B01
201700012422,1,07,000,00,2,2,01,C01
201700012423,1,07,000,01,0,1,13,A01
201700012424,1,07,000,13,0,1,01,A01
201700012425,2,21,000,00,0,1,01,A01
201700012426,0,02,000,08,0,1,00,A01
201700012427,1,07,000,02,0,2,00,A01
201700012428,1,33,000,00,2,1,00,A01
201700012428,0,07,000,00,2,3,00,B01
201700012429,1,07,000,13,0,9,14,A01
201700012430,0,07,000,00,0,7,01,A01
201700012430,0,07,000,00,2,1,01,B01
201700012431,2,07,000,00,2,1,01,A01
201700012431,2,07,000,00,0,4,01,B01
201700012432,0,31,000,08,0,1,01,A01
201700012433,0,07,000,02,0,1,01,A01
201700012434,2,07,000,00,2,1,01,B01
201700012434,0,07,000,00,2,3,01,A01
201700012435,1,07,000,00,2,1,01,A01
201700012435,1,01,000,00,2,4,01,B01
201700012436,1,10,000,00,0,1,21,B01
201700012436,2,07,000,00,0,1,13,A01
201700012437,0,07,000,06,0,1,13,A01
201700012438,0,07,000,02,2,3,01,B01
201700012438,0,07,000,00,2,2,01,A01
201700012439,1,10,000,13,0,1,01,A01
201700012440,2,07,000,08,2,1,01,B01
201700012440,1,07,000,00,2,8,14,A01
201700012441,0,02,000,00,0,0,01,A01
201700012442,2,07,000,01,2,2,13,A01
201700012442,2,01,000,00,0,4,03,B01
201700012443,1,07,000,02,0,2,00,A01
201700012444,0,07,000,00,2,3,10,A01
201700012444,0,07,000,00,2,8,01,B01
201700012445,2,07,000,00,2,6,01,B01
201700012445,2,07,000,00,2,2,15,A01
201700012446,0,02,000,00,0,0,01,A01
201700012447,1,07,000,00,1,3,13,A01
201700012448,2,07,000,00,2,6,15,B01
201700012448,2,07,000,00,2,2,17,A01
201700012449,0,07,000,00,0,1,01,A01
201700012449,0,07,000,00,0,1,01,B01
201700012450,1,07,000,00,0,3,01,A01
201700012451,1,07,000,00,1,2,01,A01
201700012452,0,07,000,00,2,2,01,A01
201700012452,0,07,000,00,2,2,13,B01
201700012453,0,07,000,00,2,8,15,A01
201700012453,0,02,000,00,2,1,01,B01
201700012454,0,07,000,00,2,1,01,A01
201700012454,0,07,000,00,0,8,01,B01
201700012455,1,33,000,15,0,1,01,A01
201700012456,0,07,000,14,0,7,00,A01
201700012457,0,07,000,01,2,3,02,A01
201700012457,0,13,000,00,2,2,02,B01
201700012458,1,07,000,00,1,1,01,A01
201700012459,2,07,000,00,2,3,01,A01
201700012459,1,07,000,00,0,1,01,B02
201700012459,1,07,000,00,2,3,01,C03
201700012460,1,07,000,00,2,3,13,A01
201700012460,2,07,000,00,2,3,01,B01
201700012461,2,02,000,00,2,1,01,A01
201700012461,1,07,000,00,2,7,15,B01
201700012462,1,07,000,00,2,3,13,A01
201700012462,2,07,000,00,2,3,01,B01
201700012463,2,07,000,00,2,2,19,A01
201700012463,2,07,000,00,2,1,01,B01
201700012464,2,07,000,00,2,7,01,B01
201700012464,0,07,000,00,2,1,01,A01
201700012465,0,10,000,08,0,3,13,A01
201700012466,0,07,000,02,0,7,01,A01
201700012467,1,07,000,13,0,2,02,A01
201700012468,2,07,000,13,0,0,13,A01
201700012469,2,10,000,00,2,7,01,A01
201700012469,1,10,000,00,2,1,01,B01
201700012470,2,10,000,00,2,1,01,B01
201700012470,2,10,000,00,2,8,01,A01
201700012471,0,07,000,13,0,1,01,A01
201700012472,0,07,000,00,1,2,01,A01
201700012473,2,07,000,13,0,3,01,A01
201700012474,1,07,000,00,2,3,05,B01
201700012474,2,33,000,05,2,2,01,A01
201700012475,1,33,000,13,0,1,01,A01
201700012476,0,33,000,00,2,1,17,A01
201700012476,0,07,000,00,2,3,01,B01
201700012477,2,03,000,00,1,1,01,A01
201700012478,1,33,000,00,2,1,01,A01
201700012478,2,07,000,00,2,8,15,B01
201700012479,1,07,000,00,2,1,01,A01
201700012479,2,07,000,00,2,1,01,B01
201700012480,2,07,000,00,2,2,13,A01
201700012480,1,07,000,00,2,1,01,B01
201700012481,1,07,000,00,1,2,01,A01
201700012482,1,07,000,13,2,8,01,B01
201700012482,0,07,000,00,2,1,19,A01
201700012483,0,02,000,00,0,8,01,A01
201700012484,0,33,000,00,2,1,01,A01
201700012484,0,07,000,00,2,2,15,B01
201700012485,0,07,000,00,2,3,15,B01
201700012485,0,33,000,01,2,2,17,A01
201700012486,1,07,000,02,0,7,00,A01
201700012487,0,07,000,00,2,4,15,A01
201700012487,0,07,000,00,2,1,02,C01
201700012487,0,07,000,00,2,4,02,B01
201700012488,0,07,000,00,1,2,00,A01
201700012489,0,07,000,00,9,4,02,A01
201700012489,0,02,000,00,0,1,01,B01
201700012490,0,33,000,00,0,0,02,A01
201700012491,0,03,000,00,0,4,02,A01
201700012491,0,07,000,00,2,1,02,B01
201700012492,0,02,000,00,0,0,01,A01
201700012493,0,07,000,00,0,2,00,A01
201700012493,0,10,000,09,0,2,00,B01
201700012494,0,33,000,05,0,1,01,A01
201700012495,0,07,000,00,2,1,01,A01
201700012495,0,07,000,00,2,8,01,B01
201700012496,2,33,000,13,0,0,17,A01
201700012496,2,07,000,00,0,0,15,B01
201700012497,2,07,000,00,2,3,13,A01
201700012497,1,07,000,00,2,8,01,B01
201700012497,1,07,000,00,2,8,01,C01
201700012498,2,07,000,04,0,1,02,A01
201700012499,0,07,000,00,2,1,17,A01
201700012499,0,30,000,00,2,1,01,B01
201700012500,2,07,000,00,1,2,21,A01
201700012501,0,07,000,00,2,3,19,A01
201700012501,0,32,000,00,2,1,01,B01
201700012502,0,07,000,08,0,3,01,A01
201700012503,2,07,000,13,0,1,01,A01
201700012504,0,33,000,00,2,1,01,A01
201700012504,0,07,000,00,2,8,19,B01
201700012505,1,33,000,00,0,0,01,A01
201700012506,0,31,000,06,2,7,17,A01
201700012506,0,07,000,00,2,8,13,B01
201700012507,1,07,000,08,0,1,01,A01
201700012508,0,33,000,08,0,1,01,A01
201700012509,2,01,000,00,2,1,01,A01
201700012509,2,07,000,00,0,5,23,B01
201700012510,1,07,000,09,0,1,14,A01
201700012511,2,07,000,00,2,1,01,A01
201700012511,2,21,000,00,2,4,01,B01
201700012512,1,07,000,02,0,0,01,A01
201700012513,2,07,000,00,2,7,17,A01
201700012513,2,01,000,00,0,8,01,B01
201700012514,1,07,000,00,2,1,01,B01
201700012514,0,07,000,00,2,2,01,A01
201700012515,0,07,000,02,0,2,13,A01
201700012516,2,33,000,05,0,8,01,A01
201700012517,1,33,000,00,0,9,01,A01
201700012518,0,07,000,13,0,3,16,A01
201700012519,0,07,000,13,2,3,21,A01
201700012519,0,07,000,00,2,3,23,B01
201700012520,2,33,000,00,2,1,05,A01
201700012520,1,07,000,00,2,6,05,B01
201700012520,1,07,000,00,2,1,05,C01
201700012521,0,33,000,00,0,0,01,A01
201700012522,1,31,000,00,2,1,01,A01
201700012522,2,07,000,00,0,3,10,B01
201700012523,1,33,000,00,2,1,01,A01
201700012523,2,07,000,00,2,1,17,B01
201700012524,0,07,000,00,2,8,09,A01
201700012524,1,33,000,00,2,1,01,B01
201700012525,1,07,000,00,2,1,01,A01
201700012525,2,07,000,00,2,1,01,B01
201700012526,0,07,000,06,0,1,01,A01
201700012527,2,10,000,01,0,9,01,A01
201700012528,1,07,000,08,0,1,00,A01
201700012529,0,07,000,00,2,8,01,B01
201700012529,2,33,000,00,2,1,19,A01
201700012530,0,10,000,00,2,7,01,A01
201700012530,0,07,000,00,2,1,01,B01
201700012531,2,33,000,00,2,1,01,A01
201700012531,0,07,000,00,2,3,23,B01
201700012532,1,07,000,00,2,7,15,A01
201700012532,2,07,000,15,2,1,01,B01
201700012533,1,07,000,00,1,1,01,A01
201700012534,1,07,000,00,2,1,02,A01
201700012534,1,07,000,00,2,4,02,B01
201700012535,1,07,000,08,0,1,17,A01
201700012536,2,10,000,00,9,2,17,A01
201700012536,2,01,000,00,2,4,01,B01
201700012537,0,07,000,00,0,1,01,A01
201700012537,0,07,000,00,0,1,05,B01
201700012538,1,07,000,00,2,1,01,B01
201700012538,2,07,000,00,2,1,01,A01
201700012539,2,07,000,00,1,2,01,A01
201700012540,2,07,000,00,2,1,02,A01
201700012540,2,07,000,00,0,4,02,B01
201700012541,2,30,000,00,2,8,01,B01
201700012541,0,07,000,00,2,3,00,A01
201700012542,1,07,000,00,2,1,01,B01
201700012542,0,07,000,00,2,7,19,A01
201700012543,1,02,000,00,2,1,13,A01
201700012543,2,07,000,00,2,3,01,B01
201700012544,2,07,000,00,0,4,02,B01
201700012544,2,07,000,00,2,1,02,A01
201700012545,2,07,000,02,0,9,01,A01
201700012546,1,02,000,00,2,3,01,A01
201700012547,1,07,000,00,2,2,01,B01
201700012547,0,02,000,00,2,8,19,A01
201700012548,2,07,000,00,1,2,01,A01
201700012549,1,07,000,00,2,3,01,B01
201700012549,2,03,000,00,2,3,01,A01
201700012550,1,33,000,00,0,7,00,A01
201700012551,2,07,000,00,2,1,01,B01
201700012551,1,07,000,00,2,1,11,A01
201700012552,0,07,000,13,0,2,01,A01
201700012553,2,33,000,00,0,7,01,A01
201700012554,1,07,000,00,2,1,13,A01
201700012554,2,07,000,00,2,3,01,B01
201700012555,1,07,000,00,1,1,15,A01
201700012556,0,07,000,00,2,3,15,A01
201700012556,0,31,000,00,2,1,01,B01
201700012557,2,07,000,00,2,6,02,B01
201700012557,2,31,000,00,2,1,02,A01
201700012558,2,02,000,00,2,8,17,A01
201700012558,2,07,000,00,2,8,15,B01
201700012559,2,10,000,00,2,7,01,B01
201700012559,2,02,000,00,2,1,19,A01
201700012560,1,07,000,08,0,2,01,A01
201700012561,1,33,000,00,0,1,02,B01
201700012561,1,21,000,00,0,3,02,A01
201700012562,2,07,000,08,0,1,13,A01
201700012563,1,07,000,00,0,2,01,A01
201700012563,0,01,000,00,0,0,00,B01
201700012564,2,07,000,13,0,3,01,A01
201700012565,1,01,000,00,2,3,15,B01
201700012565,1,07,000,00,9,1,02,A01
201700012566,2,07,000,00,2,3,19,A01
201700012566,1,07,000,00,2,1,01,B01
201700012567,2,07,000,00,2,1,01,B01
201700012567,2,07,000,00,2,1,01,C01
201700012567,1,07,000,00,2,1,15,A01
201700012568,1,10,000,00,1,3,01,A01
201700012569,1,02,000,00,2,1,15,A01
201700012569,1,07,000,00,2,3,01,B01
201700012570,2,02,000,00,2,1,01,B01
201700012570,1,07,000,00,2,2,15,A01
201700012571,2,07,000,00,2,3,01,B01
201700012571,1,33,000,00,2,1,01,A01
201700012572,0,07,000,00,2,3,19,A01
201700012572,0,33,000,00,2,1,01,B01
201700012573,2,07,000,00,2,1,09,A01
201700012573,2,02,000,00,2,7,00,B01
201700012574,1,33,000,00,2,1,01,B01
201700012574,2,07,000,00,0,8,15,A01
201700012575,0,33,000,00,9,8,21,A01
201700012575,0,21,000,00,2,6,05,B01
201700012576,1,07,000,00,2,1,13,B01
201700012576,2,31,000,00,2,1,01,A01
201700012577,1,07,000,00,2,1,11,A01
201700012577,2,07,000,00,2,8,01,C01
201700012577,2,07,000,00,2,3,01,B01
201700012578,1,07,000,00,1,2,01,A01
201700012579,1,07,000,02,0,1,01,A01
201700012580,1,02,000,00,0,1,01,A01
201700012581,1,07,000,02,0,1,14,A01
201700012582,1,07,000,00,2,9,01,D01
201700012582,1,07,000,00,0,9,21,B01
201700012582,1,02,000,00,0,0,01,A01
201700012582,1,07,000,00,2,4,00,C01
201700012583,2,07,000,00,0,2,02,A01
201700012583,2,01,000,05,0,4,02,B01
201700012584,2,33,000,00,2,8,01,B01
201700012584,1,07,000,00,2,1,15,A01
201700012585,0,07,000,00,9,2,01,A01
201700012585,0,01,000,00,2,1,15,B01
201700012586,0,01,000,00,2,8,09,B01
201700012586,0,07,000,00,2,1,01,A01
201700012587,2,07,000,00,0,0,01,A01
201700012587,2,33,000,14,0,1,02,B01
201700012588,1,07,000,00,2,2,01,A01
201700012588,1,01,000,00,2,4,01,B01
201700012589,1,07,000,00,2,3,05,A01
201700012589,2,10,000,00,2,3,13,B01
201700012589,2,07,000,00,2,3,01,C01
201700012590,1,07,000,02,0,1,01,A01
201700012591,2,07,000,02,2,7,17,A01
201700012591,2,07,000,00,2,3,15,B01
201700012592,2,07,000,00,2,1,01,D01
201700012592,2,07,000,00,2,4,01,B01
201700012592,2,07,000,00,0,4,01,A01
201700012592,2,07,000,00,2,1,01,C01
201700012593,1,07,000,00,1,1,01,A01
201700012594,2,07,000,00,9,8,16,A01
201700012594,2,01,000,00,2,1,01,B01
201700012595,2,01,000,01,0,1,01,A01
201700012596,0,07,000,02,0,1,11,A01
201700012597,2,07,000,00,2,1,01,B01
201700012597,0,07,000,00,0,0,00,A01
201700012598,1,07,000,00,2,3,01,B01
201700012598,1,07,000,00,2,2,19,A01
201700012599,2,21,000,00,2,1,01,B01
201700012599,1,07,000,00,2,1,13,A01
201700012600,1,07,000,00,2,3,19,A01
201700012600,2,07,000,00,2,2,01,B01
201700012601,1,33,000,08,0,1,01,A01
201700012602,1,07,000,05,2,6,01,A01
201700012602,1,07,000,00,2,3,01,B01
201700012603,2,07,000,00,1,8,01,A01
201700012604,1,07,000,00,2,1,01,A01
201700012604,0,01,000,00,2,7,01,B01
201700012605,1,33,000,13,0,1,14,A01
201700012606,1,07,000,06,0,1,01,A01
201700012607,1,07,000,00,2,3,01,B01
201700012607,2,07,000,00,2,5,13,A01
201700012608,1,02,000,00,0,7,01,B01
201700012608,1,07,000,00,2,3,09,A01
201700012609,1,07,000,02,0,2,01,A01
201700012610,0,01,000,00,0,7,19,A01
201700012610,0,01,000,00,0,0,19,B01
201700012611,2,07,000,00,2,6,15,A01
201700012611,1,02,000,00,2,8,01,B01
201700012612,0,07,000,02,0,8,01,A01
201700012613,1,07,000,00,2,1,01,B01
201700012613,0,10,000,00,2,8,15,A01
201700012614,2,02,000,00,0,7,01,A01
201700012615,1,02,000,16,0,2,01,A01
201700012616,0,07,000,02,0,1,01,A01
201700012617,2,01,000,00,2,8,19,B01
201700012617,1,07,000,00,9,2,01,A01
201700012618,2,07,000,02,0,3,01,A01
201700012619,2,07,000,02,0,1,00,A01
201700012620,2,07,000,00,1,2,01,A01
201700012621,2,07,000,15,2,1,01,B01
201700012621,0,07,000,15,2,7,19,A01
201700012622,1,07,000,00,2,7,15,B01
201700012622,2,07,000,00,0,0,23,C01
201700012622,2,02,000,00,2,1,18,A01
201700012623,1,33,000,00,2,1,17,B01
201700012623,1,07,000,00,2,6,15,A01
201700012624,2,07,000,00,2,1,19,A01
201700012624,1,33,000,00,2,1,01,B01
201700012625,0,01,000,00,0,4,15,B01
201700012625,0,01,000,00,0,6,15,C01
201700012625,0,07,000,00,9,2,02,A01
201700012626,1,07,000,00,2,8,01,B01
201700012626,0,01,000,00,2,8,09,A01
201700012627,1,07,000,00,2,1,01,B01
201700012627,2,07,000,00,2,1,13,A01
201700012628,1,07,000,13,0,6,01,A01
201700012629,2,21,000,00,2,5,15,A01
201700012629,1,33,000,00,2,1,01,B01
201700012630,1,07,000,00,2,2,13,A01
201700012630,2,07,000,00,2,7,01,B01
201700012631,0,33,000,00,2,1,01,B01
201700012631,0,07,000,00,0,3,19,A01
201700012632,2,07,000,03,2,8,09,A01
201700012632,1,07,000,00,2,2,01,B01
201700012633,2,31,000,00,2,1,01,B01
201700012633,2,33,000,00,2,0,01,C01
201700012633,1,07,000,00,2,1,13,A01
201700012634,0,01,000,00,1,1,01,A01
201700012635,1,07,000,00,2,2,19,A01
201700012635,1,07,000,00,2,1,01,B01
201700012636,0,02,000,00,2,1,01,B01
201700012636,0,07,000,00,2,3,15,A01
201700012637,2,01,000,01,0,1,05,A01
201700012637,1,07,000,00,0,1,00,B01
201700012638,0,01,000,00,0,0,00,A01
201700012639,2,33,000,00,2,1,01,B01
201700012639,1,07,000,00,2,2,15,A01
201700012640,1,07,000,00,0,7,19,A01
201700012640,2,31,000,00,9,0,01,C01
201700012640,2,33,000,00,2,1,01,B01
201700012641,2,07,000,00,2,3,01,A01
201700012641,1,07,000,00,2,3,13,B01
201700012642,2,01,000,00,2,7,15,A01
201700012642,1,07,000,00,2,3,01,B01
201700012643,2,07,000,15,0,1,01,A01
201700012644,2,07,000,00,2,2,21,B01
201700012644,2,07,000,00,2,3,01,A01
201700012645,0,07,000,06,0,9,01,A01
201700012646,2,02,000,09,0,2,01,A01
201700012647,2,33,000,00,2,2,17,B01
201700012647,2,07,000,00,0,3,10,A01
201700012648,0,07,000,00,2,3,01,B01
201700012648,0,07,000,00,2,3,01,A01
201700012649,2,07,000,00,2,2,19,B01
201700012649,1,10,000,00,2,1,00,A01
201700012650,1,01,000,00,2,1,01,B01
201700012650,1,10,000,00,9,5,16,A01
201700012651,1,07,000,00,2,1,15,A01
201700012651,2,33,000,00,2,5,17,B01
201700012652,2,10,000,00,1,1,15,A01
201700012653,1,07,000,00,2,3,01,C01
201700012653,1,07,000,00,2,8,17,A01
201700012653,2,07,000,00,2,3,01,B01
201700012654,2,07,000,13,0,1,01,A01
201700012655,2,07,000,00,2,3,19,A01
201700012655,2,31,000,00,2,1,01,B01
201700012656,1,07,000,08,0,1,01,A01
201700012657,0,02,000,00,2,1,01,B01
201700012657,0,07,000,00,2,8,01,A01
201700012658,2,07,000,02,0,2,01,A01
201700012659,1,07,000,14,0,1,00,A01