Num_Acc,senc,catv,occutc,obs,obsm,choc,manv,num_veh
201700012660,2,07,000,01,1,1,02,A01
201700012661,2,02,000,00,2,1,02,A01
201700012661,2,10,000,00,0,6,23,B01
201700012661,1,07,000,00,2,6,01,C01
201700012662,1,33,000,00,2,7,01,B01
201700012662,0,07,000,00,2,1,19,A01
201700012663,2,07,000,06,0,1,19,A01
201700012664,0,36,000,00,0,8,01,A01
201700012665,1,02,000,00,0,8,23,A01
201700012665,1,17,000,00,2,4,04,B01
201700012666,1,02,000,13,0,0,00,A01
201700012667,1,33,000,00,2,1,01,A01
201700012667,1,07,000,00,2,5,01,B01
201700012668,2,10,000,00,2,1,01,B01
201700012668,1,07,000,00,2,1,15,A01
201700012669,1,07,000,13,0,9,01,A01
201700012670,1,07,000,00,2,7,06,B01
201700012670,2,07,000,00,2,3,06,A01
201700012671,1,07,000,00,2,3,15,A01
201700012671,2,07,000,00,2,3,01,B01
201700012671,0,07,000,00,2,3,15,C01
201700012672,1,33,000,00,2,1,02,A01
201700012672,1,01,000,00,0,4,15,B01
201700012673,2,01,000,00,2,1,01,B01
201700012673,1,07,000,00,2,3,17,A01
201700012674,0,02,000,00,2,7,05,A01
201700012674,0,07,000,00,2,2,05,B01
201700012675,0,07,000,00,2,5,19,A01
201700012675,0,33,000,00,2,1,01,B01
201700012676,0,07,000,13,0,6,01,A01
201700012677,1,01,000,00,2,5,00,B01
201700012677,1,07,000,00,9,3,09,A01
201700012678,1,07,000,00,2,4,15,B01
201700012678,1,02,000,00,2,1,01,A01
201700012679,2,31,000,00,0,4,01,B01
201700012679,0,07,000,00,2,2,19,A01
201700012680,2,07,000,15,0,3,00,A01
201700012681,0,07,000,14,0,1,21,A01
201700012682,2,07,000,00,1,2,01,A01
201700012683,2,33,000,00,2,3,01,A01
201700012683,2,10,000,00,2,5,01,B01
201700012684,1,33,000,00,0,7,01,A01
201700012685,0,07,000,06,0,4,20,A01
201700012686,2,07,000,13,0,8,14,A01
201700012687,1,07,000,00,2,1,01,A01
201700012687,2,07,000,00,2,1,01,B01
201700012688,2,07,000,00,2,1,01,A01
201700012688,1,07,000,07,2,3,01,C01
201700012688,2,07,000,00,2,4,15,B01
201700012689,2,07,000,00,2,1,02,A01
201700012689,2,07,000,00,0,4,01,B01
201700012690,1,03,000,00,2,1,01,B01
201700012690,2,07,000,00,2,3,01,A01
201700012691,1,33,000,00,0,8,01,A01
201700012692,2,21,000,00,2,6,15,A01
201700012692,2,33,000,00,2,2,01,B01
201700012693,1,33,000,00,9,7,01,A01
201700012694,2,30,000,00,6,1,01,A01
201700012695,1,07,000,00,2,2,20,A01
201700012695,2,07,000,06,2,1,01,B01
201700012696,1,07,000,08,0,1,01,A01
201700012697,1,10,000,00,0,0,01,A01
201700012698,1,07,000,00,2,2,02,A01
201700012698,1,07,000,00,2,1,21,C01
201700012698,2,07,000,00,2,3,01,B01
201700012699,1,07,000,00,2,2,13,A01
201700012699,2,07,000,00,2,1,01,B01
201700012700,2,07,000,00,2,1,01,B01
201700012700,1,33,000,00,2,1,17,A01
201700012701,1,07,000,00,0,0,17,A01
201700012701,2,07,000,00,2,4,01,B01
201700012701,2,07,000,00,2,1,01,C01
201700012702,2,07,000,00,1,2,01,A01
201700012703,2,02,000,02,0,1,00,A01
201700012704,2,07,000,00,2,3,02,B01
201700012704,1,07,000,00,2,3,17,A01
201700012705,2,07,000,00,2,1,02,A01
201700012705,2,02,000,00,2,4,01,B01
201700012706,1,33,000,00,6,1,01,A01
201700012707,2,07,000,07,0,1,00,A01
201700012708,0,37,001,00,1,4,04,B01
201700012709,2,07,000,00,2,7,00,A01
201700012709,1,07,000,00,2,1,01,B01
201700012710,2,07,000,02,0,1,00,A01
201700012711,2,07,000,00,2,2,15,A01
201700012711,1,07,000,00,2,1,01,B01
201700012712,2,07,000,00,2,3,15,B01
201700012712,2,33,000,00,2,1,17,A01
201700012713,1,07,000,00,1,1,01,A01
201700012714,1,07,000,00,1,0,01,A01
201700012715,2,07,000,00,2,1,02,A01
201700012715,2,07,000,00,2,3,01,C01
201700012715,1,07,000,00,2,4,01,B01
201700012716,1,07,000,00,2,2,15,A01
201700012716,2,07,000,00,2,1,01,B01
201700012717,1,07,000,02,0,2,02,A01
201700012718,2,30,000,01,0,1,02,A01
201700012718,2,17,000,00,0,3,02,B01
201700012719,2,07,000,00,2,5,15,B01
201700012719,2,33,000,00,2,1,18,A01
201700012720,1,07,000,00,0,7,15,A01
201700012720,2,33,000,00,2,1,01,B01
201700012721,2,07,000,06,0,1,01,A01
201700012722,2,07,000,00,2,3,01,B01
201700012722,1,07,000,00,2,3,13,A01
201700012723,2,07,000,02,0,3,01,A01
201700012724,1,07,000,13,0,9,13,A01
201700012725,2,07,000,06,0,1,01,A01
201700012726,1,07,000,00,2,3,01,A01
201700012726,2,33,000,00,2,3,01,B01
201700012727,1,07,000,02,0,1,01,A01
201700012728,1,07,000,00,2,1,02,A01
201700012728,1,07,000,00,2,4,02,B01
201700012728,1,07,000,00,0,4,02,C01
201700012729,1,07,000,00,2,8,01,C01
201700012729,1,07,000,00,2,1,05,A01
201700012729,2,07,000,00,2,1,01,B01
201700012730,1,07,000,00,9,3,02,A01
201700012730,2,33,000,00,2,3,02,B01
201700012731,2,17,000,00,2,3,01,B01
201700012731,1,33,000,00,2,9,13,A01
201700012732,2,07,000,13,0,1,01,A01
201700012733,1,07,000,13,0,3,01,A01
201700012734,1,07,000,02,0,2,01,A01
201700012735,1,33,000,13,0,1,14,A01
201700012736,1,07,000,00,2,3,13,A01
201700012736,2,07,000,00,2,3,01,B01
201700012737,1,07,000,00,2,1,02,A01
201700012737,1,07,000,00,0,4,15,B01
201700012738,1,33,000,03,0,2,00,A01
201700012739,1,07,000,02,0,6,01,A01
201700012740,2,33,000,03,0,3,00,A01
201700012741,1,33,000,06,0,2,02,A01
201700012742,1,33,000,00,2,1,01,B01
201700012742,1,01,000,00,2,6,15,A01
201700012743,2,07,000,04,2,2,13,A01
201700012743,1,33,000,00,2,1,01,B01
201700012744,2,02,000,00,2,0,00,A01
201700012744,1,07,000,00,0,3,00,B01
201700012745,1,33,000,00,2,8,01,A01
201700012745,2,33,000,00,2,8,01,B01
201700012746,2,07,000,00,1,2,01,A01
201700012747,1,33,000,13,0,3,01,A01
201700012748,2,33,000,00,0,0,01,A01
201700012749,1,33,000,08,0,3,13,A01
201700012750,2,07,000,00,2,1,15,A01
201700012750,1,33,000,00,2,1,01,B01
201700012751,2,07,000,00,2,7,01,B01
201700012751,2,07,000,00,2,7,01,C01
201700012751,1,17,000,06,2,2,19,A01
201700012752,2,07,000,02,0,1,01,A01
201700012753,1,33,000,00,0,0,00,A01
201700012754,2,33,000,00,0,7,01,A01
201700012755,2,33,000,00,0,0,00,A01
201700012756,1,07,000,00,2,3,01,B01
201700012756,2,33,000,00,2,1,13,A01
201700012757,1,01,000,00,0,7,01,A01
201700012758,1,07,000,00,2,7,02,A01
201700012758,1,01,000,00,2,8,01,B01
201700012759,0,07,000,13,0,2,00,A01
201700012760,1,33,000,08,0,3,01,A01
201700012761,2,33,000,00,2,3,17,A01
201700012761,1,10,000,00,2,3,01,B01
201700012762,1,07,000,02,0,1,00,A01
201700012763,1,33,000,00,2,1,21,A01
201700012763,2,07,000,00,2,3,01,B01
201700012764,0,01,000,00,0,1,01,A01
201700012765,1,07,000,00,2,2,01,B01
201700012765,2,07,000,00,2,3,19,A01
201700012766,2,07,000,00,2,1,01,A01
201700012766,1,07,000,00,2,1,01,B01
201700012767,2,07,000,00,2,1,00,B01
201700012767,1,07,000,00,2,3,00,A01
201700012768,1,33,000,00,2,1,01,B01
201700012768,2,10,000,00,2,6,19,A01
201700012769,1,10,000,00,0,3,00,B01
201700012769,1,07,000,00,2,1,13,A01
201700012770,2,07,000,15,0,3,01,A01
201700012771,2,33,000,00,2,1,01,B01
201700012771,0,07,000,00,2,2,19,A01
201700012772,2,33,000,00,0,0,01,A01
201700012773,1,07,000,00,0,0,01,A01
201700012774,1,07,000,00,0,9,01,A01
201700012775,1,07,000,13,0,1,01,A01
201700012776,2,03,000,03,0,2,01,A01
201700012777,1,07,000,02,0,1,01,A01
201700012778,1,33,000,00,2,7,01,B01
201700012778,2,07,000,00,2,3,10,A01
201700012779,1,33,000,00,6,1,21,A01
201700012780,2,07,000,00,2,1,02,A01
201700012780,2,07,000,00,1,4,02,B01
201700012781,1,07,000,00,5,2,01,A01
201700012782,2,01,000,00,2,3,01,B01
201700012782,1,07,000,00,2,2,15,A01
201700012783,0,37,001,00,1,7,16,A01
201700012784,1,07,000,00,2,2,01,A01
201700012784,2,01,000,00,2,4,01,B01
201700012785,1,07,000,02,0,2,01,A01
201700012786,2,07,000,00,2,3,01,B01
201700012786,1,10,000,00,2,3,13,A01
201700012787,2,07,000,00,2,1,02,A01
201700012787,2,07,000,00,0,4,01,B01
201700012788,1,07,000,00,2,6,19,A01
201700012788,1,33,000,00,2,1,01,B01
201700012789,2,02,000,07,0,1,01,A01
201700012790,1,07,000,00,2,1,01,B01
201700012790,0,07,000,00,2,8,09,A01
201700012791,2,07,000,13,0,0,01,A01
201700012792,2,07,000,00,2,1,15,A01
201700012792,2,07,000,00,2,1,13,B01
201700012793,1,07,000,00,2,1,13,A01
201700012793,2,07,000,00,2,1,01,B01
201700012794,1,33,000,00,0,8,01,A01
201700012795,0,07,000,02,0,1,01,A01
201700012796,2,07,000,00,1,0,01,A01
201700012797,1,33,000,07,0,8,01,A01
201700012798,0,07,000,13,0,8,01,A01
201700012799,0,07,000,00,2,1,13,A01
201700012799,0,10,000,00,2,1,01,B01
201700012800,1,07,000,13,0,1,13,A01
201700012801,2,07,000,13,0,1,13,A01
201700012802,1,07,000,00,2,7,01,B01
201700012802,0,07,000,00,2,1,17,A01
201700012803,1,07,000,00,2,2,01,A01
201700012803,1,99,000,00,2,4,01,B01
201700012803,1,01,000,00,2,4,01,C01
201700012804,0,07,000,00,2,1,01,A01
201700012804,0,07,000,00,2,1,01,B01
201700012805,0,33,000,08,0,1,00,A01
201700012806,1,07,000,00,0,3,01,A01
201700012807,2,07,000,13,0,1,13,A01
201700012808,1,07,000,08,0,2,01,A01
201700012809,2,33,000,00,2,8,01,A01
201700012809,1,07,000,00,2,2,01,B01
201700012810,0,07,000,00,2,3,13,A01
201700012810,0,07,000,00,2,3,01,B01
201700012811,1,07,000,13,0,1,13,A01
201700012812,2,07,000,02,0,1,01,A01
201700012813,0,07,000,00,0,7,01,A01
201700012814,0,10,000,00,0,3,13,A01
201700012814,0,07,000,00,0,1,01,B01
201700012815,2,07,000,08,2,3,02,A01
201700012815,2,07,000,00,2,2,17,B01
201700012816,0,02,000,02,0,1,00,A01
201700012817,1,33,000,00,2,1,02,A01
201700012817,1,07,000,00,2,4,02,B01
201700012818,0,07,000,00,1,1,01,A01
201700012819,2,07,000,00,2,1,13,A01
201700012819,1,07,000,00,2,3,21,B01
201700012820,2,17,000,00,2,0,09,A01
201700012820,1,07,000,00,2,1,01,B01
201700012821,2,33,000,00,2,1,01,B01
201700012821,0,07,000,00,2,6,19,A01
201700012822,2,07,000,00,2,3,05,A01
201700012822,1,07,000,00,2,3,01,B01
201700012823,0,07,000,00,2,2,15,A01
201700012823,0,02,000,00,2,1,01,B01
201700012824,0,07,000,00,1,8,01,A01
201700012825,1,07,000,13,0,7,13,A01
201700012826,1,07,000,00,9,2,21,A01
201700012826,2,01,000,00,2,1,01,B01
201700012827,2,07,000,00,0,9,01,A01
201700012828,1,07,000,02,0,7,01,A01
201700012829,1,33,000,00,2,1,01,B01
201700012829,0,07,000,00,2,3,19,A01
201700012830,1,33,000,00,2,1,01,B01
201700012830,0,07,000,00,2,8,09,A01
201700012831,2,07,000,00,2,3,13,A01
201700012831,1,07,000,00,2,3,01,B01
201700012831,1,07,000,00,2,8,01,C01
201700012832,0,01,000,00,2,1,01,B01
201700012832,0,07,000,00,2,1,01,A01
201700012833,2,07,000,08,0,7,19,A01
201700012834,1,07,000,00,2,1,13,A01
201700012834,2,10,000,00,2,1,01,B01
201700012834,2,07,000,00,2,1,21,C01
201700012835,2,07,000,00,2,2,15,A01
201700012835,1,01,000,00,2,1,01,B01
201700012836,1,07,000,00,2,1,15,A01
201700012836,2,07,000,00,2,1,01,B01
201700012837,1,33,000,13,0,0,01,A01
201700012838,1,10,000,00,5,1,01,A01
201700012839,0,02,000,01,0,2,00,A01
201700012840,2,07,000,00,0,9,01,A01
201700012841,2,33,000,00,0,0,01,A01
201700012842,0,07,000,02,0,1,01,A01
201700012843,2,33,000,15,0,1,01,A01
201700012844,1,07,000,00,2,1,16,A01
201700012844,1,07,000,00,2,1,01,B01
201700012845,1,07,000,02,0,2,01,A01
201700012846,2,07,000,13,0,3,00,A01
201700012847,2,15,000,00,2,2,01,B01
201700012847,0,07,000,06,2,3,09,A01
201700012848,1,07,000,00,2,4,16,A01
201700012848,1,07,000,00,2,1,01,B01
201700012849,2,07,000,00,2,8,15,A01
201700012849,1,07,000,00,2,1,01,B01
201700012850,2,33,000,00,2,1,17,A01
201700012850,2,10,000,00,0,6,15,B01
201700012851,1,33,000,00,0,0,16,A01
201700012852,2,07,000,00,1,3,01,A01
201700012853,1,07,000,02,0,1,14,A01
201700012854,1,07,000,00,2,3,11,A01
201700012854,2,07,000,00,2,3,01,B01
201700012855,0,07,000,13,0,0,01,A01
201700012856,2,07,000,00,1,2,01,A01
201700012857,2,07,000,02,0,8,01,A01
201700012858,2,07,000,00,2,7,01,A01
201700012858,1,07,000,00,2,1,06,B01
201700012859,1,07,000,00,2,2,13,A01
201700012859,2,07,000,00,2,1,01,B01
201700012860,1,07,000,00,2,1,13,A01
201700012860,2,07,000,00,2,1,01,B01
201700012861,0,07,000,06,0,7,01,A01
201700012862,1,07,000,00,2,3,13,A01
201700012862,2,07,000,00,2,6,01,B01
201700012862,2,07,000,00,2,1,01,C01
201700012862,2,07,000,00,2,1,01,D01
201700012862,2,07,000,00,2,3,01,E01
201700012863,2,07,000,02,0,1,01,A01
201700012864,2,07,000,00,2,5,23,A01
201700012864,1,07,000,00,2,3,01,B01
201700012864,2,07,000,00,2,3,01,C01
201700012865,0,07,000,00,1,7,00,A01
201700012866,1,07,000,13,0,1,13,A01
201700012867,1,02,000,00,0,1,00,A01
201700012868,2,02,000,00,2,1,02,A01
201700012868,2,02,000,00,2,8,11,B01
201700012869,1,03,000,00,0,0,13,A01
201700012870,1,07,000,16,0,9,01,A01
201700012871,2,07,000,02,0,3,01,A01
201700012872,2,10,000,00,2,3,05,A01
201700012872,2,01,000,00,2,1,01,B01
201700012873,2,07,000,00,2,7,01,A01
201700012873,1,10,000,00,2,1,01,B01
201700012874,1,33,000,13,0,4,17,A01
201700012875,0,07,000,00,2,3,13,A01
201700012875,0,02,000,00,2,1,01,B01
201700012876,0,07,000,02,0,5,01,A01
201700012877,2,33,000,00,0,0,01,A01
201700012878,1,07,000,02,0,1,01,A01
201700012879,1,33,000,00,0,1,02,A01
201700012880,1,07,000,00,2,2,01,A01
201700012880,2,07,000,00,2,1,01,B01
201700012881,0,30,000,00,2,1,01,A01
201700012881,0,10,000,00,2,8,01,B01
201700012882,0,33,000,00,2,1,02,A01
201700012882,0,33,000,00,0,8,23,B01
201700012883,2,07,000,00,2,1,01,A01
201700012883,1,07,000,13,0,7,19,B01
201700012884,1,02,000,03,0,2,14,A01
201700012885,2,07,000,02,0,2,01,A01
201700012886,1,07,000,00,0,8,19,A01
201700012886,1,07,000,00,2,1,01,B01
201700012887,1,07,000,00,2,3,13,A01
201700012887,2,33,000,00,2,6,01,B01
201700012888,0,07,000,00,2,3,13,A01
201700012888,0,07,000,00,2,2,01,B01
201700012889,1,33,000,13,0,1,01,A01
201700012890,0,07,000,00,1,4,01,A01
201700012890,0,07,000,00,2,1,01,B01
201700012891,1,07,000,13,2,3,15,A01
201700012891,2,07,000,00,2,3,01,B01
201700012892,1,07,000,00,0,0,13,A01
201700012892,2,07,000,08,0,1,21,B01
201700012893,0,07,000,02,0,0,00,A01
201700012894,2,07,000,00,2,3,09,A01
201700012894,1,33,000,00,2,1,01,B01
201700012895,2,07,000,06,0,1,01,A01
201700012896,1,07,000,00,2,1,01,B01
201700012896,1,07,000,09,2,8,01,A01
201700012897,0,07,000,00,2,2,01,A01
201700012897,0,01,000,00,2,4,01,B01
201700012898,2,07,000,00,2,8,19,A01
201700012898,1,07,000,00,2,1,01,B01
201700012898,0,07,000,00,2,6,23,C01
201700012899,1,10,000,00,2,8,01,A01
201700012899,2,33,000,00,9,1,01,B01
201700012900,1,07,000,00,2,2,17,A01
201700012900,2,07,000,00,2,1,01,B01
201700012901,1,33,000,13,0,9,17,A01
201700012902,2,07,000,00,2,2,01,A01
201700012902,2,07,000,00,2,1,01,B01
201700012903,1,07,000,00,2,1,02,A01
201700012903,1,07,000,01,1,4,13,B01
201700012904,1,07,000,07,0,9,01,A01
201700012905,0,07,000,00,1,4,04,A01
201700012906,2,07,000,00,2,1,01,A01
201700012906,0,07,000,00,2,1,01,B01
201700012907,2,07,000,13,0,0,01,A01
201700012908,1,07,000,13,0,9,01,A01
201700012909,0,07,000,00,2,3,19,A01
201700012909,0,33,000,00,2,1,01,B01
201700012910,1,07,000,00,9,2,01,B01
201700012910,0,30,000,00,2,1,19,A01
201700012911,1,07,000,00,0,3,00,A01
201700012912,1,07,000,00,0,3,01,A01
201700012913,1,07,000,00,2,7,17,A01
201700012913,1,07,000,00,2,8,15,B01
201700012914,1,33,000,00,2,1,13,A01
201700012914,2,07,000,00,2,3,01,B01
201700012915,2,07,000,00,2,1,01,A01
201700012915,2,07,000,00,1,4,23,B01
201700012916,1,10,000,00,1,3,15,A01
201700012917,1,07,000,02,0,1,13,A01
201700012918,1,07,000,00,2,1,13,A01
201700012918,2,33,000,00,2,1,01,B01
201700012919,2,33,000,13,1,0,21,A01
201700012920,1,07,000,00,2,3,15,A01
201700012920,2,01,000,00,2,6,15,B01
201700012921,1,07,000,00,2,8,09,A01
201700012921,1,01,000,00,2,7,01,B01
201700012922,1,07,000,00,2,3,09,A01
201700012922,1,17,000,00,2,5,01,B01
201700012923,2,37,033,00,2,2,02,A01
201700012923,2,01,000,00,2,6,02,B01
201700012924,1,07,000,00,0,1,01,A01
201700012925,1,07,000,13,0,2,00,A01
201700012926,2,07,000,00,2,8,01,A01
201700012926,1,07,000,00,2,3,01,B01
201700012926,1,07,000,00,2,8,01,C01
201700012927,1,10,000,00,2,2,01,A01
201700012927,2,07,000,00,2,2,01,B01
201700012928,2,07,000,02,0,3,13,A01
201700012929,1,02,000,02,2,4,01,A01
201700012929,1,07,000,00,2,2,02,B01
201700012930,1,07,000,00,2,8,17,A01
201700012930,2,07,000,13,2,8,01,B01
201700012930,2,07,000,00,2,1,01,C01
201700012931,2,07,000,00,2,3,19,A01
201700012931,2,07,000,00,2,1,01,B01
201700012932,1,07,000,02,0,1,14,A01
201700012933,1,10,000,08,0,1,01,A01
201700012934,1,07,000,00,2,1,15,A01
201700012934,2,01,000,00,2,3,01,B01
201700012935,2,02,000,00,0,0,01,A01
201700012936,1,07,000,00,2,1,15,A01
201700012936,2,01,000,00,2,7,01,B01
201700012937,0,36,000,00,0,0,01,A01
201700012938,2,07,000,02,0,1,01,A01
201700012939,2,07,000,00,2,7,01,A01
201700012939,1,01,000,00,2,1,19,B01
201700012940,1,07,000,00,5,1,00,A01
201700012941,2,07,000,00,2,3,13,A01
201700012941,1,33,000,00,2,8,01,B01
201700012942,2,10,000,00,2,3,15,A01
201700012942,2,02,000,00,2,1,01,B01
201700012943,0,07,000,00,1,3,01,A01
201700012944,2,07,000,00,2,7,15,A01
201700012944,1,07,000,00,2,8,01,B01
201700012945,1,07,000,00,2,8,15,A01
201700012945,1,33,000,13,2,1,17,B01
201700012946,0,02,000,00,2,1,13,A01
201700012946,0,07,000,00,2,3,01,B01
201700012947,2,33,000,00,2,1,17,A01
201700012947,2,07,000,00,2,8,15,B01
201700012948,1,07,000,13,0,1,19,A01
201700012949,1,33,000,00,2,1,13,A01
201700012949,2,07,000,00,2,1,01,B01
201700012950,2,33,000,03,0,1,02,A01
201700012951,1,33,000,00,2,3,14,A01
201700012951,1,07,000,00,2,6,01,B01
201700012952,2,21,000,00,0,0,02,A01
201700012952,2,01,000,00,0,0,00,B01
201700012953,2,02,000,00,0,0,01,A01
201700012954,1,07,000,00,2,1,15,A01
201700012954,2,07,000,01,2,8,01,B01
201700012954,2,07,000,00,2,6,24,C01
201700012955,1,07,000,00,2,2,13,A01
201700012955,2,07,000,00,2,3,01,B01
201700012955,2,07,000,00,2,1,01,C01
201700012956,1,02,000,07,2,2,15,A01
201700012956,2,07,000,00,2,1,01,B01
201700012957,0,33,000,00,2,1,01,A01
201700012957,0,01,000,00,2,8,19,B01
201700012958,2,07,000,00,2,8,19,A01
201700012958,2,33,000,00,2,1,01,B01
201700012959,2,07,000,00,2,2,15,A01
201700012959,1,02,000,00,2,1,01,B01
201700012960,0,07,000,00,2,3,15,A01
201700012960,2,07,000,00,2,1,01,B01
201700012960,2,33,000,00,2,1,01,C01
201700012961,2,07,000,00,2,2,11,A01
201700012961,1,30,000,00,2,1,01,B01
201700012962,2,07,000,00,0,8,10,A01
201700012962,1,33,000,00,2,1,01,B01
201700012963,1,33,000,00,2,1,02,A01
201700012963,1,10,000,00,0,4,02,B01
201700012964,1,07,000,00,1,2,01,A01
201700012965,1,07,000,00,2,3,19,A01
201700012965,2,33,000,00,2,1,17,B01
201700012966,2,07,000,15,0,5,13,A01
201700012967,0,31,000,15,0,1,01,A01
201700012968,2,07,000,00,1,1,15,A01
201700012969,2,07,000,00,2,5,15,A01
201700012969,1,02,000,00,2,6,01,B01
201700012970,2,07,000,00,2,1,13,A01
201700012970,1,07,000,00,2,1,01,B01
201700012971,2,07,000,00,1,8,15,A01
201700012972,2,07,000,02,0,2,13,A01
201700012973,0,07,000,00,2,7,01,A01
201700012973,0,01,000,00,2,0,16,B01
201700012974,1,07,000,02,0,0,01,A01
201700012975,1,07,000,00,0,9,01,A01
201700012976,2,10,000,00,2,1,01,A01
201700012976,1,07,000,00,2,1,13,B01
201700012977,1,07,000,00,2,1,13,A01
201700012977,2,07,000,00,2,3,01,B01
201700012978,1,07,000,00,2,2,01,A01
201700012978,1,01,000,00,2,5,19,B01
201700012979,1,07,000,00,2,1,17,A01
201700012979,2,02,000,00,2,1,01,B01
201700012980,1,07,000,15,0,3,01,A01
201700012981,2,07,000,00,2,1,13,A01
201700012981,1,07,000,00,2,3,01,B01
201700012982,2,07,000,00,2,7,01,A01
201700012982,2,07,000,00,2,1,01,B01
201700012983,0,33,000,00,0,5,01,A01
201700012984,1,07,000,02,0,5,01,A01
201700012985,1,33,000,00,2,1,13,A01
201700012985,2,30,000,00,2,1,01,B01
201700012986,1,33,000,08,0,1,14,A01
201700012987,2,07,000,00,2,7,17,A01
201700012987,2,01,000,00,2,8,01,B01
201700012988,2,07,000,13,0,1,14,A01
201700012989,0,07,000,13,0,2,14,A01
201700012990,0,10,000,00,1,3,15,A01
201700012991,1,07,000,02,0,3,00,A01
201700012992,1,07,000,13,0,1,01,A01
201700012993,0,33,000,00,0,8,01,A01
201700012994,2,07,000,00,0,4,01,A01
201700012994,2,07,000,00,2,4,02,B01
201700012994,2,07,000,00,2,1,02,C01
201700012995,1,07,000,13,0,8,01,A01
201700012996,1,07,000,00,2,3,01,A01
201700012996,2,21,000,00,2,3,01,B01
201700012997,2,07,000,00,2,1,15,A01
201700012997,1,33,000,00,2,1,01,B01
201700012998,0,07,000,01,0,3,14,A01
201700012999,1,17,000,00,2,1,01,A01
201700012999,1,07,000,13,0,4,01,B01
201700013000,1,07,000,00,1,7,01,A01
201700013001,1,07,000,08,0,5,14,A01
201700013002,1,07,000,00,2,2,02,A01
201700013002,1,21,000,00,0,6,01,B01
201700013003,1,14,000,13,0,1,14,A01
201700013004,1,07,000,00,2,1,17,A01
201700013004,2,15,000,00,2,1,01,B01
201700013005,1,07,000,00,1,1,15,A01
201700013006,1,07,000,00,2,1,17,A01
201700013006,1,14,000,00,2,6,15,B01
201700013007,1,07,000,00,2,2,10,A01
201700013007,2,33,000,00,2,3,01,B01
201700013008,2,07,000,00,2,6,15,A01
201700013008,2,07,000,00,2,2,17,B01
201700013008,1,07,000,00,2,3,01,C01
201700013009,1,07,000,00,2,5,16,A01
201700013009,1,01,000,00,2,3,01,B01
201700013010,2,33,000,00,9,0,01,B01
201700013010,1,07,000,00,2,0,15,A01
201700013011,0,07,000,02,0,1,01,A01
201700013012,1,35,000,00,0,0,16,A01
201700013013,1,07,000,06,0,1,01,A01
201700013014,1,07,000,00,2,2,19,A01
201700013014,0,07,000,00,2,1,01,B01
201700013014,0,07,000,00,2,3,01,C01
201700013015,2,07,000,02,0,1,19,A01
201700013015,1,07,000,00,2,1,01,B01
201700013016,2,07,000,00,9,3,01,A01
201700013016,2,01,000,00,2,8,15,B01
201700013017,1,07,000,00,1,2,01,A01
201700013018,1,07,000,00,2,8,01,A01
201700013018,2,07,000,00,2,8,01,B01
201700013019,2,07,000,13,0,2,13,A01
201700013020,1,10,000,02,0,3,02,A01
201700013021,0,07,000,08,0,7,01,A01
201700013022,1,07,000,06,0,1,14,A01
201700013023,0,01,000,00,0,0,00,A01
201700013024,2,33,000,00,0,0,01,A01
201700013025,1,07,000,00,1,2,01,A01
201700013026,1,32,000,00,2,1,11,A01
201700013026,2,07,000,00,2,2,01,B01
201700013027,2,07,000,00,2,8,10,A01
201700013027,2,17,000,00,2,2,02,B01
201700013028,2,30,000,00,1,1,01,B01
201700013029,2,07,000,06,0,9,01,A01
201700013030,0,07,000,02,0,2,01,A01
201700013031,2,10,000,00,2,8,19,A01
201700013031,1,07,000,00,2,1,01,B01
201700013032,1,07,000,00,9,1,01,A01
201700013032,2,01,000,00,2,1,15,B01
201700013033,2,33,000,00,2,1,01,B01
201700013033,2,07,000,00,2,2,15,A01
201700013034,2,07,000,02,0,1,01,A01
201700013035,1,07,000,00,2,1,01,B01
201700013035,0,31,000,00,2,7,19,A01
201700013036,2,21,000,00,0,5,01,A01
201700013036,1,33,000,00,2,3,01,B01
201700013037,1,07,000,13,0,0,01,A01
201700013038,1,07,000,00,2,0,01,A01
201700013038,2,07,000,00,0,3,01,B01
201700013039,0,07,000,00,0,3,01,A01
201700013039,0,07,000,00,0,3,01,B01
201700013040,2,07,000,02,0,1,01,A01
201700013041,2,07,000,02,0,3,00,A01
201700013042,1,07,000,06,0,1,01,A01
201700013043,0,07,000,08,0,7,01,A01
201700013043,1,07,000,08,0,1,01,B01
201700013044,0,07,000,00,9,1,15,A01
201700013044,1,02,000,00,2,7,01,B01
201700013045,2,07,000,02,0,1,14,A01
201700013046,1,07,000,00,2,2,13,A01
201700013046,2,17,000,00,2,3,01,B01
201700013047,2,07,000,00,2,1,13,B01
201700013047,1,07,000,00,2,1,13,A01
201700013048,0,07,000,00,1,5,20,A01
201700013049,0,07,000,00,2,8,10,A01
201700013049,0,07,000,00,2,1,01,B01
201700013050,1,07,000,00,2,7,13,A01
201700013050,2,07,000,00,2,1,01,B01
201700013051,2,07,000,02,0,3,01,A01
201700013052,1,07,000,00,2,8,19,A01
201700013052,1,07,000,00,2,3,01,B01
201700013053,2,33,000,06,0,7,01,A01
201700013054,1,07,000,13,0,1,01,A01
201700013055,1,07,000,10,0,8,01,A01
201700013056,2,07,000,06,0,3,01,A01
201700013057,2,07,000,00,1,3,01,A01
201700013058,0,07,000,15,0,0,01,A01
201700013059,2,34,000,13,0,1,01,A01
201700013060,2,33,000,13,0,1,01,A01
201700013061,1,07,000,00,2,3,15,A01