Num_Acc,senc,catv,occutc,obs,obsm,choc,manv,num_veh
201700013891,0,02,000,06,0,2,01,A01
201700013892,2,07,000,02,0,4,01,A01
201700013893,2,13,000,05,0,0,01,A01
201700013894,1,02,000,00,0,2,14,A01
201700013895,2,33,000,00,2,8,01,A01
201700013895,2,07,000,00,2,3,13,B01
201700013896,0,02,000,00,0,0,01,A01
201700013897,1,07,000,00,0,1,00,B01
201700013897,0,07,000,00,0,3,19,A01
201700013898,1,07,000,00,1,5,04,A01
201700013899,1,07,000,15,0,1,14,A01
201700013900,2,33,000,10,0,1,01,A01
201700013901,2,07,000,00,9,2,15,A01
201700013901,1,01,000,00,2,1,01,B01
201700013902,0,02,000,00,2,1,13,A01
201700013902,0,07,000,00,2,1,01,B01
201700013903,2,07,000,00,1,3,01,A01
201700013904,2,07,000,02,0,1,01,A01
201700013905,1,10,000,00,2,1,21,B01
201700013905,1,02,000,00,2,8,19,A01
201700013906,2,07,000,05,2,1,01,B01
201700013906,0,07,000,00,2,6,15,A01
201700013907,0,10,000,00,1,4,20,A01
201700013908,0,01,000,00,0,0,01,A01
201700013909,0,07,000,00,1,7,20,A01
201700013910,2,07,000,00,2,3,13,A01
201700013910,1,07,000,00,2,3,01,B01
201700013911,1,31,000,00,2,1,01,A01
201700013911,2,07,000,00,2,5,15,B01
201700013912,1,33,000,05,0,0,01,A01
201700013913,2,07,000,00,2,3,01,B01
201700013913,1,07,000,00,2,3,01,A01
201700013914,2,07,000,01,0,1,01,A01
201700013915,2,07,000,08,0,7,01,A01
201700013916,2,07,000,00,0,3,01,A01
201700013916,1,07,000,00,0,1,15,B01
201700013917,2,07,000,15,0,8,14,A01
201700013918,1,07,000,02,0,1,14,A01
201700013919,2,33,000,16,0,7,01,A01
201700013920,1,34,000,08,0,1,14,A01
201700013921,1,07,000,00,2,1,01,C01
201700013921,2,07,000,00,2,1,01,B01
201700013921,1,07,000,07,2,3,13,A01
201700013922,1,07,000,00,2,3,01,B01
201700013922,2,33,000,00,2,1,13,A01
201700013923,1,07,000,00,0,7,14,B01
201700013923,1,07,000,02,0,7,14,A01
201700013924,1,10,000,00,2,3,17,A01
201700013924,1,10,000,00,0,6,01,B01
201700013925,2,01,000,00,2,1,01,B01
201700013925,0,07,000,00,2,8,09,A01
201700013926,2,02,000,00,2,1,01,A01
201700013926,2,07,000,00,0,5,21,B01
201700013927,0,33,000,00,0,7,01,A01
201700013928,0,07,000,00,2,3,01,A01
201700013928,2,07,000,00,2,3,13,B01
201700013929,0,07,000,00,1,2,02,A01
201700013930,2,33,000,00,2,1,01,A01
201700013930,1,07,000,00,2,1,01,B01
201700013931,1,15,000,00,2,6,13,B01
201700013931,2,07,000,00,2,3,05,A01
201700013932,1,07,000,00,2,1,01,B01
201700013932,2,33,000,00,2,1,01,A01
201700013933,1,07,000,00,2,8,01,B01
201700013933,2,07,000,00,2,1,13,A01
201700013934,1,07,000,00,2,1,13,A01
201700013934,2,07,000,00,2,1,01,B01
201700013935,2,10,000,00,2,1,11,A01
201700013935,2,10,000,00,0,8,15,B01
201700013936,1,10,000,00,0,4,01,A01
201700013936,1,07,000,00,2,1,01,B01
201700013937,1,33,000,13,0,1,01,A01
201700013938,2,07,000,02,0,1,01,A01
201700013939,1,07,000,02,2,1,17,A01
201700013939,2,07,000,00,0,8,15,B01
201700013940,1,07,000,02,0,6,01,A01
201700013941,1,10,000,10,0,1,01,A01
201700013942,2,07,000,00,1,2,20,A01
201700013943,2,01,000,00,2,1,01,A01
201700013943,1,07,000,00,9,2,10,B01
201700013944,0,10,000,00,2,3,01,B01
201700013944,0,30,000,00,2,1,13,A01
201700013945,1,07,000,00,2,2,01,A01
201700013945,2,07,000,00,2,3,01,B01
201700013946,1,07,000,02,0,7,01,A01
201700013947,1,02,000,16,0,7,01,A01
201700013948,2,07,000,00,2,3,16,A01
201700013948,0,33,000,00,0,2,01,B01
201700013949,2,10,000,00,2,1,01,A01
201700013949,1,07,000,00,2,1,01,B01
201700013950,1,38,001,00,9,7,02,A01
201700013950,1,01,000,00,2,8,02,B01
201700013951,0,02,000,12,0,1,13,A01
201700013952,1,02,000,00,2,1,13,A01
201700013952,2,07,000,00,2,1,01,B01
201700013953,1,07,000,00,0,6,23,A01
201700013953,2,07,000,00,2,3,01,C01
201700013953,1,34,000,00,2,1,17,B01
201700013954,1,33,000,00,2,1,01,B01
201700013954,2,02,000,00,2,7,15,A01
201700013955,1,10,000,00,2,3,02,B01
201700013955,1,02,000,00,2,4,00,A01
201700013956,1,01,000,00,2,1,01,B01
201700013956,2,07,000,00,2,1,15,A01
201700013957,1,01,000,13,0,0,00,A01
201700013958,2,07,000,00,0,1,02,A01
201700013959,1,01,000,00,2,8,09,A01
201700013959,2,07,000,00,2,1,01,B01
201700013960,0,07,000,00,2,1,01,B01
201700013960,0,02,000,14,2,8,09,A01
201700013961,1,30,000,06,0,7,01,A01
201700013962,2,33,000,00,0,8,01,A01
201700013963,1,01,000,00,2,4,02,B01
201700013963,1,07,000,00,2,2,02,A01
201700013964,2,21,000,00,2,8,01,B01
201700013964,1,02,000,00,2,1,13,A01
201700013965,2,33,000,00,0,0,00,A01
201700013966,1,07,000,16,0,3,13,A01
201700013967,2,07,000,03,0,1,01,A01
201700013968,2,07,000,07,0,2,01,A01
201700013969,2,33,000,09,0,9,01,A01
201700013970,1,07,000,00,0,9,01,A01
201700013971,1,07,000,00,2,1,01,B01
201700013971,0,07,000,00,0,8,19,A01
201700013972,1,07,000,00,2,1,01,B01
201700013972,2,07,000,00,2,1,13,A01
201700013973,2,33,000,00,0,1,01,A01
201700013974,2,07,000,13,0,4,17,A01
201700013975,2,07,000,13,0,1,01,A01
201700013976,1,10,000,00,2,1,01,B01
201700013976,2,07,000,00,2,8,15,A01
201700013977,1,33,000,03,0,7,01,A01
201700013977,1,33,000,03,0,7,01,B01
201700013978,1,10,000,00,2,1,01,B01
201700013978,1,07,000,00,2,1,05,A01
201700013979,2,07,000,16,0,9,01,A01
201700013980,2,33,000,16,0,0,01,A01
201700013981,1,33,000,11,0,1,01,A01
201700013982,2,03,000,02,0,8,14,A01
201700013983,2,10,000,00,1,4,04,A01
201700013984,1,33,000,00,2,1,01,B01
201700013984,0,07,000,00,9,1,15,A01
201700013985,2,07,000,00,2,3,01,B01
201700013985,1,07,000,00,2,3,13,A01
201700013986,2,15,000,00,2,6,01,C01
201700013986,2,07,000,13,2,2,17,A01
201700013986,1,07,000,00,2,2,01,B01
201700013987,2,07,000,00,2,1,01,B01
201700013987,1,07,000,09,2,1,06,A01
201700013988,2,07,000,14,0,1,01,A01
201700013989,2,07,000,00,2,2,01,B01
201700013989,1,07,000,00,2,1,15,A01
201700013990,1,02,000,00,2,1,05,A01
201700013990,2,07,000,00,2,2,01,B01
201700013991,1,07,000,00,2,1,19,A01
201700013991,2,07,000,00,2,1,01,B01
201700013992,0,10,000,00,1,4,04,A01
201700013993,0,02,000,00,2,1,15,A01
201700013993,0,20,000,00,0,6,01,B01
201700013994,0,33,000,00,2,1,01,A01
201700013994,0,07,000,00,0,6,15,B01
201700013995,1,07,000,02,0,3,01,A01
201700013996,0,02,000,07,0,9,01,A01
201700013997,0,01,000,00,0,0,00,A01
201700013998,0,07,000,00,0,0,01,A01
201700013999,2,07,000,13,0,1,13,A01
201700014000,1,07,000,06,0,1,00,A01
201700014001,2,07,000,00,2,3,13,A01
201700014001,1,07,000,00,2,3,01,B01
201700014002,2,07,000,00,2,8,01,B01
201700014002,1,07,000,00,2,3,13,A01
201700014003,2,07,000,15,0,1,11,A01
201700014004,0,02,000,00,0,0,00,A01
201700014005,1,07,000,00,2,2,01,A01
201700014005,1,01,000,00,0,4,01,B01
201700014006,2,07,000,15,2,3,01,A01
201700014006,1,07,000,00,2,3,01,B01
201700014007,1,07,000,00,0,0,01,A01
201700014008,1,07,000,02,0,1,19,A01
201700014009,1,07,000,16,0,2,01,A01
201700014010,1,07,000,02,0,2,01,A01
201700014011,1,07,000,00,2,3,21,B01
201700014011,2,07,000,00,2,3,13,A01
201700014012,1,07,000,00,0,0,01,A01
201700014013,2,31,000,13,0,1,01,A01
201700014014,2,07,000,00,2,3,01,B01
201700014014,1,07,000,15,9,2,00,A01
201700014015,2,07,000,00,2,3,01,B01
201700014015,2,07,000,00,2,1,01,C01
201700014015,1,07,000,00,2,3,13,A01
201700014016,0,30,000,00,0,1,01,B01
201700014016,0,07,000,00,2,2,01,A01
201700014017,1,01,000,00,2,1,01,A01
201700014017,1,01,000,00,2,1,01,B01
201700014018,0,07,000,00,1,1,17,A01
201700014019,1,07,000,00,0,9,01,A01
201700014020,2,07,000,08,0,3,01,A01
201700014021,0,10,000,00,1,4,04,A01
201700014022,1,14,000,13,2,3,01,B01
201700014022,1,07,000,00,2,7,15,A01
201700014023,1,07,000,02,0,1,01,A01
201700014024,1,33,000,00,2,1,02,A01
201700014024,1,07,000,00,2,7,02,B01
201700014025,2,07,000,13,0,0,21,A01
201700014026,0,07,000,13,0,1,01,A01
201700014027,1,07,000,00,0,4,15,A01
201700014027,1,07,000,00,0,1,02,B01
201700014028,2,07,000,00,1,3,01,A01
201700014029,1,07,000,00,1,2,01,A01
201700014030,0,10,000,00,2,1,21,B01
201700014030,0,07,000,00,2,1,13,A01
201700014031,1,07,000,00,0,2,01,A01
201700014032,2,07,000,00,2,3,00,B01
201700014032,1,07,000,00,2,3,13,A01
201700014033,1,07,000,00,2,1,02,A01
201700014033,1,17,000,00,0,6,01,B01
201700014034,0,02,000,00,0,0,01,A01
201700014035,2,07,000,00,2,7,09,B01
201700014035,2,07,000,00,2,1,01,A01
201700014036,1,07,000,00,2,3,01,A01
201700014036,0,07,000,00,2,2,01,B01
201700014037,1,07,000,00,2,6,00,B01
201700014037,0,07,000,00,2,1,01,A01
201700014038,1,07,000,08,0,7,01,A01
201700014039,1,07,000,00,2,1,13,A01
201700014039,2,17,000,00,2,3,01,B01
201700014040,2,07,000,13,0,1,01,A01
201700014041,1,07,000,00,2,2,01,B01
201700014041,2,14,000,00,2,1,15,A01
201700014042,0,30,000,00,2,1,01,A01
201700014042,0,10,000,00,2,1,00,B01
201700014043,0,07,000,00,9,2,16,A01
201700014043,0,33,000,00,2,1,01,B01
201700014044,1,03,000,15,0,1,14,A01
201700014045,1,07,000,13,0,2,01,A01
201700014046,1,17,000,00,1,3,19,A01
201700014047,0,33,000,00,0,0,21,A01
201700014047,0,07,000,00,0,0,16,B01
201700014048,2,10,000,00,2,1,00,A01
201700014048,1,07,000,00,0,5,01,B01
201700014049,1,07,000,00,2,2,21,A01
201700014049,2,02,000,00,2,1,01,B01
201700014050,1,02,000,00,2,1,01,B01
201700014050,1,07,000,00,0,5,09,A01
201700014051,1,07,000,08,0,3,01,A01
201700014052,1,07,000,00,2,7,01,A01
201700014052,2,07,000,00,2,1,01,B01
201700014053,0,07,000,13,0,1,00,A01
201700014054,1,07,000,00,2,1,01,B01
201700014054,1,07,000,00,2,1,19,A01
201700014055,0,07,000,16,0,9,01,A01
201700014056,0,07,000,00,2,2,15,A01
201700014056,0,33,000,00,2,7,15,B01
201700014057,0,07,000,13,0,8,01,A01
201700014058,0,33,000,00,0,3,01,A01
201700014059,1,07,000,00,2,1,19,A01
201700014059,1,07,000,00,2,3,00,B01
201700014060,2,07,000,13,0,2,01,A01
201700014061,1,33,000,08,0,1,01,A01
201700014062,0,07,000,00,2,3,01,B01
201700014062,0,33,000,00,2,1,13,A01
201700014063,1,07,000,00,2,1,01,B01
201700014063,0,07,000,06,2,8,15,A01
201700014064,1,07,000,06,0,1,00,A01
201700014065,2,07,000,00,2,6,01,A01
201700014065,1,07,000,00,2,3,01,B01
201700014066,2,16,000,00,2,3,01,B01
201700014066,1,07,000,00,2,3,13,A01
201700014067,1,02,000,00,2,1,09,A01
201700014067,1,07,000,00,2,2,01,B01
201700014068,2,07,000,00,9,2,02,A01
201700014068,2,01,000,12,0,4,02,B01
201700014069,1,21,000,00,2,3,04,B01
201700014069,1,07,000,00,2,1,01,A01
201700014070,1,10,000,00,0,5,15,A01
201700014070,2,31,000,00,2,1,01,B01
201700014071,0,07,000,00,2,8,19,A01
201700014071,0,10,000,00,2,1,01,B01
201700014072,2,38,017,00,2,3,01,B01
201700014072,1,07,000,00,2,3,13,A01
201700014073,1,33,000,00,2,1,05,A01
201700014073,2,07,000,00,2,2,01,B01
201700014074,2,07,000,04,2,2,17,A01
201700014074,2,07,000,04,0,6,01,B01
201700014075,1,33,000,12,0,7,01,A01
201700014076,0,07,000,00,0,1,15,A01
201700014076,0,01,000,00,0,2,00,B01
201700014077,1,07,000,12,0,9,01,A01
201700014078,1,13,000,00,2,3,15,A01
201700014078,2,07,000,00,2,2,01,B01
201700014079,1,02,000,03,2,3,01,A01
201700014079,1,02,000,00,2,2,17,B01
201700014080,2,07,000,00,2,4,01,D01
201700014080,2,07,000,00,2,4,01,C01
201700014080,2,17,000,00,2,2,01,A01
201700014080,2,07,000,00,0,4,01,E01
201700014081,2,07,000,07,0,2,01,A01
201700014082,0,01,000,16,0,7,05,A01
201700014083,0,01,000,00,2,8,01,B01
201700014083,1,07,000,00,9,2,01,A01
201700014084,0,07,000,00,2,3,09,A01
201700014084,0,33,000,00,2,2,01,B01
201700014084,0,33,000,00,2,7,01,C01
201700014085,1,10,000,16,0,0,01,A01
201700014086,0,01,000,08,0,1,01,A01
201700014087,0,07,000,00,2,3,01,A01
201700014087,0,07,000,00,2,2,01,B01
201700014088,0,07,000,00,2,1,01,A01
201700014088,0,33,000,00,0,4,01,B01
201700014089,0,33,000,16,0,1,01,A01
201700014090,2,07,000,08,0,1,01,A01
201700014091,2,07,000,00,2,1,01,B01
201700014091,1,07,000,00,2,1,01,A01
201700014092,1,07,000,16,0,9,01,A01
201700014093,2,07,000,00,2,1,02,A01
201700014093,2,07,000,00,0,4,02,B01
201700014094,0,07,000,00,2,3,19,A01
201700014094,1,07,000,12,0,5,00,B01
201700014095,2,07,000,00,2,1,01,B01
201700014095,2,07,000,00,0,0,17,C01
201700014095,1,07,000,00,2,7,21,A01
201700014096,0,07,000,15,0,3,01,A01
201700014097,0,07,000,00,2,4,04,A01
201700014097,1,01,000,00,2,1,01,B01
201700014098,0,07,000,02,0,1,01,A01
201700014099,2,02,000,00,1,0,00,A01
201700014100,0,07,000,00,2,2,01,B01
201700014100,0,33,000,00,2,2,05,A01
201700014101,1,33,000,00,0,0,01,A01
201700014102,0,07,000,00,2,1,01,A01
201700014102,0,07,000,00,2,1,05,B01
201700014103,0,07,000,15,1,1,06,A01
201700014104,2,07,000,00,2,3,01,B01
201700014104,1,07,000,00,2,2,13,A01
201700014105,1,07,000,00,2,1,01,A01
201700014105,0,07,000,00,2,8,15,B01
201700014106,1,07,000,00,1,3,01,A01
201700014107,0,07,000,00,1,1,15,A01
201700014108,0,07,000,00,2,1,01,B01
201700014108,0,07,000,00,2,8,01,A01
201700014109,1,30,000,00,2,1,01,B01
201700014109,2,07,000,00,2,2,15,A01
201700014110,0,07,000,00,2,1,19,A01
201700014110,0,07,000,00,2,1,01,B01
201700014111,0,07,000,00,2,1,01,A01
201700014111,0,07,000,00,2,1,13,B01
201700014112,0,07,000,00,2,3,13,A01
201700014112,0,07,000,00,2,3,01,B01
201700014113,0,07,000,06,0,1,01,A01
201700014114,1,14,000,00,2,3,01,B01
201700014114,2,07,000,00,2,1,13,A01
201700014115,2,31,000,00,2,1,13,A01
201700014115,1,07,000,00,2,1,01,B01
201700014116,1,07,000,00,2,2,15,B01
201700014116,2,07,000,00,2,2,17,A01
201700014117,1,07,000,00,2,7,17,A01
201700014117,2,07,000,00,2,1,01,B01
201700014118,0,31,000,00,2,4,01,A01
201700014119,2,07,000,13,9,1,01,A01
201700014120,0,07,000,00,1,1,01,A01
201700014121,1,07,000,00,2,4,23,C01
201700014121,1,07,000,00,2,1,02,D01
201700014121,1,07,000,00,0,4,23,A01
201700014121,1,10,000,00,2,4,23,B01
201700014122,0,07,000,01,0,1,01,A01
201700014123,1,07,000,00,2,3,16,A01
201700014123,1,15,000,00,2,1,01,B01
201700014123,2,07,000,00,2,3,01,C01
201700014124,0,07,000,07,0,9,00,A01
201700014125,0,07,000,00,2,1,13,A01
201700014125,0,07,000,00,2,1,21,B01
201700014126,2,37,030,00,2,2,21,A01
201700014126,2,07,000,06,2,3,15,B01
201700014127,0,07,000,00,2,0,01,D01
201700014127,1,07,000,13,2,0,17,A01
201700014127,0,07,000,00,2,0,21,C01
201700014127,0,07,000,00,2,0,01,B01
201700014128,2,36,000,06,0,1,01,A01
201700014129,2,07,000,00,0,0,01,A01
201700014130,0,30,000,00,0,1,01,A01
201700014131,0,07,000,00,0,8,00,A01
201700014131,0,07,000,00,0,1,00,B01
201700014132,0,33,000,00,0,0,00,A01
201700014133,1,33,000,00,2,1,17,A01
201700014133,1,07,000,00,2,6,17,B01
201700014134,0,07,000,00,0,9,01,A01
201700014135,1,07,000,00,2,3,01,B01
201700014135,2,02,000,00,2,3,01,A01
201700014136,1,33,000,00,0,7,23,A01
201700014137,0,36,000,13,0,2,01,A01
201700014138,1,07,000,13,0,1,01,A01
201700014139,0,07,000,08,0,5,01,A01
201700014140,0,01,000,00,2,0,00,B01
201700014140,0,07,000,00,9,2,09,A01
201700014141,1,07,000,00,2,8,19,A01
201700014141,2,10,000,00,2,1,01,B01
201700014142,2,07,000,00,2,7,01,A01
201700014142,1,07,000,00,2,1,01,B01
201700014143,1,07,000,00,0,1,11,A01
201700014143,2,17,000,00,0,1,01,B01
201700014144,0,07,000,00,0,9,01,A01
201700014145,1,07,000,00,1,2,01,A01
201700014146,0,33,000,00,0,0,21,A01
201700014147,0,01,000,00,2,1,19,B01
201700014147,1,07,000,00,2,2,01,A01
201700014148,0,07,000,00,0,4,02,B01
201700014148,0,31,000,00,2,1,02,A01
201700014149,0,07,000,02,0,7,01,A01
201700014150,0,07,000,15,2,1,01,B01
201700014150,0,99,000,00,2,8,19,A01
201700014151,0,07,000,08,0,7,01,A01
201700014152,0,10,000,00,2,3,13,A01
201700014152,0,10,000,01,0,1,01,B01
201700014152,0,14,000,00,2,3,01,C01
201700014153,0,07,000,00,2,8,19,B01
201700014153,0,07,000,00,2,1,01,A01
201700014154,0,07,000,04,0,2,14,A01
201700014155,0,33,000,12,0,1,01,A01
201700014156,1,10,000,00,1,2,01,A01
201700014157,0,07,000,00,0,4,02,A01
201700014157,0,07,000,00,2,1,02,B01
201700014158,2,10,000,00,2,3,00,A01
201700014158,1,01,000,00,2,1,13,B01
201700014159,2,15,000,00,0,5,01,A01
201700014159,2,01,000,00,2,8,02,B01
201700014160,0,33,000,02,0,0,01,A01
201700014161,0,02,000,00,0,0,16,A01
201700014162,0,01,000,00,2,1,00,B01
201700014162,0,07,000,00,9,2,21,A01
201700014163,0,33,000,00,6,2,00,A01
201700014164,0,07,000,00,9,3,15,B01
201700014164,0,02,000,00,2,2,17,A01
201700014165,0,07,000,00,1,3,01,A01
201700014166,0,36,000,15,0,2,00,A01
201700014167,0,07,000,04,2,9,01,A01
201700014167,0,07,000,00,2,6,01,B01
201700014168,1,02,000,00,2,1,11,A01
201700014168,2,07,000,00,2,1,11,B01
201700014169,0,33,000,02,0,1,00,A01
201700014170,0,31,000,00,2,1,01,B01
201700014170,0,07,000,00,2,1,13,A01
201700014171,0,02,000,00,2,1,01,B01
201700014171,0,07,000,00,2,2,15,A01
201700014172,0,30,000,00,6,1,00,A01
201700014173,2,07,000,00,1,1,01,A01
201700014174,0,07,000,00,1,1,01,A01
201700014175,0,07,000,00,1,3,02,A01
201700014176,0,02,000,08,0,0,00,A01
201700014177,0,07,000,00,1,1,01,A01
201700014178,0,07,000,00,1,1,00,A01
201700014179,0,07,000,00,1,1,01,A01
201700014180,0,07,000,06,0,1,01,A01
201700014181,0,33,000,03,0,7,01,A01
201700014182,1,07,000,00,0,7,19,A01
201700014182,1,07,000,00,2,1,01,B01
201700014183,0,07,000,00,0,3,09,A01
201700014183,0,02,000,00,2,1,09,B01
201700014184,0,33,000,00,1,1,01,A01
201700014185,2,02,000,00,2,2,05,A01
201700014185,1,07,000,00,2,2,01,B01
201700014186,0,07,000,00,2,7,15,A01
201700014186,0,02,000,00,2,1,01,B01
201700014187,0,31,000,00,2,1,01,A01
201700014187,0,33,000,00,2,1,01,B01
201700014188,0,07,000,00,2,1,13,A01
201700014188,0,07,000,00,2,1,01,B01
201700014189,1,07,000,00,1,2,01,A01
201700014190,2,07,000,00,2,1,05,A01
201700014190,1,07,000,00,2,1,01,B01
201700014191,1,07,000,16,0,9,01,A01
201700014192,0,07,000,07,2,2,09,A01
201700014192,0,07,000,00,2,3,01,B01
201700014193,0,33,000,01,0,1,00,A01
201700014194,1,07,000,14,0,9,01,A01
201700014195,2,07,000,16,0,2,02,A01
201700014196,1,07,000,03,0,9,01,A01
201700014197,1,07,000,00,1,2,16,A01
201700014198,1,07,000,00,2,8,01,B01
201700014198,2,07,000,04,2,3,13,A01
201700014199,2,07,000,15,0,1,01,A01
201700014200,0,07,000,00,2,1,17,A01
201700014200,0,33,000,00,2,1,01,B01
201700014201,0,33,000,00,0,0,01,A01
201700014202,2,07,000,00,2,1,01,A01
201700014202,1,02,000,00,2,1,01,B01
201700014203,2,07,000,00,1,3,01,A01
201700014204,0,17,000,00,2,6,01,B01
201700014204,0,33,000,00,0,8,01,A01
201700014205,0,07,000,00,2,1,01,A01
201700014205,1,07,000,00,2,3,16,B01
201700014206,0,32,000,00,1,8,05,A01
201700014207,0,01,000,00,2,8,15,B01
201700014207,0,07,000,00,9,1,17,A01
201700014208,0,02,000,00,2,1,09,B01
201700014208,0,07,000,00,2,3,17,A01
201700014209,1,07,000,00,2,3,01,A01
201700014209,2,07,000,00,2,2,01,B01
201700014209,2,02,000,07,0,1,21,C01
201700014210,0,07,000,06,0,1,01,A01
201700014211,0,07,000,00,2,3,01,A01
201700014211,0,07,000,00,2,3,01,B01
201700014212,0,02,000,00,0,7,01,A01
201700014213,1,07,000,08,0,3,01,A01
201700014214,2,07,000,13,0,7,01,A01
201700014215,2,07,000,00,0,1,01,A01
201700014216,2,07,000,08,0,1,14,A01
201700014217,1,33,000,00,0,7,21,A01
201700014218,2,07,000,04,0,3,01,A01
201700014219,1,33,000,13,0,7,14,A01
201700014220,1,07,000,00,2,3,01,B01
201700014220,2,07,000,00,2,1,15,A01
201700014221,2,07,000,00,2,3,13,A01
201700014221,1,13,000,00,2,3,01,B01
201700014222,2,07,000,00,0,0,00,B01
201700014222,2,07,000,10,0,8,15,C01
201700014222,2,07,000,10,2,2,17,A01
201700014223,2,03,000,03,0,2,01,A01
201700014224,1,07,000,00,2,1,00,B01
201700014224,2,07,000,00,2,2,00,A01
201700014225,1,07,000,00,2,1,01,B01
201700014225,2,07,000,00,2,1,13,A01
201700014226,2,07,000,01,1,0,01,A01
201700014227,1,07,000,00,2,1,01,B01
201700014227,2,07,000,00,2,1,13,A01
201700014228,0,07,000,00,1,1,01,A01
201700014229,1,07,000,03,5,1,01,A01
201700014230,2,07,000,13,0,2,01,A01
201700014231,2,07,000,00,2,9,01,C01
201700014231,1,07,000,00,2,3,01,A01
201700014231,2,07,000,00,2,9,15,B01
201700014232,1,07,000,00,2,3,01,B01
201700014232,2,07,000,00,2,7,13,A01
201700014233,1,07,000,00,0,9,13,A01
201700014234,2,10,000,00,2,6,24,B01
201700014234,1,07,000,00,9,2,01,A01
201700014235,1,07,000,13,0,1,01,A01
201700014236,2,10,000,02,0,8,13,A01
201700014237,2,07,000,06,0,1,02,A01
201700014238,2,07,000,00,1,2,01,A01
201700014239,1,02,000,00,0,0,00,A01
201700014240,1,07,000,00,2,2,15,B01
201700014240,2,02,000,00,2,1,01,A01
201700014241,2,07,000,00,1,1,01,A01
201700014242,1,07,000,02,0,1,00,A01
201700014243,2,07,000,13,0,3,01,A01
201700014244,1,33,000,00,2,1,01,B01
201700014244,2,03,000,00,2,6,15,A01
201700014245,2,33,000,16,0,0,13,A01
201700014246,2,10,000,16,0,8,13,A01
201700014247,1,07,000,00,1,4,20,A01
201700014248,2,07,000,00,0,3,05,B01
201700014248,1,07,000,00,2,1,05,A01
201700014249,2,07,000,13,0,9,13,A01
201700014250,1,07,000,13,0,1,19,A01
201700014251,2,07,000,13,0,1,14,A01
201700014252,2,07,000,02,0,7,13,A01
201700014253,2,07,000,13,0,9,01,A01
201700014254,1,01,000,00,0,0,00,A01
201700014255,1,07,000,02,0,1,01,A01
201700014256,0,07,000,10,0,4,00,A01
201700014257,2,07,000,06,0,0,01,A01
201700014258,2,07,000,00,2,1,13,A01
201700014258,1,07,000,00,2,1,00,B01
201700014259,2,07,000,00,2,3,13,A01
201700014259,1,07,000,00,2,2,13,B01
201700014260,1,33,000,00,2,1,17,A01
201700014260,0,13,000,00,2,8,15,B01
201700014261,1,02,000,00,2,8,02,B01
201700014261,1,07,000,00,0,0,02,A01
201700014262,1,33,000,00,0,0,00,A01
201700014262,1,33,000,00,0,0,01,B01
201700014263,1,33,000,00,0,1,01,A01
201700014264,1,07,000,08,0,1,18,A01
201700014265,1,07,000,01,0,9,21,A01
201700014266,2,07,000,00,2,3,13,A01
201700014266,1,07,000,00,2,3,01,B01
201700014267,2,07,000,00,2,3,13,A01
201700014267,1,07,000,00,2,3,01,B01
201700014268,1,02,000,00,2,2,17,A01
201700014268,1,07,000,00,2,3,15,B01
201700014269,2,07,000,00,2,6,01,B01
201700014269,2,31,000,00,2,7,17,A01
201700014270,1,07,000,00,2,3,01,B01
201700014270,2,33,000,00,2,3,00,A01
201700014271,1,33,000,00,2,1,01,B01
201700014271,1,07,000,00,0,4,01,A01
201700014272,1,07,000,02,0,1,02,A01
201700014273,2,07,000,00,2,1,13,A01
201700014273,1,07,000,00,2,3,01,B01
201700014274,1,34,000,00,0,0,01,A01
201700014275,1,33,000,02,0,1,02,A01
201700014276,2,02,000,00,2,8,15,A01
201700014276,1,07,000,00,2,3,01,B01
201700014277,1,33,000,00,0,0,01,A01
201700014278,2,10,000,02,0,3,00,A01
201700014279,0,07,000,00,0,1,01,B01
201700014279,0,33,000,00,0,1,16,A01
201700014280,1,01,000,13,0,1,00,A01
201700014281,1,07,000,00,2,5,17,B01
201700014281,1,02,000,00,2,3,15,A01
201700014282,1,07,000,15,0,3,01,A01
201700014283,1,10,000,13,0,3,01,A01
201700014284,0,07,000,06,2,5,17,A01
201700014284,0,07,000,00,2,3,15,B01
201700014285,1,17,000,00,2,3,01,B01
201700014285,2,07,000,00,2,3,13,A01
201700014286,2,07,000,00,2,3,01,A01
201700014286,1,07,000,00,2,3,01,B01
201700014287,0,07,000,00,2,1,13,A01
201700014287,0,07,000,00,2,3,01,B01
201700014287,0,07,000,00,2,3,01,C01
201700014288,2,07,000,00,2,3,00,A01
201700014288,1,07,000,00,2,3,00,B01
201700014289,2,01,000,00,2,0,00,B01
201700014289,1,07,000,00,2,2,15,A01
201700014290,1,07,000,00,1,3,01,A01
201700014291,1,10,000,00,2,1,01,B01
201700014291,2,07,000,00,2,3,13,A01
201700014292,0,07,000,00,2,3,01,B01
201700014292,0,07,000,00,2,3,13,A01
201700014293,0,07,000,13,0,2,01,A01
201700014294,0,07,000,00,2,6,13,A01
201700014294,0,07,000,00,2,3,01,B01
201700014295,0,07,000,00,2,1,01,B01
201700014295,0,07,000,00,2,2,16,A01
201700014296,0,07,000,02,0,2,01,A01
201700014297,1,07,000,00,0,0,15,B01
201700014297,2,02,000,00,0,3,01,A01
201700014298,1,30,000,00,2,1,01,B01
201700014298,2,07,000,00,2,7,15,A01
201700014299,0,07,000,06,0,3,13,A01