Num_Acc,senc,catv,occutc,obs,obsm,choc,manv,num_veh
201700015507,2,07,000,00,2,8,15,B01
201700015508,0,07,000,00,2,1,23,A01
201700015508,0,02,000,00,2,1,05,B01
201700015509,2,07,000,00,1,1,01,A01
201700015510,1,10,000,00,9,7,17,A01
201700015510,1,01,000,00,2,8,02,B01
201700015511,0,10,000,00,2,3,19,A01
201700015511,0,33,000,00,2,1,01,B01
201700015512,2,02,000,00,2,7,01,A01
201700015512,2,07,000,00,2,3,01,B01
201700015513,2,07,000,00,9,7,00,A01
201700015513,2,01,000,00,9,0,02,B01
201700015514,0,02,000,00,2,1,01,B01
201700015514,0,07,000,00,2,5,15,A01
201700015515,2,10,000,00,2,3,15,A01
201700015515,1,33,000,00,2,1,21,B01
201700015516,2,07,000,00,2,5,15,B01
201700015516,1,33,000,00,2,1,01,A01
201700015517,0,07,000,00,1,5,20,A01
201700015518,1,07,000,00,0,6,15,A01
201700015518,1,07,000,00,2,1,02,B01
201700015519,0,07,000,00,1,2,01,A01
201700015520,0,07,000,00,2,2,21,A01
201700015520,0,02,000,13,2,2,13,B01
201700015521,0,02,000,00,2,0,01,A01
201700015521,0,01,000,00,0,8,01,B01
201700015522,0,07,000,00,1,3,13,A01
201700015523,1,07,000,13,0,9,01,A01
201700015524,0,07,000,00,5,1,21,A01
201700015525,2,07,000,00,2,3,15,A01
201700015525,1,33,000,08,2,7,17,B01
201700015526,0,02,000,01,0,1,01,A01
201700015526,0,10,000,00,0,6,00,B01
201700015527,0,01,000,00,2,3,00,B01
201700015527,0,07,000,00,2,2,01,A01
201700015528,2,07,000,06,0,1,01,A01
201700015529,1,07,000,00,2,1,01,A01
201700015529,1,07,000,00,0,4,01,B01
201700015530,2,07,000,00,1,2,01,A01
201700015531,1,07,000,00,2,1,01,A01
201700015531,2,10,000,00,2,1,01,B01
201700015532,0,07,000,02,0,1,01,A01
201700015533,1,07,000,00,0,4,23,A01
201700015533,1,07,000,00,2,1,01,B01
201700015534,0,07,000,02,0,2,01,A01
201700015535,1,07,000,00,2,7,15,A01
201700015535,2,33,000,00,2,1,01,B01
201700015535,,07,000,00,2,1,23,C01
201700015536,1,07,000,06,0,1,01,A01
201700015537,1,07,000,00,1,2,01,A01
201700015538,1,07,000,00,0,1,01,A01
201700015539,1,07,000,00,2,3,01,C01
201700015539,2,07,000,00,2,1,17,A01
201700015539,1,07,000,00,2,1,01,B01
201700015540,1,33,000,00,0,0,16,A01
201700015541,1,33,000,00,0,2,01,A01
201700015542,2,07,000,00,1,4,04,A01
201700015543,1,07,000,00,2,5,09,A01
201700015543,1,31,000,00,2,1,01,B01
201700015544,1,07,000,00,2,1,13,A01
201700015544,2,07,000,00,2,1,01,B01
201700015545,0,07,000,00,0,1,01,A01
201700015546,0,07,000,02,0,9,17,A01
201700015547,2,07,000,06,0,1,01,A01
201700015548,1,07,000,00,1,2,01,A01
201700015549,2,14,000,16,0,1,01,A01
201700015550,1,07,000,00,9,1,01,A01
201700015550,2,01,000,00,2,3,15,B01
201700015551,2,07,000,00,2,1,01,A01
201700015551,1,10,000,00,2,7,19,B01
201700015552,2,02,000,00,1,1,21,A01
201700015553,1,07,000,00,2,1,13,A01
201700015553,2,14,000,00,2,1,01,B01
201700015554,2,02,000,00,0,0,00,A01
201700015555,1,02,000,10,0,7,00,A01
201700015556,1,07,000,00,2,2,15,A01
201700015556,2,01,000,00,2,1,01,B01
201700015557,1,07,000,00,2,1,01,B01
201700015557,1,07,000,00,2,4,01,A01
201700015557,1,10,000,00,2,1,01,C01
201700015557,1,07,000,00,2,1,01,D01
201700015558,1,07,000,00,2,1,15,A01
201700015558,2,07,000,00,2,1,01,B01
201700015559,1,07,000,00,2,1,01,B01
201700015559,2,07,000,00,2,3,13,A01
201700015560,2,07,000,00,2,1,13,A01
201700015560,1,10,000,00,2,1,01,B01
201700015561,2,10,000,06,0,3,13,A01
201700015562,2,07,000,00,2,3,01,A01
201700015562,1,07,000,00,2,1,13,B01
201700015563,1,07,000,00,2,5,01,A01
201700015563,2,07,000,00,2,1,01,B01
201700015564,0,30,000,00,0,0,01,A01
201700015565,1,33,000,00,2,2,13,A01
201700015565,2,07,000,00,2,1,01,B01
201700015566,1,07,000,00,2,3,15,A01
201700015566,2,07,000,00,2,3,01,B01
201700015567,0,33,000,07,0,3,01,A01
201700015568,2,07,000,00,2,2,15,A01
201700015568,2,33,000,00,0,7,01,B01
201700015569,2,10,000,13,0,2,01,A01
201700015570,0,07,000,00,2,4,01,C01
201700015570,0,07,000,00,2,1,01,B01
201700015570,0,07,000,00,2,1,01,A01
201700015571,1,07,000,00,2,2,01,A01
201700015571,2,07,000,00,2,1,15,B01
201700015572,1,07,000,15,2,3,10,A01
201700015572,1,33,000,00,2,7,17,B01
201700015573,1,07,000,00,1,3,01,A01
201700015574,0,07,000,00,0,4,01,A01
201700015574,0,07,000,00,2,1,02,B01
201700015575,1,07,000,02,0,2,00,A01
201700015576,0,07,000,00,2,1,00,B01
201700015576,0,07,000,00,2,1,00,A01
201700015577,0,07,000,02,0,1,00,A01
201700015578,1,07,000,00,2,8,19,A01
201700015578,1,14,000,00,2,3,01,B01
201700015579,0,30,000,00,1,1,01,A01
201700015580,2,07,000,00,2,1,02,A01
201700015580,0,07,000,00,0,3,15,B01
201700015581,1,07,000,06,2,3,13,A01
201700015581,2,07,000,00,2,3,01,B01
201700015581,2,07,000,14,0,1,01,C01
201700015582,1,33,000,00,2,1,01,B01
201700015582,2,07,000,00,0,3,17,A01
201700015583,2,01,000,00,0,4,13,A01
201700015583,2,07,000,00,9,3,02,B01
201700015584,0,33,000,00,2,1,00,B01
201700015584,0,07,000,00,2,3,09,A01
201700015585,2,07,000,00,1,3,21,A01
201700015586,1,01,000,00,2,4,02,A01
201700015586,1,10,000,00,2,2,02,B01
201700015587,0,07,000,00,0,2,01,A01
201700015588,0,07,000,02,0,1,00,A01
201700015589,1,07,000,07,0,9,01,A01
201700015590,1,07,000,00,2,7,01,A01
201700015590,2,07,000,00,2,1,01,B01
201700015591,2,07,000,13,0,0,01,A01
201700015592,0,07,000,00,2,3,01,A01
201700015592,0,07,000,00,2,3,01,B01
201700015593,1,07,000,00,2,3,13,A01
201700015593,2,07,000,00,2,3,01,B01
201700015594,1,31,000,00,2,8,01,C01
201700015594,2,07,000,00,2,3,05,A01
201700015594,1,07,000,00,2,1,01,B01
201700015595,0,07,000,08,0,3,00,A01
201700015596,1,07,000,00,0,1,19,A01
201700015597,2,16,000,00,2,8,01,B01
201700015597,1,16,000,00,2,8,01,A01
201700015598,2,07,000,00,2,2,01,B01
201700015598,1,07,000,00,2,7,15,A01
201700015598,1,07,000,00,2,6,23,C01
201700015599,1,07,000,02,0,2,01,A01
201700015600,1,07,000,16,0,1,01,A01
201700015601,1,07,000,07,0,2,01,A01
201700015602,0,07,000,01,0,2,00,A01
201700015603,2,07,000,00,2,3,13,A01
201700015603,1,34,000,03,2,1,01,B01
201700015604,0,07,000,02,0,1,01,A01
201700015605,1,07,000,13,0,3,01,A01
201700015606,2,02,000,00,9,1,01,A01
201700015606,2,02,000,00,0,0,01,B01
201700015607,1,17,000,00,2,3,02,A01
201700015607,1,07,000,00,2,5,02,B01
201700015608,2,07,000,00,2,3,01,C01
201700015608,1,07,000,00,2,1,11,A01
201700015608,2,07,000,00,2,8,01,B01
201700015609,2,07,000,15,0,5,14,A01
201700015609,2,07,000,13,2,8,14,C01
201700015609,2,07,000,00,2,1,14,D01
201700015609,2,07,000,00,1,7,24,B01
201700015610,2,07,000,00,0,0,01,A01
201700015611,1,07,000,13,0,3,13,A01
201700015612,0,07,000,02,0,3,01,A01
201700015613,1,07,000,06,0,3,13,A01
201700015614,1,07,000,00,1,3,15,A01
201700015615,1,07,000,00,2,1,01,B01
201700015615,2,07,000,00,2,2,15,A01
201700015616,2,07,000,00,2,7,01,B01
201700015616,2,07,000,00,2,3,15,A01
201700015617,1,99,000,00,2,8,01,C01
201700015617,2,07,000,01,2,2,14,A01
201700015618,2,33,000,00,0,2,01,A01
201700015619,2,33,000,03,0,2,01,A01
201700015620,2,07,000,02,0,1,14,A01
201700015621,2,07,000,03,2,9,05,A01
201700015621,1,17,000,00,2,2,01,B01
201700015622,1,07,000,00,2,1,01,B01
201700015622,2,07,000,00,2,1,05,A01
201700015623,2,02,000,16,0,0,01,A01
201700015624,2,13,000,00,2,8,01,B01
201700015624,1,07,000,00,2,1,05,A01
201700015625,2,07,000,00,1,1,01,A01
201700015626,2,13,000,06,0,2,01,A01
201700015627,2,33,000,00,0,0,01,A01
201700015628,1,33,000,00,2,3,01,A01
201700015628,2,17,000,00,2,8,01,B01
201700015629,1,01,000,13,0,0,01,A01
201700015630,1,07,000,15,0,1,01,A01
201700015631,0,07,000,00,9,3,13,A01
201700015631,0,01,000,00,2,1,09,B01
201700015632,1,07,000,00,9,3,17,A01
201700015632,2,01,000,00,2,1,01,B01
201700015633,2,07,000,08,0,8,01,A01
201700015634,1,33,000,02,0,7,01,A01
201700015635,1,32,000,00,2,1,13,A01
201700015635,2,14,000,00,2,1,01,B01
201700015636,1,33,000,00,0,7,01,A01
201700015637,1,07,000,13,0,1,01,A01
201700015638,2,33,000,03,0,2,01,A01
201700015639,1,07,000,00,2,1,01,B01
201700015639,2,07,000,00,2,3,15,A01
201700015640,1,07,000,13,0,8,01,A01
201700015641,1,07,000,00,2,2,15,A01
201700015641,1,33,000,00,2,1,01,B01
201700015642,1,07,000,02,0,9,00,A01
201700015643,2,07,000,08,0,2,01,A01
201700015644,1,07,000,00,2,3,01,B01
201700015644,2,07,000,00,2,3,13,A01
201700015645,0,07,000,13,0,1,00,A01
201700015646,1,01,000,12,0,1,01,A01
201700015647,2,07,000,02,0,1,01,A01
201700015648,1,07,000,02,0,7,01,A01
201700015649,2,01,000,00,2,1,13,C01
201700015649,2,01,000,15,0,1,13,B01
201700015649,1,14,000,00,9,8,01,A01
201700015650,0,30,000,00,0,8,01,A01
201700015651,1,07,000,13,0,1,01,A01
201700015652,2,07,000,05,0,2,01,A01
201700015653,0,36,000,13,0,1,01,A01
201700015654,0,01,000,00,2,1,01,B01
201700015654,0,07,000,00,9,3,01,A01
201700015655,0,07,000,13,0,3,21,B01
201700015655,0,07,000,13,0,1,01,A01
201700015656,1,10,000,00,0,8,13,A01
201700015657,0,07,000,13,0,9,01,A01
201700015658,1,07,000,15,2,1,19,A01
201700015658,2,07,000,15,2,7,01,B01
201700015659,1,07,000,06,0,1,01,A01
201700015660,2,07,000,00,2,1,01,B01
201700015660,1,07,000,00,0,2,19,A01
201700015661,1,07,000,00,0,0,01,A01
201700015662,2,15,000,00,2,1,01,B01
201700015662,1,10,000,00,2,1,05,A01
201700015663,1,07,000,15,0,1,19,A01
201700015664,2,07,000,00,2,7,17,A01
201700015664,2,21,000,00,0,6,01,B01
201700015665,2,07,000,13,0,2,00,A01
201700015666,1,07,000,00,0,7,01,B01
201700015666,1,10,000,00,2,1,01,A01
201700015667,2,07,000,00,2,3,13,A01
201700015667,1,07,000,00,2,3,01,B01
201700015668,1,36,000,02,0,0,01,A01
201700015669,2,07,000,13,0,9,01,A01
201700015670,1,07,000,00,1,4,04,A01
201700015671,1,07,000,00,2,2,15,A01
201700015671,1,07,000,13,0,2,01,B01
201700015672,1,07,000,13,0,1,01,A01
201700015673,2,07,000,13,0,7,01,A01
201700015674,2,07,000,00,1,1,01,A01
201700015675,1,07,000,00,2,3,19,A01
201700015675,1,15,000,00,2,2,01,B01
201700015676,1,07,000,13,0,9,01,A01
201700015677,1,33,000,10,0,9,13,A01
201700015678,2,07,000,00,2,8,15,A01
201700015678,1,15,000,00,2,3,01,B01
201700015679,2,07,000,08,0,1,01,A01
201700015680,2,33,000,03,0,1,13,A01
201700015681,1,02,000,00,0,0,17,A01
201700015682,1,07,000,00,2,3,01,A01
201700015682,2,07,000,00,2,1,01,B01
201700015683,1,07,000,04,0,9,01,A01
201700015684,1,33,000,13,0,1,01,A01
201700015685,2,07,000,00,2,3,05,A01
201700015685,1,07,000,00,2,3,05,B01
201700015686,2,33,000,00,2,8,01,B01
201700015686,2,07,000,00,2,1,15,A01
201700015687,2,07,000,13,0,9,01,A01
201700015688,1,21,000,00,0,5,23,A01
201700015688,1,33,000,01,0,1,01,B01
201700015689,1,07,000,00,0,1,05,A01
201700015689,2,07,000,00,0,1,01,B01
201700015690,1,10,000,00,9,7,01,D01
201700015690,1,07,000,00,0,6,01,C01
201700015690,2,07,000,16,9,8,01,B01
201700015690,1,07,000,00,2,3,17,A01
201700015691,2,02,000,00,2,7,17,A01
201700015691,2,07,000,00,9,8,01,B01
201700015692,0,33,000,01,0,1,00,A01
201700015693,2,07,000,00,0,7,19,A01
201700015693,2,33,000,00,2,1,01,B01
201700015694,0,10,000,13,0,7,01,A01
201700015695,1,07,000,00,1,1,01,A01
201700015696,2,03,000,00,6,1,01,A01
201700015697,1,07,000,00,2,2,01,B01
201700015697,1,07,000,00,2,3,01,A01
201700015698,1,07,000,07,0,1,00,A01
201700015699,2,10,000,02,0,1,01,A01
201700015700,2,07,000,00,2,8,01,A01
201700015700,1,07,000,00,2,1,01,B01
201700015701,1,07,000,00,2,8,00,A01
201700015701,1,07,000,00,2,1,00,B01
201700015702,1,07,000,13,0,9,01,A01
201700015703,2,07,000,00,2,5,01,A01
201700015703,2,07,000,00,2,1,01,B01
201700015703,2,07,000,00,2,1,01,C01
201700015704,2,07,000,00,2,3,01,A01
201700015704,1,01,000,00,2,1,15,B01
201700015705,2,17,000,00,2,3,01,B01
201700015705,1,07,000,02,2,3,13,A01
201700015706,1,33,000,00,2,0,17,B01
201700015706,1,07,000,00,2,3,02,A01
201700015707,2,07,000,13,0,3,01,A01
201700015708,2,07,000,03,0,2,01,A01
201700015709,2,07,000,16,0,0,01,A01
201700015710,2,07,000,00,2,8,21,A01
201700015710,1,33,000,00,2,8,13,B01
201700015711,1,07,000,00,2,8,01,B01
201700015711,1,07,000,00,2,1,09,A01
201700015712,2,07,000,00,0,1,13,A01
201700015713,1,07,000,01,0,9,13,A01
201700015714,1,07,000,00,0,9,00,A01
201700015715,1,07,000,00,0,7,17,A01
201700015715,1,30,000,00,0,8,15,B01
201700015716,1,33,000,00,2,1,01,A01
201700015716,1,10,000,00,2,8,19,B01
201700015717,1,33,000,13,0,0,01,A01
201700015718,1,07,000,02,0,2,19,A01
201700015719,1,15,000,02,0,3,13,A01
201700015720,1,07,000,00,2,1,01,B01
201700015720,1,07,000,00,2,8,01,A01
201700015721,0,07,000,00,9,2,01,A01
201700015721,0,01,000,00,2,8,15,B01
201700015722,2,34,000,00,0,7,01,A01
201700015723,1,10,000,00,0,4,15,A01
201700015723,1,10,000,00,2,1,01,B01
201700015724,1,33,000,00,2,8,01,A01
201700015724,2,07,000,00,2,1,15,B01
201700015725,1,07,000,13,0,2,01,A01
201700015726,2,07,000,13,0,3,01,A01
201700015727,1,07,000,02,0,1,01,A01
201700015728,1,07,000,13,0,2,02,A01
201700015729,2,07,000,00,2,2,01,A01
201700015729,1,31,000,00,2,3,15,B01
201700015730,1,07,000,02,0,1,13,A01
201700015731,2,33,000,00,0,0,16,A01
201700015732,2,07,000,13,2,6,15,A01
201700015732,2,07,000,00,2,1,17,B01
201700015733,1,30,000,12,0,7,01,A01
201700015734,2,32,000,00,0,7,01,A01
201700015735,0,07,000,02,0,1,00,A01
201700015736,2,07,000,00,2,1,13,A01
201700015736,1,07,000,00,2,1,21,B01
201700015737,0,07,000,00,2,5,15,A01
201700015737,0,02,000,00,2,9,01,B01
201700015738,2,34,000,00,2,3,01,B01
201700015738,1,07,000,13,2,3,19,A01
201700015739,1,33,000,13,0,1,01,A01
201700015740,0,07,000,01,1,4,04,A01
201700015741,1,07,000,02,0,1,01,A01
201700015742,2,07,000,13,2,5,01,B01
201700015742,1,07,000,07,2,3,19,A01
201700015743,2,02,000,16,0,7,21,A01
201700015744,1,07,000,15,0,8,01,A01
201700015745,2,14,000,00,2,2,02,A01
201700015745,2,01,000,00,2,8,02,B01
201700015746,2,33,000,00,0,8,01,A01
201700015747,1,01,000,00,0,0,01,A01
201700015748,1,01,000,00,2,8,02,B01
201700015748,1,07,000,00,9,7,17,A01
201700015749,1,36,000,06,0,1,15,A01
201700015750,1,10,000,00,2,3,01,A01
201700015750,1,07,000,00,2,4,01,B01
201700015750,1,07,000,00,0,4,01,C01
201700015751,1,33,000,00,0,8,01,A01
201700015752,1,07,000,00,2,1,05,A01
201700015752,2,17,000,00,2,3,01,B01
201700015753,2,02,000,01,0,1,14,A01
201700015753,2,07,000,00,0,6,24,B01
201700015754,1,07,000,00,2,1,13,A01
201700015754,2,17,000,00,2,8,01,B01
201700015754,2,07,000,00,2,1,01,C01
201700015754,2,10,000,00,2,1,01,D01
201700015755,2,07,000,00,2,1,15,B01
201700015755,1,33,000,00,2,3,15,A01
201700015756,1,01,000,00,2,3,01,A01
201700015756,1,10,000,00,0,0,00,B01
201700015757,2,02,000,00,2,6,01,A01
201700015757,2,07,000,00,2,2,17,B01
201700015758,1,07,000,01,0,2,01,A01
201700015759,2,07,000,13,0,3,13,A01
201700015760,1,10,000,00,2,1,01,A01
201700015760,1,07,000,00,0,4,01,B01
201700015761,1,07,000,13,0,3,13,A01
201700015762,1,01,000,00,2,1,02,A01
201700015762,1,01,000,00,2,4,02,B01
201700015763,1,07,000,00,0,4,04,A01
201700015763,1,02,000,00,2,1,01,B01
201700015764,2,07,000,00,2,7,19,A01
201700015764,2,07,000,00,2,1,01,B01
201700015765,2,07,000,00,2,2,13,A01
201700015765,1,07,000,00,2,3,01,B01
201700015766,2,07,000,00,2,1,01,A01
201700015766,1,07,000,00,2,3,15,B01
201700015767,0,30,000,13,0,1,01,A01
201700015768,0,07,000,00,1,2,16,A01
201700015769,2,07,000,00,2,3,01,B01
201700015769,1,07,000,00,2,3,01,A01
201700015770,1,07,000,15,0,1,01,A01
201700015771,2,07,000,13,0,3,13,A01
201700015772,1,02,000,13,0,3,00,A01
201700015773,2,33,000,01,0,2,01,A01
201700015773,1,07,000,00,0,7,19,B01
201700015774,1,07,000,00,2,3,11,A01
201700015774,2,07,000,00,2,3,21,B01
201700015775,2,07,000,00,2,5,01,B01
201700015775,1,17,000,00,2,3,09,A01
201700015776,2,33,000,00,0,7,01,A01
201700015777,1,33,000,15,0,1,14,A01
201700015778,1,33,000,00,2,1,00,B01
201700015778,2,07,000,00,2,2,15,A01
201700015779,2,07,000,00,0,0,00,A01
201700015780,2,07,000,04,0,3,02,A01
201700015781,2,33,000,13,0,8,01,A01
201700015782,0,33,000,00,2,3,13,A01
201700015782,0,07,000,08,2,3,21,B01
201700015783,2,07,000,00,2,3,01,A01
201700015783,1,07,000,00,2,1,01,B01
201700015784,1,31,000,13,0,1,01,A01
201700015785,0,02,000,00,0,0,00,A01
201700015786,1,21,000,00,2,2,19,A01
201700015786,2,07,000,00,2,1,01,B01
201700015787,1,33,000,00,2,8,13,A01
201700015787,2,07,000,00,2,8,21,B01
201700015788,1,07,000,08,0,8,01,A01
201700015789,1,10,000,00,9,2,17,A01
201700015789,1,01,000,00,2,9,01,B01
201700015790,2,07,000,13,0,9,01,A01
201700015791,2,07,000,00,1,2,01,A01
201700015792,1,07,000,00,2,1,19,A01
201700015792,1,17,000,00,2,2,01,B01
201700015793,2,07,000,00,0,4,01,A01
201700015793,2,07,000,00,2,4,01,B01
201700015793,2,07,000,00,2,1,01,C01
201700015794,2,21,000,00,2,3,01,A01
201700015794,1,33,000,00,2,0,01,B01
201700015795,0,02,000,16,0,0,01,A01
201700015796,2,07,000,00,0,9,01,A01
201700015797,1,02,000,00,2,8,13,A01
201700015797,1,07,000,00,2,7,17,B01
201700015798,1,07,000,00,2,8,16,A01
201700015798,2,15,000,00,2,2,13,B01
201700015799,0,07,000,00,1,4,04,A01
201700015800,2,07,000,15,0,1,14,A01
201700015801,2,07,000,00,2,1,13,A01
201700015801,1,07,000,00,2,1,01,B01
201700015802,1,07,000,00,0,0,01,A01
201700015803,1,07,000,00,2,3,15,A01
201700015803,2,07,000,00,2,1,01,B01
201700015804,1,33,000,00,2,2,02,A01
201700015804,1,33,000,00,0,6,02,B01
201700015805,1,33,000,00,2,8,11,A01
201700015805,2,34,000,00,2,7,01,B01
201700015806,1,07,000,08,0,3,00,A01
201700015807,2,33,000,00,2,2,13,A01
201700015807,1,07,000,00,0,1,01,B01
201700015808,0,07,000,02,0,1,01,A01
201700015809,1,07,000,00,2,2,16,A01
201700015809,1,02,000,00,2,1,18,B01
201700015810,1,07,000,00,2,3,17,A01
201700015810,1,33,000,00,2,7,17,B01
201700015811,0,07,000,00,0,9,00,A01
201700015812,2,31,000,00,1,0,01,A01
201700015813,1,07,000,00,2,3,01,A01
201700015813,2,07,000,00,2,5,13,B01
201700015814,1,02,000,00,2,1,02,A01
201700015814,1,07,000,00,0,4,16,B01
201700015815,0,07,000,00,1,8,02,A01
201700015816,2,33,000,04,2,1,01,A01
201700015816,1,07,000,00,2,3,01,B01
201700015817,1,07,000,10,0,1,01,A01
201700015818,0,07,000,00,2,1,09,A01
201700015818,0,33,000,00,2,1,01,B01
201700015818,0,07,000,00,2,3,01,C01
201700015819,1,07,000,00,2,1,13,A01
201700015819,0,07,000,00,2,1,01,B01
201700015820,2,07,000,13,0,9,01,A01
201700015821,2,07,000,00,1,1,01,A01
201700015822,0,07,000,00,1,3,01,A01
201700015823,1,07,000,00,1,1,01,A01
201700015824,2,07,000,00,2,2,13,A01
201700015824,1,07,000,00,2,2,21,B01
201700015825,1,10,000,04,0,9,01,A01
201700015826,2,10,000,00,2,3,01,A01
201700015826,1,01,000,00,2,1,13,B01
201700015827,1,10,000,00,9,8,01,A01
201700015827,2,01,000,00,2,4,13,B02
201700015828,1,33,000,13,9,1,01,A01
201700015829,2,01,000,13,0,1,13,A01
201700015830,0,07,000,06,0,1,01,A01
201700015831,1,07,000,00,2,3,15,A01
201700015831,2,33,000,00,2,6,01,B01
201700015832,2,01,000,00,0,0,01,A01
201700015833,2,01,000,13,0,1,21,A01
201700015834,2,01,000,00,0,0,00,A01
201700015835,1,30,000,00,0,0,01,A01
201700015836,2,33,000,00,2,3,01,B01
201700015836,1,33,000,00,2,3,13,A01
201700015837,1,07,000,00,2,1,21,A01
201700015837,2,07,000,00,2,3,13,B01
201700015838,2,01,000,00,2,8,15,B01
201700015838,2,07,000,00,9,2,17,A01
201700015839,2,01,000,00,2,1,01,B01
201700015839,1,07,000,00,9,3,01,A01
201700015840,1,01,000,00,0,3,13,A01
201700015841,2,07,000,00,2,1,13,A01
201700015841,1,07,000,00,0,1,01,B01
201700015842,2,01,000,02,0,1,01,A01
201700015843,2,01,000,00,2,4,02,A01
201700015843,2,07,000,00,9,2,02,B01
201700015844,1,07,000,02,0,1,01,A01
201700015845,1,07,000,00,2,3,17,A01
201700015845,2,02,000,00,2,1,01,B01
201700015846,2,07,000,00,2,1,13,A01
201700015846,1,07,000,00,0,3,23,B01
201700015847,1,02,000,00,2,1,13,A01
201700015847,2,07,000,00,2,1,23,B01
201700015848,1,02,000,09,0,8,01,A01
201700015849,1,39,119,01,1,3,00,B01
201700015850,2,07,000,00,2,1,01,B01
201700015850,1,07,000,01,2,1,13,A01
201700015851,1,02,000,00,1,1,01,A01
201700015852,0,07,000,00,2,3,15,A01
201700015852,0,01,000,00,2,1,16,B01
201700015853,1,07,000,00,2,3,09,A01
201700015853,1,30,000,00,2,1,01,B01
201700015854,0,38,055,00,1,5,16,A01
201700015855,2,02,000,00,2,1,01,A01
201700015855,0,10,000,00,9,3,15,B01
201700015856,2,07,000,16,2,1,01,B01
201700015856,1,07,000,00,2,1,13,A01
201700015857,1,10,000,00,2,3,13,A01
201700015857,2,07,000,00,2,3,01,B01
201700015858,1,10,000,00,2,1,01,B01
201700015858,2,07,000,00,2,1,13,A01
201700015859,1,02,000,06,0,9,14,A01
201700015860,1,07,000,00,2,1,21,B01
201700015860,1,02,000,00,2,8,10,A01
201700015861,2,07,000,00,2,1,01,B01
201700015861,1,07,000,00,2,1,01,A01
201700015862,1,07,000,00,2,1,13,A01
201700015862,2,07,000,00,2,1,01,B01
201700015863,1,07,000,00,2,3,01,B01
201700015863,1,10,000,16,0,0,21,C01
201700015863,2,07,000,00,2,3,13,A01
201700015864,2,33,000,00,2,1,01,A01
201700015864,1,07,000,00,2,1,17,B01
201700015864,1,17,000,15,2,8,02,C01
201700015865,1,38,001,00,2,2,15,B01
201700015865,2,33,000,00,2,1,01,A01
201700015866,1,02,000,14,0,1,13,A01
201700015867,2,01,000,00,2,4,01,B01
201700015867,2,07,000,00,2,2,17,A01
201700015868,1,07,000,08,0,1,13,A01
201700015869,0,07,000,00,2,3,01,B01
201700015869,0,31,000,00,2,1,01,A01
201700015870,2,07,000,00,2,3,13,A01
201700015870,1,17,000,00,2,3,01,B01
201700015871,1,10,000,06,0,2,13,A01
201700015872,2,07,000,00,2,1,01,B01
201700015872,1,07,000,00,2,1,13,A01
201700015873,1,07,000,00,1,2,01,A01
201700015874,1,33,000,13,0,1,14,A01
201700015875,0,02,000,13,0,1,01,A01
201700015876,2,07,000,00,2,1,13,A01
201700015876,1,07,000,00,2,1,01,B01
201700015877,1,07,000,08,0,1,14,A01
201700015878,0,01,000,06,0,1,01,A01
201700015879,1,33,000,00,2,1,01,B01
201700015879,1,07,000,00,2,6,19,A01
201700015880,1,07,000,00,2,1,01,B01
201700015880,2,07,000,00,2,1,01,A01
201700015881,1,07,000,00,2,3,01,A01
201700015881,2,33,000,00,2,8,01,B01
201700015882,2,07,000,00,0,7,23,B01
201700015882,1,07,000,00,2,1,01,A01
201700015883,1,07,000,02,0,9,14,A01
201700015884,2,07,000,00,2,3,21,B01
201700015884,2,01,000,00,2,7,15,A01
201700015885,1,07,000,00,2,3,01,B01
201700015885,1,01,000,00,2,7,09,A01
201700015886,2,07,000,00,2,4,15,B01
201700015886,1,07,000,00,2,3,01,C01
201700015886,2,07,000,00,2,1,02,A01
201700015887,1,07,000,00,2,1,15,A01
201700015887,2,10,000,00,2,3,01,B01
201700015888,1,07,000,06,0,1,01,A01
201700015889,1,07,000,00,2,1,01,A01
201700015889,2,07,000,00,0,1,01,B01
201700015890,1,07,000,00,2,4,02,B01
201700015890,1,13,000,00,2,1,02,A01
201700015891,1,07,000,00,2,2,02,A01
201700015891,1,02,000,00,2,4,02,B01
201700015892,1,07,000,00,6,8,21,A01
201700015893,0,07,000,00,2,3,01,B01
201700015893,0,33,000,00,2,1,13,A01
201700015894,1,07,000,00,2,3,01,B01
201700015894,2,07,000,00,2,3,09,A01
201700015895,1,07,000,02,0,8,13,A01
201700015896,2,07,000,00,2,3,01,A01
201700015896,1,07,000,00,2,8,01,B01
201700015896,1,17,000,00,2,8,01,C01
201700015897,1,07,000,00,1,2,09,A01
201700015898,0,33,000,00,2,1,21,B01
201700015898,0,36,000,00,2,2,21,A01
201700015899,0,07,000,00,2,1,01,A01
201700015899,0,01,000,00,2,8,19,B01
201700015900,0,07,000,00,2,6,23,B01
201700015900,0,30,000,00,2,1,02,A01
201700015901,0,07,000,00,2,3,15,A01
201700015901,0,02,000,00,2,1,01,B01
201700015902,1,07,000,00,2,1,13,A01
201700015902,2,07,000,00,2,3,01,B01
201700015903,2,01,000,00,2,4,02,B01
201700015903,2,07,000,00,9,2,02,A01
201700015904,0,07,000,09,0,9,14,A01
201700015905,1,07,000,00,2,3,16,A01
201700015905,1,07,000,06,2,2,02,B01
201700015906,1,07,000,00,1,2,12,A01
201700015907,1,01,000,00,2,1,19,A01
201700015907,1,07,000,00,2,2,21,B01