Num_Acc,senc,catv,occutc,obs,obsm,choc,manv,num_veh
201700015908,0,30,000,00,2,1,13,A01
201700015908,0,07,000,00,2,8,21,B01
201700015909,1,07,000,00,2,2,01,A01
201700015909,0,01,000,00,2,8,15,B01
201700015910,2,07,000,00,2,8,01,B01
201700015910,1,33,000,00,2,8,13,A01
201700015911,1,07,000,00,2,4,01,B01
201700015911,1,33,000,00,2,1,02,A01
201700015912,2,07,000,00,2,0,00,B01
201700015912,1,07,000,00,2,2,14,A01
201700015913,1,07,000,08,0,1,01,A01
201700015914,1,10,000,00,2,0,17,B01
201700015914,1,10,000,13,2,1,17,C01
201700015914,1,03,000,03,0,4,01,A01
201700015915,1,07,000,16,0,9,14,A01
201700015916,2,07,000,00,2,7,13,A01
201700015916,1,07,000,00,2,1,01,B01
201700015917,0,07,000,00,2,1,01,A01
201700015917,0,33,000,00,2,1,13,B01
201700015918,2,07,000,00,2,8,01,C01
201700015918,2,07,000,03,2,1,12,A01
201700015918,2,07,000,01,2,4,01,E01
201700015918,2,07,000,03,2,1,21,B01
201700015918,2,07,000,00,2,8,01,D01
201700015919,2,07,000,00,2,1,01,B01
201700015919,1,07,000,00,2,7,09,A01
201700015920,2,07,000,00,2,3,10,A01
201700015920,2,02,000,00,2,1,17,B01
201700015921,1,02,000,08,0,1,14,A01
201700015922,1,07,000,00,2,3,01,B01
201700015922,1,07,000,00,2,5,17,A01
201700015923,2,07,000,13,0,2,13,A01
201700015924,1,07,000,00,2,1,01,B01
201700015924,1,07,000,00,2,8,16,A01
201700015925,2,07,000,00,2,3,15,A01
201700015925,1,07,000,00,2,1,01,B01
201700015926,1,07,000,00,0,7,15,A01
201700015926,2,20,000,00,2,1,01,B01
201700015927,1,07,000,00,2,1,01,C01
201700015927,2,14,000,00,2,3,13,A01
201700015927,1,07,000,00,2,3,01,B01
201700015928,2,15,000,00,2,3,21,B01
201700015928,1,07,000,00,2,1,13,A01
201700015929,1,07,000,00,2,1,01,B01
201700015929,1,07,000,00,2,3,15,A01
201700015930,2,33,000,00,2,9,13,A01
201700015930,1,07,000,00,2,8,01,B01
201700015931,2,07,000,00,2,1,01,B01
201700015931,1,02,000,00,2,1,21,A01
201700015932,1,07,000,00,2,3,01,B01
201700015932,2,07,000,00,2,1,13,A01
201700015932,1,33,000,00,2,3,01,C01
201700015933,1,31,000,16,0,1,01,A01
201700015934,1,33,000,12,0,1,14,A01
201700015935,1,07,000,13,0,9,13,A01
201700015936,2,07,000,00,2,1,01,B01
201700015936,1,07,000,00,2,1,15,A01
201700015937,1,33,000,13,0,1,13,A01
201700015938,2,03,000,00,0,4,02,B01
201700015938,2,15,000,00,2,1,02,A01
201700015939,1,10,000,06,0,1,13,A01
201700015940,0,07,000,00,1,1,01,A01
201700015941,1,07,000,16,0,0,13,A01
201700015942,2,02,000,00,2,1,17,B01
201700015942,2,07,000,00,2,8,15,A01
201700015943,2,07,000,00,2,1,01,B01
201700015943,1,31,000,00,2,1,13,A01
201700015944,0,07,000,00,1,2,01,A01
201700015945,0,10,000,00,1,1,15,A01
201700015946,2,07,000,00,2,1,15,B01
201700015946,1,07,000,00,2,1,15,A01
201700015947,0,01,000,00,2,8,19,A01
201700015947,0,07,000,00,2,1,01,B01
201700015948,1,01,000,01,0,1,02,B01
201700015948,1,17,000,00,0,4,23,A01
201700015949,1,16,000,00,2,2,01,B01
201700015949,2,07,000,00,2,2,05,A01
201700015950,1,07,000,00,2,3,23,C01
201700015950,1,10,000,00,2,3,01,B01
201700015950,2,10,000,00,2,1,15,A01
201700015951,1,07,000,00,2,2,01,B01
201700015951,1,01,000,00,0,4,01,A01
201700015952,1,07,000,00,2,3,01,B01
201700015952,2,07,000,00,2,2,13,A01
201700015953,1,07,000,13,0,1,01,A01
201700015954,1,07,000,00,2,1,01,B01
201700015954,2,07,000,00,2,3,01,A01
201700015955,1,07,000,00,1,2,14,A01
201700015956,2,07,000,02,0,0,01,A01
201700015957,1,07,000,00,1,2,01,A01
201700015958,2,07,000,00,2,1,05,A01
201700015958,1,07,000,00,2,1,01,B01
201700015959,1,07,000,00,0,6,15,B01
201700015959,1,33,000,00,0,1,17,A01
201700015960,1,33,000,06,0,7,14,A01
201700015961,0,07,000,00,1,4,04,A01
201700015962,1,07,000,00,2,1,01,B01
201700015962,2,07,000,00,2,3,13,A01
201700015963,1,07,000,02,0,9,01,A01
201700015964,0,07,000,00,1,3,01,A01
201700015965,1,07,000,15,0,1,14,A01
201700015966,2,07,000,00,2,2,01,A01
201700015966,1,21,000,00,2,5,05,B01
201700015967,2,07,000,00,2,1,21,B01
201700015967,1,07,000,00,2,1,13,A01
201700015968,1,07,000,00,2,1,13,A01
201700015968,2,07,000,00,2,1,01,B01
201700015969,1,07,000,00,2,3,01,B01
201700015969,2,01,000,00,2,3,13,A01
201700015970,1,21,000,00,2,6,01,B01
201700015970,1,07,000,00,2,2,01,A01
201700015971,2,02,000,00,2,1,01,B01
201700015971,2,07,000,00,2,3,15,A01
201700015972,1,21,000,00,2,3,15,B01
201700015972,1,33,000,00,2,1,02,A01
201700015973,2,10,000,00,2,8,19,A01
201700015973,2,33,000,00,2,1,01,B01
201700015974,1,07,000,15,0,1,01,A01
201700015975,1,07,000,01,0,6,14,A01
201700015975,1,07,000,00,2,6,24,C01
201700015975,1,07,000,01,0,4,24,B01
201700015976,1,07,000,00,0,9,00,A01
201700015977,1,10,000,00,2,3,01,B01
201700015977,2,07,000,00,2,3,17,A01
201700015978,2,07,000,00,2,3,13,A01
201700015978,1,07,000,00,2,8,21,B01
201700015979,0,07,000,00,2,8,01,B01
201700015979,0,33,000,00,2,1,19,A01
201700015980,1,07,000,02,0,1,13,A01
201700015981,0,07,000,00,2,2,02,B01
201700015981,0,07,000,00,2,1,02,A01
201700015982,0,07,000,00,2,3,01,A01
201700015982,0,21,000,00,2,3,01,B01
201700015983,0,07,000,15,0,9,13,A01
201700015984,0,07,000,00,0,0,01,B01
201700015984,0,36,000,00,2,1,01,A01
201700015985,1,33,000,00,2,1,01,B01
201700015985,2,07,000,00,2,3,17,A01
201700015986,0,03,000,00,0,6,15,B01
201700015986,0,14,000,00,0,3,02,A01
201700015987,1,07,000,13,0,9,01,A01
201700015988,1,02,000,00,2,3,02,B01
201700015988,1,02,000,16,2,8,02,C01
201700015988,1,13,000,00,2,7,02,A01
201700015989,2,07,000,00,2,1,13,A01
201700015989,1,07,000,00,2,1,00,B01
201700015990,1,07,000,13,0,1,01,A01
201700015991,1,33,000,00,0,8,01,A01
201700015992,2,33,000,01,0,4,01,A01
201700015993,2,30,000,00,0,7,01,A01
201700015994,1,31,000,00,2,1,01,A01
201700015994,2,07,000,00,2,2,17,B01
201700015995,1,07,000,00,2,2,15,A01
201700015995,2,07,000,00,2,1,01,B01
201700015996,2,32,000,00,0,8,01,A01
201700015997,2,07,000,07,0,9,14,A01
201700015998,1,07,000,13,0,2,01,A01
201700015999,2,07,000,16,0,1,01,A01
201700016000,1,07,000,00,1,8,01,A01
201700016001,0,07,000,00,2,8,09,A01
201700016001,1,07,000,00,2,1,01,B01
201700016002,1,07,000,00,2,7,13,A01
201700016002,2,07,000,00,2,1,01,B01
201700016003,1,01,000,00,9,1,01,B01
201700016003,0,21,000,00,9,2,19,A01
201700016004,0,33,000,00,0,0,02,A01
201700016005,1,07,000,00,2,2,10,A01
201700016005,2,07,000,00,2,3,01,B01
201700016006,0,01,000,00,5,0,01,A01
201700016007,0,02,000,00,0,8,16,B01
201700016007,0,07,000,00,2,1,01,A01
201700016008,2,33,000,09,0,1,01,A01
201700016009,2,33,000,16,0,1,01,A01
201700016010,0,07,000,00,2,8,15,B01
201700016010,0,14,000,00,2,1,17,A01
201700016011,2,33,000,00,0,0,00,A01
201700016012,1,07,000,00,2,1,05,A01
201700016012,2,07,000,00,2,1,21,B01
201700016013,1,07,000,02,0,7,01,A01
201700016014,1,07,000,00,2,1,01,A01
201700016014,2,07,000,00,2,1,01,B01
201700016015,2,07,000,00,2,1,13,A01
201700016015,1,07,000,00,2,1,01,B01
201700016016,1,33,000,00,2,1,05,B01
201700016016,2,07,000,00,2,1,15,A01
201700016017,1,07,000,00,2,3,13,A01
201700016017,2,07,000,00,2,3,01,B01
201700016018,1,07,000,00,2,3,13,A01
201700016018,2,07,000,00,2,3,01,B01
201700016019,0,07,000,13,0,9,21,A01
201700016020,1,33,000,03,0,9,13,A01
201700016021,1,07,000,00,2,1,17,A01
201700016021,2,07,000,00,2,1,16,B01
201700016022,1,07,000,06,1,1,02,A01
201700016023,1,07,000,00,2,1,17,A01
201700016023,2,07,000,00,2,1,09,B01
201700016023,1,17,000,00,2,8,02,C01
201700016024,1,07,000,00,1,1,01,A01
201700016025,0,07,000,12,0,0,02,A01
201700016026,2,07,000,00,0,6,01,A01
201700016026,2,33,000,00,2,1,01,B01
201700016027,2,07,000,00,2,3,01,B01
201700016027,1,07,000,00,2,1,13,A01
201700016027,2,07,000,00,2,1,01,C01
201700016028,1,07,000,00,2,1,02,B01
201700016028,1,07,000,00,2,4,01,A01
201700016029,2,07,000,00,2,3,13,A01
201700016029,1,07,000,06,2,3,01,B01
201700016030,1,07,000,00,2,8,19,A01
201700016030,2,07,000,00,2,1,01,B01
201700016031,2,07,000,00,2,7,15,A01
201700016031,1,30,000,00,2,1,01,B01
201700016032,0,07,000,00,1,2,01,A01
201700016033,2,07,000,13,0,9,16,A01
201700016034,0,07,000,08,0,7,01,A01
201700016035,0,33,000,00,0,2,16,A01
201700016036,0,07,000,00,2,8,15,A01
201700016036,0,33,000,00,2,1,01,B01
201700016037,1,07,000,,,,,A01
201700016037,2,30,000,,,,,B02
201700016038,2,01,000,00,2,8,13,A01
201700016039,2,01,000,00,2,1,01,A01
201700016039,2,07,000,00,9,1,15,B01
201700016040,1,33,000,00,2,1,17,A01
201700016040,1,07,000,00,2,3,15,B01
201700016041,0,01,000,00,0,6,01,A01
201700016041,0,30,000,00,2,1,02,B01
201700016042,1,07,000,00,9,3,09,A01
201700016042,1,01,000,00,2,5,01,B01
201700016043,0,07,000,00,9,3,10,A01
201700016043,0,01,000,00,2,1,01,B01
201700016044,1,33,000,00,9,8,01,A01
201700016045,2,07,000,00,2,7,21,A01
201700016045,2,01,000,00,2,3,01,B01
201700016046,2,07,000,00,9,1,05,A01
201700016046,2,01,000,00,2,1,01,B01
201700016047,0,07,000,00,0,4,02,B01
201700016047,0,07,000,00,2,1,02,A01
201700016048,0,07,000,00,1,3,01,A01
201700016049,2,10,000,00,2,8,15,A01
201700016049,2,34,000,00,2,2,13,B01
201700016050,2,01,000,00,1,1,01,A01
201700016051,2,07,000,00,2,1,15,A01
201700016051,1,01,000,00,2,4,01,B01
201700016052,1,07,000,00,1,2,01,A01
201700016053,1,07,000,00,1,1,01,A01
201700016054,1,33,000,00,2,3,17,A01
201700016054,1,07,000,00,2,8,15,B01
201700016055,2,07,000,00,0,3,09,A01
201700016055,1,01,000,00,2,1,21,B01
201700016056,2,07,000,00,2,5,15,A01
201700016056,1,01,000,00,2,1,01,B01
201700016057,1,07,000,00,2,3,17,A01
201700016057,2,33,000,00,2,3,01,B01
201700016058,1,07,000,00,2,3,13,A01
201700016058,2,01,000,00,2,1,01,B01
201700016059,2,07,000,02,0,1,01,A01
201700016060,2,07,000,00,2,1,05,A01
201700016060,1,07,000,00,2,6,01,B01
201700016060,1,07,000,00,2,1,01,C01
201700016061,2,01,000,00,9,1,01,A01
201700016061,2,07,000,00,2,4,01,B01
201700016062,0,02,000,16,0,0,01,A01
201700016063,1,33,000,00,0,7,01,A01
201700016064,0,31,000,06,0,1,01,A01
201700016065,1,07,000,00,2,3,01,A01
201700016065,2,33,000,00,2,3,01,B01
201700016066,0,07,000,09,0,1,09,A01
201700016067,2,33,000,00,0,0,01,A01
201700016067,1,07,000,00,0,0,04,B01
201700016068,2,07,000,00,1,1,01,A01
201700016069,2,07,000,13,0,9,13,A01
201700016070,2,07,000,00,2,1,02,A01
201700016070,2,07,000,00,2,4,02,B01
201700016070,2,07,000,00,2,4,02,C01
201700016070,2,07,000,00,0,4,23,D01
201700016071,2,07,000,00,0,7,01,A01
201700016071,2,02,000,00,2,8,02,B01
201700016072,1,07,000,00,2,1,13,A01
201700016072,2,07,000,00,2,1,01,B01
201700016073,1,07,000,06,0,2,00,A01
201700016074,1,07,000,00,2,1,13,A01
201700016074,2,10,000,00,2,1,01,B01
201700016075,1,07,000,00,2,3,01,C01
201700016075,2,07,000,03,2,1,01,B01
201700016075,1,07,000,00,2,1,13,A01
201700016076,2,07,000,00,2,1,15,A01
201700016076,1,33,000,00,2,1,01,B01
201700016077,2,33,000,13,0,1,17,A01
201700016078,0,36,000,00,0,7,15,A01
201700016079,1,34,000,12,2,9,01,A01
201700016079,2,07,000,00,2,3,01,B01
201700016080,1,07,000,13,0,2,02,A01
201700016081,2,07,000,02,2,3,11,A01
201700016081,1,07,000,16,2,7,01,B01
201700016082,0,01,000,00,2,1,01,B01
201700016082,0,07,000,08,2,7,15,A01
201700016083,2,01,000,13,0,1,01,A01
201700016084,2,07,000,00,0,9,21,A01
201700016085,2,07,000,01,2,2,13,B01
201700016085,1,07,000,00,2,3,01,C01
201700016086,2,07,000,13,0,9,01,A01
201700016087,0,07,000,00,1,3,01,A01
201700016088,2,07,000,00,2,3,01,B01
201700016088,1,07,000,00,2,3,13,A01
201700016089,2,07,000,02,0,6,01,A01
201700016090,2,07,000,00,9,3,01,A01
201700016090,0,01,000,00,2,2,19,B01
201700016091,2,07,000,00,9,3,01,B01
201700016091,1,01,000,00,2,1,13,A01
201700016092,2,02,000,00,2,1,02,A01
201700016092,2,07,000,00,2,4,01,B01
201700016093,2,07,000,00,2,8,13,A01
201700016093,1,99,000,00,2,8,01,B01
201700016093,2,10,000,00,2,2,01,D01
201700016094,1,33,000,12,0,7,00,A01
201700016095,0,02,000,00,2,1,01,B01
201700016095,0,07,000,00,2,2,15,A01
201700016096,1,07,000,00,2,1,01,B01
201700016096,0,01,000,00,2,7,19,A01
201700016097,0,07,000,02,0,3,01,A01
201700016098,2,07,000,15,0,2,01,A01
201700016099,1,07,000,00,9,7,15,A01
201700016099,2,01,000,00,2,1,01,B01
201700016100,1,07,000,16,0,8,01,A01
201700016101,2,36,000,02,0,9,13,A01
201700016102,2,07,000,00,0,7,01,A01
201700016103,1,07,000,00,0,2,01,A01
201700016104,2,07,000,00,0,9,01,A01
201700016105,1,07,000,06,0,3,09,A01
201700016106,0,07,000,00,2,1,09,A01
201700016106,0,07,000,00,2,1,01,B01
201700016107,2,02,000,11,0,1,01,A01
201700016108,1,07,000,13,0,1,02,A01
201700016109,0,01,000,00,2,1,01,A01
201700016109,0,07,000,00,2,8,01,B01
201700016110,1,07,000,00,2,1,01,A01
201700016110,1,21,000,00,0,4,01,B01
201700016111,2,07,000,00,2,1,01,A01
201700016111,1,07,000,00,2,5,19,B01
201700016112,1,33,000,00,9,8,01,A01
201700016113,0,31,000,00,2,1,01,A01
201700016113,0,07,000,00,0,7,09,B01
201700016114,2,07,000,00,2,1,15,A01
201700016114,1,07,000,00,2,1,01,B01
201700016115,2,33,000,00,2,1,17,A01
201700016115,2,07,000,00,0,8,15,B01
201700016116,2,07,000,00,2,3,09,A01
201700016116,2,33,000,00,0,7,09,B01
201700016117,0,07,000,00,2,1,01,C01
201700016117,0,01,000,00,2,8,15,A01
201700016117,0,01,000,00,2,3,15,B01
201700016118,0,01,000,00,0,0,00,A01
201700016119,2,07,000,08,0,1,01,A01
201700016120,2,10,000,14,0,1,01,A01
201700016121,2,33,000,15,0,1,13,A01
201700016122,2,07,000,00,2,8,01,A01
201700016122,1,07,000,00,2,2,01,B01
201700016123,0,07,000,00,1,4,20,A01
201700016124,1,02,000,06,0,1,01,A01
201700016125,2,10,000,00,2,8,01,C01
201700016125,2,10,000,00,2,8,01,B01
201700016125,1,07,000,00,2,8,01,A01
201700016126,1,07,000,16,9,0,14,A01
201700016127,2,07,000,02,0,1,01,A01
201700016128,1,10,000,00,2,2,02,A01
201700016128,1,01,000,00,0,4,01,B01
201700016129,1,07,000,03,0,1,01,A01
201700016130,1,07,000,00,2,3,15,A01
201700016130,2,33,000,00,2,8,01,B01
201700016131,1,07,000,00,0,3,13,A01
201700016132,1,07,000,00,2,1,01,B01
201700016132,2,07,000,00,2,3,19,A01
201700016133,2,07,000,00,2,3,15,A01
201700016133,2,02,000,00,2,8,02,B01
201700016134,2,07,000,00,2,2,15,A01
201700016134,1,07,000,00,2,1,01,B01
201700016135,2,07,000,00,0,8,23,C01
201700016135,2,07,000,00,2,1,01,B01
201700016135,1,07,000,00,2,2,15,A01
201700016136,0,07,000,13,0,1,01,A01
201700016137,2,07,000,02,0,1,01,A01
201700016138,1,07,000,15,0,1,13,A01
201700016139,1,07,000,00,1,1,01,A01
201700016140,0,02,000,00,6,1,00,A01
201700016141,1,07,000,03,0,1,01,A01
201700016142,2,10,000,00,9,2,17,A01
201700016142,2,01,000,00,2,8,15,B01
201700016143,0,07,000,00,2,3,19,A01
201700016143,1,33,000,00,0,8,01,B01
201700016144,2,07,000,08,2,1,05,A01
201700016144,1,07,000,00,2,1,01,B01
201700016145,1,07,000,01,1,1,01,A01
201700016146,1,33,000,00,0,0,01,A01
201700016147,0,07,000,00,1,2,01,A01
201700016148,1,07,000,00,2,3,02,B01
201700016148,2,07,000,00,2,8,19,A01
201700016149,2,07,000,00,2,8,15,B01
201700016149,1,07,000,00,2,1,01,A01
201700016150,1,10,000,00,2,2,16,A01
201700016150,1,33,000,00,2,8,01,B01
201700016151,2,33,000,02,0,3,01,A01
201700016152,1,07,000,08,0,9,05,A01
201700016153,1,33,000,06,0,1,01,A01
201700016154,1,07,000,02,0,7,01,A01
201700016155,2,31,000,00,2,8,01,B01
201700016155,1,07,000,00,2,1,15,A01
201700016156,2,07,000,00,2,2,09,A01
201700016156,2,07,000,00,2,3,01,A02
201700016157,1,30,000,00,2,1,13,A01
201700016157,2,07,000,00,2,1,01,B01
201700016158,0,07,000,06,0,2,14,A01
201700016159,2,07,000,00,1,2,01,A01
201700016160,2,07,000,06,0,3,01,A01
201700016161,1,07,000,00,1,2,01,A01
201700016162,1,33,000,08,0,9,13,A01
201700016163,2,07,000,00,2,3,05,A01
201700016163,1,07,000,00,2,3,01,B01
201700016164,0,33,000,12,0,1,01,A01
201700016165,2,07,000,00,2,2,17,A01
201700016165,2,07,000,00,2,2,01,B01
201700016166,1,01,000,00,0,0,01,A01
201700016167,1,33,000,00,2,1,01,A01
201700016167,2,07,000,00,2,3,01,B01
201700016168,2,07,000,02,0,1,01,A01
201700016169,1,07,000,00,2,1,17,A01
201700016169,2,33,000,00,2,1,01,B01
201700016170,0,31,000,00,2,1,13,A01
201700016170,0,07,000,00,2,3,21,B01
201700016171,1,07,000,07,2,7,01,B01
201700016171,0,07,000,00,2,1,19,A01
201700016172,0,07,000,00,9,8,01,B01
201700016172,0,01,000,00,2,1,13,A01
201700016173,2,07,000,00,0,9,17,A01
201700016174,2,33,000,00,2,1,17,A01
201700016174,1,07,000,00,2,3,01,B01
201700016175,2,10,000,07,2,1,01,A01
201700016175,2,07,000,15,0,4,01,B01
201700016176,0,33,000,00,0,1,01,A01
201700016177,0,07,000,00,2,8,15,A01
201700016177,1,33,000,00,2,1,01,B01
201700016178,2,07,000,00,2,7,00,A01
201700016178,1,15,000,00,2,1,01,B01
201700016179,1,07,000,00,1,3,01,A01
201700016180,2,33,000,00,2,1,01,A01
201700016180,1,07,000,00,2,7,15,B01
201700016181,1,07,000,02,0,3,01,A01
201700016182,1,07,000,00,2,3,13,A01
201700016182,2,07,000,00,2,3,01,B01
201700016183,1,07,000,12,2,3,01,B01
201700016183,1,07,000,00,2,1,19,A01
201700016184,1,31,000,00,0,2,16,A01
201700016185,1,33,000,00,2,8,13,A01
201700016185,2,07,000,00,2,3,01,B01
201700016186,1,07,000,02,2,2,17,A01
201700016186,1,07,000,00,2,8,15,B01
201700016187,2,07,000,00,2,1,13,A01
201700016187,1,07,000,00,2,1,01,B01
201700016188,1,07,000,01,1,3,01,B01
201700016188,1,07,000,01,2,3,01,C01
201700016188,2,07,000,00,2,1,24,D01
201700016189,1,07,000,06,0,1,01,A01
201700016190,0,07,000,00,1,3,01,A01
201700016191,0,10,000,00,2,3,01,A01
201700016191,0,07,000,00,2,3,01,B01
201700016192,0,07,000,00,2,3,11,A01
201700016192,0,33,000,00,2,1,01,B01
201700016193,2,07,000,00,9,3,01,A01
201700016193,1,02,000,00,2,1,15,B01
201700016194,1,07,000,00,0,1,09,A01
201700016194,2,34,000,00,0,1,00,B01
201700016195,1,33,000,00,2,7,17,A01
201700016195,1,07,000,00,2,3,13,B01
201700016196,2,07,000,00,2,3,19,A01
201700016196,2,33,000,00,2,7,01,B01
201700016197,0,02,000,00,2,1,02,A01
201700016197,0,07,000,00,0,4,02,B01
201700016198,0,07,000,00,2,1,01,C01
201700016198,0,07,000,00,2,3,01,B01
201700016198,0,07,000,11,2,2,01,A01
201700016199,2,32,000,00,2,8,15,B01
201700016199,2,34,000,00,2,1,17,A01
201700016200,1,32,000,00,2,1,01,A01
201700016200,1,07,000,00,2,4,01,B01
201700016201,0,07,000,02,0,1,01,A01
201700016202,0,07,000,08,0,2,01,A01
201700016203,1,07,000,00,1,3,15,A01
201700016204,2,07,000,00,2,3,01,B01
201700016204,1,07,000,00,2,3,13,A01
201700016205,1,07,000,02,0,8,13,A01
201700016206,0,07,000,00,1,1,19,A01
201700016207,2,33,000,00,2,1,13,A01
201700016207,1,07,000,00,2,3,01,B01
201700016208,2,07,000,00,2,2,19,A01
201700016208,2,07,000,02,2,8,21,B01
201700016209,0,31,000,12,0,0,01,A01
201700016210,1,07,000,02,2,1,13,A01
201700016210,2,07,000,00,2,2,01,B01
201700016211,2,02,000,00,2,2,02,A01
201700016211,2,07,000,00,2,3,15,B01
201700016212,2,33,000,00,2,8,17,A01
201700016212,1,33,000,00,2,8,01,B01
201700016213,1,07,000,00,2,1,02,A01
201700016213,1,33,000,00,2,4,02,B01
201700016213,1,07,000,00,2,4,02,C01
201700016214,1,07,000,07,2,3,13,A01
201700016214,1,07,000,00,2,3,01,B01
201700016215,2,07,000,06,0,2,01,A01
201700016216,2,14,000,00,2,1,01,B01
201700016216,1,07,000,00,2,1,17,A01
201700016217,2,07,000,13,0,9,01,A01
201700016218,1,07,000,02,0,7,16,A01
201700016219,0,07,000,02,0,1,01,A01
201700016220,2,10,000,00,2,3,01,B01
201700016220,1,07,000,00,2,1,19,A01
201700016221,1,07,000,00,2,6,02,C01
201700016221,2,07,000,14,0,2,00,E01
201700016221,1,07,000,00,2,6,01,D01
201700016221,1,33,000,00,2,4,02,B01
201700016221,1,07,000,00,2,1,02,A01
201700016222,1,07,000,00,2,7,01,A01
201700016222,2,07,000,00,2,1,01,B01
201700016223,2,07,000,00,2,3,15,A01
201700016223,1,07,000,00,2,2,01,B01
201700016224,1,02,000,00,0,9,01,A01
201700016225,2,07,000,00,0,6,15,A01
201700016225,2,33,000,00,2,2,02,B01
201700016226,2,33,000,00,2,1,17,A01
201700016226,1,07,000,00,2,3,15,B01
201700016227,1,07,000,00,2,2,01,A01
201700016227,1,01,000,00,2,4,01,B01
201700016228,1,07,000,00,2,1,01,B01
201700016228,1,07,000,00,2,8,19,A01
201700016229,1,07,000,02,0,1,01,A01
201700016230,1,07,000,00,1,2,01,A01
201700016231,2,07,000,00,2,1,01,B01
201700016231,1,07,000,00,2,2,15,A01
201700016232,1,07,000,02,0,7,01,A01
201700016233,2,07,000,02,0,1,01,A01
201700016234,2,07,000,06,0,3,01,A01
201700016235,0,07,000,00,4,3,01,A01
201700016235,0,39,039,00,2,1,01,B01
201700016236,2,33,000,00,0,8,01,A01
201700016237,2,10,000,02,0,1,14,A01
201700016238,2,07,000,02,0,1,14,A01
201700016239,2,10,000,00,2,3,15,A01
201700016239,1,07,000,00,2,1,01,B01
201700016240,2,07,000,13,0,1,13,A01
201700016241,2,07,000,00,2,1,15,A01
201700016241,2,07,000,00,2,2,01,B01
201700016242,2,07,000,00,2,3,13,A01
201700016242,1,33,000,00,2,1,01,B01
201700016242,1,07,000,00,2,7,01,C01
201700016243,0,07,000,00,2,3,09,A01
201700016243,0,33,000,00,2,1,01,B01
201700016244,1,07,000,00,2,3,05,A01
201700016244,2,99,000,00,2,8,21,B01
201700016244,2,07,000,00,2,3,21,C01
201700016245,2,07,000,00,5,1,01,A01
201700016246,1,07,000,00,2,3,19,A01
201700016246,2,33,000,00,2,1,01,B01
201700016247,2,07,000,15,0,8,14,A01
201700016248,1,07,000,06,0,2,14,A01
201700016249,2,07,000,08,0,1,01,A01
201700016250,2,07,000,15,0,2,01,A01
201700016251,1,33,000,00,0,8,02,A01
201700016252,1,07,000,00,2,2,02,A01
201700016252,1,30,000,00,0,4,02,B01
201700016253,1,07,000,00,2,2,15,A01
201700016253,2,33,000,00,2,1,01,B01
201700016254,1,07,000,00,2,2,19,B01
201700016254,1,07,000,00,2,3,15,A01
201700016255,2,07,000,02,0,3,01,A01
201700016256,2,33,000,00,0,0,01,A01
201700016257,0,07,000,13,0,2,01,A01
201700016258,1,07,000,00,2,3,16,A01
201700016258,0,07,000,00,2,2,01,B01
201700016259,2,07,000,00,6,9,21,A01
201700016260,1,07,000,12,0,1,21,A01
201700016261,2,07,000,02,0,1,01,A01
201700016262,2,33,000,13,0,8,01,A01
201700016263,2,33,000,00,0,8,01,A01
201700016264,2,33,000,02,0,1,01,A01
201700016265,2,07,000,02,0,3,13,A01
201700016266,1,33,000,00,0,7,16,A01
201700016267,2,07,000,00,2,2,01,A01
201700016267,2,01,000,00,2,4,01,B01
201700016268,2,07,000,00,1,3,01,A01
201700016269,1,33,000,13,0,0,02,A01
201700016270,0,01,000,00,1,1,16,A01
201700016271,1,07,000,02,0,2,01,A01
201700016272,1,01,000,02,0,9,15,A01
201700016273,0,10,000,13,0,9,01,A01
201700016274,2,02,000,02,0,1,14,A01
201700016275,1,07,000,00,2,2,15,A01
201700016275,2,33,000,00,2,1,01,B01
201700016276,0,07,000,13,0,9,01,A01
201700016277,1,02,000,00,2,1,01,B01
201700016277,2,10,000,00,2,1,15,A01
201700016277,0,07,000,00,2,1,01,C01
201700016278,0,33,000,00,2,1,17,A01
201700016278,0,07,000,00,2,3,15,B01
201700016279,0,30,000,12,0,7,01,A01
201700016280,2,07,000,00,9,3,09,A01
201700016280,1,01,000,00,2,5,15,B01
201700016281,2,07,000,00,2,7,13,A01
201700016281,1,10,000,00,2,1,01,B01
201700016282,1,07,000,00,2,1,16,A01
201700016282,2,07,000,00,2,1,01,B01
201700016283,1,07,000,00,2,1,15,A01
201700016283,2,30,000,00,2,1,01,B01
201700016284,1,02,000,03,0,1,13,A01
201700016285,2,07,000,00,2,7,15,A01
201700016285,0,07,000,00,2,0,01,B01
201700016285,1,32,000,00,2,1,01,C01
201700016286,1,07,000,13,0,1,01,A01
201700016287,0,07,000,00,2,2,12,A01
201700016287,0,02,000,12,2,8,01,B01
201700016288,1,07,000,10,0,1,14,A01
201700016289,2,07,000,00,1,1,01,A01
201700016290,1,33,000,12,0,1,01,A01
201700016291,0,36,000,14,9,1,14,A01
201700016292,2,07,000,14,0,1,13,A01
201700016293,1,07,000,00,2,2,17,A01
201700016293,1,07,000,00,2,8,15,B01
201700016294,1,07,000,00,2,1,01,B01
201700016294,2,07,000,00,2,7,01,A01
201700016295,0,07,000,01,1,4,04,A01
201700016296,2,01,000,15,5,0,01,A01
201700016297,2,07,000,06,0,1,01,A01
201700016298,0,07,000,00,1,2,01,A01
201700016299,1,07,000,02,0,1,01,A01