Num_Acc,senc,catv,occutc,obs,obsm,choc,manv,num_veh
201700016300,1,07,000,13,0,0,01,A01
201700016301,1,07,000,14,2,1,01,B01
201700016301,1,07,000,00,2,6,19,A01
201700016302,0,07,000,06,0,1,01,A01
201700016303,1,07,000,00,2,1,01,A01
201700016303,1,01,000,00,2,4,01,B01
201700016304,1,02,000,02,0,1,01,A01
201700016305,1,07,000,00,2,2,01,A01
201700016305,2,02,000,00,2,1,00,B01
201700016306,1,07,000,10,0,1,01,A01
201700016307,2,07,000,13,0,1,16,A01
201700016308,0,07,000,00,1,1,01,A01
201700016309,1,07,000,00,2,8,01,B01
201700016309,2,07,000,02,2,1,13,A01
201700016309,1,07,000,00,2,3,01,C01
201700016310,2,07,000,00,2,1,01,B01
201700016310,1,07,000,00,2,1,13,A01
201700016311,1,07,000,00,9,7,17,A01
201700016311,2,01,000,00,2,8,01,B01
201700016312,2,07,000,00,2,3,13,A01
201700016312,1,07,000,00,2,3,01,B01
201700016313,2,07,000,00,2,3,17,A01
201700016313,1,01,000,00,2,1,01,B01
201700016314,2,07,000,06,0,1,02,A01
201700016315,1,07,000,13,0,3,01,A01
201700016316,1,07,000,02,0,3,00,A01
201700016317,1,07,000,02,0,1,01,A01
201700016318,0,03,000,15,0,1,04,A01
201700016319,2,07,000,02,0,3,01,A01
201700016320,0,07,000,00,1,1,16,A01
201700016321,2,07,000,13,0,2,01,A01
201700016322,2,07,000,13,0,2,01,A01
201700016323,2,07,000,02,0,3,13,A01
201700016324,2,07,000,08,0,3,13,A01
201700016325,1,07,000,00,6,1,01,A01
201700016326,0,07,000,06,0,1,01,A01
201700016327,0,07,000,13,0,2,00,A01
201700016328,1,07,000,00,2,1,00,A01
201700016328,2,07,000,00,2,1,00,B01
201700016329,1,10,000,00,2,1,05,A01
201700016329,2,10,000,00,2,1,01,B01
201700016329,1,07,000,00,2,8,02,C01
201700016330,1,33,000,00,2,1,01,A01
201700016330,2,07,000,00,2,3,01,B01
201700016331,2,07,000,00,1,1,01,A01
201700016332,2,07,000,06,0,1,19,A01
201700016333,2,02,000,00,2,1,17,A01
201700016333,1,07,000,00,2,1,01,B01
201700016334,1,07,000,12,0,9,16,A01
201700016335,2,07,000,00,2,3,15,A01
201700016335,1,02,000,00,2,1,01,B01
201700016336,2,99,000,00,2,8,13,A01
201700016336,1,33,000,00,2,8,01,B01
201700016337,1,07,000,13,0,1,13,A01
201700016338,1,07,000,03,0,9,01,A01
201700016339,1,07,000,02,0,3,13,A01
201700016340,2,07,000,00,2,1,01,A01
201700016340,2,07,000,00,0,4,15,B01
201700016341,1,33,000,00,2,1,01,B01
201700016341,0,07,000,00,2,6,19,A01
201700016342,2,07,000,00,2,3,19,B01
201700016342,2,07,000,00,2,2,01,A01
201700016343,1,02,000,13,0,0,13,A01
201700016344,1,07,000,00,0,7,05,A01
201700016344,2,07,000,00,2,6,21,B01
201700016345,1,07,000,00,2,1,02,A01
201700016345,2,07,000,00,0,4,15,B01
201700016346,1,07,000,00,2,4,15,A01
201700016346,1,99,000,00,2,1,17,B01
201700016347,1,07,000,02,0,1,01,A01
201700016348,2,33,000,02,2,9,01,B01
201700016348,2,07,000,00,2,7,15,A01
201700016349,1,07,000,00,2,3,13,A01
201700016349,2,07,000,00,2,3,01,B01
201700016350,0,10,000,02,0,1,14,A01
201700016351,2,02,000,00,0,9,01,A01
201700016352,0,01,000,00,2,7,16,A01
201700016352,0,07,000,00,0,2,01,B01
201700016353,1,07,000,00,2,4,15,A01
201700016353,1,07,000,13,2,1,01,B01
201700016353,2,07,000,07,2,1,01,C01
201700016354,2,07,000,00,1,1,01,A01
201700016355,2,33,000,02,0,1,00,A01
201700016356,1,33,000,00,2,1,13,A01
201700016356,2,07,000,00,2,3,01,B01
201700016357,2,07,000,00,1,2,01,A01
201700016358,1,07,000,02,0,3,01,A01
201700016359,2,10,000,00,2,2,01,A01
201700016359,1,01,000,00,2,1,00,B01
201700016360,1,07,000,00,9,2,17,A01
201700016360,1,01,000,00,2,4,01,B01
201700016361,2,07,000,15,0,1,16,A01
201700016362,2,33,000,02,2,3,13,A01
201700016362,1,10,000,00,2,8,01,B01
201700016363,1,07,000,00,2,6,17,A01
201700016363,1,07,000,02,2,2,17,B01
201700016364,0,07,000,00,2,2,01,A01
201700016364,0,01,000,00,2,1,19,B01
201700016365,0,33,000,08,0,1,01,A01
201700016366,1,07,000,02,0,2,13,A01
201700016367,0,07,000,08,0,1,13,A01
201700016368,0,02,000,00,0,0,17,A01
201700016369,1,07,000,00,2,3,01,B01
201700016369,0,07,000,00,2,8,15,A01
201700016370,0,07,000,06,0,7,01,A01
201700016371,1,07,000,00,2,2,15,A01
201700016371,2,33,000,00,2,1,01,B01
201700016372,0,10,000,00,2,1,01,A01
201700016372,0,33,000,00,2,7,19,B01
201700016373,1,07,000,00,2,8,10,A01
201700016373,1,07,000,00,2,1,01,B01
201700016374,2,07,000,00,0,4,23,A01
201700016374,2,07,000,00,2,1,02,B01
201700016375,0,07,000,06,0,2,01,A01
201700016376,2,07,000,00,2,4,23,D01
201700016376,2,07,000,00,2,4,23,C01
201700016376,2,07,000,00,2,4,15,B01
201700016376,2,07,000,00,2,1,02,A01
201700016377,1,07,000,00,2,1,15,A01
201700016377,0,07,000,13,2,1,21,B01
201700016378,1,07,000,00,0,4,15,A01
201700016378,1,17,000,00,2,1,02,B01
201700016379,1,07,000,13,0,2,01,A01
201700016380,0,07,000,00,2,1,01,B01
201700016380,0,07,000,00,2,2,15,A01
201700016381,0,02,000,00,0,0,01,A01
201700016382,1,07,000,00,2,1,01,A01
201700016382,2,33,000,00,2,1,13,B01
201700016383,1,02,000,00,1,1,01,A01
201700016384,1,10,000,00,0,8,01,A01
201700016384,1,01,000,00,2,1,01,B01
201700016385,1,07,000,00,2,1,01,A01
201700016385,1,07,000,00,2,2,01,B01
201700016386,2,07,000,02,0,6,01,A01
201700016387,1,07,000,06,0,1,01,A01
201700016388,2,07,000,00,0,4,15,A01
201700016388,2,33,000,00,2,1,02,B01
201700016389,0,07,000,00,1,3,01,A01
201700016390,1,07,000,00,2,1,15,A01
201700016390,2,02,000,00,2,1,01,B01
201700016391,0,07,000,00,9,3,01,A01
201700016391,0,01,000,00,2,1,16,B01
201700016392,0,03,000,00,1,3,01,A01
201700016393,0,07,000,00,2,3,11,A01
201700016393,0,02,000,00,2,1,02,B01
201700016394,2,07,000,03,0,1,13,A01
201700016395,0,07,000,00,2,3,01,A01
201700016395,0,07,000,00,2,3,01,B01
201700016396,2,07,000,00,2,4,15,A01
201700016396,2,33,000,00,2,2,02,B01
201700016397,2,02,000,00,2,1,05,A01
201700016397,1,10,000,00,2,3,01,B01
201700016398,1,02,000,00,2,1,02,A01
201700016398,1,07,000,00,0,5,02,B01
201700016399,0,07,000,00,0,9,01,A01
201700016400,2,07,000,00,2,1,02,A01
201700016400,2,07,000,00,0,4,15,B01
201700016401,0,07,000,00,2,3,15,A01
201700016401,0,07,000,00,2,1,01,B01
201700016402,1,07,000,10,0,2,01,A01
201700016403,1,10,000,00,2,5,17,A01
201700016403,1,01,000,00,2,3,01,B01
201700016404,1,07,000,00,0,2,00,A01
201700016404,1,01,000,00,0,4,00,B01
201700016405,1,07,000,00,2,1,01,A01
201700016405,1,01,000,00,2,8,11,B01
201700016406,1,07,000,00,2,5,01,A01
201700016406,1,01,000,00,2,8,01,B01
201700016407,1,07,000,00,2,3,02,A01
201700016407,1,31,000,00,2,1,02,B01
201700016408,2,07,000,13,0,1,05,A01
201700016409,1,07,000,13,0,0,00,A01
201700016410,2,07,000,00,1,3,15,A01
201700016411,2,07,000,00,2,7,11,A01
201700016411,1,33,000,00,2,7,01,B01
201700016412,1,07,000,00,2,1,00,A01
201700016412,2,07,000,00,2,1,01,B01
201700016413,0,07,000,02,0,0,02,A01
201700016414,0,07,000,00,2,1,01,A01
201700016414,0,07,000,00,2,1,01,B01
201700016415,2,07,000,00,2,3,09,A01
201700016415,1,33,000,00,2,1,01,B01
201700016416,1,07,000,00,2,1,01,A01
201700016416,2,07,000,00,2,2,01,B01
201700016417,2,02,000,00,2,1,01,A01
201700016417,1,07,000,00,2,2,15,B01
201700016418,2,07,000,13,0,2,01,A01
201700016419,0,07,000,00,2,1,01,A01
201700016419,0,07,000,00,2,1,09,B01
201700016420,1,07,000,00,2,1,01,A01
201700016420,1,07,000,00,2,1,17,B01
201700016420,2,07,000,14,0,1,01,C01
201700016421,0,07,000,01,0,1,00,A01
201700016422,1,07,000,00,1,1,01,A01
201700016423,0,07,000,00,9,1,00,A01
201700016423,0,01,000,00,2,4,01,B01
201700016424,1,10,000,00,0,4,01,A01
201700016424,2,10,000,00,2,1,02,B01
201700016425,1,07,000,00,2,3,13,A01
201700016425,2,07,000,00,2,3,00,B01
201700016426,2,07,000,06,2,1,02,A01
201700016426,2,07,000,08,2,4,02,B01
201700016426,2,07,000,00,0,5,02,C01
201700016426,1,07,000,00,2,1,09,D01
201700016427,1,07,000,00,1,1,02,A01
201700016428,1,10,000,15,0,2,01,A01
201700016429,1,07,000,00,1,1,01,A01
201700016430,1,07,000,00,2,7,15,A01
201700016430,1,33,000,00,2,1,01,B01
201700016431,0,10,000,00,2,1,19,A01
201700016431,0,10,000,00,2,6,01,B01
201700016432,0,10,000,00,2,3,15,A01
201700016432,0,33,000,00,2,1,01,B01
201700016433,0,07,000,00,1,1,00,A01
201700016434,2,07,000,00,2,1,01,A01
201700016434,2,07,000,00,0,6,24,B01
201700016434,1,07,000,00,2,3,01,C01
201700016434,1,07,000,00,0,3,00,D01
201700016435,1,02,000,08,0,1,01,A01
201700016436,2,07,000,01,0,1,01,A01
201700016436,1,07,000,00,2,3,01,B01
201700016437,1,02,000,06,0,0,00,A01
201700016438,1,33,000,12,0,1,01,A01
201700016439,1,02,000,00,2,1,01,B01
201700016439,0,07,000,00,2,5,19,A01
201700016440,1,07,000,00,1,1,01,A01
201700016441,0,02,000,12,0,1,01,A01
201700016442,2,07,000,00,2,7,01,B01
201700016442,1,07,000,00,2,3,01,A01
201700016443,1,07,000,13,0,2,01,A01
201700016444,1,07,000,13,0,3,13,A01
201700016445,0,07,000,00,2,2,15,A01
201700016445,0,07,000,00,2,1,01,B01
201700016446,1,33,000,13,0,8,01,A01
201700016447,1,10,000,00,2,1,01,B01
201700016447,0,07,000,00,2,2,19,A01
201700016448,0,02,000,00,2,1,19,A01
201700016448,0,07,000,00,2,3,01,B01
201700016449,1,07,000,00,1,1,15,A01
201700016450,1,07,000,00,2,6,13,A01
201700016450,1,33,000,00,2,2,17,B01
201700016451,2,07,000,00,2,3,15,A01
201700016451,1,02,000,00,2,1,01,B01
201700016452,0,07,000,00,1,2,01,A01
201700016453,1,07,000,00,2,3,13,A01
201700016453,2,07,000,00,2,3,01,B01
201700016453,2,07,000,00,9,1,01,C01
201700016454,0,07,000,13,0,0,01,A01
201700016455,1,07,000,00,2,2,02,A01
201700016455,1,02,000,00,2,4,00,B01
201700016456,1,07,000,00,2,1,01,A01
201700016456,2,07,000,00,2,1,01,B01
201700016457,1,02,000,12,0,6,01,A01
201700016458,2,33,000,00,2,1,17,A01
201700016458,2,07,000,00,2,8,15,B01
201700016459,1,07,000,00,2,5,15,A01
201700016459,2,33,000,00,2,1,01,B01
201700016460,2,01,000,00,0,4,15,A01
201700016460,2,38,050,00,2,3,01,B01
201700016461,0,07,000,00,9,3,09,A01
201700016461,0,01,000,00,2,7,01,B01
201700016462,0,07,000,13,0,1,01,A01
201700016463,1,01,000,01,0,1,01,A01
201700016463,1,07,000,00,0,6,23,B01
201700016464,1,07,000,00,2,1,00,A01
201700016464,2,07,000,00,0,1,01,B01
201700016465,1,07,000,00,2,7,15,A01
201700016465,2,07,000,00,2,1,01,B01
201700016466,0,02,000,12,0,1,01,A01
201700016467,1,07,000,02,0,1,13,A01
201700016468,0,07,000,00,1,2,00,A01
201700016469,0,07,000,00,2,6,19,A01
201700016469,0,07,000,00,2,1,01,B01
201700016470,1,01,000,00,2,4,00,A01
201700016470,1,07,000,00,2,1,00,B01
201700016471,0,07,000,02,0,1,00,A01
201700016472,1,07,000,00,2,1,01,A01
201700016472,0,07,000,00,0,6,01,B01
201700016473,0,07,000,00,0,0,00,A01
201700016473,0,01,000,00,0,0,00,B01
201700016474,1,07,000,13,0,2,01,A01
201700016475,2,07,000,00,2,5,05,A01
201700016475,1,07,000,00,2,2,01,B01
201700016476,0,02,000,12,0,0,17,A01
201700016477,0,07,000,00,2,3,01,A01
201700016477,0,01,000,00,2,7,01,B01
201700016478,1,07,000,00,2,1,13,A01
201700016478,2,33,000,00,2,1,01,B01
201700016479,1,07,000,00,2,2,02,A01
201700016479,1,02,000,00,2,4,02,B01
201700016480,0,07,000,00,1,3,09,A01
201700016481,0,07,000,00,1,2,16,A01
201700016482,1,07,000,00,2,1,01,A01
201700016482,2,07,000,00,2,1,01,B01
201700016483,0,07,000,00,1,3,02,A01
201700016484,1,07,000,00,0,4,01,A01
201700016484,1,07,000,00,2,4,01,B01
201700016484,1,10,000,00,2,1,01,C01
201700016485,1,07,000,13,0,1,14,A01
201700016486,1,07,000,00,2,1,00,A01
201700016486,2,07,000,00,2,1,00,B01
201700016487,1,07,000,13,0,2,01,A01
201700016488,1,07,000,00,2,2,13,A01
201700016488,2,07,000,00,2,6,14,B01
201700016488,2,07,000,00,2,1,01,C01
201700016489,0,07,000,00,2,3,01,A01
201700016489,0,07,000,15,2,3,01,B01
201700016490,2,33,000,13,0,1,01,A01
201700016491,1,02,000,00,2,8,15,A01
201700016491,2,07,000,00,2,6,01,B01
201700016492,0,07,000,00,2,1,15,A01
201700016492,0,07,000,00,2,3,01,B01
201700016493,1,07,000,13,0,1,01,A01
201700016494,1,07,000,00,2,1,13,A01
201700016494,2,07,000,00,2,1,01,B01
201700016495,1,34,000,00,0,8,01,A01
201700016496,1,07,000,00,2,2,03,A01
201700016496,2,07,000,00,2,2,03,B01
201700016497,0,33,000,08,0,1,01,A01
201700016498,0,30,000,00,2,1,01,A01
201700016498,0,01,000,00,1,3,15,B01
201700016499,2,07,000,00,2,1,05,A01
201700016499,1,07,000,00,2,1,01,B01
201700016500,1,33,000,13,0,1,01,A01
201700016501,1,07,000,00,1,2,01,A01
201700016502,0,30,000,00,2,8,13,A01
201700016502,0,07,000,00,2,3,01,B01
201700016503,1,07,000,00,2,3,13,A01
201700016503,2,07,000,00,2,3,01,B01
201700016504,0,07,000,06,2,1,19,A01
201700016504,0,07,000,00,2,7,01,B01
201700016505,1,07,000,00,2,2,15,A01
201700016505,2,01,000,00,2,1,01,B01
201700016506,1,07,000,00,2,3,19,A01
201700016506,2,07,000,00,2,3,01,B01
201700016507,1,07,000,00,2,1,02,A01
201700016507,1,07,000,00,0,4,02,B01
201700016508,2,10,000,00,2,1,13,A01
201700016508,1,07,000,00,2,3,01,B01
201700016509,1,07,000,00,2,3,15,A01
201700016509,2,02,000,00,2,1,01,B01
201700016510,0,33,000,00,2,8,16,A01
201700016510,0,07,000,00,2,2,01,B01
201700016511,2,07,000,15,0,1,02,A01
201700016512,1,10,000,02,0,3,01,A01
201700016513,2,33,000,00,2,1,17,B01
201700016513,1,07,000,00,2,6,15,A01
201700016514,1,02,000,00,0,0,02,A01
201700016515,2,33,000,00,0,0,01,A01
201700016516,0,07,000,00,2,3,13,A01
201700016516,0,07,000,00,2,3,01,C01
201700016516,0,07,000,00,2,8,01,B01
201700016517,2,07,000,00,2,1,13,A01
201700016517,1,07,000,00,2,1,13,B01
201700016518,0,10,000,00,1,4,04,A01
201700016519,1,07,000,13,0,1,00,A01
201700016520,1,07,000,00,2,2,19,A01
201700016520,0,30,000,00,2,1,01,B01
201700016521,1,02,000,12,0,1,01,A01
201700016522,0,33,000,13,0,0,01,A01
201700016523,1,07,000,06,0,3,01,A01
201700016524,1,07,000,00,2,2,15,A01
201700016524,2,31,000,00,2,1,01,B01
201700016525,2,07,000,00,9,2,15,A01
201700016525,1,01,000,00,2,1,01,B01
201700016526,2,07,000,13,0,1,01,A01
201700016527,0,07,000,00,0,8,01,B01
201700016527,0,07,000,00,2,1,01,A01
201700016528,0,07,000,00,2,7,15,A01
201700016528,0,33,000,00,2,0,01,B01
201700016529,1,07,000,00,2,7,13,A01
201700016529,2,07,000,00,2,1,01,B01
201700016530,1,03,000,13,0,2,01,A01
201700016531,2,07,000,02,0,1,01,A01
201700016532,2,07,000,02,0,4,01,A01
201700016533,0,07,000,00,1,1,01,A01
201700016534,2,07,000,02,0,3,01,A01
201700016535,0,07,000,00,1,6,04,A01
201700016536,1,07,000,13,0,1,01,A01
201700016537,0,07,000,00,1,1,01,A01
201700016538,0,07,000,00,2,7,01,B01
201700016538,0,07,000,00,2,1,19,A01
201700016539,0,07,000,00,1,1,15,A01
201700016540,2,07,000,13,0,3,19,A01
201700016541,1,07,000,00,2,3,01,A01
201700016541,2,07,000,00,2,3,01,B01
201700016542,2,07,000,00,0,0,01,A01
201700016543,2,07,000,13,0,1,01,A01
201700016544,1,07,000,00,2,1,01,A01
201700016544,2,07,000,00,2,1,01,B01
201700016545,1,07,000,00,1,2,15,A01
201700016546,0,01,000,00,0,0,00,A01
201700016547,1,33,000,00,0,1,17,A01
201700016548,1,01,000,00,0,0,00,A01
201700016549,0,07,000,00,2,2,19,A01
201700016549,0,07,000,02,2,1,01,B01
201700016549,0,07,000,00,0,1,23,C01
201700016550,0,33,000,06,0,0,01,A01
201700016551,2,07,000,13,0,1,21,B01
201700016551,1,07,000,00,0,0,00,A01
201700016552,1,07,000,02,0,1,01,A01
201700016553,1,07,000,00,2,1,02,A01
201700016553,1,07,000,00,2,4,02,B01
201700016553,1,07,000,00,0,4,02,C01
201700016554,0,07,000,02,0,1,00,A01
201700016555,1,33,000,14,0,1,21,A01
201700016556,2,07,000,00,2,1,13,A01
201700016556,1,07,000,00,2,1,01,B01
201700016557,1,07,000,00,2,2,15,A01
201700016557,2,33,000,00,2,1,01,B01
201700016558,2,07,000,00,0,4,15,A01
201700016558,2,07,000,00,2,1,02,B01
201700016559,2,07,000,00,2,2,02,A01
201700016559,1,33,000,00,2,8,21,B01
201700016560,2,07,000,13,0,1,00,A01
201700016561,2,33,000,00,2,3,01,A01
201700016561,2,21,000,00,0,0,09,B01
201700016562,1,07,000,00,1,0,02,A01
201700016563,2,33,000,13,0,4,01,A01
201700016564,2,07,000,00,2,1,01,A01
201700016564,2,07,000,00,0,4,00,B01
201700016565,1,07,000,00,0,4,01,A01
201700016565,1,07,000,00,2,1,01,B01
201700016565,1,07,000,00,0,4,01,C01
201700016565,1,02,000,00,2,1,01,D01
201700016566,2,02,000,00,2,1,01,B01
201700016566,2,07,000,00,2,2,15,A01
201700016567,1,07,000,06,0,1,01,A01
201700016568,0,07,000,06,0,8,13,A01
201700016569,1,07,000,00,2,1,02,A01
201700016569,1,07,000,00,0,4,02,B01
201700016570,1,33,000,00,5,1,00,A01
201700016571,1,07,000,00,2,1,01,A01
201700016571,2,07,000,00,2,3,01,B01
201700016572,0,15,000,00,2,6,01,A01
201700016572,0,10,000,00,2,3,01,B01
201700016573,1,01,000,00,2,1,01,B01
201700016573,1,01,000,00,2,1,01,C01
201700016573,2,07,000,00,9,3,17,A01
201700016574,1,07,000,00,0,8,02,A01
201700016574,1,07,000,00,2,1,02,B01
201700016575,1,07,000,00,2,1,05,A01
201700016575,2,07,000,00,2,2,01,B01
201700016576,0,07,000,00,2,1,01,A01
201700016576,0,10,000,00,2,1,01,B01
201700016577,1,07,000,02,0,6,17,A01
201700016578,0,07,000,00,1,2,01,A01
201700016579,1,07,000,00,1,3,01,A01
201700016580,1,07,000,00,2,8,13,A01
201700016580,2,07,000,00,2,3,01,B01
201700016581,0,07,000,00,2,1,01,A01
201700016581,0,02,000,00,2,8,09,B01
201700016582,2,10,000,00,2,3,11,A01
201700016582,1,07,000,00,2,3,01,B01
201700016583,0,07,000,00,2,3,09,A01
201700016583,0,33,000,00,2,7,01,B01
201700016584,0,02,000,00,0,1,13,A01
201700016584,0,07,000,00,9,3,01,B01
201700016585,1,07,000,13,0,2,01,A01
201700016586,2,07,000,13,0,3,13,A01
201700016587,2,33,000,00,2,1,05,A01
201700016587,1,07,000,00,2,1,01,B01
201700016588,2,07,000,02,0,3,01,A01
201700016589,0,14,000,00,2,1,19,A01
201700016589,0,07,000,13,2,3,19,B01
201700016590,1,07,000,00,9,2,01,A01
201700016590,2,01,000,00,2,7,19,B01
201700016591,2,07,000,13,0,3,01,A01
201700016592,1,07,000,00,2,1,17,A01
201700016592,1,21,000,00,2,3,15,B01
201700016593,1,07,000,00,0,2,02,A01
201700016593,1,07,000,00,2,1,01,B01
201700016594,1,33,000,13,0,1,13,A01
201700016595,2,33,000,00,0,8,00,A01
201700016596,0,02,000,00,2,1,01,A01
201700016596,0,07,000,00,2,1,01,B01
201700016597,0,07,000,00,2,3,23,A01
201700016597,0,07,000,00,2,3,01,B01
201700016598,0,01,000,16,0,0,13,A01
201700016599,0,02,000,00,2,3,01,A01
201700016599,0,07,000,00,2,3,01,B01
201700016600,1,07,000,06,0,1,00,A01
201700016601,0,07,000,00,2,3,00,A01
201700016601,0,17,000,00,2,6,00,B01
201700016602,1,33,000,00,2,1,01,B01
201700016602,2,10,000,00,2,2,15,A01
201700016603,0,07,000,00,2,8,01,A01
201700016603,0,02,000,00,2,1,01,B01
201700016604,0,02,000,00,2,1,00,A01
201700016604,0,07,000,00,2,3,00,B01
201700016605,1,33,000,00,2,8,03,A01
201700016605,1,07,000,00,2,7,02,B01
201700016606,0,02,000,00,2,2,02,A01
201700016606,0,07,000,00,2,3,02,B01
201700016607,1,07,000,00,0,3,01,A01
201700016607,1,07,000,00,2,2,01,B01
201700016608,2,07,000,00,2,3,15,A01
201700016608,2,33,000,00,2,7,17,B01
201700016609,0,07,000,00,9,8,01,A01
201700016609,0,01,000,00,2,2,00,B01
201700016610,1,07,000,13,0,1,01,A01
201700016611,1,02,000,00,2,1,21,A01
201700016611,1,07,000,00,0,5,01,B01
201700016612,2,07,000,00,2,3,15,A01
201700016612,1,07,000,00,2,3,01,B01
201700016613,1,13,000,00,1,2,01,A01
201700016614,0,07,000,00,2,3,15,A01
201700016614,0,07,000,00,2,1,01,B01
201700016615,1,07,000,00,2,3,13,A01
201700016615,2,07,000,00,2,1,01,B01
201700016616,1,10,000,08,0,1,01,A01
201700016617,1,07,000,00,2,1,00,A01
201700016617,2,07,000,00,2,1,00,B01
201700016618,2,10,000,00,2,1,02,A01
201700016618,2,07,000,00,0,4,23,B01
201700016618,2,07,000,00,0,4,15,C01
201700016619,1,07,000,00,1,1,01,A01
201700016620,0,01,000,00,0,0,01,A01
201700016620,0,07,000,00,2,2,01,B01
201700016621,1,33,000,00,2,4,01,B01
201700016621,1,37,001,00,2,2,19,A01
201700016622,1,07,000,00,2,3,01,A01
201700016622,2,07,000,00,2,2,15,B01
201700016623,2,07,000,00,2,3,01,A01
201700016623,1,07,000,00,2,3,01,B01
201700016624,1,07,000,00,1,1,01,A01
201700016625,1,07,000,13,2,6,01,A01
201700016625,1,07,000,,,,,B01
201700016626,1,07,000,00,1,1,02,A01
201700016627,0,07,000,12,9,3,15,A01
201700016627,0,01,000,00,2,1,01,B01
201700016628,2,02,000,14,0,0,00,A01
201700016629,0,07,000,08,0,9,01,A01
201700016630,2,07,000,00,2,2,15,A01
201700016630,1,07,000,00,2,1,01,B01
201700016631,0,07,000,08,0,1,15,A01
201700016632,0,07,000,00,2,1,02,A01
201700016632,0,07,000,00,0,4,02,B01
201700016633,1,02,000,01,0,1,01,A01
201700016634,1,07,000,00,2,8,13,B01
201700016634,2,07,000,00,2,8,01,A01
201700016635,0,07,000,00,1,4,04,A01
201700016636,0,02,000,00,6,1,01,A01
201700016637,1,07,000,00,0,8,09,A01
201700016638,1,07,000,13,0,3,01,A01
201700016639,0,01,000,00,2,1,13,A01
201700016639,0,07,000,00,2,1,01,B01
201700016640,0,30,000,15,0,1,01,A01
201700016641,1,07,000,11,0,1,01,A01
201700016642,1,07,000,00,2,2,13,A01
201700016642,1,07,000,00,2,1,01,B01
201700016643,1,33,000,00,2,1,02,A01
201700016643,1,07,000,00,0,5,23,B01
201700016644,1,07,000,00,2,1,02,A01
201700016644,1,07,000,00,2,4,23,B01
201700016644,2,07,000,00,2,8,01,C01
201700016645,2,07,000,03,0,1,01,A01
201700016646,0,07,000,06,1,2,15,A01
201700016647,0,07,000,00,1,1,01,A01
201700016648,0,07,000,00,9,0,17,A01
201700016648,0,01,000,13,0,1,01,B01
201700016649,0,07,000,00,9,2,01,A01
201700016649,0,01,000,00,0,3,01,B01
201700016650,2,07,000,00,1,1,01,A01
201700016651,1,07,000,00,2,1,17,A01
201700016651,2,07,000,00,2,1,01,B01
201700016652,0,07,000,00,1,1,00,A01
201700016653,1,07,000,13,0,1,01,A01
201700016654,2,07,000,00,2,1,01,A01
201700016654,2,07,000,00,2,4,15,B01
201700016654,1,07,000,00,2,3,01,C01
201700016655,2,07,000,02,0,3,00,A01
201700016656,1,07,000,00,2,2,15,A01
201700016656,2,07,000,00,2,1,01,B01
201700016657,0,33,000,00,6,3,01,A01
201700016658,1,10,000,02,0,1,01,A01
201700016659,0,01,000,00,0,4,01,B01
201700016659,0,31,000,00,0,1,02,A01
201700016660,2,34,000,00,2,1,01,A01
201700016660,0,07,000,00,2,3,19,B01
201700016661,1,33,000,03,0,8,01,A01
201700016662,2,33,000,00,2,1,02,A01
201700016662,2,07,000,00,0,5,02,B01
201700016663,1,07,000,00,2,2,02,A01
201700016663,1,10,000,00,2,8,23,B01
201700016664,1,07,000,00,2,1,01,B01
201700016664,0,07,000,00,2,8,19,A01
201700016665,2,07,000,02,0,3,01,A01
201700016666,0,07,000,14,9,1,00,A01
201700016667,1,33,000,09,0,2,14,A01
201700016668,1,34,000,03,0,7,01,A01
201700016669,1,01,000,14,0,1,01,A01
201700016670,2,34,000,00,2,1,01,B01
201700016670,1,10,000,00,2,1,06,A01
201700016671,1,01,000,00,2,1,01,A01
201700016671,2,01,000,00,2,1,01,B01
201700016672,0,07,000,00,1,1,01,A01
201700016673,0,03,000,00,1,1,16,A01
201700016674,1,07,000,00,4,8,05,A01
201700016674,2,39,016,00,4,1,01,B01
201700016675,2,07,000,13,0,1,01,A01
201700016676,2,02,000,00,2,1,01,A01
201700016676,,07,000,00,2,1,15,B01
201700016677,2,07,000,00,2,3,01,B01
201700016677,1,07,000,00,2,2,15,A01
201700016678,1,33,000,00,2,2,01,B01
201700016678,2,07,000,00,2,6,15,A01
201700016679,1,07,000,00,2,3,13,A01
201700016679,2,15,000,00,2,3,00,B01
201700016680,0,07,000,00,9,1,19,A01
201700016680,0,02,000,00,2,8,01,B01
201700016681,0,21,000,00,2,3,23,B01
201700016681,0,33,000,00,2,2,17,A01
201700016682,1,07,000,00,2,7,01,A01
201700016682,2,07,000,00,2,1,01,B01
201700016683,2,02,000,00,2,1,01,A01
201700016683,0,07,000,00,2,2,15,B01
201700016684,2,01,000,00,2,7,15,A01
201700016684,1,07,000,00,9,8,01,B01
201700016685,0,33,000,13,0,1,01,A01
201700016686,2,07,000,13,0,7,01,A01
201700016687,0,01,000,00,2,8,01,A01
201700016687,0,07,000,00,2,2,19,B01
201700016688,0,33,000,00,2,1,01,B01
201700016688,0,07,000,00,2,7,01,A01
201700016689,1,07,000,00,2,3,00,A01
201700016689,2,07,000,00,2,3,00,B01
201700016690,2,07,000,06,0,2,01,A01
201700016691,0,02,000,00,2,1,01,B01
201700016691,0,07,000,00,0,7,15,A01
201700016692,1,07,000,06,0,3,13,A01
201700016693,0,01,000,00,2,1,01,B01