Num_Acc,senc,catv,occutc,obs,obsm,choc,manv,num_veh
201700016693,0,30,000,00,9,1,13,A01
201700016694,1,01,000,00,0,4,01,B01
201700016694,1,07,000,00,2,2,01,A01
201700016695,1,07,000,00,2,1,01,B01
201700016695,2,07,000,00,2,2,15,A01
201700016695,1,07,000,00,0,1,23,C01
201700016696,0,01,000,00,2,0,01,B01
201700016696,0,03,000,00,2,1,01,A01
201700016697,2,31,000,03,0,1,16,A01
201700016698,0,07,000,00,0,0,00,A01
201700016699,2,07,000,00,2,3,01,B01
201700016699,1,07,000,00,2,3,13,A01
201700016700,0,01,000,00,2,8,01,A01
201700016700,0,07,000,00,2,2,01,B01
201700016701,2,07,000,00,2,7,01,A01
201700016701,2,99,000,00,2,1,01,B01
201700016702,1,10,000,00,2,6,01,B01
201700016702,1,10,000,00,2,2,17,A01
201700016703,2,07,000,00,2,7,01,A01
201700016703,2,07,000,00,2,2,19,B01
201700016704,2,07,000,00,2,3,06,A01
201700016704,1,07,000,00,2,3,01,B01
201700016705,1,07,000,13,0,9,00,A01
201700016706,1,07,000,00,2,7,01,B01
201700016706,0,07,000,00,2,1,01,A01
201700016707,2,33,000,00,2,1,01,B01
201700016707,0,07,000,00,2,6,15,A01
201700016708,0,33,000,00,0,0,01,A01
201700016709,1,15,000,00,0,7,01,B01
201700016709,0,01,000,00,2,1,19,A01
201700016710,2,07,000,00,2,7,19,A01
201700016710,1,33,000,00,2,1,01,B01
201700016711,1,07,000,00,0,9,01,A01
201700016712,2,30,000,00,2,4,02,B01
201700016712,2,14,000,00,2,1,02,A01
201700016713,1,07,000,13,0,1,01,A01
201700016714,2,07,000,00,2,1,01,B01
201700016714,1,07,000,00,2,1,05,A01
201700016715,2,07,000,13,0,7,01,A01
201700016716,0,07,000,00,2,1,01,A01
201700016716,0,07,000,00,2,1,01,B01
201700016717,1,33,000,13,0,1,01,A01
201700016718,0,02,000,00,0,0,01,A01
201700016719,1,07,000,00,9,2,11,A01
201700016719,1,02,000,00,2,0,15,B01
201700016720,2,36,000,13,0,3,01,A01
201700016721,0,07,000,00,2,1,13,A01
201700016721,0,07,000,00,2,1,01,B01
201700016722,1,07,000,06,0,1,01,A01
201700016723,2,07,000,00,2,4,15,A01
201700016723,1,07,000,00,2,1,02,B01
201700016724,1,30,000,00,2,1,01,B01
201700016724,2,07,000,00,2,3,19,A01
201700016725,2,07,000,13,0,1,01,A01
201700016726,1,07,000,08,0,9,01,A01
201700016727,1,07,000,00,1,2,01,A01
201700016728,1,07,000,16,0,6,01,A01
201700016729,0,03,000,15,1,4,04,A01
201700016730,1,07,000,13,0,7,01,A01
201700016731,0,07,000,08,0,3,01,A01
201700016732,1,10,000,00,2,1,01,A01
201700016732,2,21,000,00,2,1,19,B01
201700016733,1,21,000,00,2,1,16,B01
201700016733,1,10,000,00,2,1,01,A01
201700016734,1,07,000,00,2,1,13,A01
201700016734,2,07,000,00,2,1,01,B01
201700016735,1,07,000,06,2,3,01,A01
201700016735,0,07,000,00,2,2,19,B01
201700016736,2,07,000,07,0,3,01,A01
201700016736,0,07,000,00,0,0,15,B01
201700016737,2,07,000,00,2,3,01,B01
201700016737,1,33,000,00,2,1,13,A01
201700016738,1,07,000,08,0,1,01,A01
201700016739,2,07,000,00,2,1,01,B01
201700016739,1,07,000,00,2,1,13,A01
201700016740,2,01,000,00,2,1,02,A01
201700016740,2,01,000,00,0,4,02,B01
201700016741,1,07,000,00,2,2,19,A01
201700016741,1,10,000,00,2,3,01,B01
201700016742,2,07,000,00,2,3,17,A01
201700016742,1,07,000,00,2,3,01,B01
201700016743,1,33,000,02,0,1,14,A01
201700016744,1,07,000,00,1,1,01,A01
201700016745,1,07,000,16,0,1,01,A01
201700016746,2,07,000,00,2,3,13,A01
201700016746,1,07,000,00,2,3,01,B01
201700016747,1,07,000,00,1,1,01,A01
201700016748,1,07,000,00,2,6,01,C01
201700016748,2,14,000,00,2,1,01,B01
201700016748,1,02,000,00,2,1,13,A01
201700016749,0,07,000,00,2,3,13,A01
201700016749,0,07,000,00,2,3,01,B01
201700016750,0,07,000,00,1,1,01,A01
201700016751,2,07,000,03,2,1,01,A01
201700016751,2,07,000,03,2,1,01,B01
201700016752,1,07,000,06,0,8,01,A01
201700016752,1,10,000,00,2,1,19,B01
201700016753,0,99,000,00,0,0,01,A01
201700016754,1,07,000,00,0,5,01,A01
201700016755,0,07,000,00,1,1,01,A01
201700016756,1,07,000,00,2,4,15,B01
201700016756,1,07,000,00,2,1,01,A01
201700016756,1,07,000,00,2,3,05,C01
201700016757,0,31,000,13,0,1,01,A01
201700016758,0,02,000,16,0,0,23,A01
201700016759,0,10,000,03,0,2,01,A01
201700016760,2,07,000,02,0,1,01,A01
201700016761,0,07,000,00,2,1,01,B01
201700016761,0,07,000,00,2,1,05,A01
201700016762,1,07,000,00,2,3,16,A01
201700016762,2,02,000,00,2,1,01,B01
201700016763,1,07,000,00,1,1,01,A01
201700016764,1,07,000,00,1,3,01,A01
201700016765,0,02,000,00,5,1,01,A01
201700016766,0,33,000,00,1,0,00,A01
201700016767,0,07,000,00,2,1,19,A01
201700016767,0,01,000,00,2,7,01,B01
201700016768,2,07,000,01,1,1,01,A01
201700016769,2,07,000,00,2,3,09,A01
201700016769,1,33,000,00,2,1,01,B01
201700016770,0,02,000,00,2,1,17,A01
201700016770,0,07,000,00,2,3,01,B01
201700016771,2,07,000,00,2,3,01,B01
201700016771,1,07,000,00,2,3,01,A01
201700016772,0,07,000,00,2,3,01,A01
201700016772,0,15,000,00,2,2,01,B01
201700016773,1,33,000,00,2,1,01,A01
201700016773,1,07,000,00,2,7,15,B01
201700016774,1,07,000,13,0,3,01,A01
201700016775,1,10,000,02,0,3,13,A01
201700016776,2,17,000,00,2,3,15,B01
201700016776,2,33,000,00,2,2,17,A01
201700016777,0,07,000,06,0,1,00,A01
201700016778,0,07,000,00,2,1,15,A01
201700016778,2,02,000,00,2,8,01,B01
201700016779,1,07,000,00,2,3,15,A01
201700016779,2,07,000,00,2,3,01,B01
201700016780,1,01,000,00,2,4,02,B01
201700016780,1,07,000,00,2,2,02,A01
201700016781,2,30,000,00,2,6,15,B01
201700016781,2,07,000,00,2,1,17,A01
201700016782,1,10,000,00,1,1,01,A01
201700016783,1,07,000,00,1,1,01,A01
201700016784,2,07,000,00,2,3,17,A01
201700016784,1,02,000,00,2,1,01,B01
201700016785,1,02,000,12,0,2,01,A01
201700016786,2,07,000,00,2,3,01,B01
201700016786,1,07,000,00,2,3,13,A01
201700016787,2,07,000,00,2,3,19,A01
201700016787,2,33,000,00,2,1,01,B01
201700016788,1,07,000,00,0,3,15,A01
201700016788,1,33,000,06,2,1,17,B01
201700016789,1,99,000,13,0,1,11,A01
201700016789,1,14,000,00,,,11,B01
201700016790,0,07,000,00,2,1,01,A01
201700016790,0,07,000,00,2,8,09,B01
201700016791,1,17,000,00,2,6,01,B01
201700016791,2,07,000,00,2,2,17,A01
201700016792,1,07,000,03,0,9,01,A01
201700016793,1,07,000,00,2,3,01,B01
201700016793,1,02,000,00,2,1,01,A01
201700016794,0,07,000,00,2,4,20,A01
201700016794,1,02,000,00,2,7,01,B01
201700016795,1,33,000,00,2,2,01,B01
201700016795,1,07,000,00,2,3,09,A01
201700016796,2,07,000,00,0,6,01,B01
201700016796,2,33,000,00,2,1,01,A01
201700016797,1,07,000,13,0,8,01,A01
201700016798,2,07,000,00,0,7,15,A01
201700016798,1,33,000,00,2,1,01,B01
201700016799,0,33,000,13,0,1,00,A01
201700016800,1,07,000,00,2,7,01,A01
201700016800,2,07,000,00,2,1,01,B01
201700016801,0,32,000,15,0,3,14,A01
201700016802,0,01,000,00,0,0,01,B01
201700016802,0,21,000,00,9,0,01,A01
201700016803,2,07,000,08,0,8,01,A01
201700016804,2,10,000,00,1,1,15,A01
201700016805,1,07,000,06,0,3,05,A01
201700016806,2,03,000,00,2,3,01,B01
201700016806,1,07,000,00,2,3,01,A01
201700016807,1,07,000,02,0,8,05,A01
201700016808,2,07,000,00,2,1,01,C01
201700016808,2,02,000,00,2,1,15,A01
201700016808,1,07,000,00,2,3,01,B01
201700016809,0,02,000,00,2,1,01,A01
201700016809,0,07,000,00,0,4,01,B01
201700016810,1,07,000,00,1,2,02,A01
201700016811,2,07,000,00,2,1,01,B01
201700016811,1,07,000,00,2,1,01,A01
201700016812,1,33,000,00,2,1,01,A01
201700016812,0,21,000,00,2,8,15,B01
201700016813,2,07,000,00,2,1,15,A01
201700016813,1,33,000,00,2,1,01,B01
201700016814,0,07,000,00,0,3,19,A01
201700016814,2,07,000,00,0,1,01,B01
201700016815,1,10,000,00,2,2,02,B01
201700016815,1,02,000,00,0,4,02,A01
201700016816,1,07,000,00,1,1,01,A01
201700016817,1,07,000,00,1,2,01,A01
201700016818,1,07,000,00,2,3,01,A01
201700016818,2,07,000,00,2,8,01,C01
201700016818,2,07,000,00,2,6,01,B01
201700016819,0,33,000,00,0,7,01,A01
201700016820,1,07,000,13,0,1,00,A01
201700016821,2,07,000,08,0,2,01,A01
201700016822,0,07,000,02,0,2,21,A01
201700016823,0,07,000,15,0,1,01,A01
201700016824,1,07,000,00,1,1,14,A01
201700016825,2,10,000,00,2,2,13,A01
201700016825,1,07,000,00,2,2,01,B01
201700016826,1,07,000,02,0,1,01,A01
201700016827,2,07,000,00,2,6,01,C01
201700016827,2,07,000,00,2,1,13,A01
201700016827,1,07,000,00,2,3,01,B01
201700016828,2,07,000,00,1,1,14,A01
201700016829,2,07,000,08,0,6,01,A01
201700016830,0,10,000,03,0,3,01,A01
201700016831,2,07,000,13,0,9,00,A01
201700016832,2,33,000,00,2,1,17,A01
201700016832,1,07,000,00,2,1,01,B01
201700016833,0,01,000,00,1,3,01,A01
201700016834,1,07,000,08,0,1,01,A01
201700016835,1,31,000,00,2,1,01,A01
201700016835,2,07,000,00,2,3,01,B01
201700016836,1,07,000,02,0,1,01,A01
201700016837,2,33,000,03,0,1,01,A01
201700016838,0,99,000,00,1,4,01,A01
201700016839,2,07,000,00,2,1,01,B01
201700016839,1,33,000,00,2,1,05,A01
201700016840,1,07,000,00,2,1,13,A01
201700016840,0,07,000,00,2,2,23,B01
201700016841,2,07,000,00,2,1,01,B01
201700016841,2,07,000,00,2,7,01,A01
201700016842,1,07,000,02,0,1,01,A01
201700016843,2,07,000,00,2,1,01,B01
201700016843,1,07,000,00,2,1,13,A01
201700016844,1,33,000,08,0,1,01,A01
201700016845,2,07,000,00,0,0,15,C01
201700016845,2,10,000,00,0,4,01,B01
201700016845,2,31,000,00,2,1,01,A01
201700016846,2,07,000,00,2,3,00,B01
201700016846,1,02,000,00,2,1,05,A01
201700016847,0,07,000,00,0,2,01,A01
201700016848,1,07,000,00,2,1,01,B01
201700016848,1,07,000,00,2,7,01,A01
201700016849,1,07,000,00,0,8,23,C01
201700016849,1,07,000,00,2,2,01,A01
201700016849,2,07,000,14,2,7,15,B01
201700016850,1,07,000,00,2,1,01,B01
201700016850,1,07,000,00,2,8,01,C01
201700016850,2,07,000,00,2,1,13,A01
201700016851,1,07,000,00,2,1,13,A01
201700016851,2,07,000,00,2,1,01,B01
201700016852,1,07,000,00,2,6,01,C01
201700016852,2,07,000,00,2,1,01,B01
201700016852,1,07,000,00,2,2,15,A01
201700016853,0,07,000,00,2,1,13,A01
201700016853,0,33,000,00,2,7,00,B01
201700016854,0,07,000,00,1,1,15,A01
201700016855,1,07,000,13,0,1,01,A01
201700016856,1,07,000,00,2,3,01,B01
201700016856,2,10,000,00,2,1,13,A01
201700016857,0,07,000,00,2,1,13,A01
201700016857,0,07,000,00,2,3,01,B01
201700016858,1,33,000,00,2,1,01,C01
201700016858,1,31,000,00,2,1,01,D01
201700016858,1,33,000,00,2,1,01,B01
201700016858,1,02,000,00,0,8,10,A01
201700016858,1,33,000,00,2,1,01,E01
201700016859,2,07,000,00,0,6,15,B01
201700016859,2,33,000,00,2,1,02,A01
201700016860,1,07,000,00,2,1,13,A01
201700016860,2,07,000,00,2,1,01,B01
201700016861,1,07,000,00,2,7,15,A01
201700016861,2,33,000,00,2,1,01,B01
201700016862,1,07,000,13,0,2,14,A01
201700016863,2,07,000,00,1,7,01,A01
201700016864,0,02,000,00,2,1,01,A01
201700016864,0,02,000,00,2,1,01,B01
201700016865,0,07,000,00,2,5,15,A01
201700016865,0,34,000,00,2,1,01,B01
201700016866,2,02,000,00,2,1,01,B01
201700016866,2,07,000,00,2,1,01,C01
201700016866,1,07,000,00,2,1,05,A01
201700016867,1,33,000,00,2,8,01,A01
201700016867,2,07,000,00,2,3,17,B01
201700016868,1,33,000,00,2,1,02,A01
201700016868,1,07,000,00,2,5,02,B01
201700016869,2,02,000,00,2,0,03,A01
201700016869,2,07,000,00,9,6,02,B01
201700016870,0,02,000,00,2,1,01,B01
201700016870,0,07,000,00,2,2,15,A01
201700016871,1,07,000,00,2,1,13,A01
201700016871,2,07,000,00,2,1,01,B01
201700016872,1,07,000,00,2,7,13,C01
201700016872,1,33,000,00,2,1,02,B01
201700016872,1,07,000,00,0,5,23,A01
201700016873,2,07,000,00,2,3,01,B01
201700016873,2,07,000,00,2,3,01,C01
201700016873,1,07,000,00,2,3,13,A01
201700016874,2,07,000,02,0,8,01,A01
201700016875,2,01,000,00,2,4,02,B01
201700016875,2,07,000,00,9,2,01,A01
201700016876,2,07,000,00,2,9,01,A01
201700016876,1,10,000,00,2,1,01,B01
201700016877,1,07,000,00,2,4,19,A01
201700016877,2,07,000,00,2,3,01,B01
201700016878,1,07,000,00,0,7,10,A01
201700016878,2,34,000,00,2,1,01,B01
201700016879,0,10,000,00,1,1,01,A01
201700016880,1,33,000,00,2,2,17,B01
201700016880,1,07,000,00,2,6,15,A01
201700016881,1,33,000,00,2,2,01,B01
201700016881,2,07,000,00,2,2,15,A01
201700016882,2,02,000,00,2,1,01,B01
201700016882,1,07,000,00,2,3,15,A01
201700016883,0,02,000,15,2,3,01,A01
201700016883,0,07,000,00,2,3,01,B01
201700016884,1,07,000,00,2,3,09,A01
201700016884,1,02,000,00,2,7,16,B01
201700016885,2,07,000,00,2,1,13,A01
201700016885,1,07,000,13,2,1,01,C01
201700016885,1,07,000,00,2,8,01,B01
201700016886,2,07,000,13,0,7,01,A01
201700016887,1,07,000,00,2,3,00,B01
201700016887,2,33,000,00,2,8,00,A01
201700016888,1,07,000,00,1,7,01,A01
201700016889,2,33,000,00,2,1,01,B01
201700016889,0,07,000,00,2,3,01,A01
201700016890,0,10,000,00,1,4,19,A01
201700016891,2,07,000,00,0,5,15,B01
201700016891,1,07,000,00,2,2,01,A01
201700016892,2,33,000,07,0,1,16,A01
201700016893,2,07,000,00,2,3,01,A01
201700016893,0,01,000,00,2,7,15,B01
201700016894,1,10,000,00,2,3,01,B01
201700016894,2,07,000,00,2,3,13,A01
201700016895,2,07,000,00,2,2,15,B01
201700016895,1,33,000,00,2,1,01,A01
201700016896,0,21,000,00,5,5,01,A01
201700016896,0,99,000,00,2,7,01,B01
201700016896,0,99,000,00,2,5,01,C01
201700016897,1,02,000,00,0,9,01,A01
201700016898,0,01,000,00,0,8,01,B01
201700016898,0,02,000,00,0,8,17,A01
201700016899,1,33,000,00,2,1,01,B01
201700016899,1,33,000,00,2,6,15,A01
201700016900,1,07,000,00,2,3,13,A01
201700016900,2,07,000,00,2,3,01,B01
201700016901,1,07,000,00,2,3,01,B01
201700016901,2,07,000,00,2,2,13,A01
201700016902,2,07,000,00,2,1,01,B01
201700016902,1,07,000,00,2,0,13,A01
201700016903,0,07,000,00,2,8,09,B01
201700016903,0,02,000,00,2,1,01,A01
201700016904,0,07,000,02,0,1,01,A01
201700016905,1,07,000,00,2,1,05,A01
201700016905,2,07,000,00,2,8,01,B01
201700016905,2,07,000,00,2,1,01,C01
201700016906,1,33,000,02,0,8,01,A01
201700016907,0,07,000,00,1,2,16,A01
201700016908,0,07,000,00,0,2,24,A01
201700016908,0,07,000,01,0,4,20,B01
201700016909,1,02,000,00,2,2,13,A01
201700016909,2,07,000,00,2,2,01,B01
201700016910,0,01,000,00,2,1,01,B01
201700016910,0,07,000,00,2,1,15,A01
201700016911,1,07,000,00,2,1,13,A01
201700016911,2,07,000,00,2,1,01,B01
201700016912,2,07,000,00,2,1,01,B01
201700016912,1,07,000,00,2,8,19,A01
201700016913,1,02,000,00,0,2,00,A01
201700016913,0,07,000,00,2,1,01,B01
201700016914,1,07,000,13,0,1,01,A01
201700016915,0,07,000,00,2,3,01,A01
201700016915,0,07,000,00,2,1,01,B01
201700016916,1,33,000,01,0,1,02,A01
201700016916,1,07,000,00,0,5,23,B01
201700016917,0,07,000,00,2,2,01,B01
201700016917,0,01,000,00,2,1,01,A01
201700016918,2,30,000,00,2,4,01,B01
201700016918,2,07,000,00,2,1,09,A01
201700016919,1,07,000,00,1,2,01,A01
201700016920,1,07,000,00,1,2,01,A01
201700016921,1,07,000,00,1,3,01,A01
201700016922,2,07,000,08,0,3,01,A01
201700016923,1,33,000,06,0,7,01,A01
201700016924,0,02,000,13,0,1,01,A01
201700016925,0,07,000,00,2,2,20,A01
201700016925,0,02,000,00,2,1,01,B01
201700016926,0,07,000,00,1,2,00,A01
201700016927,0,02,000,00,2,7,01,A01
201700016927,0,07,000,00,2,2,15,B01
201700016928,1,10,000,00,2,3,01,A01
201700016928,0,10,000,00,2,2,19,B01
201700016929,2,07,000,00,2,1,01,B01
201700016929,1,07,000,08,2,5,19,A01
201700016930,2,07,000,00,2,1,01,B01
201700016930,0,02,000,00,2,1,19,A01
201700016931,1,07,000,00,2,1,01,B01
201700016931,2,07,000,00,2,6,19,A01
201700016932,1,02,000,00,2,1,01,A01
201700016932,0,07,000,00,2,3,15,B01
201700016933,1,07,000,07,2,7,01,B01
201700016933,1,07,000,00,2,1,01,A01
201700016934,1,07,000,00,2,3,13,A01
201700016934,2,10,000,00,2,3,01,B01
201700016935,1,32,000,00,2,8,01,B01
201700016935,0,07,000,00,2,2,01,A01
201700016936,1,10,000,13,2,8,01,C01
201700016936,2,07,000,00,2,1,01,E01
201700016936,2,07,000,00,2,3,01,A01
201700016936,2,07,000,00,2,5,01,B01
201700016936,2,07,000,13,2,1,01,D01
201700016937,1,07,000,08,0,1,00,A01
201700016938,2,30,000,14,0,1,01,A01
201700016939,1,10,000,00,2,1,01,A01
201700016939,2,10,000,00,2,1,05,B01
201700016939,0,07,000,00,2,4,16,C01
201700016940,1,07,000,00,2,4,02,C01
201700016940,1,07,000,00,2,4,02,B01
201700016940,1,02,000,00,2,1,01,A01
201700016940,1,07,000,00,2,4,02,D01
201700016941,1,30,000,01,0,1,01,A01
201700016942,2,07,000,00,2,3,13,A01
201700016942,1,07,000,00,2,3,01,B01
201700016943,1,07,000,01,0,2,01,A01
201700016944,0,02,000,01,0,1,00,A01
201700016945,0,33,000,00,2,8,01,B01
201700016945,0,07,000,00,2,1,15,A01
201700016946,2,07,000,04,0,3,16,A01
201700016947,2,07,000,00,2,3,01,C01
201700016947,1,07,000,00,2,9,01,B01
201700016947,2,07,000,00,2,2,17,A01
201700016948,1,33,000,16,2,1,17,A01
201700016948,1,07,000,00,2,8,15,B01
201700016949,2,36,000,00,2,1,01,B01
201700016949,1,07,000,00,2,1,13,A01
201700016950,2,07,000,13,0,1,00,A01
201700016951,0,07,000,08,0,2,01,A01
201700016952,0,07,000,00,1,2,16,A01
201700016953,0,07,000,00,1,3,15,A01
201700016954,0,07,000,00,2,3,05,A01
201700016954,0,07,000,15,2,1,01,B01
201700016955,0,07,000,00,2,3,01,B01
201700016955,0,07,000,00,2,3,13,A01
201700016956,0,07,000,00,2,3,15,B01
201700016956,0,33,000,00,2,3,17,A01
201700016957,1,07,000,00,2,1,01,B01
201700016957,0,07,000,00,2,3,09,A01
201700016958,2,07,000,00,2,3,10,A01
201700016958,1,33,000,00,2,8,01,B01
201700016959,1,02,000,00,2,6,15,B01
201700016959,1,07,000,00,2,2,02,A01
201700016960,1,33,000,09,0,1,01,A01
201700016961,0,30,000,01,2,1,01,B01
201700016961,0,07,000,00,2,1,20,A01
201700016962,2,07,000,00,2,3,01,B01
201700016962,1,07,000,00,2,1,13,A01
201700016963,0,10,000,00,1,1,01,A01
201700016964,2,02,000,00,9,8,02,B01
201700016964,2,01,000,00,2,7,02,A01
201700016965,1,07,000,00,2,1,01,A01
201700016965,0,02,000,13,2,8,19,B01
201700016966,0,07,000,00,2,3,13,A01
201700016966,0,33,000,00,2,3,01,B01
201700016967,2,07,000,00,1,2,09,A01
201700016968,2,07,000,00,0,2,23,B01
201700016968,1,07,000,00,2,3,13,A01
201700016969,0,02,000,00,0,8,01,B01
201700016969,0,02,000,00,2,1,01,A01
201700016970,1,07,000,00,1,3,01,A01
201700016971,1,02,000,00,2,1,01,B01
201700016971,0,07,000,00,2,3,09,A01
201700016972,1,07,000,13,0,2,01,A01
201700016973,0,02,000,00,2,7,01,A01
201700016973,0,07,000,00,2,2,15,B01
201700016974,0,07,000,00,2,1,15,A01
201700016974,0,02,000,00,2,8,01,B01
201700016975,1,33,000,00,2,1,01,A01
201700016975,0,07,000,00,2,8,23,C01
201700016975,2,07,000,00,2,3,15,B01
201700016976,2,07,000,00,0,8,09,A01
201700016976,1,07,000,00,0,1,00,B01
201700016977,1,33,000,00,2,1,01,B01
201700016977,0,07,000,00,2,3,15,A01
201700016978,1,31,000,00,1,1,01,A01
201700016979,2,07,000,04,0,7,01,A01
201700016980,2,07,000,00,0,5,01,A01
201700016980,2,33,000,04,2,1,14,B01
201700016981,2,07,000,02,0,1,14,A01
201700016982,1,33,000,00,0,4,17,A01
201700016982,1,33,000,00,2,1,17,C01
201700016982,2,07,000,00,2,3,01,B01
201700016983,2,07,000,00,2,1,13,A01
201700016983,1,07,000,00,2,1,01,B01
201700016984,2,13,000,00,9,0,21,A01
201700016984,1,33,000,00,0,0,19,B01
201700016985,2,07,000,00,9,7,17,A01
201700016985,2,01,000,00,2,1,13,B01
201700016986,1,07,000,00,2,1,06,A01
201700016986,2,07,000,00,2,1,01,B01
201700016986,2,07,000,00,2,1,01,C01
201700016987,1,33,000,08,0,6,13,A01
201700016988,1,07,000,02,0,8,14,A01
201700016989,2,07,000,03,0,9,14,A01
201700016990,1,07,000,00,9,2,01,A01
201700016990,2,01,000,00,2,7,06,B01
201700016991,1,07,000,00,2,7,13,A01
201700016991,2,07,000,00,2,1,01,B01
201700016992,1,07,000,12,0,9,01,A01
201700016993,1,07,000,02,0,6,00,A01
201700016994,0,07,000,02,0,3,01,A01
201700016995,1,07,000,00,2,1,13,A01
201700016995,2,10,000,00,2,1,,B01
201700016996,0,10,000,00,2,3,15,A01
201700016996,0,01,000,00,2,1,01,B01
201700016997,2,33,000,00,2,1,01,B01
201700016997,1,07,000,00,2,8,15,A01
201700016998,1,07,000,00,2,1,01,B01
201700016998,2,07,000,00,2,1,05,A01
201700016999,2,07,000,00,2,3,01,A01
201700016999,1,07,000,00,2,3,01,B01
201700017000,2,01,000,00,2,1,01,B01
201700017000,1,07,000,00,9,3,15,A01
201700017001,2,31,000,03,0,1,01,A01
201700017002,2,33,000,02,0,1,15,A01
201700017003,2,07,000,00,0,9,01,A01
201700017004,1,07,000,02,0,1,13,A01
201700017005,2,02,000,06,0,0,21,B01
201700017005,1,07,000,00,0,0,15,A01
201700017006,2,33,000,03,0,0,01,A01
201700017007,2,07,000,15,0,9,00,A01
201700017008,1,07,000,08,0,9,02,A01
201700017009,2,07,000,00,2,1,00,A01
201700017009,1,07,000,00,2,1,17,B01
201700017010,1,07,000,00,1,1,00,A01
201700017011,1,33,000,00,2,1,02,A01
201700017011,1,07,000,00,2,4,02,B01
201700017012,2,07,000,06,0,2,01,A01
201700017013,1,07,000,00,2,3,09,A01
201700017013,1,07,000,00,2,8,01,B01
201700017014,2,07,000,00,2,6,17,A01
201700017014,2,07,000,04,2,2,17,B01
201700017014,2,07,000,00,2,1,17,C01
201700017015,1,07,000,13,2,3,05,A01
201700017015,2,07,000,00,2,3,02,B01
201700017015,1,07,000,00,2,0,00,C01
201700017016,1,33,000,00,0,7,00,A01
201700017017,2,07,000,00,2,6,09,A01
201700017017,1,33,000,00,0,1,01,B01
201700017018,1,07,000,02,0,1,01,A01
201700017019,2,07,000,03,0,0,05,A01
201700017019,2,07,000,00,9,2,00,B01
201700017019,2,13,000,00,9,3,00,C01
201700017020,0,07,000,02,0,1,01,A01
201700017021,2,07,000,00,2,1,01,C01
201700017021,1,10,000,00,2,5,16,B01
201700017021,1,07,000,00,0,1,01,A01
201700017022,1,33,000,16,0,1,01,A01
201700017023,1,33,000,00,2,1,01,A01
201700017023,2,07,000,00,2,3,01,B01
201700017024,2,33,000,00,0,4,17,A01
201700017024,2,33,000,00,2,1,13,B01
201700017024,2,33,000,00,2,1,13,C01
201700017024,2,33,000,00,2,1,13,D01
201700017025,2,07,000,00,2,7,01,A01
201700017025,1,07,000,00,2,1,01,B01
201700017026,1,33,000,00,0,8,01,A01
201700017027,1,07,000,13,0,9,19,A01
201700017028,1,21,000,00,2,3,01,B01
201700017028,2,33,000,00,2,1,17,A01
201700017029,1,07,000,00,2,3,05,A01
201700017029,2,07,000,00,2,3,02,B01
201700017030,2,33,000,00,2,1,17,A01
201700017030,1,07,000,00,2,3,01,C01
201700017030,2,07,000,00,2,8,01,B01
201700017031,1,02,000,00,0,0,15,A01
201700017032,2,07,000,00,2,2,01,A01
201700017032,2,21,000,00,0,0,01,B01
201700017033,2,07,000,06,0,2,00,A01
201700017034,2,07,000,08,0,5,01,A01
201700017035,1,07,000,00,2,1,13,A01
201700017035,2,10,000,00,2,1,01,B01
201700017036,0,07,000,00,2,2,15,A01
201700017036,0,36,000,00,2,5,01,B01
201700017037,1,07,000,00,9,1,15,A01
201700017037,2,01,000,00,2,1,01,B01
201700017038,1,07,000,00,1,1,17,A01
201700017039,2,10,000,00,2,8,01,A01
201700017039,1,02,000,00,2,1,01,B01
201700017040,2,07,000,00,2,2,00,B01
201700017040,2,07,000,00,0,0,01,A01
201700017041,1,07,000,00,0,9,01,A01
201700017042,2,07,000,00,2,1,01,A01
201700017042,2,03,000,16,2,4,11,B01
201700017043,0,07,000,00,1,0,16,A01
201700017044,0,07,000,00,1,3,01,A01
201700017045,2,07,000,02,0,1,01,A01
201700017046,1,07,000,00,1,1,01,A01
201700017047,1,07,000,00,2,2,01,B01
201700017047,2,07,000,00,2,3,19,A01
201700017048,1,07,000,00,2,1,01,B01
201700017048,2,33,000,00,2,1,13,A01
201700017049,2,33,000,00,0,8,01,A01
201700017050,2,07,000,00,2,3,01,B01
201700017050,1,07,000,00,2,1,01,A01
201700017051,2,07,000,00,2,3,05,A01
201700017051,1,07,000,00,2,3,01,B01
201700017052,2,07,000,00,2,1,01,B01
201700017052,1,07,000,00,2,3,13,A01
201700017053,1,07,000,00,1,7,01,A01
201700017054,2,02,000,00,2,1,13,A01
201700017054,1,07,000,00,2,3,01,B01
201700017055,1,07,000,00,2,1,17,A01
201700017055,1,33,000,03,2,1,13,B01
201700017056,1,07,000,00,2,7,01,A01
201700017056,1,01,000,00,2,0,23,B01
201700017057,2,33,000,00,2,1,13,A01
201700017057,1,07,000,00,2,8,01,C01
201700017057,1,14,000,00,2,8,01,B01
201700017057,1,07,000,00,2,2,01,D01
201700017058,1,07,000,00,1,2,01,A01
201700017059,2,07,000,00,2,1,01,A01
201700017059,1,07,000,00,2,1,01,B01
201700017060,2,07,000,02,0,3,13,A01
201700017061,2,36,000,00,2,3,13,A01
201700017061,1,07,000,00,2,3,01,B01
201700017061,1,07,000,00,9,2,01,C01
201700017062,1,07,000,00,0,0,01,A01