Num_Acc,senc,catv,occutc,obs,obsm,choc,manv,num_veh
201700017063,0,21,000,00,1,1,15,A01
201700017064,2,33,000,08,0,7,02,A01
201700017065,1,07,000,00,2,3,01,A01
201700017065,2,07,000,00,2,3,13,B01
201700017066,1,07,000,00,2,2,15,A01
201700017066,2,02,000,00,2,1,17,B01
201700017067,1,33,000,15,0,1,02,A01
201700017068,1,07,000,00,2,1,13,A01
201700017068,2,07,000,00,2,3,01,B01
201700017068,2,07,000,00,2,3,01,C01
201700017068,2,07,000,00,9,3,01,D01
201700017069,2,07,000,00,2,2,15,B01
201700017069,1,07,000,00,2,2,01,A01
201700017070,1,07,000,00,2,8,01,A01
201700017070,1,33,000,13,2,1,17,B01
201700017071,1,01,000,00,0,0,01,A01
201700017072,1,33,000,13,0,1,01,A01
201700017073,0,07,000,02,0,1,00,A01
201700017074,1,07,000,00,2,1,15,A01
201700017074,2,07,000,00,2,1,01,B01
201700017075,2,07,000,02,0,1,17,A01
201700017076,1,07,000,13,0,3,01,A01
201700017077,0,07,000,02,0,9,01,A01
201700017078,1,07,000,13,0,3,01,A01
201700017079,1,07,000,00,2,1,13,A01
201700017079,2,33,000,00,2,1,00,B01
201700017080,1,07,000,02,0,1,01,A01
201700017081,2,02,000,00,2,1,01,B01
201700017081,1,07,000,00,2,5,11,A01
201700017082,1,07,000,00,2,1,01,B01
201700017082,2,02,000,00,2,1,05,A01
201700017083,0,07,000,07,2,7,05,A01
201700017083,0,07,000,00,2,2,01,B01
201700017084,2,33,000,06,0,2,00,A01
201700017085,0,07,000,00,1,3,01,A01
201700017086,1,07,000,00,0,0,01,D01
201700017086,1,33,000,00,2,1,01,C01
201700017086,1,07,000,00,2,1,13,A01
201700017086,1,33,000,00,2,1,01,B01
201700017087,2,07,000,00,1,7,01,A01
201700017088,2,07,000,00,2,5,15,A01
201700017088,1,01,000,00,2,1,01,B01
201700017089,2,07,000,00,2,3,01,A01
201700017089,2,01,000,00,2,4,12,B01
201700017090,1,07,000,01,0,1,13,A01
201700017091,2,33,000,00,0,0,01,A01
201700017092,2,31,000,00,6,1,01,A01
201700017093,1,07,000,02,2,1,13,A01
201700017093,2,33,000,00,2,1,01,B01
201700017094,2,07,000,00,2,3,15,A01
201700017094,1,07,000,00,2,1,01,B01
201700017095,2,07,000,00,1,2,01,A01
201700017096,2,07,000,00,2,1,01,B01
201700017096,1,07,000,00,2,3,09,A01
201700017097,2,31,000,03,0,2,14,A01
201700017098,1,07,000,06,0,1,14,A01
201700017099,2,07,000,02,0,1,13,A01
201700017100,1,07,000,00,2,1,17,A01
201700017100,2,07,000,00,2,1,01,B01
201700017101,1,02,000,00,2,3,15,A01
201700017101,1,07,000,00,2,2,01,B01
201700017102,2,07,000,00,0,2,14,A01
201700017103,0,07,000,13,0,3,13,A01
201700017104,1,10,000,00,2,7,15,A01
201700017104,2,02,000,00,2,1,01,B01
201700017105,2,07,000,12,0,1,01,A01
201700017106,2,01,000,00,2,4,11,B01
201700017106,2,07,000,00,2,2,01,A01
201700017107,0,07,000,02,0,3,13,A01
201700017108,1,07,000,02,0,8,13,A01
201700017109,2,02,000,00,2,1,01,B01
201700017109,1,07,000,00,2,5,19,A01
201700017110,1,33,000,00,2,1,13,A01
201700017110,2,07,000,00,2,1,01,B01
201700017111,1,07,000,06,0,1,13,A01
201700017112,1,33,000,00,6,1,01,A01
201700017113,2,07,000,00,0,0,13,A01
201700017113,2,01,000,06,0,1,21,B01
201700017114,2,07,000,00,2,3,13,A01
201700017114,1,10,000,00,2,3,13,B01
201700017115,1,07,000,00,1,1,15,A01
201700017116,1,07,000,00,2,2,17,A01
201700017116,2,07,000,00,2,3,01,B01
201700017117,2,07,000,16,0,9,13,A01
201700017118,2,07,000,13,2,3,15,A01
201700017118,1,07,000,06,2,3,01,B01
201700017119,0,02,000,00,2,1,01,A01
201700017119,0,21,000,00,2,3,01,B01
201700017120,1,07,000,00,1,2,01,A01
201700017121,1,07,000,00,2,8,16,A01
201700017121,2,07,000,00,2,1,01,B01
201700017122,1,07,000,00,2,1,01,A01
201700017122,1,07,000,00,2,3,15,B01
201700017123,2,07,000,00,2,1,17,A01
201700017123,1,07,000,00,2,1,01,B01
201700017124,1,07,000,00,2,1,02,A01
201700017124,1,07,000,00,2,4,15,B01
201700017125,1,02,000,12,0,0,00,A01
201700017126,1,33,000,00,0,8,01,A01
201700017127,1,07,000,00,2,2,17,A01
201700017127,1,01,000,00,2,6,01,B01
201700017128,1,07,000,02,0,1,14,A01
201700017129,2,07,000,03,0,3,13,A01
201700017130,1,07,000,00,2,8,15,A01
201700017130,1,14,000,00,2,2,01,B01
201700017131,2,07,000,13,0,1,13,A01
201700017132,2,07,000,00,2,8,15,B01
201700017132,2,33,000,00,2,7,17,A01
201700017132,2,33,000,00,2,0,17,C01
201700017133,0,07,000,00,2,3,01,B01
201700017133,0,99,000,00,2,1,13,A01
201700017134,2,02,000,00,2,7,01,B01
201700017134,2,07,000,00,2,3,09,A01
201700017135,2,07,000,00,1,2,01,A01
201700017136,2,30,000,02,0,7,01,A01
201700017137,1,07,000,00,2,1,13,A01
201700017137,2,07,000,00,2,3,01,B01
201700017138,2,17,000,00,2,1,01,B01
201700017138,1,07,000,00,2,1,13,A01
201700017139,2,07,000,00,2,7,14,A01
201700017139,1,15,000,00,2,1,01,B01
201700017140,1,07,000,00,2,1,13,A01
201700017140,2,07,000,00,2,1,01,B01
201700017141,2,07,000,03,2,1,13,A01
201700017141,1,07,000,00,2,1,01,B01
201700017142,1,07,000,00,2,7,13,A01
201700017142,2,07,000,00,2,1,01,B01
201700017143,2,07,000,00,2,3,01,B01
201700017143,2,01,000,00,2,1,16,A01
201700017144,1,33,000,00,2,1,01,B01
201700017144,2,07,000,00,2,5,15,A01
201700017145,1,07,000,00,2,1,15,A01
201700017145,1,02,000,00,2,1,01,B01
201700017146,1,07,000,00,2,2,01,B01
201700017146,2,07,000,00,2,3,09,A01
201700017147,1,33,000,00,2,4,02,B01
201700017147,1,33,000,00,0,0,21,F01
201700017147,1,33,000,00,0,0,02,C01
201700017147,1,33,000,00,2,6,01,A01
201700017147,1,33,000,00,2,4,02,D01
201700017147,1,33,000,00,2,1,02,E01
201700017148,1,01,000,00,2,1,13,A01
201700017148,2,07,000,00,2,1,01,B01
201700017149,2,07,000,00,2,5,15,A01
201700017149,1,02,000,00,2,2,01,B01
201700017150,2,33,000,00,2,1,13,A01
201700017150,1,07,000,00,2,3,01,B01
201700017151,2,07,000,02,0,8,13,A01
201700017152,2,10,000,00,2,1,15,A01
201700017152,1,07,000,00,2,2,01,B01
201700017153,2,02,000,00,2,7,17,A01
201700017153,2,07,000,00,2,8,15,B01
201700017154,2,10,000,00,2,3,15,A01
201700017154,1,07,000,00,2,1,01,B01
201700017155,2,07,000,02,0,1,14,A01
201700017156,2,07,000,08,0,7,14,A01
201700017157,1,07,000,02,0,1,00,A01
201700017158,1,07,000,08,0,3,14,A01
201700017159,1,33,000,08,0,0,01,A01
201700017160,2,10,000,16,0,9,13,A01
201700017161,1,07,000,07,0,2,13,A01
201700017162,1,07,000,00,2,1,01,B01
201700017162,2,07,000,00,2,1,13,A01
201700017163,1,07,000,00,2,1,13,A01
201700017163,2,07,000,00,2,1,01,B01
201700017164,1,07,000,00,2,2,15,A01
201700017164,2,07,000,00,2,3,01,B01
201700017164,0,07,000,00,2,1,23,C01
201700017165,2,07,000,00,1,3,21,A01
201700017166,1,33,000,13,0,9,21,B01
201700017166,1,33,000,13,0,9,14,A01
201700017167,2,07,000,02,0,0,17,A01
201700017168,2,33,000,14,0,0,17,A01
201700017169,2,07,000,00,2,1,01,A01
201700017169,2,07,000,00,2,2,16,B01
201700017170,1,07,000,00,2,3,15,B01
201700017170,1,02,000,00,2,1,01,A01
201700017171,1,33,000,00,2,1,01,B01
201700017171,2,07,000,00,2,1,15,A01
201700017171,1,07,000,00,2,8,23,C01
201700017172,2,02,000,00,2,1,13,A01
201700017172,1,07,000,00,2,1,01,B01
201700017173,2,07,000,13,0,2,14,A01
201700017174,1,17,000,00,2,3,15,A01
201700017174,1,02,000,00,2,1,01,B01
201700017175,2,07,000,00,0,2,01,A01
201700017176,2,01,000,00,2,3,01,B01
201700017176,2,07,000,00,2,2,17,A01
201700017177,1,07,000,02,0,9,14,A01
201700017178,2,07,000,12,0,1,15,A01
201700017179,1,33,000,15,0,1,14,A01
201700017180,2,07,000,00,2,3,01,B01
201700017180,2,07,000,00,2,8,10,A01
201700017181,1,07,000,13,0,9,13,A01
201700017182,2,07,000,13,0,2,14,A01
201700017183,1,07,000,08,0,2,00,A01
201700017184,2,33,000,00,2,1,01,B01
201700017184,1,07,000,00,2,3,15,A01
201700017185,2,33,000,00,2,8,15,B01
201700017185,2,07,000,00,2,7,17,A01
201700017186,2,33,000,00,2,1,01,A01
201700017186,2,07,000,00,2,6,01,B01
201700017187,1,07,000,06,2,1,14,A01
201700017187,1,07,000,06,2,1,01,B01
201700017188,2,07,000,00,2,1,01,B01
201700017188,1,07,000,00,2,7,13,A01
201700017189,1,07,000,00,2,1,17,A01
201700017189,2,07,000,00,2,1,01,B01
201700017190,2,07,000,00,2,1,17,A01
201700017190,2,33,000,00,2,8,15,B01
201700017191,2,07,000,00,2,1,01,B01
201700017191,1,07,000,00,2,5,14,A01
201700017192,1,07,000,00,2,3,01,B01
201700017192,2,15,000,00,2,8,13,A01
201700017193,0,07,000,00,0,9,01,A01
201700017194,2,10,000,00,2,7,17,A01
201700017194,2,01,000,00,2,8,01,B01
201700017195,2,07,000,13,0,3,13,A01
201700017196,2,07,000,02,0,1,14,A01
201700017197,2,13,000,00,2,3,01,B01
201700017197,1,07,000,00,2,3,13,A01
201700017198,1,33,000,00,2,1,02,A01
201700017198,1,07,000,00,0,6,02,B01
201700017199,2,02,000,00,2,1,05,A01
201700017199,1,07,000,00,2,2,21,B01
201700017200,2,33,000,00,1,1,17,A01
201700017201,1,07,000,00,2,7,12,A01
201700017201,1,33,000,00,2,8,01,B01
201700017202,1,07,000,00,2,3,19,A01
201700017202,2,33,000,00,2,1,01,B01
201700017203,2,07,000,00,2,1,13,A01
201700017203,1,07,000,13,2,6,21,B01
201700017203,2,07,000,13,2,1,01,C01
201700017204,0,07,000,12,1,1,20,A01
201700017205,0,07,000,00,1,3,15,A01
201700017206,2,07,000,00,2,4,01,A01
201700017206,2,10,000,00,2,1,01,B01
201700017206,2,15,000,00,0,6,15,C01
201700017207,0,01,000,00,0,0,01,A01
201700017208,1,07,000,00,2,1,01,A01
201700017208,2,07,000,00,2,7,01,B01
201700017209,0,36,000,13,0,3,13,A01
201700017210,2,07,000,15,0,1,01,A01
201700017211,2,07,000,00,2,3,09,A01
201700017211,1,02,000,00,2,7,01,B01
201700017212,1,07,000,00,2,8,15,A01
201700017212,1,10,000,00,2,1,01,B01
201700017213,1,14,000,00,0,8,01,B01
201700017213,0,07,000,16,2,3,15,A01
201700017214,2,07,000,00,2,1,00,A01
201700017214,1,17,000,00,2,6,01,B01
201700017215,1,07,000,02,0,1,01,A01
201700017216,1,02,000,00,2,8,01,B01
201700017216,1,07,000,00,2,2,01,A01
201700017217,2,07,000,00,0,7,01,A01
201700017217,2,07,000,00,0,8,01,B01
201700017218,1,07,000,00,2,1,13,A01
201700017218,2,15,000,00,0,3,01,B01
201700017219,1,33,000,00,0,0,00,A01
201700017220,2,33,000,00,0,7,01,A01
201700017221,2,07,000,02,0,1,14,A01
201700017222,0,07,000,06,0,1,00,A01
201700017223,2,07,000,00,2,3,01,A01
201700017223,2,07,000,00,2,3,01,B01
201700017224,0,21,000,00,0,1,01,A01
201700017225,1,07,000,02,0,3,13,A01
201700017226,2,07,000,00,2,8,01,A01
201700017226,1,07,000,00,2,8,01,B01
201700017227,0,01,000,13,0,0,01,A01
201700017228,1,33,000,00,0,8,15,A01
201700017229,1,07,000,07,0,6,01,A01
201700017230,0,03,000,00,2,4,15,A01
201700017230,0,07,000,00,2,1,01,B01
201700017230,0,07,000,00,2,8,01,C01
201700017231,1,33,000,13,0,2,00,A01
201700017232,1,07,000,00,2,3,13,A01
201700017232,2,07,000,00,2,3,13,B01
201700017233,2,07,000,00,0,0,01,A01
201700017234,0,07,000,08,0,1,01,A01
201700017235,0,07,000,00,2,1,01,A01
201700017235,0,10,000,00,2,1,01,B01
201700017236,1,07,000,00,2,7,01,A01
201700017236,1,36,000,00,2,1,09,B01
201700017237,2,02,000,00,2,8,15,B01
201700017237,0,07,000,00,2,3,01,A01
201700017238,1,07,000,00,2,2,02,A01
201700017238,1,02,000,00,0,4,01,B01
201700017239,2,07,000,00,2,1,00,B01
201700017239,0,07,000,00,2,3,09,A01
201700017240,0,07,000,00,2,2,15,A01
201700017240,0,07,000,00,2,1,01,B01
201700017241,1,07,000,00,2,7,15,A01
201700017241,1,07,000,13,2,3,01,B01
201700017242,1,07,000,00,1,2,00,A01
201700017243,1,07,000,11,0,1,01,A01
201700017244,1,07,000,08,0,2,01,A01
201700017245,0,07,000,00,2,1,13,A01
201700017245,0,07,000,00,2,1,01,B01
201700017246,2,33,000,00,2,1,01,A01
201700017246,2,07,000,00,2,5,01,B01
201700017247,0,07,000,02,0,1,01,A01
201700017248,2,07,000,06,0,0,00,A01
201700017249,0,01,000,00,0,0,01,A01
201700017250,0,07,000,00,1,2,00,A01
201700017251,1,10,000,13,2,8,01,A01
201700017251,2,07,000,00,2,1,01,B01
201700017252,2,07,000,00,2,3,15,A01
201700017252,1,07,000,00,2,2,01,B01
201700017253,1,07,000,03,0,9,01,A01
201700017254,2,07,000,02,0,1,01,A01
201700017255,0,10,000,00,9,8,01,B01
201700017255,0,01,000,00,2,1,16,A01
201700017256,2,07,000,00,1,2,02,A01
201700017257,1,07,000,00,1,2,01,A01
201700017258,1,33,000,03,0,7,01,A01
201700017259,1,02,000,00,2,1,13,A01
201700017259,2,10,000,00,2,3,01,B01
201700017260,2,07,000,16,0,0,17,A01
201700017260,2,07,000,00,0,0,17,B01
201700017261,1,07,000,00,2,2,13,A01
201700017261,2,07,000,00,2,1,01,B01
201700017262,2,07,000,00,2,3,01,A01
201700017262,1,07,000,00,2,3,01,B01
201700017263,1,07,000,00,1,8,01,B01
201700017264,2,07,000,01,0,2,14,A01
201700017264,2,15,000,00,0,6,24,B01
201700017264,2,15,000,00,0,8,24,C01
201700017265,0,07,000,00,1,1,01,A01
201700017266,1,07,000,00,0,2,01,A01
201700017266,2,07,000,00,0,3,01,B01
201700017267,2,07,000,08,0,2,01,A01
201700017268,0,31,000,00,0,7,01,A01
201700017269,0,07,000,00,2,2,01,A01
201700017269,0,02,000,00,2,1,01,B01
201700017270,0,01,000,13,0,0,01,A01
201700017271,1,07,000,00,9,7,19,A01
201700017271,2,31,000,00,2,3,01,B01
201700017272,0,07,000,13,0,3,01,A01
201700017273,0,07,000,00,2,2,15,A01
201700017273,0,10,000,00,2,1,01,B01
201700017274,0,02,000,15,0,1,01,A01
201700017275,1,07,000,00,2,2,01,A01
201700017275,1,01,000,00,0,4,01,B01
201700017276,1,30,000,00,0,0,01,A01
201700017277,1,07,000,08,0,8,01,A01
201700017278,0,02,000,00,5,1,01,A01
201700017279,1,07,000,00,1,1,01,A01
201700017280,2,07,000,00,1,3,01,A01
201700017281,0,02,000,00,2,1,13,A01
201700017281,0,07,000,00,2,3,05,B01
201700017282,1,07,000,00,2,1,13,A01
201700017282,2,07,000,00,2,1,01,B01
201700017283,0,02,000,08,0,1,13,A01
201700017284,1,02,000,00,0,8,00,A01
201700017285,0,03,000,00,2,3,13,A01
201700017285,0,07,000,00,2,3,01,B01
201700017286,1,07,000,00,2,1,01,B01
201700017286,2,07,000,00,2,8,01,A01
201700017287,0,01,000,00,0,0,01,A01
201700017288,1,07,000,00,2,3,02,A01
201700017288,1,07,000,08,0,4,16,B01
201700017289,0,33,000,09,0,1,00,A01
201700017290,1,07,000,00,2,4,15,A01
201700017290,1,07,000,00,2,4,01,B01
201700017290,1,07,000,00,2,1,01,C01
201700017291,0,07,000,15,0,3,01,A01
201700017292,2,07,000,00,1,2,01,A01
201700017293,0,07,000,00,2,3,15,A01
201700017293,1,01,000,00,2,8,19,B01
201700017294,1,10,000,00,2,2,01,B01
201700017294,2,07,000,00,2,8,19,A01
201700017295,1,07,000,00,2,1,15,A01
201700017295,2,02,000,00,2,1,01,B01
201700017296,1,02,000,00,0,7,01,A01
201700017297,2,07,000,16,0,1,21,A01
201700017298,1,07,000,06,0,1,16,A01
201700017299,0,07,000,00,2,1,02,A01
201700017299,2,07,000,00,2,4,02,C01
201700017299,2,07,000,00,2,4,02,B01
201700017300,1,07,000,15,0,1,14,A01
201700017301,1,01,000,00,2,1,01,A01
201700017301,2,07,000,00,2,8,15,B01
201700017302,2,07,000,00,2,5,01,A01
201700017302,2,33,000,00,2,1,01,B01
201700017303,2,02,000,00,2,1,01,A01
201700017303,2,07,000,00,0,6,20,B01
201700017304,1,07,000,00,2,1,01,A01
201700017304,1,07,000,00,2,4,01,B01
201700017304,1,33,000,00,2,4,01,C01
201700017304,1,07,000,00,0,4,01,D01
201700017305,1,07,000,01,0,1,01,A01
201700017306,1,07,000,00,2,5,11,A01
201700017306,2,33,000,00,2,2,01,B01
201700017307,2,07,000,00,2,1,01,B01
201700017307,1,07,000,00,2,3,15,A01
201700017308,1,30,000,00,2,1,01,A01
201700017308,2,07,000,00,2,2,15,B01
201700017309,2,01,000,00,2,1,01,A01
201700017309,2,01,000,00,2,1,01,B01
201700017309,1,07,000,00,2,8,01,C01
201700017310,2,07,000,00,0,2,01,A01
201700017311,1,33,000,00,2,1,02,A01
201700017311,1,07,000,00,2,4,02,B01
201700017312,1,33,000,00,2,1,02,A01
201700017312,1,33,000,00,0,4,01,B01
201700017313,2,07,000,15,0,1,01,A01
201700017314,1,07,000,00,0,4,01,A01
201700017314,1,07,000,00,2,1,01,B01
201700017314,1,10,000,00,2,1,01,C01
201700017315,2,33,000,00,2,1,01,B01
201700017315,0,01,000,00,2,8,15,A01
201700017316,1,02,000,00,0,9,01,A01
201700017317,2,30,000,00,0,9,01,A01
201700017318,0,31,000,00,2,1,16,A01
201700017318,0,10,000,00,2,3,01,B01
201700017319,1,01,000,00,0,4,01,B01
201700017319,1,07,000,00,2,3,09,A01
201700017320,2,01,000,00,2,1,15,A01
201700017320,1,07,000,00,0,1,01,B01
201700017321,1,07,000,04,2,8,17,A01
201700017321,1,07,000,00,0,4,01,B01
201700017322,1,07,000,00,0,6,01,A01
201700017322,1,33,000,00,2,1,01,B01
201700017323,2,07,000,00,2,1,01,B01
201700017323,2,13,000,00,0,1,23,C01
201700017323,2,07,000,00,2,2,15,A01
201700017324,2,01,000,16,0,9,21,A01
201700017325,0,07,000,05,0,1,01,A01
201700017326,2,10,000,00,1,2,01,A01
201700017327,1,07,000,00,2,2,19,A01
201700017327,1,30,000,00,2,3,01,B01
201700017328,2,07,000,00,0,2,01,B01
201700017328,2,01,000,00,2,1,19,A01
201700017329,1,07,000,00,0,4,01,B01
201700017329,1,07,000,00,2,1,02,A01
201700017330,1,07,000,12,0,1,01,A01
201700017331,0,07,000,02,0,3,01,A01
201700017332,2,07,000,13,0,1,01,A01
201700017333,2,07,000,13,0,1,01,A01
201700017334,1,07,000,06,0,1,01,A01
201700017335,2,10,000,02,0,1,01,A01
201700017336,1,07,000,13,0,7,01,A01
201700017337,1,07,000,00,0,4,16,A01
201700017337,1,07,000,00,2,1,01,B01
201700017338,2,07,000,00,2,1,17,A01
201700017338,2,07,000,00,0,6,15,B01
201700017339,2,07,000,07,0,2,14,A01
201700017340,2,07,000,13,0,9,14,A01
201700017341,2,10,000,00,2,8,15,A01
201700017341,1,07,000,00,2,1,01,B01
201700017342,2,07,000,00,2,1,15,A01
201700017342,1,07,000,00,2,2,01,B01
201700017343,0,07,000,00,1,3,01,A01
201700017344,1,31,000,00,6,1,01,A01
201700017345,1,30,000,00,0,0,21,A01
201700017346,2,02,000,00,2,1,13,A01
201700017346,1,15,000,00,2,3,01,B01
201700017347,1,07,000,00,2,1,01,A01
201700017347,2,07,000,00,2,7,15,B01
201700017348,1,33,000,00,0,1,16,A01
201700017349,1,07,000,02,0,1,01,A01
201700017350,2,07,000,00,0,5,17,A01
201700017350,2,33,000,00,2,1,02,B01
201700017351,1,02,000,00,0,3,19,A01
201700017351,1,07,000,00,2,1,01,B01
201700017352,1,07,000,02,0,8,14,A01
201700017353,2,10,000,00,0,5,02,A01
201700017353,2,33,000,00,2,1,01,B01
201700017354,1,07,000,00,2,3,13,A01
201700017354,2,07,000,00,0,3,01,B01
201700017355,1,07,000,00,1,2,01,A01
201700017356,2,07,000,00,2,1,13,A01
201700017356,1,10,000,00,0,1,01,B01
201700017357,1,07,000,00,2,2,02,A01
201700017357,1,01,000,00,0,4,01,B01
201700017358,1,33,000,06,0,8,01,A01
201700017359,1,07,000,00,2,1,15,A01
201700017359,2,02,000,00,0,3,01,B01
201700017360,2,07,000,00,0,9,17,A01
201700017361,2,07,000,02,0,1,13,A01
201700017362,2,07,000,00,1,1,01,A01
201700017363,1,07,000,00,2,1,13,B01
201700017363,2,07,000,00,0,8,01,A01
201700017364,2,03,000,09,0,1,01,A01
201700017365,2,07,000,00,2,1,15,A01
201700017365,1,07,000,00,2,3,01,B01
201700017366,2,07,000,02,0,5,17,A01
201700017367,1,07,000,13,0,1,01,A01
201700017368,1,07,000,00,2,3,20,A01
201700017368,1,07,000,00,2,2,01,B01
201700017369,1,07,000,02,2,2,01,B01
201700017369,1,07,000,00,2,2,15,A01
201700017370,2,07,000,00,2,1,02,A01
201700017370,2,07,000,00,0,4,02,C01
201700017370,2,07,000,00,2,4,02,B01
201700017371,1,07,000,00,2,1,01,A01
201700017371,1,07,000,00,0,4,23,B01
201700017372,1,07,000,06,0,1,01,A01
201700017373,1,07,000,00,0,9,01,A01
201700017374,1,07,000,00,0,5,23,A01
201700017374,1,02,000,00,2,1,02,B01
201700017375,2,01,000,00,2,4,02,B01
201700017375,2,07,000,00,9,2,02,A01
201700017376,2,07,000,16,0,0,21,A01
201700017377,2,30,000,00,2,1,01,A01
201700017377,1,07,000,00,0,1,01,B01
201700017378,1,07,000,06,0,1,01,A01
201700017379,2,07,000,00,0,3,01,B01
201700017379,2,07,000,00,2,1,19,A01
201700017380,2,02,000,13,0,1,01,A01
201700017381,2,07,000,02,0,1,01,A01
201700017382,2,02,000,00,2,8,16,A01
201700017382,1,17,000,00,0,8,01,B01
201700017383,1,01,000,00,2,1,19,A01
201700017383,1,07,000,00,2,3,01,B01
201700017384,2,33,000,00,2,2,13,A01
201700017384,2,33,000,00,0,5,17,B01
201700017385,2,07,000,06,0,1,13,A01
201700017386,1,07,000,00,2,3,01,B01
201700017386,2,07,000,00,2,3,13,A01
201700017387,2,07,000,00,2,1,13,A01
201700017387,1,10,000,00,2,1,01,B01
201700017388,2,07,000,06,0,3,01,A01
201700017389,2,07,000,02,0,1,17,A01
201700017390,1,33,000,00,2,2,17,A01
201700017390,1,33,000,00,2,3,13,B01
201700017391,2,07,000,13,0,9,00,A01
201700017392,2,33,000,00,0,0,01,A01
201700017393,2,33,000,00,0,1,01,A01
201700017394,1,33,000,00,2,1,01,A01
201700017394,2,07,000,00,2,3,01,B01
201700017395,2,33,000,13,0,2,14,A01
201700017396,2,07,000,00,1,1,01,A01
201700017397,0,07,000,00,1,3,01,A01
201700017398,1,07,000,02,0,3,19,A01
201700017399,1,33,000,13,0,1,01,A01
201700017400,2,07,000,15,0,1,01,A01
201700017401,1,33,000,13,0,1,17,A01
201700017402,2,07,000,00,1,3,01,A01
201700017403,2,07,000,06,0,1,01,A01
201700017404,2,07,000,00,2,7,01,A01
201700017404,1,07,000,00,0,1,01,B01
201700017405,2,07,000,02,0,2,01,A01
201700017406,1,07,000,00,1,3,01,A01
201700017407,1,07,000,02,0,3,01,A01
201700017408,2,07,000,02,0,1,13,A01
201700017409,2,07,000,00,2,1,01,A01
201700017409,2,07,000,00,0,5,15,B01
201700017410,2,07,000,00,1,1,16,A01
201700017411,1,07,000,13,0,3,01,A01
201700017412,0,07,000,00,9,6,04,A01
201700017412,0,01,000,00,2,1,01,B01
201700017413,1,07,000,00,1,2,01,A01
201700017414,0,10,000,00,1,4,04,A01
201700017415,0,07,000,00,2,3,13,A01
201700017415,0,31,000,00,2,2,01,B01
201700017416,2,07,000,00,2,2,21,A01
201700017416,1,01,000,00,2,7,16,B01
201700017417,1,01,000,00,2,2,19,A01
201700017417,2,07,000,00,2,5,01,B01
201700017418,2,07,000,00,2,2,01,B01
201700017418,0,01,000,00,2,1,19,A01
201700017419,1,07,000,00,2,1,15,B01
201700017419,2,01,000,00,2,1,15,A01
201700017420,2,02,000,16,0,7,01,A01
201700017421,1,07,000,13,0,1,01,A01
201700017422,0,07,000,00,2,3,01,A01
201700017422,0,07,000,00,2,3,23,B01
201700017422,0,07,000,00,2,6,01,C01
201700017423,1,07,000,00,2,1,01,A01
201700017423,2,21,000,00,0,1,20,B01
201700017424,1,07,000,00,2,5,09,A01
201700017424,1,07,000,00,2,3,01,B01
201700017425,1,07,000,00,1,3,15,A01
201700017426,2,33,000,00,6,1,01,A01
201700017427,1,07,000,00,2,1,15,A01
201700017427,2,33,000,00,2,3,15,B01
201700017428,1,07,000,02,0,1,01,A01
201700017429,1,30,000,00,2,7,17,A01
201700017429,1,01,000,00,2,8,01,B01
201700017430,1,33,000,00,0,9,15,A01
201700017431,1,07,000,00,2,2,01,A01
201700017431,2,01,000,00,2,1,05,B01
201700017432,1,07,000,15,0,3,19,A01
201700017433,1,33,000,00,0,9,01,A01
201700017434,2,07,000,15,0,1,01,A01
201700017435,2,33,000,12,0,2,01,A01
201700017436,2,07,000,06,0,1,01,A01
201700017437,1,33,000,16,0,9,01,A01
201700017438,1,02,000,00,2,1,05,A01
201700017438,2,07,000,00,0,2,01,B01
201700017439,1,01,000,00,0,7,01,B01
201700017439,1,07,000,00,2,1,16,A01
201700017440,1,07,000,00,2,1,15,A01
201700017440,2,01,000,00,2,1,01,B01
201700017441,2,02,000,00,2,1,01,A01
201700017441,2,07,000,00,0,8,15,B01
201700017442,2,07,000,00,2,1,01,B01
201700017442,2,07,000,00,2,2,09,A01
201700017443,2,07,000,03,0,1,01,A01
201700017444,1,07,000,00,2,1,01,A01
201700017444,2,07,000,01,0,3,15,B01
201700017445,2,07,000,00,2,3,15,A01
201700017445,1,07,000,00,2,3,01,B01
201700017446,2,07,000,00,0,1,01,A01
201700017447,2,07,000,00,2,1,15,A01
201700017447,1,33,000,00,2,8,01,B01
201700017448,1,07,000,02,0,1,13,A01
201700017449,2,07,000,00,2,3,01,B01
201700017449,1,03,000,00,2,1,11,A01
201700017450,1,01,000,00,2,7,01,B01
201700017450,2,07,000,00,2,2,09,A01
201700017451,1,07,000,00,2,1,15,A01
201700017451,2,30,000,00,2,1,01,B01
201700017452,2,07,000,02,0,8,01,A01
201700017453,1,07,000,12,0,2,15,A01
201700017453,2,07,000,12,0,1,01,B01
201700017453,1,07,000,00,2,3,23,C01
201700017454,1,07,000,02,0,1,13,A01
201700017455,2,07,000,00,2,2,13,A01
201700017455,1,07,000,02,0,3,01,B01
201700017456,1,14,000,00,2,1,01,B01
201700017456,2,07,000,00,0,3,09,A01
201700017457,0,01,000,00,2,7,19,A01
201700017457,0,07,000,00,2,3,01,B01
201700017458,2,07,000,02,0,2,01,A01
201700017459,1,07,000,00,2,3,01,A01
201700017459,2,07,000,00,2,1,01,B01
201700017460,1,07,000,02,0,3,01,A01
201700017461,2,02,000,00,2,1,17,A01
201700017461,1,07,000,00,0,3,01,B01