Num_Acc,senc,catv,occutc,obs,obsm,choc,manv,num_veh
201700019119,2,07,000,16,2,1,01,A01
201700019120,1,07,000,00,0,1,01,A01
201700019120,2,07,000,00,0,8,15,B01
201700019121,1,07,000,13,0,1,00,A01
201700019122,1,07,000,00,2,2,01,A01
201700019122,2,07,000,00,2,5,16,B01
201700019123,1,01,000,00,2,1,01,B01
201700019123,2,07,000,00,9,3,16,A01
201700019124,2,07,000,00,1,1,01,A01
201700019125,2,07,000,00,2,3,01,B01
201700019125,1,07,000,00,2,3,17,A01
201700019126,1,07,000,00,2,3,13,A01
201700019126,2,07,000,00,2,3,01,B01
201700019127,0,07,000,00,1,7,14,A01
201700019128,1,07,000,00,2,2,15,A01
201700019128,2,33,000,00,2,1,01,B01
201700019129,0,33,000,13,0,1,01,A01
201700019130,1,02,000,00,2,8,01,B01
201700019130,2,10,000,00,2,3,05,A01
201700019131,1,33,000,16,0,0,21,A01
201700019131,0,07,000,00,0,0,15,B01
201700019132,1,07,000,00,2,8,15,A01
201700019132,1,32,000,00,2,1,17,B01
201700019133,1,07,000,00,0,4,23,B01
201700019133,1,10,000,00,2,1,01,A01
201700019134,2,07,000,00,2,2,01,B01
201700019134,1,07,000,00,2,3,14,A01
201700019135,2,33,000,00,2,1,01,B01
201700019135,1,07,000,00,2,7,19,A01
201700019136,2,07,000,00,2,1,01,A01
201700019136,2,07,000,00,0,4,01,B01
201700019137,2,31,000,00,2,2,17,B01
201700019137,2,07,000,00,2,6,15,A01
201700019138,1,07,000,00,2,2,15,A01
201700019138,2,32,000,00,2,1,01,B01
201700019139,2,07,000,00,0,8,09,A01
201700019139,2,07,000,00,2,1,11,B01
201700019140,2,31,000,00,2,1,01,B01
201700019140,1,07,000,00,2,2,15,A01
201700019141,1,07,000,00,2,2,19,A01
201700019141,1,31,000,00,2,5,01,B01
201700019142,2,07,000,00,9,2,16,A01
201700019142,2,02,000,00,2,1,19,B01
201700019143,2,07,000,01,0,9,01,A01
201700019144,2,99,000,06,0,1,01,A01
201700019145,2,02,000,00,2,8,19,B01
201700019145,2,07,000,00,2,1,01,A01
201700019146,2,07,000,02,0,1,01,A01
201700019147,2,07,000,00,2,3,01,B01
201700019147,1,07,000,00,2,3,13,A01
201700019148,1,33,000,00,2,3,01,B01
201700019148,2,30,000,00,2,1,13,A01
201700019149,1,07,000,06,0,1,01,A01
201700019150,2,02,000,00,2,1,00,A01
201700019150,1,07,000,00,2,7,19,B01
201700019151,2,33,000,00,5,1,01,A01
201700019152,1,01,000,00,2,1,01,A01
201700019152,2,07,000,00,2,5,00,B01
201700019153,1,07,000,00,1,3,15,A01
201700019154,2,07,000,00,2,1,01,B01
201700019154,1,07,000,00,2,1,13,A01
201700019155,2,07,000,00,2,1,09,A01
201700019155,1,01,000,00,2,7,19,B01
201700019156,1,07,000,07,2,7,01,A01
201700019156,1,07,000,00,2,1,01,B01
201700019157,2,07,000,08,0,1,01,A01
201700019158,0,33,000,00,0,8,10,A01
201700019159,2,33,000,00,2,1,17,A01
201700019159,2,07,000,00,2,6,15,B01
201700019160,2,07,000,00,1,3,01,A01
201700019161,1,07,000,15,0,1,13,A01
201700019162,2,07,000,00,0,3,00,A01
201700019162,1,15,000,00,2,3,13,B01
201700019163,0,07,000,00,1,2,16,A01
201700019164,0,02,000,00,2,3,01,A01
201700019164,0,07,000,00,2,3,15,B01
201700019165,1,07,000,08,0,1,01,A01
201700019166,1,07,000,08,2,8,01,B01
201700019166,1,07,000,00,2,1,01,A01
201700019167,2,07,000,00,2,4,15,B01
201700019167,2,10,000,00,2,1,01,A01
201700019168,2,07,000,00,2,1,17,B01
201700019168,2,07,000,00,2,3,15,A01
201700019169,1,07,000,00,2,5,19,A01
201700019169,1,30,000,00,2,1,01,B01
201700019170,2,07,000,00,0,3,01,A01
201700019170,1,33,000,00,2,1,21,B01
201700019171,2,07,000,00,2,8,19,A01
201700019171,1,07,000,00,2,1,01,B01
201700019172,1,07,000,02,0,4,00,A01
201700019173,1,01,000,00,0,4,01,B01
201700019173,1,10,000,00,2,2,17,A01
201700019174,1,07,000,06,0,3,14,A01
201700019175,1,07,000,13,0,1,02,A01
201700019176,2,07,000,02,0,1,13,A01
201700019177,2,33,000,00,2,1,01,B01
201700019177,1,07,000,00,2,2,15,A01
201700019178,1,07,000,01,0,2,01,A01
201700019179,1,07,000,08,0,2,01,A01
201700019180,2,07,000,13,0,1,16,A01
201700019181,2,07,000,00,2,2,01,B01
201700019181,2,07,000,00,2,1,16,A01
201700019182,2,07,000,15,0,1,01,A01
201700019183,2,07,000,13,0,3,19,A01
201700019184,2,07,000,02,0,8,01,A01
201700019185,2,33,000,12,0,3,15,A01
201700019186,1,07,000,00,2,3,01,B01
201700019186,2,07,000,00,2,3,15,A01
201700019187,2,07,000,00,1,3,01,A01
201700019188,1,13,000,00,2,2,01,B01
201700019188,1,07,000,00,2,3,15,A01
201700019189,1,33,000,00,2,1,01,B01
201700019189,2,07,000,00,2,2,15,A01
201700019190,2,07,000,00,2,4,23,B01
201700019190,2,07,000,00,2,2,01,A01
201700019191,1,10,000,00,2,1,02,A01
201700019191,1,10,000,00,2,4,02,B01
201700019192,1,07,000,00,2,6,19,A01
201700019192,1,01,000,00,2,1,01,B01
201700019193,1,07,000,00,0,8,01,B01
201700019193,0,07,000,00,2,1,09,A01
201700019194,1,07,000,00,2,1,13,A01
201700019194,,07,000,00,2,3,01,B01
201700019195,0,30,000,00,1,3,16,A01
201700019196,0,07,000,00,2,3,01,B01
201700019196,0,07,000,00,2,3,01,A01
201700019197,1,07,000,00,2,3,01,B01
201700019197,2,07,000,00,2,3,13,A01
201700019198,1,01,000,00,2,1,01,A01
201700019198,1,10,000,00,2,7,19,B01
201700019199,1,07,000,00,2,1,02,B01
201700019199,1,07,000,00,0,4,15,A01
201700019200,1,07,000,00,2,3,01,A01
201700019200,2,07,000,00,2,3,15,B01
201700019201,2,07,000,08,0,7,13,A01
201700019202,1,07,000,02,0,1,13,A01
201700019203,1,07,000,13,0,1,01,A01
201700019204,2,07,000,13,0,2,14,A01
201700019205,1,07,000,00,0,7,19,A01
201700019205,1,07,000,00,0,1,01,B01
201700019206,1,07,000,00,2,8,23,B01
201700019206,1,02,000,14,0,1,01,A01
201700019207,2,07,000,13,0,1,01,A01
201700019208,1,01,000,00,2,4,02,B01
201700019208,1,07,000,00,2,2,02,A01
201700019209,1,07,000,13,0,7,01,A01
201700019210,2,07,000,06,0,1,01,A01
201700019211,2,10,000,13,0,4,01,A01
201700019212,2,01,000,00,2,7,01,B01
201700019212,2,07,000,00,9,3,02,A01
201700019213,1,07,000,00,2,6,01,B01
201700019213,2,33,000,00,2,1,13,A01
201700019214,2,07,000,00,2,1,01,B01
201700019214,2,07,000,00,9,1,01,C01
201700019214,1,33,000,00,6,3,01,A01
201700019215,2,10,000,08,0,1,01,A01
201700019216,0,07,000,00,2,1,01,A01
201700019216,0,17,000,00,2,3,01,B01
201700019217,2,07,000,00,2,1,01,D01
201700019217,2,10,000,00,2,1,01,C01
201700019217,2,07,000,00,2,1,01,B01
201700019217,2,14,000,00,0,4,01,A01
201700019218,1,07,000,00,2,1,13,A01
201700019218,2,07,000,00,2,1,01,B01
201700019219,2,07,000,00,1,3,01,A01
201700019220,2,99,000,00,2,2,01,B01
201700019220,1,07,000,00,2,8,09,A01
201700019221,1,07,000,00,1,2,01,A01
201700019222,2,07,000,00,2,4,01,B01
201700019222,2,07,000,00,2,1,02,A01
201700019222,1,07,000,00,2,1,01,C01
201700019223,1,07,000,00,2,2,15,A01
201700019223,2,34,000,00,2,1,01,B01
201700019224,1,02,000,00,2,8,01,B01
201700019224,1,07,000,00,2,2,01,A01
201700019225,1,07,000,00,2,8,15,A01
201700019225,1,33,000,00,2,1,01,B01
201700019226,2,07,000,13,0,1,14,A01
201700019227,0,33,000,06,0,1,01,A01
201700019228,0,07,000,13,0,3,00,A01
201700019229,2,07,000,00,2,3,13,A01
201700019229,1,17,000,08,2,3,01,B01
201700019230,1,07,000,00,2,1,01,B01
201700019230,2,07,000,00,2,3,15,A01
201700019231,2,10,000,15,0,3,00,A01
201700019232,2,07,000,00,2,3,01,C01
201700019232,1,07,000,00,2,3,13,A01
201700019232,2,14,000,00,2,3,01,B01
201700019233,2,10,000,00,2,7,17,A01
201700019233,2,01,000,00,9,4,01,B01
201700019233,2,01,000,00,2,4,01,C01
201700019234,1,07,000,00,1,7,01,A01
201700019235,1,07,000,00,2,1,01,A01
201700019235,2,07,000,00,2,1,01,B01
201700019236,2,07,000,00,0,8,10,B01
201700019236,2,33,000,00,2,1,01,A01
201700019237,1,07,000,00,2,3,01,B01
201700019237,1,07,000,00,0,5,09,A01
201700019238,2,01,000,00,2,8,01,B01
201700019238,1,07,000,00,9,2,19,A01
201700019239,1,07,000,00,1,2,17,A01
201700019240,2,07,000,00,0,8,15,A01
201700019240,1,07,000,00,2,1,01,B01
201700019241,2,33,000,03,0,7,01,A01
201700019242,0,36,000,00,0,0,00,A01
201700019243,1,07,000,15,0,1,01,A01
201700019244,2,07,000,02,0,1,01,A01
201700019245,1,07,000,13,0,1,00,A01
201700019246,1,07,000,00,0,0,01,A01
201700019247,2,07,000,13,0,3,13,A01
201700019248,2,07,000,00,0,3,01,B01
201700019248,1,02,000,00,2,1,05,A01
201700019249,1,07,000,00,2,3,16,A01
201700019249,2,07,000,00,2,3,23,B01
201700019250,0,07,000,00,1,1,15,A01
201700019251,1,07,000,00,2,3,13,A01
201700019251,2,07,000,00,2,3,21,B01
201700019251,1,07,000,00,2,8,21,D01
201700019251,2,17,000,00,2,6,01,C01
201700019252,2,07,000,06,0,8,01,A01
201700019253,1,07,000,13,0,1,01,B01
201700019253,2,07,000,00,0,8,19,A01
201700019254,1,07,000,13,0,3,01,A01
201700019255,1,07,000,02,0,3,01,A01
201700019256,1,07,000,00,2,1,01,B01
201700019256,2,07,000,00,2,1,13,A01
201700019257,1,07,000,00,1,2,01,A01
201700019258,2,07,000,13,0,1,01,A01
201700019259,2,01,000,02,0,0,13,A01
201700019260,1,07,000,00,2,2,01,B01
201700019260,2,07,000,00,2,8,01,A01
201700019261,0,07,000,00,1,4,20,A01
201700019262,2,07,000,00,2,8,01,B01
201700019262,0,07,000,00,2,1,19,A01
201700019263,1,01,000,00,0,0,01,A01
201700019264,0,02,000,12,0,1,01,A01
201700019265,0,01,000,01,0,1,14,A01
201700019266,1,33,000,13,0,1,01,A01
201700019267,2,01,000,04,0,0,01,A01
201700019268,2,07,000,13,0,3,01,A01
201700019269,2,33,000,00,0,8,13,A01
201700019269,1,07,000,00,0,8,00,B01
201700019270,2,07,000,00,0,0,00,A01
201700019271,1,01,000,00,2,1,01,B01
201700019271,1,07,000,00,9,3,15,A01
201700019272,2,01,000,00,2,1,13,A01
201700019272,1,07,000,00,2,3,01,B01
201700019273,2,01,000,00,0,0,16,A01
201700019274,1,07,000,04,9,1,01,A01
201700019275,1,07,000,00,2,1,02,A01
201700019275,1,07,000,00,0,4,02,B01
201700019276,1,07,000,00,0,0,01,A01
201700019276,1,31,000,00,0,0,01,B01
201700019277,1,33,000,00,0,2,15,A01
201700019278,1,01,000,00,0,0,13,A01
201700019279,2,07,000,00,2,1,15,A01
201700019279,1,01,000,00,2,1,01,B01
201700019280,2,07,000,00,2,3,01,B01
201700019280,1,33,000,00,2,1,13,A01
201700019281,2,07,000,13,2,2,05,A01
201700019281,1,07,000,00,2,2,01,B01
201700019282,2,07,000,00,2,1,01,A01
201700019282,1,07,000,00,2,1,13,B01
201700019283,0,38,001,00,0,3,24,B01
201700019283,0,07,000,01,1,2,20,A01
201700019284,2,07,000,03,2,6,02,A01
201700019284,2,07,000,04,2,2,02,B01
201700019285,2,17,000,01,0,2,02,A01
201700019285,2,10,000,00,2,6,23,B01
201700019286,1,07,000,03,0,1,01,A01
201700019287,1,07,000,00,1,1,01,A01
201700019288,1,07,000,02,0,1,01,A01
201700019289,1,03,000,00,0,6,23,A01
201700019289,1,07,000,01,0,2,01,B01
201700019290,0,10,000,00,2,2,01,A01
201700019290,0,07,000,06,2,3,01,B01
201700019291,1,07,000,15,9,1,13,A01
201700019292,1,07,000,13,0,1,01,A01
201700019293,1,07,000,00,2,2,15,A01
201700019293,2,30,000,00,0,0,01,B01
201700019294,1,07,000,00,0,9,01,A01
201700019295,1,07,000,00,1,2,01,A01
201700019296,0,02,000,00,2,1,00,A01
201700019296,0,07,000,00,2,1,00,B01
201700019297,2,02,000,00,2,0,00,A01
201700019297,2,02,000,00,2,4,16,B01
201700019298,1,07,000,00,2,2,19,B01
201700019298,1,07,000,15,0,7,01,A01
201700019299,2,07,000,00,5,4,01,A01
201700019299,2,33,000,00,2,1,01,B01
201700019300,2,07,000,00,2,3,01,B01
201700019300,2,07,000,00,2,1,19,A01
201700019301,1,07,000,00,2,5,01,B01
201700019301,2,07,000,00,2,1,00,A01
201700019302,2,07,000,13,0,1,01,A01
201700019303,1,33,000,00,2,1,00,B01
201700019303,0,07,000,00,2,7,19,A01
201700019304,1,33,000,14,0,1,01,A01
201700019305,2,02,000,12,0,1,16,A01
201700019306,1,07,000,02,0,1,00,A01
201700019307,2,07,000,08,0,2,01,A01
201700019308,1,07,000,13,0,3,15,A01
201700019309,1,33,000,00,2,8,01,A01
201700019309,2,14,000,00,2,8,01,B01
201700019310,2,07,000,00,2,3,13,A01
201700019310,1,15,000,00,2,3,01,B01
201700019311,2,07,000,00,1,1,01,A01
201700019312,1,07,000,06,0,1,01,A01
201700019313,1,03,000,02,0,2,01,A01
201700019314,1,07,000,00,2,3,00,A01
201700019314,2,07,000,00,2,3,00,B01
201700019315,1,07,000,00,0,5,15,A01
201700019315,2,02,000,00,2,1,01,B01
201700019316,2,07,000,00,2,1,13,A01
201700019316,1,07,000,00,2,1,01,B01
201700019317,1,30,000,00,2,1,01,A01
201700019317,1,07,000,00,2,3,01,B01
201700019318,2,07,000,09,0,1,01,A01
201700019318,0,07,000,00,2,3,09,B01
201700019319,2,07,000,00,2,3,01,A01
201700019319,1,07,000,00,2,3,17,B01
201700019320,2,07,000,00,2,3,17,A01
201700019320,1,07,000,00,2,3,01,B01
201700019320,2,13,000,00,2,6,01,C01
201700019321,2,07,000,02,0,3,01,A01
201700019322,1,07,000,06,0,3,13,A01
201700019323,2,07,000,06,0,1,13,A01
201700019324,1,07,000,00,2,3,13,A01
201700019324,2,07,000,00,2,3,01,B01
201700019325,0,07,000,00,2,1,21,A01
201700019325,0,10,000,00,2,1,05,B01
201700019326,2,07,000,10,0,1,01,A01
201700019327,0,02,000,00,2,1,01,A01
201700019327,0,07,000,00,2,3,01,B01
201700019328,1,33,000,00,2,4,01,A01
201700019328,1,21,000,00,2,4,01,B01
201700019329,1,07,000,00,9,1,13,A01
201700019330,1,07,000,00,2,3,15,A01
201700019330,2,31,000,00,2,1,01,B01
201700019331,2,07,000,00,2,1,13,A01
201700019331,1,07,000,00,2,1,01,B01
201700019331,1,10,000,00,2,6,01,C01
201700019332,2,14,000,00,2,2,17,A01
201700019332,2,01,000,00,2,1,02,B01
201700019333,1,07,000,00,1,3,01,A01
201700019334,1,07,000,00,2,3,15,A01
201700019334,2,33,000,00,2,8,01,B01
201700019335,1,07,000,00,1,2,01,A01
201700019336,1,07,000,08,0,8,17,A01
201700019337,1,07,000,13,0,1,01,A01
201700019338,2,07,000,00,9,3,17,A01
201700019338,1,02,000,00,2,1,01,B01
201700019339,1,07,000,02,0,3,01,A01
201700019340,2,33,000,01,2,2,17,A01
201700019340,2,07,000,00,2,3,15,B01
201700019341,2,07,000,13,0,2,01,A01
201700019342,1,07,000,00,1,6,04,A01
201700019343,2,07,000,00,0,0,01,A01
201700019344,0,07,000,00,9,6,21,A01
201700019344,0,01,000,00,2,8,13,B01
201700019345,1,07,000,02,0,1,01,A01
201700019346,1,07,000,00,1,2,01,A01
201700019347,2,07,000,13,0,1,01,A01
201700019348,0,10,000,00,1,6,20,A01
201700019349,2,07,000,13,0,2,01,A01
201700019350,0,07,000,00,1,3,15,A01
201700019351,1,07,000,00,1,3,01,A01
201700019352,2,07,000,02,0,8,13,A01
201700019353,1,33,000,00,2,1,01,A01
201700019353,2,07,000,00,2,3,17,B01
201700019354,1,07,000,02,0,1,13,A01
201700019355,1,07,000,16,2,1,17,A01
201700019355,1,07,000,00,2,3,15,B01
201700019356,2,07,000,00,2,3,13,A01
201700019356,1,07,000,06,2,3,21,B01
201700019357,1,07,000,13,0,1,13,A01
201700019358,2,07,000,13,0,9,00,A01
201700019359,1,07,000,00,0,4,15,A01
201700019359,1,17,000,00,2,1,01,B01
201700019360,1,07,000,02,0,1,19,A01
201700019361,0,07,000,08,0,2,01,A01
201700019362,1,07,000,00,2,1,01,A01
201700019362,2,07,000,00,2,1,01,B01
201700019363,0,07,000,00,9,2,02,A01
201700019363,0,01,000,00,2,3,02,B01
201700019364,1,07,000,02,0,1,01,A01
201700019365,1,07,000,02,0,9,01,A01
201700019366,2,02,000,00,2,1,01,B01
201700019366,1,07,000,00,2,3,09,A01
201700019367,2,07,000,08,0,2,01,A01
201700019368,1,07,000,02,0,3,01,A01
201700019369,1,07,000,02,0,1,19,A01
201700019370,0,07,000,08,0,9,01,A01
201700019371,0,02,000,08,0,3,01,A01
201700019372,1,07,000,00,0,1,01,A01
201700019373,1,21,000,13,0,3,01,A01
201700019374,1,07,000,02,0,2,17,A01
201700019375,1,07,000,07,0,2,01,A01
201700019376,1,10,000,08,0,3,01,A01
201700019377,1,10,000,00,2,3,13,A01
201700019377,2,10,000,00,2,3,01,B01
201700019378,1,07,000,13,0,1,01,A01
201700019379,2,07,000,06,0,1,01,A01
201700019380,2,07,000,13,0,1,01,A01
201700019381,1,10,000,06,0,2,01,A01
201700019382,1,07,000,02,0,8,14,A01
201700019383,1,07,000,13,0,1,01,A01
201700019384,1,33,000,15,0,1,00,A01
201700019385,1,07,000,00,2,1,13,A01
201700019385,2,17,000,00,2,1,01,B01
201700019386,1,07,000,00,2,3,19,A01
201700019386,2,15,000,00,2,1,01,B01
201700019387,1,07,000,00,2,6,01,A01
201700019387,2,07,000,00,2,3,01,B01
201700019388,1,36,000,13,0,3,01,A01
201700019389,1,10,000,08,0,3,01,A01
201700019390,2,07,000,00,2,1,01,B01
201700019390,2,02,000,00,2,7,19,A01
201700019391,2,07,000,02,0,2,14,A01
201700019392,0,07,000,13,0,1,17,A01
201700019393,1,33,000,00,2,1,01,B01
201700019393,0,07,000,00,2,3,16,A01
201700019394,0,30,000,00,2,1,01,A01
201700019394,0,07,000,00,2,2,15,B01
201700019395,2,07,000,00,0,1,01,A01
201700019395,1,07,000,00,0,8,15,B01
201700019396,1,07,000,00,0,1,01,A01
201700019397,1,07,000,00,2,1,01,A01
201700019397,2,07,000,00,2,7,01,B01
201700019397,1,07,000,00,2,8,01,C01
201700019398,2,07,000,00,2,3,01,A01
201700019398,1,15,000,00,2,8,01,B01
201700019399,1,07,000,05,2,3,01,A01
201700019399,2,14,000,00,2,3,01,B01
201700019400,2,07,000,02,0,1,01,A01
201700019401,1,10,000,00,2,3,13,A01
201700019401,2,07,000,00,2,1,01,B01
201700019402,0,02,000,12,0,2,01,A01
201700019403,2,07,000,02,0,1,01,A01
201700019404,1,02,000,00,2,8,19,A01
201700019404,1,07,000,00,2,1,01,B01
201700019405,2,07,000,13,0,9,19,A01
201700019406,2,07,000,06,0,1,01,A01
201700019407,1,07,000,13,2,2,01,A01
201700019407,1,07,000,13,2,8,09,B01
201700019408,1,07,000,02,0,1,21,A01
201700019409,2,07,000,00,2,1,01,A01
201700019409,1,07,000,00,2,7,13,B01
201700019410,0,07,000,00,1,1,01,A01
201700019411,1,07,000,00,2,2,02,A01
201700019411,1,03,000,13,2,4,02,B01
201700019412,2,07,000,06,0,3,01,A01
201700019413,2,07,000,02,0,9,01,A01
201700019414,1,10,000,06,0,2,00,A01
201700019415,0,02,000,00,9,7,02,A01
201700019415,0,01,000,00,2,8,02,B01
201700019415,0,38,030,00,2,6,01,C01
201700019416,2,10,000,00,0,9,01,A01
201700019417,2,07,000,00,2,8,01,B01
201700019417,1,07,000,00,2,1,19,A01
201700019418,1,07,000,07,0,0,01,A01
201700019419,1,07,000,00,2,3,15,A01
201700019419,2,33,000,00,2,8,01,B01
201700019420,2,07,000,00,2,1,15,A01
201700019420,1,07,000,08,2,1,01,B01
201700019421,2,10,000,00,2,3,13,A01
201700019421,1,15,000,00,2,3,01,B01
201700019422,0,15,000,00,2,1,01,A01
201700019422,0,07,000,00,2,4,23,B01
201700019422,0,10,000,00,2,8,01,C01
201700019423,0,07,000,00,2,2,01,B01
201700019423,0,07,000,00,0,3,00,A01
201700019424,1,15,000,03,0,3,13,A01
201700019425,1,07,000,00,2,7,15,A01
201700019425,1,10,000,00,2,1,01,B01
201700019426,1,07,000,00,2,3,01,B01
201700019426,2,10,000,00,2,1,21,A01
201700019426,2,07,000,00,2,8,23,C01
201700019427,2,07,000,00,2,8,17,A01
201700019427,1,02,000,00,2,8,01,B01
201700019428,1,07,000,02,0,8,01,A01
201700019429,1,07,000,02,0,1,01,A01
201700019430,2,07,000,00,2,1,01,A01
201700019430,0,36,000,00,2,1,15,B01
201700019431,1,07,000,02,2,2,17,A01
201700019431,1,07,000,00,2,3,15,B01
201700019432,1,07,000,02,0,1,02,A01
201700019433,2,07,000,16,0,0,01,A01
201700019434,2,07,000,00,2,3,01,B01
201700019434,1,07,000,00,2,3,13,A01
201700019435,2,07,000,00,2,8,19,A01
201700019435,1,10,000,00,2,1,01,B01
201700019436,0,07,000,00,0,9,00,A01
201700019437,2,33,000,00,9,7,01,B01
201700019437,1,02,000,00,0,8,15,A01
201700019438,1,07,000,03,2,3,13,A01
201700019438,2,07,000,00,2,2,01,B01
201700019439,2,07,000,00,2,1,02,A01
201700019439,2,01,000,00,2,4,01,B01
201700019440,0,30,000,01,0,3,01,A01
201700019441,1,07,000,13,0,2,00,A01
201700019442,1,07,000,00,1,1,01,A01
201700019443,2,07,000,00,2,2,15,A01
201700019443,2,33,000,00,2,6,00,B01
201700019444,0,02,000,00,0,0,01,A01
201700019445,0,33,000,00,0,7,01,A01
201700019446,1,33,000,00,2,1,01,B01
201700019446,1,07,000,00,2,7,01,A01
201700019447,1,07,000,13,0,3,01,A01
201700019448,2,07,000,00,2,1,01,A01
201700019448,1,07,000,00,2,1,01,B01
201700019449,1,30,000,00,2,3,21,A01
201700019449,1,07,000,00,0,5,01,B01
201700019450,2,17,000,00,2,3,02,A01
201700019450,2,07,000,00,2,4,15,B01
201700019450,1,07,000,00,2,3,01,C01
201700019451,0,07,000,00,1,3,01,A01
201700019452,2,07,000,00,0,9,01,A01
201700019453,2,07,000,00,1,2,01,A01
201700019454,2,33,000,00,0,0,01,A01
201700019455,2,07,000,00,2,1,13,A01
201700019455,1,07,000,00,2,1,01,B01
201700019456,1,10,000,02,0,3,14,A01
201700019457,2,07,000,00,2,3,01,B01
201700019457,1,07,000,00,2,3,01,A01
201700019458,1,33,000,00,0,8,01,A01
201700019459,2,01,000,00,2,1,01,A01
201700019459,0,07,000,00,9,3,01,B01
201700019460,2,33,000,00,2,3,17,A01
201700019460,1,07,000,00,2,3,01,B01
201700019461,1,07,000,00,0,2,09,A01
201700019461,2,31,000,00,0,1,01,B01
201700019462,1,15,000,00,2,1,01,A01
201700019462,1,21,000,00,0,4,15,B01
201700019463,1,07,000,00,2,2,05,A01
201700019463,2,07,000,00,2,2,01,B01
201700019464,1,07,000,00,2,3,13,A01
201700019464,2,07,000,00,2,3,01,B01
201700019465,1,07,000,00,2,1,01,B01
201700019465,2,07,000,00,2,2,17,A01
201700019466,2,07,000,01,1,8,01,A01
201700019467,1,07,000,00,1,2,01,A01
201700019468,0,07,000,00,1,3,24,C01
201700019468,1,07,000,00,2,4,01,B01
201700019468,1,07,000,00,2,1,01,A01
201700019469,1,07,000,00,0,9,13,A01
201700019470,1,07,000,13,0,1,13,A01
201700019471,1,07,000,00,2,2,10,A01
201700019471,2,07,000,00,2,3,01,B01
201700019472,0,07,000,02,0,1,01,A01
201700019473,1,31,000,00,2,1,01,A01
201700019473,1,07,000,00,2,6,01,B01
201700019474,0,02,000,00,2,1,05,A01
201700019474,0,07,000,00,2,1,01,B01
201700019475,1,33,000,00,2,1,01,B01
201700019475,2,07,000,00,2,3,01,A01
201700019476,2,07,000,00,2,1,19,A01
201700019476,2,07,000,00,2,3,01,B01
201700019477,1,10,000,00,2,6,21,A01
201700019477,1,10,000,00,2,2,01,B01
201700019478,2,02,000,14,0,0,01,A01
201700019479,0,07,000,00,2,1,19,A01
201700019479,0,07,000,00,0,3,01,B01
201700019480,0,07,000,00,1,2,01,A01
201700019481,2,07,000,00,2,3,16,A01
201700019481,1,07,000,00,2,2,01,B01
201700019482,2,07,000,00,0,9,13,A01
201700019483,1,07,000,00,2,1,01,A01
201700019483,1,07,000,00,0,4,01,B01
201700019484,2,02,000,00,2,2,01,A01
201700019484,2,02,000,00,2,8,15,B01
201700019485,2,07,000,00,2,6,09,A01
201700019485,2,33,000,00,2,1,01,B01
201700019486,1,33,000,00,2,2,17,A01
201700019486,1,33,000,00,2,3,15,B01
201700019487,1,07,000,00,2,3,13,A01
201700019487,1,10,000,00,2,0,21,B01
201700019488,1,07,000,00,0,9,01,A01
201700019489,2,07,000,00,2,3,01,A01
201700019489,1,07,000,00,0,3,01,B01
201700019490,2,07,000,00,2,1,01,B01
201700019490,1,07,000,00,2,1,05,A01
201700019491,1,07,000,14,0,1,01,A01
201700019491,1,07,000,00,2,4,00,B01
201700019492,1,07,000,00,2,3,11,A01
201700019492,1,33,000,00,2,2,17,B01
201700019493,0,10,000,00,1,2,01,A01
201700019494,1,07,000,00,2,1,05,A01
201700019494,2,07,000,00,2,1,01,B01
201700019495,2,33,000,00,2,1,09,A01
201700019495,2,33,000,00,2,4,01,B01
201700019496,0,10,000,00,0,1,19,A01
201700019496,0,33,000,00,2,7,01,B01
201700019497,0,07,000,00,2,7,19,A01
201700019497,0,07,000,00,2,1,01,B01
201700019497,0,07,000,00,2,6,23,C01
201700019498,1,07,000,00,2,3,17,A01
201700019498,1,33,000,00,2,1,01,B01
201700019499,2,07,000,00,2,1,05,A01
201700019499,1,07,000,00,0,1,01,B01
201700019500,1,07,000,00,0,9,14,A01
201700019501,2,07,000,00,2,2,02,A01
201700019501,2,07,000,00,2,4,02,B01
201700019502,2,07,000,00,2,1,01,A01
201700019502,1,07,000,00,2,7,01,B01
201700019503,2,07,000,00,2,3,11,A01
201700019503,1,07,000,00,2,3,01,B01
201700019504,0,07,000,13,0,1,01,A01
201700019505,2,07,000,02,0,8,01,A01
201700019506,2,33,000,00,2,7,15,A01
201700019506,1,07,000,00,2,2,01,B01
201700019507,1,33,000,13,0,1,17,A01
201700019508,1,07,000,00,1,2,01,A01
201700019509,0,07,000,00,0,7,00,A01
201700019510,2,07,000,00,2,1,13,A01
201700019510,1,07,000,00,2,1,21,B01
201700019510,1,07,000,00,2,3,21,C01
201700019511,2,30,000,00,2,2,02,A01
201700019511,2,07,000,00,0,8,15,B01
201700019512,1,07,000,00,0,3,01,B01
201700019512,2,07,000,00,0,3,13,A01
201700019513,1,33,000,00,2,7,17,A01
201700019513,1,07,000,00,2,8,15,B01
201700019514,1,07,000,00,2,3,13,A01
201700019514,2,07,000,00,2,6,01,B01
201700019515,0,03,000,00,9,3,01,A01
201700019515,0,01,000,00,0,8,15,B01
201700019516,1,07,000,00,2,2,19,A01
201700019516,2,02,000,00,2,1,01,B01
201700019517,0,07,000,06,0,1,01,A01
201700019518,0,15,000,03,0,8,01,A01