Num_Acc,senc,catv,occutc,obs,obsm,choc,manv,num_veh
201700019519,0,07,000,00,1,2,15,A01
201700019520,2,07,000,02,0,8,01,A01
201700019521,1,33,000,00,2,2,17,A01
201700019521,1,07,000,00,2,8,15,B01
201700019522,1,07,000,02,0,1,15,A01
201700019523,1,07,000,00,2,1,01,A01
201700019523,1,03,000,00,2,7,19,B01
201700019524,1,07,000,00,1,2,00,A01
201700019525,0,31,000,00,2,1,13,A01
201700019525,0,07,000,00,2,1,00,B01
201700019526,2,07,000,00,0,1,00,A01
201700019526,1,07,000,00,0,1,00,B01
201700019527,2,07,000,15,2,4,01,A01
201700019527,1,15,000,00,2,2,01,B01
201700019528,0,07,000,00,0,9,01,A01
201700019529,0,07,000,02,0,3,13,A01
201700019530,0,07,000,00,9,5,01,B01
201700019530,0,01,000,00,2,1,00,A01
201700019531,,07,000,,,,,A01
201700019532,2,07,000,00,2,1,19,A01
201700019532,2,10,000,00,2,7,01,B01
201700019532,1,07,000,06,2,3,01,C01
201700019533,2,13,000,00,2,2,17,A01
201700019533,2,21,000,00,0,4,01,B01
201700019534,1,15,000,15,0,1,01,A01
201700019535,1,07,000,00,2,2,01,A01
201700019535,2,02,000,00,2,1,01,B01
201700019536,2,07,000,00,2,8,15,A01
201700019536,1,02,000,00,2,1,01,B01
201700019537,1,01,000,00,2,0,16,B01
201700019537,1,07,000,00,9,7,01,A01
201700019538,1,02,000,00,2,1,05,A01
201700019538,2,02,000,00,2,1,00,B01
201700019539,0,07,000,13,0,3,21,A01
201700019540,2,07,000,00,2,2,15,A01
201700019540,1,07,000,00,2,1,01,B01
201700019541,0,07,000,09,0,0,01,A01
201700019542,0,10,000,00,2,1,01,A01
201700019543,2,07,000,00,2,2,19,B01
201700019543,1,07,000,00,2,1,01,A01
201700019544,1,07,000,00,1,2,01,A01
201700019545,0,07,000,00,1,1,01,A01
201700019546,0,07,000,00,1,3,15,A01
201700019547,1,07,000,00,2,2,19,A01
201700019547,0,07,000,00,2,1,01,B01
201700019548,1,02,000,00,0,1,02,A01
201700019548,1,07,000,00,0,5,23,B01
201700019549,0,33,000,00,0,0,00,A01
201700019550,0,21,000,00,0,0,19,A01
201700019550,0,07,000,00,2,1,01,B01
201700019550,0,07,000,00,0,4,01,C01
201700019551,2,33,000,00,0,1,01,A01
201700019552,0,07,000,00,1,3,01,A01
201700019553,1,07,000,00,2,3,09,A01
201700019553,2,07,000,00,2,1,01,B01
201700019554,2,07,000,00,2,2,01,B01
201700019554,0,07,000,00,2,2,09,A01
201700019555,1,07,000,00,2,3,15,A01
201700019555,2,07,000,00,2,2,01,B01
201700019556,1,07,000,00,2,3,13,A01
201700019556,2,07,000,00,2,3,01,B01
201700019556,2,07,000,00,0,0,21,C01
201700019556,2,07,000,00,2,8,01,D01
201700019557,2,14,000,00,2,1,02,A01
201700019557,2,21,000,00,2,4,02,B01
201700019558,1,07,000,02,0,1,01,A01
201700019559,1,02,000,00,0,0,15,A01
201700019560,2,07,000,16,0,9,19,A01
201700019561,1,07,000,00,1,1,01,A01
201700019562,1,07,000,02,0,1,01,A01
201700019563,1,07,000,00,2,1,01,A01
201700019563,1,21,000,00,0,4,01,B01
201700019564,0,02,000,00,2,1,01,A01
201700019564,0,21,000,00,2,8,01,B01
201700019565,1,03,000,00,2,3,13,A01
201700019565,2,07,000,00,2,3,01,B01
201700019566,2,07,000,00,0,0,00,A01
201700019567,2,07,000,00,2,7,19,A01
201700019567,2,33,000,00,2,1,01,B01
201700019568,2,31,000,00,0,0,00,A01
201700019569,0,10,000,06,2,1,01,A01
201700019569,0,07,000,12,2,8,15,B01
201700019570,2,07,000,00,2,4,02,C01
201700019570,2,07,000,00,2,4,02,B01
201700019570,2,10,000,00,2,1,02,A01
201700019571,1,33,000,00,2,1,02,A01
201700019571,1,07,000,00,0,5,15,B01
201700019572,1,07,000,00,2,1,17,A01
201700019572,2,07,000,00,2,1,01,B01
201700019573,1,07,000,06,0,3,13,A01
201700019574,2,07,000,00,2,1,09,A01
201700019574,1,07,000,00,2,4,01,B01
201700019575,1,07,000,00,2,3,15,A01
201700019575,2,33,000,00,2,1,01,B01
201700019576,1,07,000,00,2,1,15,A01
201700019576,2,02,000,00,2,7,01,B01
201700019577,0,07,000,00,1,2,01,A01
201700019578,1,07,000,00,2,1,17,B01
201700019578,1,07,000,13,2,4,01,A01
201700019579,0,07,000,15,0,7,13,A01
201700019580,1,07,000,13,0,9,14,A01
201700019581,1,07,000,16,0,9,01,A01
201700019582,1,07,000,00,2,3,15,A01
201700019582,1,01,000,00,2,1,01,B01
201700019583,1,07,000,15,0,1,14,A01
201700019584,2,30,000,12,0,7,01,A01
201700019585,2,07,000,16,0,9,14,A01
201700019586,2,07,000,00,2,3,10,A01
201700019586,2,33,000,00,2,7,17,B01
201700019587,1,07,000,00,2,1,17,A01
201700019587,1,07,000,00,2,1,02,B01
201700019588,2,02,000,09,0,1,01,A01
201700019589,0,38,016,00,2,4,04,A01
201700019589,0,31,000,00,2,1,01,B01
201700019590,1,07,000,15,0,9,01,A01
201700019591,0,01,000,00,2,8,11,A01
201700019591,0,07,000,00,2,7,17,B01
201700019592,2,14,000,00,2,1,13,A01
201700019592,1,07,000,00,2,1,01,B01
201700019593,1,07,000,00,2,1,19,A01
201700019593,2,07,000,00,2,1,01,B01
201700019594,1,33,000,00,2,1,01,B01
201700019594,1,07,000,00,2,8,15,A01
201700019595,1,07,000,00,0,9,01,A01
201700019596,1,07,000,15,2,2,15,A01
201700019596,2,10,000,00,2,1,01,B01
201700019597,1,10,000,00,9,1,01,A01
201700019597,1,01,000,00,0,7,01,B01
201700019598,2,21,000,00,0,0,15,A01
201700019598,2,33,000,00,0,8,05,B01
201700019599,1,07,000,00,0,9,01,A01
201700019600,2,07,000,00,0,0,02,A01
201700019601,1,07,000,08,0,8,01,A01
201700019602,0,07,000,08,0,2,00,A01
201700019603,2,01,000,00,2,8,10,A01
201700019603,2,07,000,00,2,3,02,B01
201700019604,0,07,000,00,2,1,19,A01
201700019604,0,07,000,00,2,2,01,B01
201700019605,1,17,000,00,2,3,15,A01
201700019605,2,10,000,00,2,8,01,B01
201700019606,2,07,000,00,1,2,01,A01
201700019607,0,07,000,06,0,3,01,A01
201700019608,2,07,000,00,0,1,01,B01
201700019608,0,07,000,00,0,3,01,A01
201700019609,0,07,000,00,1,1,01,A01
201700019610,2,07,000,00,1,2,01,A01
201700019611,2,07,000,03,0,0,01,A01
201700019612,1,33,000,00,0,0,00,A01
201700019613,0,07,000,13,0,0,14,A01
201700019614,2,03,000,00,2,1,00,A01
201700019614,0,07,000,00,2,8,00,B01
201700019615,1,07,000,08,0,0,01,A01
201700019616,1,33,000,00,0,3,01,A01
201700019617,2,07,000,00,2,1,15,A01
201700019617,2,02,000,00,2,7,01,B01
201700019618,1,07,000,13,0,1,00,A01
201700019619,2,32,000,00,2,1,02,A01
201700019619,2,07,000,00,0,4,01,B01
201700019620,1,36,000,00,0,8,21,A01
201700019621,1,07,000,01,0,1,01,A01
201700019622,1,07,000,13,0,1,17,A01
201700019623,0,07,000,06,0,1,01,A01
201700019624,1,07,000,00,0,7,01,B01
201700019624,1,07,000,00,2,1,01,A01
201700019625,1,07,000,00,0,9,01,A01
201700019626,0,33,000,00,2,1,01,A01
201700019627,0,02,000,00,2,1,17,A01
201700019627,0,07,000,00,2,3,15,B01
201700019628,1,07,000,00,2,1,13,A01
201700019628,2,07,000,00,2,1,01,B01
201700019629,1,02,000,08,0,1,02,A01
201700019630,0,07,000,00,2,8,15,A01
201700019630,0,33,000,00,2,1,01,B01
201700019631,0,30,000,00,2,1,01,A01
201700019631,0,07,000,00,2,7,01,B01
201700019632,0,07,000,06,0,1,06,A01
201700019633,2,07,000,03,0,3,13,A01
201700019634,1,07,000,03,0,1,01,A01
201700019635,2,07,000,13,0,1,00,A01
201700019636,2,07,000,00,2,1,09,A01
201700019636,2,31,000,00,2,7,01,B01
201700019637,1,30,000,00,0,8,01,A01
201700019638,1,33,000,00,0,7,21,A01
201700019639,1,07,000,13,0,3,00,A01
201700019640,1,07,000,01,0,3,01,A01
201700019641,2,07,000,00,0,0,23,A01
201700019641,2,07,000,00,0,0,23,B01
201700019641,2,07,000,00,0,4,23,C01
201700019641,2,07,000,00,2,1,01,D01
201700019642,1,07,000,00,2,1,02,A01
201700019642,1,07,000,00,0,4,23,B01
201700019643,0,30,000,04,0,0,01,A01
201700019644,1,07,000,00,2,1,02,A01
201700019644,1,07,000,00,2,4,02,B01
201700019645,2,32,000,16,0,1,01,A01
201700019646,2,10,000,00,2,8,13,A01
201700019646,1,33,000,00,2,8,01,B01
201700019647,2,07,000,13,0,2,01,A01
201700019648,0,07,000,00,2,3,15,A01
201700019648,0,30,000,00,2,8,01,B01
201700019649,1,33,000,13,0,1,01,A01
201700019650,2,07,000,00,2,1,13,A01
201700019650,1,07,000,00,2,3,01,B01
201700019651,2,33,000,00,2,1,13,A01
201700019651,1,07,000,00,2,3,01,B01
201700019652,1,07,000,13,0,1,00,A01
201700019653,2,33,000,00,2,1,01,A01
201700019653,1,07,000,00,2,8,09,B01
201700019654,1,31,000,00,0,0,01,A01
201700019655,1,07,000,15,0,1,01,A01
201700019656,2,07,000,13,0,1,01,A01
201700019657,2,07,000,02,2,3,01,B01
201700019657,1,07,000,00,2,3,13,A01
201700019658,2,38,005,00,1,7,01,A01
201700019659,2,07,000,00,0,4,15,A01
201700019659,2,07,000,00,0,6,14,B01
201700019659,2,07,000,00,2,1,02,C01
201700019659,2,07,000,00,2,1,02,D01
201700019660,2,10,000,00,2,1,01,A01
201700019660,2,07,000,00,0,4,01,B01
201700019661,2,07,000,00,0,4,01,A01
201700019661,2,07,000,00,2,1,02,B01
201700019662,1,07,000,00,0,1,01,A01
201700019663,0,07,000,00,0,5,24,A01
201700019663,0,07,000,01,0,1,01,B01
201700019664,1,07,000,00,2,3,09,A01
201700019664,1,07,000,00,2,2,01,B01
201700019665,2,07,000,13,0,1,01,A01
201700019666,1,07,000,13,0,2,01,A01
201700019667,1,10,000,00,2,1,01,A01
201700019667,1,07,000,00,2,1,02,B01
201700019667,1,07,000,00,2,4,02,C01
201700019667,1,07,000,00,0,4,02,D01
201700019668,1,07,000,14,0,1,01,A01
201700019669,1,07,000,00,0,4,02,A01
201700019669,1,07,000,00,2,1,02,B01
201700019670,1,07,000,00,2,1,02,A01
201700019670,1,07,000,00,2,4,02,B01
201700019671,1,33,000,00,0,3,01,A01
201700019672,1,07,000,06,0,1,01,A01
201700019673,1,07,000,00,1,1,01,A01
201700019674,1,33,000,00,2,1,17,A01
201700019674,1,03,000,00,2,8,11,B01
201700019675,2,07,000,00,2,2,17,A01
201700019675,2,07,000,00,0,6,01,B01
201700019676,1,07,000,00,2,3,13,A01
201700019676,2,01,000,00,2,1,01,B01
201700019677,2,07,000,16,0,9,01,A01
201700019678,1,07,000,13,0,1,02,A01
201700019679,2,07,000,16,0,9,01,A01
201700019680,2,01,000,14,9,9,01,A01
201700019681,2,07,000,00,2,1,15,A01
201700019681,1,10,000,00,2,1,01,B01
201700019681,1,10,000,00,2,3,09,C01
201700019682,2,07,000,06,0,2,14,A01
201700019683,2,07,000,00,2,1,02,A01
201700019683,2,10,000,00,0,4,23,B01
201700019684,2,01,000,10,0,9,01,A01
201700019684,2,01,000,10,0,8,21,B01
201700019685,2,33,000,10,0,9,01,A01
201700019686,2,07,000,00,2,2,17,A01
201700019686,2,07,000,00,2,3,15,B01
201700019687,1,10,000,00,2,1,01,A01
201700019687,1,07,000,00,2,4,23,B01
201700019687,1,07,000,00,2,4,23,C01
201700019687,1,07,000,00,0,4,23,D01
201700019688,2,07,000,00,2,3,13,A01
201700019688,1,07,000,00,2,3,01,B01
201700019688,1,10,000,00,2,1,02,C01
201700019689,2,10,000,00,2,6,15,A01
201700019689,1,10,000,00,2,3,01,B01
201700019690,1,07,000,10,0,3,13,A01
201700019691,1,02,000,00,0,6,01,A01
201700019692,2,07,000,00,2,3,13,A01
201700019692,1,07,000,00,2,9,01,B01
201700019692,1,07,000,00,9,2,01,C01
201700019693,0,07,000,00,1,1,01,A01
201700019694,1,07,000,00,2,1,01,A01
201700019694,1,07,000,00,2,4,23,C01
201700019694,1,07,000,00,2,4,23,B01
201700019695,2,07,000,00,2,1,02,A01
201700019695,2,07,000,00,2,4,02,B01
201700019695,2,38,001,00,0,4,02,C01
201700019696,2,10,000,00,2,1,02,A01
201700019696,2,14,000,00,0,4,01,B01
201700019697,2,10,000,00,2,3,15,A01
201700019697,1,33,000,00,2,1,01,B01
201700019698,1,10,000,00,0,4,15,A01
201700019698,1,07,000,00,2,1,02,C01
201700019698,1,07,000,00,2,1,02,B01
201700019699,1,02,000,07,0,1,13,A01
201700019700,1,07,000,00,2,3,01,B01
201700019700,2,07,000,00,2,3,13,A01
201700019701,2,07,000,00,2,8,01,A01
201700019701,1,07,000,00,2,8,00,B01
201700019702,1,07,000,12,0,2,01,A01
201700019703,2,07,000,06,2,5,17,A01
201700019703,2,07,000,00,2,3,15,B01
201700019704,1,07,000,00,0,2,01,A01
201700019705,1,33,000,06,0,0,15,A01
201700019706,0,32,000,00,1,1,01,A01
201700019707,0,07,000,13,0,9,23,A01
201700019708,0,33,000,00,0,8,01,A01
201700019709,1,07,000,13,0,1,01,A01
201700019710,1,33,000,13,0,2,01,A01
201700019711,1,33,000,00,2,1,05,A01
201700019711,1,07,000,00,2,1,01,B01
201700019712,1,07,000,00,2,2,01,B01
201700019712,1,07,000,00,2,8,09,A01
201700019713,2,07,000,00,2,3,02,A01
201700019713,2,07,000,00,0,5,02,B01
201700019714,1,33,000,00,0,8,02,A01
201700019715,1,01,000,13,0,1,15,A01
201700019716,2,07,000,00,2,1,15,A01
201700019716,1,33,000,00,2,1,01,B01
201700019717,1,33,000,00,0,8,01,A01
201700019718,1,02,000,00,2,1,01,A01
201700019718,1,10,000,00,2,4,23,B01
201700019719,2,02,000,00,0,9,21,A01
201700019719,1,10,000,00,0,0,15,B01
201700019720,2,07,000,00,2,1,01,A01
201700019720,2,07,000,00,2,4,15,B01
201700019721,1,30,000,00,2,1,13,A01
201700019721,2,10,000,00,2,3,01,B01
201700019722,1,33,000,00,0,9,15,A01
201700019723,1,07,000,08,0,3,01,A01
201700019724,1,07,000,00,2,3,01,A01
201700019724,2,07,000,00,2,3,01,B01
201700019725,1,07,000,03,0,1,01,A01
201700019726,0,33,000,00,2,3,01,A01
201700019726,0,07,000,00,2,2,20,B01
201700019727,1,07,000,13,0,1,15,A01
201700019728,1,01,000,08,0,0,01,A01
201700019729,2,01,000,12,0,7,01,A01
201700019729,2,14,000,00,9,0,17,B01
201700019730,2,33,000,00,2,8,13,A01
201700019730,1,07,000,00,2,3,01,B01
201700019731,1,33,000,00,0,8,21,A01
201700019732,1,10,000,00,1,2,01,A01
201700019733,2,10,000,00,2,3,01,A01
201700019733,1,07,000,00,2,3,13,B01
201700019734,1,30,000,00,0,1,01,A01
201700019735,2,07,000,00,2,1,01,A01
201700019735,1,07,000,00,2,1,01,B01
201700019736,2,07,000,13,0,1,01,A01
201700019737,0,33,000,00,2,1,01,B01
201700019737,0,07,000,00,2,2,01,A01
201700019738,2,01,000,00,2,3,02,A01
201700019738,2,07,000,00,9,2,02,B01
201700019739,1,07,000,00,2,2,01,A01
201700019739,2,14,000,00,2,5,10,B01
201700019740,2,01,000,00,0,0,00,A01
201700019741,1,07,000,02,0,1,01,A01
201700019742,0,07,000,15,0,1,01,A01
201700019743,2,33,000,00,6,3,21,A01
201700019744,2,07,000,00,2,3,01,A01
201700019744,1,07,000,00,2,1,13,B01
201700019745,1,07,000,16,0,2,14,A01
201700019746,2,07,000,06,0,1,01,A01
201700019747,1,33,000,00,0,2,01,A01
201700019748,2,33,000,00,6,1,01,A01
201700019749,1,33,000,00,2,2,17,A01
201700019749,1,10,000,00,0,8,15,B01
201700019750,2,33,000,00,2,1,17,A01
201700019750,1,07,000,00,0,3,01,B01
201700019751,1,07,000,00,1,3,01,A01
201700019752,0,07,000,00,0,3,15,A01
201700019752,0,33,000,00,2,1,17,B01
201700019753,2,07,000,09,0,1,13,A01
201700019754,0,07,000,00,2,1,19,B01
201700019754,0,07,000,00,0,6,01,A01
201700019755,2,33,000,00,2,1,17,A01
201700019755,2,07,000,00,2,3,15,B01
201700019756,1,07,000,00,2,4,01,A01
201700019756,1,33,000,00,2,1,02,B01
201700019757,0,34,000,00,2,1,01,A01
201700019757,0,07,000,00,2,5,10,B01
201700019758,2,07,000,00,2,7,16,A01
201700019758,2,01,000,00,2,3,01,B01
201700019759,2,07,000,00,2,2,09,A01
201700019759,0,01,000,00,2,1,21,B01
201700019760,1,10,000,00,2,3,10,A01
201700019760,1,33,000,00,0,1,17,B01
201700019761,1,07,000,04,0,1,06,A01
201700019762,1,07,000,00,2,6,10,A01
201700019762,1,02,000,00,2,1,17,B01
201700019763,1,07,000,00,2,3,01,A01
201700019763,2,07,000,00,2,3,13,B01
201700019764,1,07,000,00,2,1,05,A01
201700019764,2,07,000,00,2,1,01,B01
201700019765,1,07,000,00,2,9,10,A01
201700019765,1,07,000,00,2,9,01,B01
201700019766,2,34,000,00,2,1,01,A01
201700019766,1,15,000,00,2,2,15,B01
201700019767,1,07,000,00,2,2,15,A01
201700019767,2,33,000,00,2,1,01,B01
201700019768,2,07,000,00,2,8,15,A01
201700019768,2,34,000,00,2,7,17,B01
201700019769,2,13,000,00,2,1,02,A01
201700019769,2,07,000,00,0,4,02,B01
201700019769,2,07,000,00,2,1,02,C01
201700019770,1,07,000,08,2,1,05,A01
201700019770,2,07,000,00,2,1,01,B01
201700019771,1,07,000,00,2,2,09,A01
201700019771,2,33,000,00,2,1,01,B01
201700019772,2,07,000,00,2,1,13,A01
201700019772,1,07,000,00,0,3,01,B01
201700019773,2,07,000,00,2,3,13,A01
201700019773,1,33,000,00,2,1,01,B01
201700019774,2,07,000,00,1,1,01,A01
201700019775,2,33,000,00,2,7,17,A01
201700019775,2,07,000,00,2,3,15,B01
201700019776,1,07,000,00,2,2,15,A01
201700019776,2,33,000,00,2,1,01,B01
201700019777,1,33,000,00,2,1,01,A01
201700019777,2,07,000,00,2,3,19,B01
201700019778,2,07,000,08,0,1,01,A01
201700019779,1,33,000,00,2,1,17,A01
201700019779,1,07,000,00,9,2,15,B01
201700019780,2,14,000,00,0,0,04,A01
201700019780,2,07,000,00,2,3,21,B01
201700019780,1,07,000,00,2,2,01,C01
201700019781,1,07,000,00,2,3,19,A01
201700019781,2,10,000,00,2,8,01,B01
201700019782,2,07,000,00,2,6,13,A01
201700019782,1,07,000,00,2,1,01,B01
201700019783,1,07,000,00,0,1,01,B01
201700019783,1,07,000,00,0,3,00,A01
201700019784,1,34,000,00,2,1,17,A01
201700019784,2,07,000,00,2,8,15,B01
201700019785,1,33,000,13,0,8,01,A01
201700019786,1,07,000,00,2,1,15,A01
201700019786,2,33,000,00,2,8,01,B01
201700019787,1,33,000,13,0,8,13,A01
201700019788,1,02,000,00,2,1,01,A01
201700019788,1,10,000,00,2,5,15,B01
201700019789,2,33,000,00,2,1,01,A01
201700019789,1,07,000,00,2,3,15,B01
201700019790,1,07,000,05,0,3,01,A01
201700019791,2,07,000,00,2,3,02,A01
201700019791,1,34,000,00,2,6,17,B01
201700019792,2,07,000,00,2,1,05,A01
201700019792,1,07,000,00,2,3,01,B01
201700019792,1,07,000,00,2,1,01,C01
201700019792,1,07,000,00,2,2,17,D01
201700019793,1,33,000,00,2,5,01,A01
201700019793,2,07,000,00,2,1,09,B01
201700019794,1,07,000,00,2,1,15,A01
201700019794,2,32,000,00,2,8,01,B01
201700019795,1,07,000,00,2,8,19,A01
201700019795,2,07,000,00,2,1,01,B01
201700019796,1,33,000,03,0,1,14,A01
201700019797,2,07,000,00,2,1,13,A01
201700019797,1,07,000,00,2,3,01,B01
201700019798,1,32,000,16,0,8,00,A01
201700019799,2,34,000,00,2,1,02,A01
201700019799,2,07,000,00,0,5,15,B01
201700019800,1,07,000,00,1,1,17,A01
201700019801,2,07,000,00,2,2,02,A01
201700019801,2,07,000,00,0,6,02,B01
201700019802,1,02,000,06,0,2,01,A01
201700019803,1,07,000,00,2,1,13,A01
201700019803,2,07,000,00,2,1,01,B01
201700019804,2,07,000,02,0,1,01,A01
201700019805,2,07,000,00,5,1,01,A01
201700019806,0,07,000,08,0,1,13,A01
201700019807,2,07,000,15,0,3,11,A01
201700019808,1,07,000,00,0,5,01,B01
201700019808,1,07,000,00,2,1,02,A01
201700019809,1,10,000,00,9,3,01,A01
201700019809,0,01,000,00,2,1,19,B01
201700019810,2,07,000,00,0,3,13,A01
201700019811,1,07,000,00,2,3,16,A01
201700019811,2,03,000,00,2,7,01,B01
201700019812,0,02,000,13,0,1,01,A01
201700019813,2,07,000,00,2,1,13,A01
201700019813,1,10,000,00,2,1,01,B01
201700019814,2,07,000,00,0,1,00,A01
201700019815,2,07,000,06,0,2,01,A01
201700019816,2,07,000,10,0,1,15,A01
201700019817,0,07,000,13,0,3,01,A01
201700019818,1,07,000,16,0,9,01,A01
201700019819,1,07,000,02,0,3,01,A01
201700019820,2,07,000,13,0,9,01,A01
201700019821,1,02,000,00,2,1,01,B01
201700019821,1,15,000,00,2,3,10,A01
201700019822,1,01,000,00,0,4,02,B01
201700019822,1,07,000,00,2,3,01,A01
201700019823,1,10,000,00,2,1,13,A01
201700019823,2,10,000,00,2,1,01,B01
201700019824,1,07,000,00,2,3,00,B01
201700019824,2,07,000,00,2,3,13,A01
201700019825,0,07,000,00,2,2,13,A01
201700019825,0,10,000,00,2,3,01,B01
201700019826,1,31,000,00,2,1,01,B01
201700019826,0,07,000,00,2,2,19,A01
201700019827,1,33,000,00,2,8,01,A01
201700019827,0,21,000,00,2,6,19,B01
201700019828,2,33,000,00,2,7,17,A01
201700019828,2,07,000,00,2,8,17,B01
201700019829,2,07,000,00,2,3,01,B01
201700019829,1,07,000,00,2,3,13,A01
201700019830,0,33,000,02,0,2,14,A01
201700019831,2,07,000,13,0,9,01,A01
201700019832,1,07,000,00,2,1,01,B01
201700019832,2,07,000,00,2,7,01,A01
201700019833,2,07,000,00,2,3,13,A01
201700019833,1,15,000,00,2,3,01,B01
201700019834,2,07,000,00,2,1,01,B01
201700019834,0,10,000,00,0,2,19,A01
201700019835,0,02,000,02,0,2,01,A01
201700019836,2,33,000,00,0,0,01,A01
201700019837,0,07,000,00,2,2,15,A01
201700019837,0,33,000,00,2,1,01,B01
201700019838,2,30,000,00,2,3,13,A01
201700019838,1,07,000,00,2,3,01,B01
201700019839,1,07,000,06,0,3,16,A01
201700019840,1,07,000,00,2,2,01,B01
201700019840,2,07,000,00,2,1,13,A01
201700019841,1,07,000,00,1,1,01,A01
201700019842,1,07,000,00,2,1,00,B01
201700019842,2,07,000,00,2,2,00,A01
201700019843,0,07,000,00,2,1,19,A01
201700019843,0,07,000,00,2,8,01,B01
201700019844,1,07,000,00,2,3,00,A01
201700019844,1,07,000,00,0,1,01,B01
201700019845,1,07,000,06,0,1,01,A01
201700019846,0,33,000,00,2,8,01,A01
201700019846,0,10,000,00,2,3,15,B01
201700019847,0,07,000,00,1,7,01,A01
201700019848,1,07,000,02,0,2,01,A01
201700019849,1,07,000,00,2,1,15,A01
201700019849,2,31,000,00,2,1,01,B01
201700019850,1,07,000,13,0,3,01,A01
201700019851,2,02,000,00,0,2,01,A01
201700019852,0,10,000,02,0,1,01,A01
201700019853,2,01,000,00,0,0,01,A01
201700019854,0,07,000,00,2,1,15,A01
201700019854,0,33,000,00,2,1,01,B01
201700019855,0,02,000,00,0,0,23,A01
201700019856,2,07,000,06,0,1,01,A01
201700019857,1,07,000,00,2,7,15,A01
201700019857,2,33,000,00,2,1,01,B01
201700019858,0,07,000,00,2,2,01,A01
201700019858,0,01,000,00,2,4,01,B01
201700019858,0,01,000,00,2,4,01,C01
201700019859,2,07,000,00,2,3,01,B01
201700019859,1,07,000,00,2,3,01,A01
201700019860,2,02,000,00,2,1,01,B01
201700019860,0,07,000,00,2,3,19,A01
201700019861,1,07,000,06,0,3,00,A01
201700019862,2,10,000,00,2,3,19,B01
201700019862,0,07,000,00,2,2,01,A01
201700019863,2,17,000,00,2,1,01,B01
201700019863,1,07,000,00,2,7,13,A01
201700019864,2,07,000,16,0,2,01,A01
201700019865,1,07,000,00,0,4,01,B01
201700019865,1,02,000,00,2,1,01,A01
201700019866,1,07,000,00,0,0,01,A01
201700019867,2,07,000,00,2,1,00,A01
201700019867,1,07,000,00,2,3,15,B01
201700019868,0,10,000,00,1,5,01,A01
201700019869,0,07,000,00,2,3,01,B01
201700019869,0,07,000,00,2,8,19,A01
201700019870,1,33,000,00,2,1,02,B01
201700019870,1,07,000,00,0,5,01,A01
201700019871,0,21,000,00,0,0,21,A01
201700019872,2,10,000,00,2,3,01,B01
201700019872,2,14,000,00,0,5,15,A01
201700019873,1,07,000,00,0,1,01,B01
201700019873,1,07,000,00,2,7,00,A01
201700019874,2,07,000,00,1,1,01,A01
201700019875,1,07,000,14,0,0,01,C01
201700019875,2,07,000,00,2,1,01,A01
201700019875,0,07,000,00,2,3,19,B01
201700019876,2,17,000,00,2,3,01,B01
201700019876,1,07,000,00,2,3,13,A01
201700019877,1,07,000,00,2,5,02,A01
201700019877,1,02,000,00,2,1,02,B01
201700019878,2,33,000,13,0,1,14,A01
201700019879,0,07,000,02,0,1,01,A01
201700019880,2,07,000,02,0,3,01,A01
201700019881,0,07,000,08,0,8,01,A01
201700019882,1,07,000,00,2,1,15,A01
201700019882,2,02,000,00,2,3,01,B01
201700019883,1,33,000,00,2,8,01,B01
201700019883,2,07,000,00,2,9,13,A01
201700019883,1,07,000,00,2,1,01,C01
201700019884,1,15,000,00,2,1,00,B01
201700019884,2,07,000,00,2,1,03,A01
201700019884,2,07,000,00,2,1,02,C01
201700019885,2,07,000,00,2,4,02,B01
201700019885,2,07,000,00,2,1,02,A01
201700019886,1,17,000,06,0,1,00,A01
201700019887,0,07,000,02,0,3,01,A01
201700019888,1,07,000,00,2,3,15,A01
201700019888,2,02,000,00,2,1,01,B01
201700019889,1,07,000,00,2,1,17,A01
201700019889,1,10,000,00,2,4,01,C01
201700019889,2,07,000,00,2,1,01,B01
201700019890,2,07,000,00,2,7,15,A01
201700019890,1,02,000,00,2,1,01,B01
201700019891,1,07,000,13,0,1,00,A01
201700019892,0,07,000,02,0,1,01,A01
201700019893,0,07,000,02,0,1,00,A01
201700019894,1,33,000,13,0,1,01,A01
201700019895,2,07,000,00,2,2,21,B01
201700019895,0,03,000,00,2,3,15,A01
201700019896,2,07,000,00,2,3,01,B01
201700019896,2,03,000,00,2,8,19,A01
201700019897,2,07,000,00,2,3,13,A01
201700019897,1,07,000,00,2,3,01,B01
201700019898,2,07,000,02,0,3,01,B01
201700019898,1,07,000,00,2,3,13,A01
201700019899,0,07,000,01,1,1,01,B01
201700019900,1,07,000,00,2,1,17,A01
201700019900,2,07,000,00,2,1,01,B01
201700019901,0,07,000,02,0,8,01,A01
201700019902,0,07,000,02,0,9,01,A01
201700019903,2,07,000,00,2,2,01,B01
201700019903,0,07,000,00,2,3,19,A01
201700019904,0,10,000,00,2,2,01,B01
201700019904,0,02,000,00,2,0,15,A01
201700019905,2,07,000,02,0,1,01,A01
201700019906,2,07,000,13,0,3,01,A01
201700019907,2,07,000,00,1,2,01,A01
201700019908,2,07,000,06,0,1,01,A01
201700019909,2,07,000,02,0,9,01,A01
201700019910,2,07,000,00,1,3,01,A01
201700019910,2,07,000,00,1,1,01,B01
201700019911,2,07,000,00,2,1,00,A01
201700019911,1,10,000,00,2,1,00,B01