Num_Acc,senc,catv,occutc,obs,obsm,choc,manv,num_veh
201700019912,1,33,000,12,0,9,21,B01
201700019912,0,07,000,00,0,0,15,A01
201700019913,1,07,000,00,2,3,01,B01
201700019913,2,33,000,00,2,1,13,A01
201700019914,2,07,000,00,2,3,10,A01
201700019914,1,33,000,00,2,1,01,B01
201700019915,1,38,054,00,1,5,02,A01
201700019916,2,07,000,00,2,2,01,B01
201700019916,2,07,000,13,2,3,01,A01
201700019917,1,07,000,00,0,0,00,A01
201700019918,2,14,000,00,2,8,01,B01
201700019918,1,07,000,00,2,3,13,A01
201700019919,1,07,000,01,0,0,13,A01
201700019920,1,07,000,00,2,2,15,B01
201700019920,2,02,000,00,2,1,01,A01
201700019921,2,07,000,02,0,1,00,A01
201700019922,1,07,000,00,0,9,13,A01
201700019923,2,01,000,00,0,4,01,B01
201700019923,2,07,000,00,9,1,01,A01
201700019924,2,07,000,00,2,3,09,A01
201700019924,2,33,000,00,2,1,01,B01
201700019925,2,36,000,05,0,1,00,A01
201700019926,1,07,000,00,2,1,19,B01
201700019926,1,33,000,07,0,8,00,A01
201700019927,1,21,000,00,2,3,01,B01
201700019927,1,07,000,00,2,1,01,A01
201700019928,2,30,000,03,0,0,00,A01
201700019929,1,07,000,07,0,0,01,A01
201700019930,2,07,000,13,0,2,01,A01
201700019931,1,02,000,06,0,1,01,A01
201700019932,1,07,000,15,0,3,13,A01
201700019933,1,33,000,00,0,0,01,B01
201700019933,2,07,000,00,9,6,19,A01
201700019934,1,07,000,08,0,3,13,A01
201700019935,1,10,000,00,2,2,06,A01
201700019935,1,07,000,00,2,1,01,B01
201700019936,1,07,000,16,0,9,01,A01
201700019937,1,07,000,00,0,0,23,B01
201700019937,1,31,000,13,0,1,01,A01
201700019938,1,07,000,00,1,2,01,A01
201700019939,1,07,000,00,2,1,21,A01
201700019939,2,07,000,00,2,1,01,B01
201700019940,1,01,000,00,0,8,02,B01
201700019940,1,07,000,00,2,7,17,A01
201700019941,2,07,000,00,2,2,01,A01
201700019941,1,31,000,00,2,8,01,B01
201700019942,1,07,000,00,9,1,15,A01
201700019942,1,01,000,00,0,8,19,B01
201700019943,0,07,000,00,2,3,09,A01
201700019943,0,33,000,00,2,2,01,B01
201700019944,1,07,000,00,2,1,17,A01
201700019944,1,07,000,00,2,3,01,B01
201700019944,2,07,000,00,2,1,01,D01
201700019944,2,07,000,00,2,1,01,C01
201700019945,1,07,000,00,2,2,02,A01
201700019945,1,01,000,00,0,4,02,B01
201700019946,1,07,000,16,0,3,01,A01
201700019947,2,30,000,00,2,1,01,B01
201700019947,2,07,000,00,2,3,09,A01
201700019948,1,07,000,00,2,7,17,B01
201700019948,1,01,000,00,2,8,02,A01
201700019949,2,07,000,00,2,1,01,A01
201700019949,1,21,000,00,2,8,19,B01
201700019950,2,07,000,00,2,8,15,B01
201700019950,2,07,000,00,2,3,01,A01
201700019951,1,07,000,00,9,2,01,A01
201700019951,1,01,000,00,2,8,15,B01
201700019952,1,33,000,15,0,1,01,A01
201700019953,2,07,000,06,0,9,13,A01
201700019954,1,07,000,15,0,1,01,A01
201700019955,2,33,000,00,2,7,17,A01
201700019955,2,07,000,00,2,1,19,B01
201700019956,2,07,000,00,1,2,01,A01
201700019957,2,15,000,00,2,8,13,A01
201700019957,2,10,000,00,2,1,01,D01
201700019957,1,07,000,00,2,3,01,B01
201700019957,2,07,000,00,2,3,01,C01
201700019958,1,07,000,00,2,1,01,A01
201700019958,1,07,000,00,2,4,23,B01
201700019958,1,07,000,00,0,4,24,C01
201700019959,1,30,000,00,1,1,01,B01
201700019960,1,07,000,06,0,1,01,A01
201700019961,2,07,000,16,2,1,19,B01
201700019961,2,07,000,16,2,8,01,A01
201700019962,2,02,000,00,2,9,01,A01
201700019962,1,07,000,00,2,3,17,B01
201700019963,1,07,000,16,0,1,01,A01
201700019964,1,07,000,02,0,1,21,A01
201700019965,0,33,000,00,0,1,13,A01
201700019966,1,01,000,13,2,8,02,A01
201700019966,1,01,000,13,2,8,02,C01
201700019966,1,07,000,00,2,7,17,B01
201700019967,1,07,000,02,0,3,01,A01
201700019968,1,07,000,02,0,8,01,A01
201700019969,1,07,000,00,1,2,21,A01
201700019970,1,07,000,00,1,1,01,A01
201700019971,2,07,000,00,2,2,00,B01
201700019971,1,30,000,00,2,1,00,A01
201700019972,1,07,000,00,1,1,01,A01
201700019973,1,07,000,08,0,9,01,A01
201700019974,2,07,000,07,0,1,14,A01
201700019975,2,10,000,00,2,2,01,B01
201700019975,1,33,000,00,2,1,13,A01
201700019976,2,02,000,00,2,1,13,B01
201700019976,1,07,000,00,2,3,01,A01
201700019977,2,07,000,08,2,8,19,A01
201700019977,1,17,000,00,2,1,01,B01
201700019978,1,07,000,00,0,4,23,A01
201700019978,1,07,000,00,2,1,01,E01
201700019978,1,07,000,00,2,1,02,B01
201700019978,1,07,000,00,2,1,02,F01
201700019978,1,07,000,00,2,9,02,D01
201700019978,1,07,000,00,0,,02,G01
201700019978,1,07,000,00,0,4,02,C01
201700019979,1,33,000,00,2,2,02,A01
201700019979,1,07,000,00,2,2,02,C01
201700019979,2,07,000,00,2,5,15,B01
201700019980,1,07,000,00,1,1,01,A01
201700019981,2,07,000,00,2,7,01,B01
201700019981,1,02,000,00,2,1,19,A01
201700019982,1,07,000,00,0,4,15,C01
201700019982,1,14,000,00,2,3,18,A01
201700019982,2,07,000,00,2,1,01,B01
201700019983,1,33,000,03,0,1,01,A01
201700019984,1,10,000,00,1,5,20,A01
201700019985,2,07,000,13,0,9,01,A01
201700019986,1,07,000,02,0,2,14,A01
201700019987,2,07,000,00,2,1,06,A01
201700019987,1,07,000,00,2,1,01,B01
201700019988,1,10,000,00,2,6,01,C01
201700019988,1,07,000,00,2,3,01,D01
201700019988,1,07,000,00,2,2,15,A01
201700019988,2,33,000,00,2,1,01,B01
201700019989,1,07,000,00,2,2,01,A01
201700019989,2,02,000,00,2,1,19,B01
201700019990,1,14,000,00,2,1,01,B01
201700019990,2,10,000,00,2,2,19,A01
201700019991,1,07,000,00,2,1,01,B01
201700019991,2,07,000,00,2,7,15,A01
201700019992,1,07,000,00,2,1,01,B01
201700019992,2,07,000,00,0,7,19,A01
201700019993,2,07,000,00,0,9,01,A01
201700019994,2,07,000,00,2,1,01,B01
201700019994,1,30,000,00,2,7,19,A01
201700019995,2,07,000,00,2,1,01,B01
201700019995,1,02,000,00,2,7,00,A01
201700019996,1,33,000,00,2,1,01,B01
201700019996,2,07,000,00,2,7,19,A01
201700019997,1,07,000,00,2,7,19,A01
201700019997,1,07,000,00,2,1,01,B01
201700019998,2,07,000,00,2,8,15,B01
201700019998,2,33,000,00,2,2,17,A01
201700019999,1,36,000,05,0,7,01,A01
201700020000,2,07,000,00,2,7,19,A01
201700020000,1,33,000,00,2,1,01,B01
201700020001,1,07,000,00,2,8,01,B01
201700020001,1,30,000,00,2,8,01,C01
201700020001,2,07,000,00,2,8,13,A01
201700020002,1,07,000,00,2,1,17,A01
201700020002,1,21,000,00,2,6,15,B01
201700020003,1,07,000,00,2,1,02,A01
201700020003,1,10,000,00,0,4,15,B01
201700020004,2,33,000,00,0,0,13,A01
201700020004,1,10,000,00,0,0,01,B01
201700020005,0,07,000,00,2,3,19,A01
201700020005,1,02,000,00,2,8,01,B01
201700020006,1,07,000,00,2,1,01,A01
201700020006,2,07,000,00,2,1,01,B01
201700020007,1,07,000,00,1,3,01,A01
201700020008,0,07,000,14,0,1,01,A01
201700020008,0,07,000,00,0,4,23,B01
201700020009,2,07,000,00,2,1,01,B01
201700020009,1,07,000,00,2,3,17,A01
201700020010,0,33,000,00,2,3,13,A01
201700020010,0,07,000,00,2,3,01,B01
201700020011,1,01,000,00,0,0,01,A01
201700020012,2,33,000,13,0,2,01,A01
201700020013,0,07,000,13,0,3,13,A01
201700020014,1,31,000,13,0,2,01,A01
201700020015,1,07,000,15,0,1,13,A01
201700020016,2,33,000,05,0,1,01,A01
201700020017,0,07,000,00,2,3,13,A01
201700020017,0,07,000,00,2,3,01,B01
201700020018,0,07,000,00,1,1,01,A01
201700020019,1,10,000,02,0,1,15,A01
201700020020,2,07,000,00,2,3,01,B01
201700020020,1,07,000,00,2,1,14,A01
201700020021,0,07,000,13,0,3,13,A01
201700020022,2,33,000,15,0,1,01,A01
201700020023,1,33,000,00,2,1,01,A01
201700020023,2,07,000,00,2,1,15,B01
201700020024,2,10,000,00,2,3,13,A01
201700020024,1,07,000,00,2,3,01,B01
201700020025,2,33,000,00,2,8,01,B01
201700020025,2,07,000,00,2,1,19,A01
201700020026,2,01,000,00,0,0,21,A01
201700020027,1,01,000,16,2,6,02,C01
201700020027,1,01,000,16,2,6,02,B01
201700020027,1,10,000,00,2,2,17,A01
201700020028,0,02,000,00,2,1,09,A01
201700020028,1,07,000,00,2,2,01,B01
201700020029,0,07,000,00,2,6,03,A01
201700020029,0,01,000,00,2,1,02,B01
201700020030,0,07,000,00,0,2,15,A01
201700020030,0,02,000,00,2,0,01,B01
201700020031,2,07,000,15,0,1,00,A01
201700020032,1,02,000,00,2,1,02,A01
201700020032,1,02,000,00,2,1,02,B01
201700020033,2,07,000,00,2,2,01,A01
201700020033,1,07,000,00,2,1,01,B01
201700020034,2,07,000,00,2,1,01,B01
201700020034,1,07,000,00,2,1,05,A01
201700020035,2,07,000,00,2,1,17,A01
201700020035,1,07,000,00,2,1,01,B01
201700020035,1,07,000,00,2,3,21,C01
201700020036,2,17,000,07,2,0,13,A01
201700020036,1,14,000,00,2,3,05,B01
201700020037,2,15,000,00,9,6,23,A01
201700020037,2,02,000,01,0,1,01,B01
201700020038,2,33,000,00,2,1,05,A01
201700020038,1,21,000,00,2,1,05,B01
201700020039,0,07,000,00,2,8,15,B01
201700020039,0,02,000,00,2,1,01,A01
201700020040,1,07,000,00,2,3,01,B01
201700020040,2,10,000,00,2,3,05,A01
201700020041,1,33,000,02,0,1,14,A01
201700020041,1,33,000,00,0,1,01,B01
201700020042,1,07,000,00,0,9,00,A01
201700020043,0,33,000,00,0,0,21,A01
201700020044,0,07,000,00,0,2,13,A01
201700020045,0,33,000,00,0,7,16,A01
201700020046,0,07,000,02,0,1,01,A01
201700020047,1,33,000,00,2,1,02,A01
201700020047,1,07,000,00,0,5,02,B01
201700020048,0,36,000,06,0,1,00,A01
201700020049,2,07,000,00,2,1,01,A01
201700020049,1,07,000,00,2,3,13,B01
201700020050,2,07,000,00,1,7,01,A01
201700020051,2,02,000,00,2,1,19,A01
201700020051,1,10,000,00,2,7,01,B01
201700020052,2,07,000,00,2,3,01,B01
201700020052,1,38,011,00,2,3,05,A01
201700020053,2,07,000,00,0,2,00,B01
201700020053,1,07,000,00,0,1,09,A01
201700020054,0,07,000,00,0,0,21,A01
201700020055,1,34,000,11,0,1,17,A01
201700020056,2,07,000,00,2,3,01,B01
201700020056,1,07,000,00,2,1,05,A01
201700020057,2,07,000,00,2,3,13,A01
201700020057,1,17,000,00,2,3,01,B01
201700020058,1,07,000,13,9,1,13,A01
201700020059,2,07,000,00,2,3,01,B01
201700020059,0,07,000,00,2,3,19,A01
201700020060,2,07,000,00,2,1,01,B01
201700020060,1,07,000,00,2,1,19,A01
201700020061,2,07,000,13,0,1,01,A01
201700020062,1,07,000,00,2,1,02,A01
201700020062,1,07,000,00,2,4,02,B01
201700020063,2,17,000,00,2,8,13,A01
201700020063,1,10,000,00,2,8,01,B01
201700020063,1,07,000,00,2,6,01,C01
201700020064,2,07,000,13,0,0,01,A01
201700020065,2,07,000,13,0,1,00,A01
201700020066,2,34,000,00,6,1,01,A01
201700020067,1,07,000,15,2,1,01,B01
201700020067,1,07,000,15,2,8,19,A01
201700020068,1,07,000,02,0,9,21,A01
201700020069,2,07,000,00,2,3,01,A01
201700020069,2,30,000,00,0,5,01,B01
201700020070,2,07,000,00,0,9,01,A01
201700020071,2,07,000,00,0,0,00,A01
201700020072,1,07,000,00,2,1,00,B01
201700020072,1,07,000,00,2,7,19,A01
201700020073,2,07,000,00,2,1,13,A01
201700020073,1,07,000,00,2,1,01,B01
201700020074,1,32,000,00,0,3,02,A01
201700020074,1,07,000,00,2,2,21,B01
201700020075,1,33,000,00,2,9,17,A01
201700020075,2,07,000,00,2,3,01,B01
201700020076,2,10,000,00,0,7,19,A01
201700020076,2,07,000,00,2,1,01,B01
201700020077,0,07,000,00,0,0,01,A01
201700020078,2,33,000,00,2,1,13,A01
201700020078,1,07,000,00,2,1,01,B01
201700020079,2,07,000,00,2,1,19,A01
201700020079,1,31,000,00,2,1,01,B01
201700020080,1,07,000,02,0,2,01,A01
201700020081,2,07,000,00,2,3,13,A01
201700020081,1,07,000,00,2,3,01,B01
201700020081,1,07,000,14,2,3,02,C01
201700020082,2,07,000,00,1,2,01,A01
201700020083,2,99,000,00,2,2,17,A01
201700020083,2,02,000,00,2,4,02,B01
201700020084,2,07,000,00,2,3,09,A01
201700020084,1,07,000,00,2,2,01,B01
201700020085,2,15,000,00,2,1,01,B01
201700020085,0,07,000,00,2,7,19,A01
201700020086,0,07,000,00,1,3,16,A01
201700020087,0,07,000,04,0,3,01,A01
201700020088,0,07,000,00,2,6,01,A01
201700020088,0,33,000,00,2,5,00,B01
201700020089,0,07,000,00,1,2,01,A01
201700020090,0,07,000,06,9,1,01,A01
201700020091,0,10,000,00,9,4,01,C01
201700020091,0,07,000,00,2,8,01,B01
201700020091,0,33,000,00,2,1,01,D01
201700020091,0,10,000,00,2,8,01,A01
201700020092,1,01,000,00,0,0,01,B01
201700020092,1,01,000,00,9,0,01,A01
201700020093,0,33,000,00,2,1,01,A01
201700020093,0,07,000,00,2,2,15,B01
201700020094,2,21,000,00,0,0,15,A01
201700020094,2,33,000,00,0,0,17,B01
201700020095,1,07,000,00,1,3,01,A01
201700020096,1,07,000,00,2,1,17,A01
201700020096,2,07,000,00,2,1,01,B01
201700020097,1,07,000,00,0,1,01,B01
201700020097,2,07,000,16,0,1,01,A01
201700020098,0,07,000,00,2,3,01,B01
201700020098,0,07,000,00,2,8,13,A01
201700020099,2,07,000,00,2,3,01,B01
201700020099,1,07,000,00,2,3,13,A01
201700020099,2,07,000,00,2,3,01,C01
201700020100,2,07,000,00,2,2,15,A01
201700020100,1,33,000,00,2,1,01,B01
201700020101,0,31,000,01,0,8,01,A01
201700020102,0,07,000,00,1,1,01,A01
201700020103,0,02,000,00,2,2,01,B01
201700020103,0,07,000,00,2,8,09,A01
201700020104,1,07,000,13,0,1,01,A01
201700020105,0,07,000,00,2,3,01,B01
201700020105,0,07,000,00,2,3,13,A01
201700020106,1,07,000,00,2,3,01,B01
201700020106,2,07,000,00,2,3,13,A01
201700020107,0,07,000,00,9,1,01,B01
201700020107,0,35,000,00,2,1,01,A01
201700020108,1,07,000,00,2,1,01,B01
201700020108,2,07,000,00,2,1,01,A01
201700020109,2,07,000,00,0,6,23,B01
201700020109,2,14,000,03,2,1,13,A01
201700020110,2,33,000,00,2,8,01,B01
201700020110,2,33,000,00,2,2,17,A01
201700020111,1,07,000,00,2,3,13,B01
201700020111,1,33,000,00,2,7,17,A01
201700020112,0,10,000,00,0,9,15,A01
201700020113,1,01,000,00,2,1,01,B01
201700020113,0,07,000,00,9,3,09,A01
201700020114,1,02,000,00,2,1,01,A01
201700020114,2,07,000,00,2,7,15,B01
201700020115,2,33,000,00,2,1,01,B01
201700020115,1,07,000,00,2,1,15,A01
201700020116,1,33,000,00,2,1,00,B01
201700020116,1,07,000,00,2,3,10,A01
201700020117,0,07,000,06,0,1,01,A01
201700020118,2,10,000,00,2,2,15,B01
201700020118,1,02,000,00,2,1,01,A01
201700020119,2,33,000,12,0,0,01,A01
201700020120,1,07,000,00,2,3,19,A01
201700020120,1,31,000,00,2,1,01,B01
201700020121,2,32,000,00,2,8,01,B01
201700020121,1,21,000,00,2,1,15,A01
201700020122,2,01,000,00,2,4,02,B01
201700020122,2,07,000,00,9,5,16,A01
201700020123,0,01,000,00,2,5,17,A01
201700020123,0,01,000,00,0,1,01,B01
201700020124,0,01,000,00,2,1,13,A01
201700020124,0,07,000,00,2,7,01,B01
201700020125,1,31,000,00,2,1,01,B01
201700020125,2,07,000,00,2,3,17,A01
201700020126,2,10,000,00,2,8,01,B01
201700020126,1,33,000,00,2,3,13,A01
201700020127,0,01,000,01,0,1,01,B01
201700020128,2,33,000,00,2,3,01,B01
201700020128,1,07,000,00,0,3,01,A01
201700020129,0,07,000,00,1,2,01,A01
201700020130,1,07,000,09,0,6,01,A01
201700020131,2,07,000,00,1,3,01,A01
201700020132,2,31,000,00,2,1,01,A01
201700020132,2,07,000,00,2,5,09,B01
201700020133,2,33,000,15,0,0,00,A01
201700020134,1,07,000,00,2,6,17,A01
201700020134,2,02,000,00,2,1,01,B01
201700020135,1,02,000,00,2,1,01,B01
201700020135,1,07,000,00,9,2,19,A01
201700020136,1,31,000,05,0,1,01,A01
201700020137,0,07,000,00,1,3,01,A01
201700020138,2,07,000,13,0,1,13,A01
201700020139,2,10,000,06,0,1,00,A01
201700020140,0,02,000,00,2,0,00,A01
201700020140,0,07,000,00,2,1,00,B01
201700020141,0,02,000,00,2,1,01,B01
201700020141,0,07,000,00,2,3,15,A01
201700020142,1,03,000,15,2,1,01,B01
201700020142,1,07,000,00,2,1,01,C01
201700020142,2,07,000,00,2,1,13,A01
201700020143,0,33,000,16,2,2,17,A01
201700020143,0,07,000,00,2,3,15,B01
201700020144,1,07,000,00,2,3,01,A01
201700020144,2,07,000,00,2,3,01,B01
201700020145,2,33,000,08,0,1,11,A01
201700020146,2,07,000,00,0,3,00,A01
201700020147,1,07,000,02,0,8,01,A01
201700020148,1,07,000,00,2,8,13,A01
201700020148,2,07,000,00,2,8,01,C01
201700020148,2,07,000,00,2,1,01,B01
201700020149,0,33,000,00,2,2,17,A01
201700020149,0,07,000,00,2,8,15,B01
201700020150,0,07,000,00,2,3,16,A01
201700020150,1,07,000,00,2,0,01,C01
201700020150,2,07,000,00,2,3,17,B01
201700020151,2,33,000,00,2,1,17,B01
201700020151,2,07,000,00,2,6,15,A01
201700020152,2,15,000,00,2,2,15,B01
201700020152,1,33,000,00,2,1,01,A01
201700020153,0,01,000,00,0,4,02,B01
201700020153,0,07,000,00,9,2,02,A01
201700020154,1,10,000,00,9,2,01,A01
201700020154,0,01,000,00,2,5,19,B01
201700020155,2,07,000,12,2,3,01,B01
201700020155,1,07,000,00,2,1,05,A01
201700020156,2,07,000,00,2,1,01,A01
201700020156,1,07,000,00,2,1,01,B01
201700020157,1,07,000,01,0,1,01,A01
201700020158,2,07,000,00,2,1,01,A01
201700020158,1,14,000,03,2,3,01,B01
201700020159,0,07,000,00,9,6,00,A01
201700020159,2,01,000,00,2,1,01,B01
201700020160,2,07,000,00,2,3,13,A01
201700020160,1,33,000,00,2,3,02,B01
201700020161,2,33,000,06,0,7,01,A01
201700020162,2,07,000,02,0,2,01,A01
201700020163,2,07,000,00,1,1,01,A01
201700020164,1,03,000,00,2,1,01,A01
201700020164,2,10,000,00,2,3,01,B01
201700020165,1,07,000,00,2,1,01,B01
201700020165,2,07,000,00,2,1,01,A01
201700020166,1,33,000,06,0,1,19,A01
201700020167,1,01,000,00,2,8,15,B01
201700020167,1,33,000,00,2,2,17,A01
201700020168,1,07,000,00,1,2,01,A01
201700020169,0,07,000,13,0,0,00,A01
201700020170,0,07,000,00,2,3,00,A01
201700020170,2,33,000,00,2,1,01,B01
201700020171,1,07,000,00,1,7,01,A01
201700020172,0,07,000,00,2,2,15,A01
201700020172,0,07,000,07,2,1,00,B01
201700020173,0,07,000,00,2,2,15,A01
201700020173,0,33,000,00,2,1,01,B01
201700020174,2,32,000,00,2,2,17,A01
201700020174,0,99,000,00,0,6,00,B01
201700020175,0,30,000,00,2,0,10,A01
201700020175,0,07,000,00,0,3,01,B01
201700020176,2,07,000,00,2,3,15,B01
201700020176,2,02,000,00,2,1,17,A01
201700020177,0,07,000,00,2,1,15,A01
201700020177,1,07,000,00,2,1,01,B01
201700020178,2,07,000,00,9,2,01,C01
201700020178,2,07,000,00,2,2,01,B01
201700020178,1,33,000,00,2,0,17,A01
201700020179,1,07,000,00,2,1,01,B01
201700020179,2,07,000,00,2,1,05,A01
201700020180,2,33,000,13,0,1,00,A01
201700020181,1,07,000,00,2,1,01,B01
201700020181,2,07,000,00,2,1,17,A01
201700020182,1,07,000,00,2,1,15,A01
201700020182,2,07,000,00,2,1,01,B01
201700020183,2,07,000,00,0,3,13,A01
201700020184,1,07,000,00,2,1,01,B01
201700020184,2,07,000,00,2,0,17,A01
201700020185,1,07,000,00,0,1,15,A01
201700020186,0,34,000,00,0,0,00,A01
201700020187,1,07,000,00,2,8,13,A01
201700020187,2,17,000,00,2,3,01,B01
201700020188,1,33,000,00,0,0,01,A01
201700020189,0,07,000,00,1,4,20,A01
201700020190,2,07,000,00,2,1,02,A01
201700020190,2,02,000,00,0,4,02,B01
201700020191,1,10,000,03,9,1,02,B01
201700020191,1,15,000,00,0,0,01,A01
201700020192,1,07,000,00,1,3,01,A01
201700020193,0,07,000,02,0,2,01,A01
201700020194,2,01,000,10,0,1,01,A01
201700020195,2,33,000,00,2,1,01,B01
201700020195,1,07,000,00,2,3,01,A01
201700020196,1,07,000,05,2,2,05,A01
201700020196,2,07,000,00,2,1,05,B01
201700020197,2,07,000,00,1,2,17,A01
201700020198,2,10,000,02,0,1,01,A01
201700020199,0,07,000,00,2,2,01,B01
201700020199,0,33,000,12,2,7,01,A01
201700020200,0,37,020,06,2,2,15,A01
201700020200,0,07,000,00,2,2,01,B01
201700020201,2,07,000,00,0,9,13,A01
201700020202,0,36,000,00,1,3,01,A01
201700020203,1,02,000,14,0,2,00,A01
201700020204,1,07,000,00,2,7,01,A01
201700020204,2,07,000,00,2,3,15,B01
201700020205,2,07,000,03,0,1,01,A01
201700020206,0,07,000,00,9,7,15,A01
201700020206,0,01,000,00,2,7,21,B01
201700020207,0,33,000,00,2,1,01,B01
201700020207,0,07,000,00,2,7,15,A01
201700020208,0,36,000,06,0,5,01,A01
201700020209,0,02,000,00,0,4,23,A01
201700020209,0,07,000,00,2,1,01,B01
201700020210,1,07,000,02,0,2,01,A01
201700020211,0,07,000,00,1,2,01,A01
201700020212,2,07,000,00,2,1,01,C01
201700020212,2,07,000,00,2,8,01,B01
201700020212,1,07,000,00,2,1,17,A01
201700020213,0,38,015,00,2,5,17,A01
201700020213,0,21,000,00,2,6,01,B01
201700020214,0,07,000,00,1,4,23,A01
201700020215,0,07,000,00,2,3,01,B01
201700020215,0,01,000,00,2,1,16,A01
201700020216,0,07,000,00,2,8,19,A01
201700020216,0,07,000,00,2,1,01,B01
201700020217,0,07,000,00,1,1,16,A01
201700020218,1,33,000,00,2,2,17,B01
201700020218,1,10,000,00,0,8,15,A01
201700020219,2,07,000,00,2,1,01,B01
201700020219,1,07,000,00,2,1,06,A01
201700020220,0,10,000,00,2,1,01,B01
201700020220,0,07,000,00,2,8,19,A01
201700020221,0,07,000,03,0,5,01,A01
201700020221,0,07,000,00,2,1,01,B01
201700020222,0,07,000,06,0,1,01,A01
201700020223,1,07,000,00,2,4,17,B01
201700020223,1,07,000,00,2,4,17,A01
201700020224,1,17,000,13,0,3,01,A01
201700020225,1,07,000,13,0,1,01,A01
201700020226,2,07,000,00,2,3,01,A01
201700020226,2,32,000,00,0,5,15,B01
201700020227,0,33,000,00,0,1,01,A01
201700020228,0,07,000,16,0,1,01,A01
201700020229,2,07,000,00,2,1,01,B01
201700020229,0,10,000,00,2,3,15,A01
201700020230,2,33,000,00,0,4,02,B01
201700020230,2,31,000,00,2,1,02,A01
201700020231,0,07,000,00,2,1,13,A01
201700020231,0,14,000,00,2,1,01,C01
201700020231,0,07,000,00,2,1,01,B01
201700020232,0,07,000,00,0,3,00,A01
201700020232,0,02,000,00,0,1,01,B01
201700020233,2,07,000,00,2,2,09,A01
201700020233,1,02,000,00,2,1,13,B01
201700020234,0,07,000,00,2,1,02,B01
201700020234,0,33,000,00,2,4,23,A01
201700020235,1,07,000,02,0,1,01,A01
201700020236,0,07,000,02,0,1,11,A01
201700020237,2,01,000,00,2,1,01,C01
201700020237,2,01,000,00,2,1,01,B01
201700020237,1,07,000,00,2,2,15,A01
201700020238,0,01,000,13,0,1,01,A01
201700020239,0,07,000,00,2,1,13,A01
201700020239,0,07,000,00,2,1,01,B01
201700020240,2,07,000,13,1,3,13,A01
201700020241,0,07,000,00,1,3,01,A01
201700020242,0,07,000,08,0,2,01,A01
201700020243,2,07,000,00,0,4,00,B01
201700020243,2,07,000,00,2,1,02,A01
201700020244,2,07,000,00,1,2,16,A01
201700020245,2,07,000,00,2,4,00,A01
201700020245,2,07,000,00,2,0,00,E01
201700020245,2,07,000,00,2,6,02,B01
201700020245,2,07,000,00,2,0,00,C01
201700020245,2,07,000,00,2,0,02,F01
201700020245,2,10,000,00,2,1,02,D01
201700020246,0,33,000,00,1,3,01,B01
201700020247,2,10,000,00,2,1,01,A01
201700020247,1,10,000,00,2,8,15,B01
201700020248,1,07,000,03,0,2,15,A01
201700020249,0,07,000,00,2,3,17,A01
201700020249,0,01,000,00,0,6,15,B01
201700020250,1,07,000,00,0,4,02,B01
201700020250,1,02,000,00,2,1,02,A01
201700020251,1,07,000,00,2,1,02,A01
201700020251,1,07,000,00,0,4,02,B01
201700020252,2,07,000,13,0,1,01,A01
201700020253,1,07,000,03,0,0,14,A01
201700020254,0,10,000,00,9,2,01,A01
201700020254,0,01,000,00,2,1,01,B01
201700020255,2,01,000,00,2,7,01,B01
201700020255,1,07,000,00,9,1,09,A01
201700020256,2,07,000,00,2,3,13,A01
201700020256,1,07,000,00,2,3,01,B01
201700020257,0,07,000,00,2,8,15,A01
201700020257,0,33,000,00,2,7,17,B01
201700020258,1,33,000,16,0,8,01,A01
201700020259,1,07,000,00,2,3,10,A01
201700020259,1,33,000,00,2,1,01,B01
201700020260,2,07,000,08,0,1,01,A01
201700020261,1,07,000,02,0,7,02,A01
201700020262,1,07,000,13,0,1,01,A01
201700020263,2,33,000,00,0,6,01,A01
201700020264,1,10,000,00,2,1,19,B01
201700020264,0,07,000,00,2,7,01,A01
201700020265,2,07,000,13,0,2,14,A01
201700020266,1,10,000,13,0,1,01,A01
201700020267,0,07,000,00,9,1,13,A01
201700020267,0,33,000,00,2,1,01,B01
201700020268,0,07,000,02,0,1,14,A01
201700020269,0,07,000,02,0,2,01,A01
201700020270,1,07,000,13,0,1,01,A01
201700020271,0,33,000,00,2,1,01,B01
201700020271,0,07,000,00,2,1,15,A01
201700020272,2,07,000,00,2,7,15,A01
201700020272,1,31,000,00,2,1,01,B01
201700020273,1,07,000,00,2,1,13,A01
201700020273,2,07,000,00,2,1,01,B01
201700020274,0,33,000,08,0,1,01,A01
201700020275,1,07,000,00,2,8,01,B01
201700020275,2,02,000,00,2,1,01,A01
201700020276,2,10,000,00,1,2,01,A01
201700020277,1,07,000,00,2,1,01,B01
201700020277,2,07,000,00,2,1,13,A01
201700020278,1,07,000,00,2,1,13,A01
201700020278,2,07,000,00,2,1,01,B01
201700020279,0,10,000,02,0,1,01,A01
201700020280,2,07,000,13,0,9,09,A01
201700020281,1,07,000,16,0,2,16,A01
201700020281,0,07,000,00,0,3,01,B01
201700020282,0,07,000,00,2,3,13,A01
201700020282,0,07,000,00,2,3,01,B01
201700020283,1,07,000,13,0,9,01,A01
201700020284,2,07,000,00,2,7,12,A01
201700020284,2,10,000,00,0,2,23,D01
201700020284,2,33,000,00,2,1,01,B01
201700020284,2,07,000,00,0,2,01,C01
201700020285,2,01,000,00,0,0,01,A01
201700020286,1,33,000,00,2,1,17,A01