Num_Acc,senc,catv,occutc,obs,obsm,choc,manv,num_veh
201700022557,0,07,000,00,2,1,01,A01
201700022558,1,07,000,00,2,3,01,A01
201700022558,2,07,000,00,2,2,01,B01
201700022559,0,07,000,00,1,1,01,A01
201700022560,1,30,000,14,2,1,02,A01
201700022560,1,07,000,00,2,5,23,B01
201700022561,2,07,000,00,2,2,16,A01
201700022561,2,01,000,00,2,1,01,B01
201700022562,1,07,000,00,2,7,19,A01
201700022562,2,01,000,00,0,0,00,Y01
201700022563,2,07,000,00,1,2,16,A01
201700022564,2,07,000,00,2,1,15,A01
201700022564,1,33,000,00,2,1,01,B01
201700022565,0,07,000,00,2,3,15,A01
201700022565,0,33,000,00,2,8,01,B01
201700022566,0,30,000,00,0,0,00,A01
201700022567,2,07,000,00,2,1,01,B01
201700022567,1,07,000,00,2,1,13,A01
201700022568,0,07,000,00,1,0,00,A01
201700022569,1,10,000,00,0,0,00,A01
201700022570,2,31,000,00,2,1,17,A01
201700022570,2,10,000,00,2,8,15,B01
201700022571,2,10,000,06,0,1,01,A01
201700022572,0,07,000,00,1,1,01,A01
201700022573,2,07,000,00,2,1,01,A01
201700022573,2,07,000,00,2,4,01,B01
201700022573,2,07,000,00,2,4,02,C01
201700022574,2,07,000,00,2,3,15,A01
201700022574,1,33,000,00,2,5,01,B01
201700022574,0,07,000,00,2,3,01,C01
201700022575,1,07,000,00,2,7,09,A01
201700022575,1,32,000,00,2,6,02,B01
201700022576,0,07,000,00,2,1,01,A01
201700022576,0,07,000,00,2,3,09,B01
201700022577,0,07,000,00,1,3,01,A01
201700022578,2,02,000,14,0,1,02,A01
201700022578,2,07,000,00,2,5,02,B01
201700022579,1,07,000,00,2,1,13,A01
201700022579,2,37,001,00,2,3,01,B01
201700022580,1,07,000,00,2,3,15,A01
201700022580,2,33,000,00,2,1,01,B01
201700022581,2,31,000,12,0,0,02,A01
201700022582,2,07,000,02,0,0,13,A01
201700022583,2,10,000,00,9,0,15,A01
201700022583,1,01,000,00,0,0,01,B01
201700022584,2,07,000,00,2,1,01,B01
201700022584,2,07,000,00,9,7,16,A01
201700022585,1,31,000,00,0,8,00,A01
201700022586,1,07,000,00,1,7,01,A01
201700022587,1,07,000,00,2,3,01,A01
201700022587,1,07,000,00,2,2,16,B01
201700022588,2,33,000,13,0,8,14,A01
201700022589,1,03,000,12,0,8,21,A01
201700022590,2,07,000,00,2,1,13,A01
201700022590,1,07,000,00,2,1,01,B01
201700022591,2,07,000,00,1,2,14,A01
201700022592,1,34,000,01,0,1,14,A01
201700022593,1,07,000,00,2,1,15,A01
201700022593,2,02,000,00,2,1,01,B01
201700022594,1,07,000,00,1,2,01,A01
201700022595,1,07,000,00,1,2,01,A01
201700022596,1,07,000,00,2,1,02,A01
201700022596,2,07,000,00,2,4,02,B01
201700022597,1,07,000,00,2,1,02,A01
201700022597,1,07,000,00,2,5,02,B01
201700022597,1,07,000,00,2,5,23,C01
201700022598,1,07,000,00,2,2,15,A01
201700022598,2,07,000,00,2,1,01,B01
201700022599,1,07,000,00,2,1,15,A01
201700022599,2,07,000,00,2,1,02,B01
201700022600,0,07,000,00,1,1,01,A01
201700022601,1,07,000,00,1,1,01,A01
201700022602,1,01,000,00,2,4,01,B01
201700022602,1,07,000,00,2,1,02,Z01
201700022603,1,07,000,00,2,7,15,A01
201700022603,2,07,000,08,2,3,01,B01
201700022604,2,07,000,08,0,2,14,A01
201700022605,2,10,000,00,2,1,01,A01
201700022605,1,33,000,00,2,4,23,B01
201700022606,2,07,000,00,2,2,01,B01
201700022606,2,07,000,00,2,3,16,A01
201700022607,2,07,000,00,2,2,01,A01
201700022607,2,07,000,00,2,3,01,B01
201700022607,1,07,000,00,2,3,01,C01
201700022608,1,07,000,00,2,0,16,A01
201700022608,1,01,000,00,2,0,01,B01
201700022609,2,07,000,00,1,1,16,A01
201700022610,2,07,000,00,2,8,01,B01
201700022610,1,07,000,00,2,8,13,A01
201700022611,0,07,000,00,2,1,01,A01
201700022611,0,01,000,00,2,1,00,B01
201700022612,0,07,000,14,0,7,14,A01
201700022613,1,07,000,12,0,2,01,A01
201700022614,1,07,000,00,2,1,13,A01
201700022614,2,07,000,00,2,1,01,B01
201700022615,2,07,000,02,2,7,01,B01
201700022615,1,07,000,00,2,1,19,A01
201700022616,0,01,000,00,2,4,00,A01
201700022616,0,07,000,00,2,0,00,Z01
201700022617,1,07,000,00,1,1,01,A01
201700022618,1,07,000,00,2,1,01,A01
201700022618,1,01,000,00,2,8,19,B01
201700022619,0,07,000,00,2,1,09,A01
201700022619,0,31,000,00,2,7,01,B01
201700022620,1,07,000,00,1,1,01,A01
201700022621,1,07,000,00,1,1,01,A01
201700022622,1,07,000,00,1,1,01,A01
201700022623,1,07,000,00,4,7,19,A01
201700022623,1,40,050,00,2,1,01,B01
201700022624,1,10,000,00,2,1,16,A01
201700022624,2,07,000,00,2,1,01,B01
201700022625,1,07,000,00,1,1,01,A01
201700022625,2,07,000,00,1,1,00,B01
201700022626,1,07,000,00,1,1,01,A01
201700022627,0,33,000,15,0,9,06,A01
201700022628,1,07,000,00,0,1,01,A01
201700022629,1,07,000,00,1,1,20,A01
201700022630,1,07,000,00,1,1,16,A01
201700022631,2,07,000,01,0,1,01,A01
201700022631,2,07,000,01,2,4,23,B01
201700022631,2,07,000,00,2,4,23,C01
201700022632,1,07,000,00,1,1,01,A01
201700022633,1,07,000,00,1,2,00,A01
201700022634,1,07,000,00,1,1,01,A01
201700022635,2,10,000,00,2,8,24,A01
201700022635,2,01,000,01,0,0,00,B01
201700022636,1,03,000,00,0,1,01,A01
201700022637,1,07,000,00,2,2,09,A01
201700022637,1,02,000,00,2,2,00,B01
201700022638,1,07,000,00,1,3,15,A01
201700022639,2,07,000,00,2,1,02,A01
201700022639,2,07,000,00,2,4,02,B01
201700022639,2,07,000,00,2,4,02,C01
201700022640,2,10,000,00,2,3,02,A01
201700022640,1,10,000,00,2,3,16,B01
201700022641,1,02,000,00,2,1,01,B01
201700022641,2,07,000,00,0,3,15,A01
201700022642,1,07,000,00,0,7,15,B01
201700022642,0,32,000,00,0,1,01,A01
201700022643,1,33,000,02,0,0,00,A01
201700022644,1,07,000,00,2,1,19,A01
201700022644,1,07,000,14,2,7,01,B01
201700022645,2,07,000,00,0,9,14,A01
201700022646,1,07,000,00,1,2,19,A01
201700022647,1,07,000,00,1,8,01,A01
201700022648,1,07,000,00,1,2,21,A01
201700022649,1,33,000,08,0,9,13,A01
201700022650,2,07,000,00,2,2,15,A01
201700022650,1,30,000,00,2,2,15,B01
201700022651,1,38,001,00,2,1,15,A01
201700022651,1,02,000,00,2,1,01,B01
201700022652,1,07,000,00,1,1,16,A01
201700022653,1,07,000,00,2,1,02,A01
201700022653,2,07,000,00,2,3,15,B01
201700022654,2,10,000,00,2,8,13,A01
201700022654,2,31,000,00,2,7,18,B01
201700022655,2,10,000,00,0,4,20,A01
201700022655,1,01,000,00,2,1,00,B01
201700022656,1,07,000,00,2,0,13,A01
201700022656,2,07,000,00,2,1,21,B01
201700022656,2,07,000,00,2,8,21,C01
201700022656,1,07,000,00,2,3,09,D01
201700022657,1,07,000,00,2,3,15,A01
201700022657,2,07,000,00,2,1,15,B01
201700022658,1,07,000,00,1,1,01,A01
201700022659,1,07,000,00,2,1,01,A01
201700022659,1,07,000,00,0,0,10,B01
201700022660,0,07,000,00,1,5,20,A01
201700022661,1,07,000,00,2,2,01,A01
201700022661,1,07,000,00,2,6,01,B01
201700022662,1,07,000,00,1,0,00,A01
201700022663,2,07,000,00,2,1,00,A01
201700022663,1,07,000,00,2,1,00,B01
201700022664,0,07,000,00,2,5,04,A01
201700022664,0,07,000,00,2,1,01,B01
201700022665,1,07,000,00,2,1,02,A01
201700022665,1,07,000,00,2,4,02,B01
201700022666,0,07,000,00,1,4,04,A01
201700022667,1,07,000,00,2,1,15,A01
201700022667,2,07,000,00,2,1,01,B01
201700022668,0,07,000,00,1,1,01,A01
201700022669,0,07,000,01,1,4,04,A01
201700022670,1,07,000,00,2,1,02,A01
201700022670,1,07,000,00,2,4,02,B01
201700022671,1,33,000,00,0,0,02,A01
201700022672,1,07,000,00,2,3,01,B01
201700022672,1,07,000,00,2,1,01,A01
201700022673,1,07,000,00,0,2,02,A01
201700022673,1,07,000,00,0,6,02,B01
201700022674,2,07,000,00,2,3,15,A01
201700022674,1,07,000,00,2,8,01,B01
201700022675,2,01,000,00,2,1,02,B01
201700022675,2,07,000,00,9,0,00,Z01
201700022676,2,07,000,00,1,3,01,A01
201700022677,2,07,000,00,1,3,01,A01
201700022678,1,07,000,00,2,8,13,A01
201700022678,1,07,000,00,2,1,01,B01
201700022679,1,07,000,00,2,1,09,A01
201700022679,2,07,000,00,2,5,15,B01
201700022680,2,07,000,00,2,2,09,A01
201700022680,2,30,000,00,2,8,01,B01
201700022681,1,03,000,16,1,2,09,A01
201700022682,1,07,000,00,9,1,02,A01
201700022682,1,07,000,00,2,1,02,B01
201700022682,1,07,000,00,2,4,02,C01
201700022683,2,20,000,00,1,1,15,A01
201700022684,2,33,000,00,2,1,17,A01
201700022684,2,07,000,00,0,8,15,B01
201700022685,1,07,000,00,1,1,02,A01
201700022686,2,07,000,00,2,2,02,B01
201700022686,2,07,000,00,2,3,01,A01
201700022687,1,07,000,00,1,4,04,A01
201700022688,1,07,000,00,2,2,15,A01
201700022688,1,01,000,00,2,1,15,B01
201700022689,1,07,000,00,2,1,01,A01
201700022689,1,07,000,00,2,8,01,B01
201700022690,1,07,000,00,2,1,15,A01
201700022690,2,02,000,00,2,8,02,B01
201700022691,1,07,000,00,2,2,15,A01
201700022691,1,15,000,00,2,1,21,B01
201700022692,1,07,000,00,2,1,01,A01
201700022692,2,07,000,00,2,8,01,B01
201700022693,0,07,000,00,1,4,20,A01
201700022694,2,07,000,00,0,0,09,A01
201700022694,1,33,000,00,0,0,21,B01
201700022695,1,07,000,00,2,8,01,A01
201700022695,2,07,000,00,2,1,09,B01
201700022696,1,10,000,00,2,4,04,A01
201700022696,1,33,000,00,2,1,02,B01
201700022697,1,07,000,00,1,6,04,A01
201700022698,1,07,000,00,2,4,02,A01
201700022698,1,07,000,00,2,4,02,B01
201700022698,1,07,000,00,2,1,02,C01
201700022699,1,07,000,00,1,1,23,A01
201700022700,1,31,000,00,0,7,09,A01
201700022701,1,07,000,00,1,6,04,A01
201700022702,1,07,000,00,2,1,09,A01
201700022702,1,07,000,00,2,8,01,B01
201700022703,2,07,000,08,1,2,21,A01
201700022704,2,07,000,00,0,0,19,A01
201700022704,2,07,000,00,2,4,21,B01
201700022704,1,07,000,00,2,1,21,C01
201700022705,1,07,000,00,0,1,21,A01
201700022705,1,07,000,00,0,4,21,B01
201700022706,2,07,000,00,1,1,19,A01
201700022707,1,07,000,00,1,4,20,A01
201700022708,2,07,000,00,2,1,02,A01
201700022708,2,07,000,00,2,4,02,B01
201700022709,2,07,000,06,0,1,01,A01
201700022710,1,07,000,00,2,1,02,A01
201700022710,1,07,000,00,2,5,02,B01
201700022711,0,07,000,00,2,1,13,A01
201700022711,0,07,000,00,2,1,01,B01
201700022712,0,07,000,07,2,1,01,A01
201700022712,0,07,000,00,0,6,01,B01
201700022713,0,07,000,00,2,3,21,A01
201700022713,0,07,000,00,2,6,21,B01
201700022714,1,07,000,00,2,3,02,A01
201700022714,1,33,000,00,0,4,15,B01
201700022715,0,10,000,00,9,2,17,A01
201700022715,0,01,000,00,0,4,01,B01
201700022716,2,32,000,00,2,1,01,B01
201700022716,2,07,000,00,2,3,15,A01
201700022717,0,07,000,00,2,0,01,A01
201700022717,0,30,000,00,2,0,01,B01
201700022718,1,07,000,00,2,2,09,A01
201700022718,2,33,000,00,2,3,02,B01
201700022719,2,14,000,00,2,1,01,A01
201700022719,2,07,000,00,2,1,01,B01
201700022719,2,14,000,00,0,4,01,C01
201700022720,1,07,000,00,2,1,05,A01
201700022720,2,07,000,00,2,1,05,B01
201700022721,2,07,000,00,1,1,01,A01
201700022722,0,14,000,00,2,1,23,A01
201700022722,0,07,000,01,0,1,01,B01
201700022723,0,02,000,00,2,8,15,A01
201700022723,0,07,000,00,2,1,01,B01
201700022724,2,07,000,02,0,5,14,A01
201700022725,1,07,000,15,0,3,01,A01
201700022726,1,02,000,00,6,1,00,A01
201700022727,1,07,000,00,2,3,15,A01
201700022727,1,02,000,00,2,0,01,B01
201700022728,1,07,000,00,9,8,22,A01
201700022728,1,01,000,01,0,1,01,B01
201700022729,0,07,000,15,0,1,13,A01
201700022730,1,07,000,00,2,2,19,A01
201700022730,1,07,000,00,2,1,01,B01
201700022731,1,07,000,00,2,1,01,A01
201700022731,2,07,000,00,2,1,01,B01
201700022732,1,07,000,00,2,8,15,A01
201700022732,1,14,000,00,2,3,01,B01
201700022733,0,30,000,00,2,1,01,A01
201700022733,0,07,000,00,2,8,01,B01
201700022734,2,10,000,15,0,1,14,A01
201700022735,1,33,000,13,0,1,01,A01
201700022736,1,33,000,00,2,1,01,A01
201700022736,1,07,000,00,0,6,01,B01
201700022737,1,01,000,00,2,8,01,B01
201700022737,1,21,000,00,2,5,17,A01
201700022738,0,07,000,00,2,1,01,B01
201700022738,0,07,000,00,2,8,15,A01
201700022739,0,07,000,00,1,1,16,A01
201700022740,1,07,000,03,0,2,01,A01
201700022741,1,07,000,00,2,2,01,B01
201700022741,2,07,000,00,2,2,13,A01
201700022742,0,33,000,00,2,1,01,A01
201700022742,0,07,000,00,0,4,01,B01
201700022743,2,07,000,04,0,2,01,A01
201700022744,0,02,000,14,2,7,17,A01
201700022744,0,03,000,00,2,3,15,B01
201700022745,1,01,000,00,2,1,19,A01
201700022745,1,07,000,00,2,7,01,B01
201700022746,2,07,000,02,0,1,01,A01
201700022747,2,33,000,00,0,0,16,A01
201700022748,1,07,000,00,2,3,01,B01
201700022748,1,33,000,00,0,7,17,A01
201700022749,2,07,000,02,0,2,01,A01
201700022750,2,07,000,00,2,1,01,B01
201700022750,1,07,000,00,2,1,11,A01
201700022751,0,02,000,00,2,3,05,A01
201700022752,2,07,000,15,0,1,13,A01
201700022753,0,07,000,00,2,1,02,B01
201700022753,0,33,000,00,2,4,02,A01
201700022754,1,07,000,00,0,1,01,A01
201700022755,2,07,000,01,0,3,00,A01
201700022756,1,07,000,00,0,9,01,A01
201700022757,1,33,000,00,2,1,17,A01
201700022757,2,07,000,00,2,3,14,B01
201700022758,1,07,000,00,2,8,15,A01
201700022758,0,33,000,00,2,1,01,B01
201700022759,0,02,000,00,2,1,01,A01
201700022759,0,07,000,00,2,3,00,B01
201700022760,0,07,000,00,2,4,02,A01
201700022760,0,31,000,00,2,1,02,B01
201700022761,1,07,000,06,0,1,01,A01
201700022762,2,07,000,00,2,1,13,A01
201700022762,1,07,000,00,2,1,00,B01
201700022763,1,10,000,00,2,3,13,A01
201700022763,2,10,000,00,2,8,01,B01
201700022764,0,07,000,00,1,1,15,A01
201700022765,1,07,000,00,2,1,02,A01
201700022765,1,10,000,03,2,4,02,B01
201700022765,1,10,000,00,2,4,02,C01
201700022765,1,07,000,00,0,4,02,D01
201700022766,0,07,000,00,0,4,23,C01
201700022766,0,33,000,01,0,1,01,A01
201700022766,0,07,000,00,0,4,23,B01
201700022767,0,10,000,00,1,1,01,A01
201700022768,0,33,000,00,0,0,01,A01
201700022769,0,07,000,06,1,3,14,A01
201700022770,0,01,000,00,2,1,13,B01
201700022770,0,07,000,00,9,2,17,A01
201700022771,0,15,000,00,2,3,01,B01
201700022771,0,07,000,00,2,1,13,A01
201700022772,0,30,000,06,0,2,14,A01
201700022773,0,33,000,00,0,0,03,A01
201700022774,0,07,000,00,2,5,20,B01
201700022774,0,02,000,00,2,7,01,A01
201700022775,0,07,000,00,1,1,01,A01
201700022776,1,07,000,00,2,3,13,A01
201700022776,2,10,000,00,2,2,01,B01
201700022777,2,07,000,13,0,3,13,A01
201700022778,1,07,000,00,1,3,01,A01
201700022779,0,02,000,00,9,2,01,A01
201700022779,0,01,000,00,2,1,01,B01
201700022780,1,10,000,00,2,2,15,A01
201700022780,2,33,000,00,2,1,01,B01
201700022781,1,07,000,00,2,2,15,A01
201700022781,2,01,000,00,2,7,01,B01
201700022782,1,07,000,00,2,1,01,A01
201700022782,2,31,000,00,2,1,05,B01
201700022783,0,33,000,00,0,2,00,A01
201700022784,0,07,000,09,1,1,24,A01
201700022785,2,07,000,00,2,3,01,B01
201700022785,1,07,000,00,2,3,01,A01
201700022786,1,07,000,00,2,3,17,A01
201700022786,2,15,000,00,2,3,01,B01
201700022787,0,33,000,00,2,1,01,A01
201700022787,0,14,000,00,2,8,15,B01
201700022788,0,38,001,00,1,5,01,A01
201700022789,1,07,000,00,2,8,01,B01
201700022789,2,07,000,00,2,1,13,A01
201700022789,1,10,000,00,2,1,01,C01
201700022790,1,07,000,00,2,1,13,A01
201700022790,2,07,000,00,2,1,01,B01
201700022791,1,07,000,00,9,3,00,A01
201700022791,1,01,000,00,0,4,01,B01
201700022792,1,33,000,15,0,1,01,A01
201700022793,2,07,000,00,2,8,09,A01
201700022793,1,33,000,00,2,2,01,B01
201700022794,0,07,000,00,2,2,19,B01
201700022794,1,31,000,00,2,1,17,A01
201700022795,2,10,000,00,2,3,01,B01
201700022795,1,07,000,00,2,3,13,A01
201700022796,2,07,000,13,0,3,16,A01
201700022797,1,07,000,00,2,1,15,A01
201700022797,2,31,000,00,2,1,01,B01
201700022798,1,07,000,00,2,3,13,A01
201700022798,2,33,000,00,2,1,16,B01
201700022799,1,07,000,00,2,2,01,B01
201700022799,1,07,000,00,2,6,15,A01
201700022799,2,07,000,08,2,3,01,C01
201700022800,2,07,000,00,2,1,01,C01
201700022800,1,10,000,00,2,1,21,A01
201700022800,1,07,000,00,0,6,23,B01
201700022801,2,07,000,00,2,3,00,A01
201700022801,1,07,000,00,2,8,00,B01
201700022802,1,07,000,03,0,1,01,A01
201700022803,1,33,000,16,0,1,01,A01
201700022804,2,33,000,13,0,7,01,A01
201700022805,1,10,000,02,0,1,01,A01
201700022806,1,07,000,00,2,2,15,B01
201700022806,1,33,000,00,2,6,01,A01
201700022807,1,33,000,00,0,2,01,A01
201700022808,2,07,000,00,2,2,19,A01
201700022808,1,33,000,00,2,1,01,B01
201700022809,1,33,000,00,2,4,01,A01
201700022809,2,07,000,00,2,2,01,B01
201700022810,1,07,000,00,0,2,01,B01
201700022810,2,33,000,00,0,1,13,A01
201700022811,1,07,000,00,0,2,00,A01
201700022811,1,33,000,00,0,1,00,B01
201700022812,1,07,000,02,0,8,01,A01
201700022813,1,07,000,00,2,1,01,A01
201700022813,1,07,000,00,2,1,01,B01
201700022814,0,07,000,00,2,2,15,A01
201700022814,0,33,000,00,2,1,01,B01
201700022815,0,07,000,00,1,5,04,A01
201700022816,1,33,000,00,2,1,01,A01
201700022816,2,07,000,00,2,1,15,B01
201700022817,1,07,000,00,1,1,01,A01
201700022818,2,07,000,00,2,8,10,A01
201700022818,1,14,000,00,2,2,21,B01
201700022819,1,07,000,00,2,1,01,A01
201700022820,2,34,000,00,2,1,01,A01
201700022820,2,10,000,00,2,2,15,B02
201700022821,0,07,000,00,2,8,01,B01
201700022821,0,07,000,00,2,1,01,A01
201700022822,2,36,000,00,2,1,09,A01
201700022822,2,07,000,00,2,7,01,B01
201700022823,0,07,000,00,2,2,17,A01
201700022823,0,02,000,00,2,8,01,B01
201700022824,0,07,000,02,0,1,01,A01
201700022825,0,07,000,00,1,1,01,A01
201700022826,1,31,000,00,2,1,21,B01
201700022826,2,07,000,00,2,2,15,A01
201700022827,1,01,000,00,2,1,01,B01
201700022827,0,07,000,00,9,8,19,A01
201700022828,1,15,000,00,9,7,17,A01
201700022828,1,01,000,00,0,8,02,B01
201700022829,0,34,000,00,1,1,01,A01
201700022830,1,07,000,00,2,8,10,A01
201700022830,1,07,000,00,2,1,01,B01
201700022831,0,07,000,00,1,1,01,A01
201700022832,2,07,000,00,2,3,06,A01
201700022832,1,07,000,00,2,3,01,B01
201700022833,1,07,000,08,0,1,01,A01
201700022834,0,07,000,06,0,1,06,A01
201700022835,1,07,000,00,1,3,01,A01
201700022836,1,02,000,00,2,1,15,A01
201700022836,2,07,000,00,2,8,01,B01
201700022837,1,07,000,00,2,1,19,B01
201700022837,0,07,000,00,2,8,19,A01
201700022838,1,07,000,00,2,2,19,B01
201700022838,1,07,000,00,2,3,19,A01
201700022839,0,07,000,00,1,1,01,A01
201700022840,1,07,000,00,2,2,01,B01
201700022840,0,07,000,00,2,3,09,A01
201700022841,0,07,000,00,1,4,04,A01
201700022842,0,07,000,00,2,2,15,A01
201700022842,0,07,000,00,2,2,01,B01
201700022843,0,07,000,00,2,2,17,A01
201700022843,0,07,000,00,2,8,15,B01
201700022844,0,01,000,00,2,1,00,B01
201700022844,0,07,000,00,2,5,00,A01
201700022845,0,07,000,00,2,7,17,A01
201700022845,0,01,000,00,2,8,15,B01
201700022846,0,07,000,00,1,1,01,A01
201700022847,1,07,000,00,2,1,01,A01
201700022847,0,07,000,00,2,7,01,B01
201700022848,1,07,000,00,2,8,00,A01
201700022848,1,02,000,00,2,1,00,B01
201700022849,0,07,000,00,2,1,02,A01
201700022849,0,07,000,00,2,4,02,B01
201700022849,0,07,000,00,2,1,02,C01
201700022850,1,07,000,00,1,1,00,A01
201700022851,0,07,000,06,0,3,16,A01
201700022852,0,07,000,00,2,3,13,A01
201700022852,0,07,000,00,2,8,00,B01
201700022852,0,07,000,00,2,3,00,C01
201700022852,0,07,000,00,2,3,00,D01
201700022853,0,07,000,00,2,1,15,A01
201700022853,0,07,000,00,2,3,01,B01
201700022854,0,37,001,00,1,2,00,A01
201700022855,1,07,000,00,2,1,02,A01
201700022855,1,07,000,00,2,4,02,B01
201700022856,0,07,000,00,1,7,01,A01
201700022857,0,01,000,00,2,1,01,B01
201700022857,0,07,000,00,0,8,09,A01
201700022858,0,02,000,00,2,1,00,A01
201700022858,0,07,000,00,2,6,00,B01
201700022859,0,07,000,00,1,1,01,A01
201700022860,0,07,000,00,2,2,01,A01
201700022860,0,01,000,00,0,0,00,B01
201700022861,0,07,000,00,2,1,05,A01
201700022861,0,07,000,00,2,8,00,B01
201700022862,2,01,000,00,2,3,00,A01
201700022862,1,30,000,00,2,2,01,B01
201700022863,1,07,000,00,2,1,02,A01
201700022863,1,07,000,00,2,4,02,B01
201700022864,0,07,000,00,2,6,00,B01
201700022864,0,07,000,00,2,1,00,A01
201700022865,1,07,000,00,2,2,00,B01
201700022865,0,07,000,00,2,7,00,A01
201700022866,0,07,000,00,2,1,02,A01
201700022866,0,07,000,00,2,4,02,B01
201700022867,1,07,000,00,2,8,09,A01
201700022867,1,07,000,00,2,2,01,B01
201700022868,0,07,000,00,2,3,00,A01
201700022868,0,32,000,00,2,1,00,B01
201700022869,0,07,000,00,2,7,01,A01
201700022869,0,01,000,00,2,7,09,B01
201700022870,0,07,000,00,1,2,00,A01
201700022871,1,15,000,00,2,3,00,A01
201700022871,1,02,000,00,2,1,00,B02
201700022872,1,01,000,00,2,1,00,B01
201700022872,0,07,000,00,2,1,00,A01
201700022873,0,07,000,00,2,6,01,A01
201700022873,0,01,000,00,2,1,09,B01
201700022874,0,07,000,06,2,8,09,A01
201700022874,0,07,000,00,2,1,01,B01
201700022875,1,07,000,00,2,1,02,A01
201700022875,1,07,000,00,1,1,02,B01
201700022876,0,07,000,00,2,1,02,A01
201700022876,0,07,000,00,2,4,02,B01
201700022877,0,07,000,00,2,8,09,A01
201700022877,0,31,000,00,2,7,01,B01
201700022878,1,07,000,00,2,1,02,A01
201700022878,1,07,000,00,2,4,02,B01
201700022878,1,07,000,00,2,4,02,C01
201700022879,0,07,000,00,2,2,09,A01
201700022879,0,07,000,00,2,5,01,B01
201700022880,1,07,000,00,2,2,01,B01
201700022880,1,07,000,00,2,1,01,A01
201700022881,0,07,000,00,1,7,01,A01
201700022882,1,07,000,00,1,2,15,A01
201700022883,1,07,000,00,2,8,01,A01
201700022883,2,31,000,00,2,1,13,B01
201700022884,0,33,000,00,2,1,01,A01
201700022884,0,07,000,00,2,5,15,B01
201700022885,0,07,000,00,2,1,02,A01
201700022885,0,07,000,00,2,4,02,B01
201700022886,1,07,000,00,2,1,00,A01
201700022886,1,07,000,00,2,1,00,B01
201700022887,0,07,000,01,2,7,00,B01
201700022887,0,07,000,00,2,1,00,A01
201700022888,0,07,000,06,0,1,00,A01
201700022889,0,07,000,01,2,2,00,B01
201700022889,0,07,000,00,2,1,19,A01
201700022890,0,07,000,00,2,2,01,B01
201700022890,0,07,000,00,2,2,15,A01
201700022891,0,07,000,00,2,1,00,B01
201700022891,0,10,000,00,2,2,19,A01
201700022892,1,10,000,00,2,1,02,A01
201700022892,1,07,000,00,2,4,02,B01
201700022893,1,07,000,00,2,4,02,A01
201700022893,1,02,000,00,2,1,02,B01
201700022894,0,07,000,00,2,1,00,A01
201700022894,0,07,000,00,2,3,00,B01
201700022895,0,07,000,00,2,1,01,A01
201700022895,1,07,000,00,2,2,01,B01
201700022896,1,07,000,00,2,1,02,A01
201700022896,1,07,000,06,1,4,02,B01
201700022897,0,07,000,00,2,1,02,A01
201700022897,0,07,000,00,2,4,02,B01
201700022898,0,07,000,00,2,2,00,A01
201700022898,0,01,000,00,2,1,00,B01
201700022899,0,07,000,15,1,1,14,A01
201700022900,0,07,000,00,2,1,02,A01
201700022900,0,07,000,00,2,4,02,B01
201700022901,1,07,000,00,2,1,02,A01
201700022901,1,07,000,00,2,4,02,B01
201700022901,1,07,000,00,2,4,02,C01
201700022902,0,07,000,00,2,2,02,B01
201700022902,0,01,000,00,2,1,19,A01
201700022903,0,07,000,00,2,6,09,A01
201700022903,0,07,000,00,2,2,01,B01
201700022904,0,07,000,00,2,1,02,A01
201700022904,0,07,000,00,2,4,02,B01
201700022905,0,01,000,00,1,1,16,A01
201700022906,1,07,000,00,2,1,02,A01
201700022906,1,07,000,00,2,4,02,B01
201700022907,0,07,000,00,1,2,00,A01
201700022908,0,07,000,00,1,1,00,A01
201700022909,0,07,000,01,2,3,16,A01
201700022909,0,07,000,00,2,1,01,B01
201700022910,0,30,000,00,2,1,14,A01
201700022910,0,15,000,00,2,6,02,B01
201700022911,1,07,000,00,2,1,01,A01
201700022911,1,01,000,00,2,8,19,B01
201700022912,0,07,000,00,2,7,09,A01
201700022912,0,07,000,00,2,3,01,B01
201700022913,0,07,000,00,1,3,15,A01
201700022914,1,07,000,00,2,3,10,A01
201700022914,1,31,000,00,2,1,02,B01
201700022915,0,07,000,00,2,8,00,A01
201700022915,0,07,000,00,2,8,00,B01
201700022916,1,07,000,06,0,1,00,A01
201700022917,1,07,000,00,2,1,01,B01
201700022917,0,07,000,00,2,5,19,A01
201700022917,0,07,000,00,2,3,23,C01
201700022918,1,10,000,00,2,1,02,A01
201700022918,1,07,000,00,2,4,02,B01
201700022919,0,07,000,00,2,1,19,A01
201700022919,0,02,000,00,2,3,00,B01
201700022920,0,07,000,00,1,4,00,A01
201700022921,2,07,000,00,2,1,01,B01
201700022921,0,07,000,00,2,1,09,A01
201700022922,0,07,000,00,1,4,20,A01
201700022923,1,07,000,00,2,0,01,B01
201700022923,0,07,000,15,2,8,09,A01
201700022924,2,07,000,07,2,1,01,A01
201700022924,1,16,000,00,2,2,00,B01
201700022925,0,32,000,00,2,9,00,B01
201700022925,0,07,000,00,2,0,00,A01
201700022926,0,07,000,00,1,0,00,A01
201700022927,0,07,000,00,1,1,01,A01
201700022928,0,07,000,00,1,1,01,A01
201700022929,0,07,000,00,2,0,09,A01
201700022929,0,07,000,00,2,0,01,B01
201700022930,0,33,000,00,2,0,01,B01
201700022930,0,07,000,00,2,0,09,A01