Num_Acc,senc,catv,occutc,obs,obsm,choc,manv,num_veh
201700022931,0,07,000,00,2,0,09,A01
201700022931,0,32,000,00,2,0,01,B01
201700022932,0,07,000,00,2,1,15,A01
201700022932,0,33,000,00,2,9,01,B01
201700022933,0,01,000,00,2,1,01,B01
201700022933,0,07,000,00,2,1,09,A01
201700022934,2,07,000,00,2,1,01,B01
201700022934,2,07,000,00,2,1,09,A01
201700022935,0,07,000,00,2,0,10,A01
201700022935,0,33,000,00,2,0,01,B01
201700022936,0,07,000,07,2,3,01,A01
201700022936,0,07,000,00,2,0,15,B01
201700022937,2,07,000,00,2,1,01,A01
201700022937,1,14,000,00,2,1,01,B01
201700022938,0,01,000,00,2,1,01,A01
201700022938,0,07,000,00,2,7,16,B01
201700022939,1,07,000,00,2,2,15,A01
201700022939,2,07,000,00,2,1,01,B01
201700022940,1,10,000,00,2,8,09,A01
201700022940,2,33,000,00,2,1,01,B01
201700022941,2,10,000,00,2,4,01,A01
201700022941,2,33,000,00,2,1,01,B01
201700022942,0,31,000,00,2,7,00,A01
201700022942,0,07,000,00,2,1,01,B01
201700022943,2,07,000,00,2,9,17,A01
201700022943,2,07,000,00,2,4,01,B01
201700022943,2,15,000,00,2,1,01,C01
201700022944,0,32,000,00,2,3,00,B01
201700022944,0,07,000,00,2,3,09,A01
201700022945,2,14,000,00,2,1,01,A01
201700022945,2,14,000,00,2,4,02,B01
201700022945,2,07,000,00,2,4,02,C01
201700022946,1,07,000,00,0,9,01,A01
201700022947,0,07,000,00,2,1,15,A01
201700022947,0,32,000,00,2,0,01,B01
201700022948,0,10,000,00,1,4,20,A01
201700022949,0,07,000,00,2,2,01,B01
201700022949,0,30,000,00,2,1,00,A01
201700022950,1,07,000,00,2,1,11,A01
201700022950,1,33,000,00,2,4,02,B01
201700022951,0,07,000,00,2,3,01,A01
201700022951,0,07,000,00,2,3,01,B01
201700022952,0,07,000,00,1,0,01,A01
201700022953,0,07,000,00,1,0,01,A01
201700022954,1,07,000,00,2,9,01,B01
201700022954,1,07,000,00,2,9,01,A01
201700022955,1,07,000,00,2,1,05,A01
201700022955,2,07,000,00,2,1,01,B01
201700022955,2,07,000,01,0,3,01,C01
201700022956,0,07,000,00,2,0,09,A01
201700022956,0,33,000,00,2,1,01,B01
201700022957,2,07,000,00,2,9,13,A01
201700022957,1,10,000,00,2,6,01,B01
201700022957,1,07,000,00,2,1,17,C01
201700022957,1,07,000,00,2,1,01,D01
201700022958,2,30,000,00,2,7,09,A01
201700022958,1,31,000,00,2,1,01,B01
201700022959,2,07,000,00,2,3,09,A01
201700022959,2,01,000,00,2,1,01,B01
201700022960,0,07,000,00,1,2,16,A01
201700022961,2,10,000,00,2,1,01,A01
201700022961,2,07,000,00,2,1,01,B01
201700022961,2,07,000,00,2,4,01,C01
201700022962,0,33,000,00,2,1,01,B01
201700022962,0,07,000,00,2,3,01,C01
201700022962,0,07,000,00,2,5,09,A01
201700022963,0,01,000,00,2,0,01,B01
201700022963,0,07,000,00,2,0,09,A01
201700022964,0,07,000,00,1,1,01,A01
201700022965,0,07,000,00,2,1,01,A01
201700022965,0,31,000,00,2,0,15,B01
201700022966,0,07,000,00,2,1,15,A01
201700022966,0,31,000,00,2,0,01,Z01
201700022967,0,07,000,00,1,0,09,A01
201700022968,0,07,000,00,2,1,02,A01
201700022968,0,02,000,00,2,9,02,B01
201700022968,0,07,000,00,2,4,02,C01
201700022969,1,07,000,00,0,2,00,A01
201700022970,0,07,000,00,2,3,15,A01
201700022970,0,34,000,00,2,6,01,B01
201700022971,2,33,000,06,0,1,15,A01
201700022972,1,02,000,00,2,5,01,A01
201700022972,1,07,000,00,2,2,15,B01
201700022973,2,17,000,00,0,0,01,A01
201700022973,1,07,000,00,9,3,01,B01
201700022974,1,07,000,02,2,3,01,A01
201700022974,2,07,000,00,2,3,01,B01
201700022975,2,07,000,00,2,8,19,A01
201700022975,1,15,000,00,2,1,13,B01
201700022976,2,07,000,00,2,1,17,A01
201700022976,1,07,000,00,0,0,24,B01
201700022976,1,07,000,00,2,1,01,C01
201700022976,2,07,000,00,2,1,17,D01
201700022977,1,07,000,13,0,1,01,A01
201700022978,0,07,000,00,2,2,01,B01
201700022978,0,07,000,00,2,2,05,A01
201700022979,1,34,000,00,2,3,21,B01
201700022979,2,10,000,00,0,6,09,A01
201700022980,0,07,000,13,0,1,01,A01
201700022981,0,15,000,00,2,3,01,B01
201700022981,0,10,000,00,2,3,13,A01
201700022982,0,02,000,00,0,0,16,A01
201700022983,0,07,000,00,0,5,01,B01
201700022983,0,34,000,01,0,1,18,A01
201700022984,1,10,000,01,2,2,02,B01
201700022984,1,10,000,00,2,3,10,A01
201700022985,1,02,000,15,0,7,15,A01
201700022986,0,07,000,09,1,2,14,A01
201700022987,2,07,000,00,2,3,05,A01
201700022987,1,10,000,00,2,3,01,B01
201700022988,1,07,000,00,2,3,01,B01
201700022988,2,07,000,00,2,3,11,A01
201700022989,2,07,000,00,9,2,16,A01
201700022989,2,01,000,00,2,1,01,B01
201700022990,2,07,000,00,2,2,02,A01
201700022990,2,01,000,00,2,4,02,B01
201700022991,0,01,000,00,2,4,00,B01
201700022991,0,07,000,00,9,3,19,A01
201700022992,0,07,000,00,1,2,01,A01
201700022993,1,07,000,00,2,1,19,B01
201700022993,2,02,000,00,2,2,01,A01
201700022994,0,17,000,00,2,3,01,B01
201700022994,0,07,000,00,2,1,00,A01
201700022995,0,07,000,06,0,2,01,A01
201700022996,1,01,000,00,0,1,01,A01
201700022997,2,01,000,00,2,1,05,A01
201700022997,1,34,000,00,2,1,01,B01
201700022998,2,07,000,00,1,6,01,A01
201700022999,2,15,000,00,1,2,01,A01
201700023000,0,33,000,01,2,1,13,A01
201700023000,0,15,000,01,2,4,23,C01
201700023000,0,17,000,00,2,3,01,B01
201700023001,1,07,000,00,0,0,01,A01
201700023002,1,07,000,13,0,3,01,A01
201700023003,1,07,000,03,0,7,09,A01
201700023004,1,07,000,00,2,3,09,A01
201700023004,2,07,000,00,2,2,01,B01
201700023005,2,01,000,00,0,4,01,A01
201700023005,2,07,000,00,2,1,16,B01
201700023006,2,07,000,06,0,2,01,A01
201700023007,0,34,000,00,2,1,17,A01
201700023007,0,07,000,00,2,3,15,B01
201700023008,1,07,000,13,0,1,01,A01
201700023009,1,34,000,00,2,1,01,A01
201700023009,1,07,000,00,0,4,01,B01
201700023010,1,10,000,00,1,2,02,A01
201700023011,0,34,000,12,0,7,01,A01
201700023012,1,30,000,06,0,2,00,A01
201700023013,1,33,000,00,2,1,01,A01
201700023013,1,01,000,00,0,4,13,B01
201700023014,2,07,000,00,2,8,01,A01
201700023014,1,07,000,15,2,3,01,B01
201700023015,2,33,000,05,0,1,01,A01
201700023016,2,33,000,08,0,1,02,A01
201700023017,1,33,000,00,2,1,13,A01
201700023017,2,01,000,00,2,1,01,B01
201700023018,0,02,000,08,0,1,01,A01
201700023019,2,02,000,00,2,2,09,A01
201700023019,2,07,000,00,2,3,01,B01
201700023020,1,07,000,00,2,1,13,A01
201700023020,2,01,000,00,2,1,01,B01
201700023021,1,07,000,06,0,7,01,A01
201700023022,2,01,000,00,2,5,17,A01
201700023022,2,37,001,00,9,8,15,B01
201700023023,1,07,000,03,0,7,01,A01
201700023024,1,32,000,00,2,1,05,A01
201700023024,2,07,000,00,2,3,01,B01
201700023025,2,31,000,00,0,8,01,A01
201700023026,2,13,000,04,0,1,01,A01
201700023027,2,07,000,02,0,7,01,A01
201700023028,1,07,000,15,0,3,13,A01
201700023029,0,07,000,00,1,1,16,A01
201700023030,1,07,000,00,0,2,02,A01
201700023030,1,01,000,00,2,8,02,B01
201700023031,0,07,000,00,1,7,16,A01
201700023032,0,07,000,06,2,2,17,A01
201700023032,0,07,000,00,2,3,15,B01
201700023033,0,07,000,00,1,2,17,A01
201700023034,2,33,000,00,2,1,01,B01
201700023034,2,07,000,00,2,1,19,A01
201700023034,2,07,000,00,2,6,01,C01
201700023035,0,01,000,00,2,2,00,B01
201700023035,0,07,000,00,9,3,00,A01
201700023036,0,07,000,00,1,3,00,A01
201700023037,0,01,000,01,0,1,02,B01
201700023037,0,07,000,00,2,4,23,A01
201700023038,0,02,000,00,0,4,15,A01
201700023038,0,07,000,00,2,3,02,B01
201700023039,1,07,000,00,2,3,09,A01
201700023039,2,07,000,00,2,1,01,B01
201700023040,0,07,000,02,0,2,01,A01
201700023041,1,07,000,05,2,2,01,B01
201700023041,1,07,000,07,2,1,15,A01
201700023042,1,10,000,00,1,2,01,A01
201700023043,0,14,000,00,1,2,16,A01
201700023044,0,07,000,02,0,1,01,A01
201700023045,2,17,000,13,0,2,01,A01
201700023046,0,07,000,00,9,0,00,A01
201700023046,2,01,000,00,2,1,01,B01
201700023047,0,07,000,00,2,3,09,A01
201700023047,0,33,000,00,2,7,01,B01
201700023048,2,07,000,13,0,2,01,A01
201700023049,1,17,000,00,2,1,15,A01
201700023049,2,33,000,00,2,1,01,B01
201700023050,0,33,000,00,0,0,01,A01
201700023050,0,99,000,00,9,4,19,B01
201700023051,0,02,000,05,0,2,01,A01
201700023052,0,07,000,08,0,8,02,A01
201700023053,0,07,000,06,0,1,00,A01
201700023054,0,33,000,12,0,1,00,A01
201700023055,0,07,000,00,9,0,17,A01
201700023055,0,01,000,00,0,8,02,B01
201700023056,2,07,000,08,0,3,01,A01
201700023057,0,14,000,00,0,0,00,A01
201700023058,2,07,000,00,2,3,01,B01
201700023058,1,07,000,00,2,3,01,A01
201700023059,0,07,000,00,1,3,15,A01
201700023060,2,07,000,13,0,1,01,A01
201700023061,1,07,000,00,2,2,21,A01
201700023061,1,33,000,00,0,4,01,B01
201700023062,2,07,000,13,0,2,00,A01
201700023063,1,07,000,13,0,1,01,A01
201700023064,2,07,000,00,2,2,02,A01
201700023064,2,14,000,00,2,6,02,B01
201700023065,1,07,000,00,2,2,00,A01
201700023065,1,15,000,00,2,6,01,B01
201700023066,1,07,000,04,0,3,01,A01
201700023067,2,07,000,04,0,8,01,A01
201700023068,2,07,000,13,0,2,01,A01
201700023069,2,07,000,03,9,3,01,A01
201700023070,2,07,000,04,0,3,01,A01
201700023071,1,07,000,04,2,2,01,A01
201700023071,1,17,000,00,0,6,01,B01
201700023072,2,07,000,03,0,2,01,A01
201700023073,2,17,000,00,0,7,14,A01
201700023074,2,33,000,11,0,1,01,A01
201700023075,0,07,000,00,1,1,06,A01
201700023076,0,33,000,00,2,1,01,B01
201700023076,0,07,000,00,2,0,00,A01
201700023077,0,07,000,00,2,1,09,A01
201700023077,0,02,000,00,0,7,01,B01
201700023078,0,01,000,00,2,1,01,A01
201700023078,0,07,000,00,2,0,00,B01
201700023079,0,07,000,00,1,0,00,A01
201700023080,0,07,000,00,0,0,00,B01
201700023080,0,07,000,00,0,0,00,A01
201700023081,0,07,000,00,1,4,20,A01
201700023082,0,07,000,00,1,1,01,A01
201700023083,0,07,000,00,1,1,01,A01
201700023084,1,07,000,00,1,1,19,A01
201700023085,2,07,000,00,1,1,01,A01
201700023086,1,07,000,00,1,1,17,A01
201700023087,1,37,001,16,0,3,01,B01
201700023087,2,07,000,13,9,3,13,A01
201700023088,0,38,007,00,1,2,16,A01
201700023089,1,07,000,02,0,4,01,A01
201700023090,2,07,000,02,0,7,01,A01
201700023091,1,10,000,00,2,3,01,B01
201700023091,2,07,000,00,2,3,13,A01
201700023091,1,10,000,00,9,1,00,C01
201700023092,0,02,000,00,2,1,01,A01
201700023092,0,07,000,00,9,2,15,B01
201700023093,1,15,000,02,2,3,01,B01
201700023093,2,07,000,00,2,3,13,A01
201700023094,1,33,000,13,2,8,02,B01
201700023094,1,07,000,00,2,5,17,A01
201700023095,1,07,000,06,2,3,01,B01
201700023095,2,07,000,12,2,3,13,A01
201700023096,2,10,000,00,0,7,01,A01
201700023096,2,02,000,00,2,1,01,B01
201700023097,1,07,000,00,2,3,21,A01
201700023097,2,33,000,00,2,1,01,B01
201700023098,2,02,000,00,2,1,01,B01
201700023098,1,07,000,00,2,3,15,A01
201700023099,1,07,000,00,2,8,01,B01
201700023099,1,07,000,00,2,3,15,A01
201700023100,1,07,000,14,0,2,01,A01
201700023101,1,07,000,00,1,3,01,A01
201700023102,1,30,000,00,2,1,01,A01
201700023102,1,07,000,00,2,3,01,B01
201700023103,1,07,000,00,1,1,01,A01
201700023104,1,07,000,00,1,1,01,A01
201700023105,1,07,000,00,2,2,19,A01
201700023105,2,30,000,00,2,5,01,B01
201700023106,1,07,000,02,0,1,17,A01
201700023107,1,17,000,03,0,2,13,A01
201700023108,2,01,000,12,0,7,01,A01
201700023109,1,07,000,00,1,3,17,A01
201700023110,1,07,000,00,2,3,01,A01
201700023110,1,07,000,00,2,2,01,B01
201700023111,2,07,000,04,0,9,17,A01
201700023112,1,10,000,02,0,1,21,A01
201700023113,2,07,000,13,0,1,14,A01
201700023114,1,33,000,07,0,7,00,A01
201700023115,1,07,000,15,9,1,01,A01
201700023116,2,07,000,00,2,4,01,B01
201700023116,2,33,000,00,2,1,17,A01
201700023117,1,07,000,00,2,5,02,B01
201700023117,1,07,000,00,2,1,02,A01
201700023118,1,07,000,06,0,1,01,A01
201700023119,2,07,000,15,0,3,00,A01
201700023120,1,33,000,00,0,0,01,A01
201700023121,1,07,000,03,0,1,01,A01
201700023122,2,33,000,02,0,8,09,A01
201700023123,1,33,000,00,9,3,17,A01
201700023124,2,07,000,00,1,1,01,A01
201700023125,1,07,000,13,0,2,01,A01
201700023126,0,33,000,00,6,1,01,A01
201700023127,1,07,000,08,0,9,01,A01
201700023128,0,07,000,00,2,3,01,A01
201700023128,0,07,000,00,2,3,01,B01
201700023129,2,07,000,00,2,2,15,A01
201700023129,1,33,000,00,2,1,01,B01
201700023130,0,10,000,00,1,4,04,A01
201700023131,0,02,000,10,0,1,01,A01
201700023132,1,01,000,00,2,8,02,B01
201700023132,1,07,000,00,9,2,01,C01
201700023132,1,07,000,00,9,2,02,A01
201700023133,0,07,000,00,1,1,01,A01
201700023134,1,07,000,00,2,8,01,C01
201700023134,2,21,000,00,2,2,01,A01
201700023134,1,07,000,00,2,1,01,D01
201700023134,1,07,000,00,0,0,01,F01
201700023134,1,07,000,00,0,0,01,E01
201700023134,1,07,000,00,2,6,01,B01
201700023135,0,07,000,00,1,1,09,A01
201700023136,0,07,000,07,0,1,01,A01
201700023137,0,07,000,00,2,4,01,A01
201700023137,0,33,000,00,2,1,02,B01
201700023138,2,33,000,00,2,1,01,A01
201700023138,2,07,000,00,2,4,15,B01
201700023139,1,33,000,00,2,1,01,A01
201700023139,2,10,000,00,2,6,15,B01
201700023140,2,07,000,00,1,1,01,A01
201700023141,2,07,000,00,2,1,01,A01
201700023141,1,33,000,00,2,1,13,B01
201700023142,1,07,000,02,0,3,00,A01
201700023143,1,07,000,00,1,2,21,A01
201700023144,2,07,000,00,2,1,01,A01
201700023144,2,01,000,00,2,8,19,B01
201700023145,2,07,000,00,2,1,02,A01
201700023145,2,15,000,00,0,4,02,B01
201700023146,1,07,000,00,2,1,02,A01
201700023146,1,17,000,00,0,4,02,B01
201700023147,2,14,000,00,2,7,17,B01
201700023147,2,02,000,00,2,8,02,A01
201700023148,1,07,000,00,2,4,09,A01
201700023148,1,15,000,00,2,2,01,B01
201700023149,2,07,000,03,0,1,13,A01
201700023149,2,07,000,00,2,1,17,B01
201700023149,2,07,000,00,0,6,17,C01
201700023149,2,07,000,00,2,1,17,D01
201700023149,2,07,000,00,2,1,17,E01
201700023149,2,07,000,03,0,1,17,F01
201700023149,2,07,000,00,2,3,17,G01
201700023150,0,07,000,00,2,1,01,A01
201700023150,0,07,000,00,2,4,23,B01
201700023151,0,07,000,00,2,6,11,B01
201700023151,0,07,000,00,2,8,02,C01
201700023151,0,33,000,00,2,1,03,A01
201700023152,0,07,000,00,2,1,01,A01
201700023152,0,07,000,00,2,1,01,B01
201700023153,0,33,000,00,0,0,01,A01
201700023154,0,07,000,00,2,4,02,C01
201700023154,0,07,000,00,2,1,01,A01
201700023154,0,07,000,00,2,4,02,B01
201700023155,0,33,000,12,2,2,14,B01
201700023155,0,33,000,12,2,6,01,A01
201700023156,0,07,000,00,2,8,15,A01
201700023156,0,34,000,00,2,1,17,B01
201700023157,0,07,000,13,0,1,01,A01
201700023158,0,01,000,00,2,8,15,B01
201700023158,0,07,000,00,2,1,01,A01
201700023159,0,07,000,00,1,3,15,A01
201700023160,0,07,000,00,2,3,15,B01
201700023160,0,33,000,00,2,8,03,A01
201700023161,0,07,000,00,2,1,17,C01
201700023161,0,07,000,08,2,1,15,B01
201700023161,0,17,000,00,2,3,01,A01
201700023162,0,07,000,00,2,8,01,A01
201700023162,0,02,000,00,2,1,01,B01
201700023163,0,31,000,00,0,0,01,A01
201700023164,1,07,000,00,1,1,14,C01
201700023165,2,07,000,03,0,3,12,A01
201700023166,1,07,000,13,0,9,00,A01
201700023167,1,07,000,13,0,0,02,A01
201700023168,1,14,000,00,2,1,01,A01
201700023168,1,17,000,00,2,4,01,B01
201700023169,1,07,000,00,0,1,14,A01
201700023170,2,10,000,00,0,4,23,B01
201700023170,2,15,000,01,0,1,02,A01
201700023170,2,15,000,00,0,0,00,C01
201700023171,2,07,000,00,2,4,02,B01
201700023171,2,07,000,00,2,4,02,A01
201700023171,2,15,000,00,2,1,02,C01
201700023172,1,07,000,00,2,4,00,A01
201700023172,1,14,000,00,2,3,11,B01
201700023173,1,33,000,04,0,9,17,A01
201700023174,2,07,000,03,0,2,01,A01
201700023175,2,07,000,03,0,2,01,A01
201700023175,2,10,000,00,0,4,23,B02
201700023176,1,07,000,03,0,3,01,A01
201700023177,1,17,000,00,0,5,13,A01
201700023177,1,33,000,07,2,5,21,B01
201700023178,2,07,000,00,2,2,14,A01
201700023178,2,17,000,00,0,6,01,B01
201700023179,1,07,000,00,2,1,01,B01
201700023179,2,33,000,00,2,1,17,A01
201700023180,2,07,000,04,0,2,00,A01
201700023181,1,07,000,01,1,1,02,A01
201700023181,1,07,000,03,0,4,24,B01
201700023182,0,14,000,04,0,6,02,B01
201700023182,0,07,000,04,2,2,02,A01
201700023183,1,07,000,00,6,2,02,A01
201700023184,0,07,000,00,2,1,01,B01
201700023184,0,07,000,00,2,1,05,A01
201700023185,1,33,000,07,0,3,17,A01
201700023186,1,01,000,00,2,7,15,B01
201700023186,1,07,000,00,2,3,01,A01
201700023187,0,02,000,00,0,0,01,A01
201700023188,0,02,000,00,2,1,01,B01
201700023188,0,07,000,00,0,7,01,A01
201700023189,2,07,000,00,0,0,00,A01
201700023189,2,31,000,00,0,0,11,B01
201700023190,1,07,000,00,1,3,15,A01
201700023191,2,31,000,00,2,1,01,B01
201700023191,1,10,000,00,2,2,15,A01
201700023192,1,07,000,00,2,3,19,A01
201700023192,2,33,000,00,2,1,01,B01
201700023193,2,07,000,00,1,0,00,Z01
201700023194,1,07,000,00,2,1,12,A01
201700023194,2,20,000,00,2,1,13,B01
201700023195,1,33,000,00,2,1,01,A01
201700023195,1,07,000,00,0,6,10,B01
201700023196,2,07,000,00,2,2,01,A01
201700023196,1,32,000,00,2,3,00,B01
201700023197,1,07,000,00,1,4,04,A01
201700023198,,33,000,00,1,1,00,A01
201700023199,2,07,000,00,2,1,16,A01
201700023199,2,02,000,00,2,7,02,B01
201700023200,1,07,000,00,2,6,02,B01
201700023200,1,33,000,00,2,1,02,A01
201700023201,1,07,000,00,2,2,10,A01
201700023201,1,07,000,00,2,1,00,B01
201700023202,1,07,000,15,0,1,14,C01
201700023202,1,15,000,00,2,1,01,B01
201700023202,1,07,000,00,2,1,13,A01
201700023203,1,07,000,00,1,1,02,A01
201700023204,1,07,000,00,1,2,01,A01
201700023205,1,07,000,00,1,2,01,A01
201700023206,1,34,000,00,0,0,09,A01
201700023207,1,33,000,04,2,7,17,A01
201700023207,1,07,000,00,2,3,02,B01
201700023208,1,10,000,15,2,8,00,A01
201700023208,1,07,000,00,2,1,00,B01
201700023209,2,07,000,00,2,3,15,A01
201700023209,2,07,000,00,2,0,02,C01
201700023209,1,33,000,00,2,1,01,B01
201700023210,0,07,000,00,9,6,02,B01
201700023210,0,34,000,00,2,0,02,A01
201700023211,1,07,000,00,1,3,01,A01
201700023212,1,33,000,15,0,1,13,A01
201700023213,1,31,000,00,1,1,00,A01
201700023214,1,07,000,00,2,1,02,A01
201700023214,1,07,000,00,2,4,02,B01
201700023214,1,07,000,00,2,4,02,C01
201700023215,1,07,000,00,1,1,16,A01
201700023216,1,07,000,00,1,1,16,A01
201700023217,1,07,000,00,0,9,01,A01
201700023218,0,07,000,15,0,1,13,A01
201700023219,0,02,000,01,0,1,01,A01
201700023220,2,33,000,00,0,0,17,A01
201700023221,1,33,000,03,0,7,02,A01
201700023222,2,07,000,00,2,2,01,B01
201700023222,1,01,000,00,2,1,01,A01
201700023223,1,07,000,00,2,2,23,B01
201700023223,1,07,000,00,2,1,19,A01
201700023223,2,07,000,01,2,8,01,C01
201700023224,0,07,000,00,2,3,01,B01
201700023224,0,07,000,00,2,1,01,A01
201700023225,1,31,000,00,0,1,01,A01
201700023226,1,07,000,02,0,2,01,A01
201700023227,1,07,000,00,2,3,19,A01
201700023227,2,07,000,00,2,2,01,B01
201700023228,1,02,000,13,0,1,02,A01
201700023229,1,07,000,02,0,1,01,A01
201700023230,1,33,000,14,0,1,02,A01
201700023230,1,07,000,00,0,4,02,B01
201700023231,2,07,000,00,2,8,10,A01
201700023231,2,07,000,00,2,1,01,B01
201700023232,1,02,000,00,2,1,02,A01
201700023232,1,07,000,00,2,4,02,B01
201700023233,1,07,000,00,2,1,00,B01
201700023233,1,07,000,00,2,1,05,A01
201700023234,1,34,000,11,0,1,06,A01
201700023235,1,07,000,00,1,1,21,A01
201700023236,1,10,000,00,1,2,02,A01
201700023237,1,01,000,00,2,0,02,B01
201700023237,1,07,000,00,9,3,02,A01
201700023238,1,01,000,00,2,8,16,B01
201700023238,1,07,000,00,9,1,00,A01
201700023239,2,34,000,00,2,1,00,B01
201700023239,1,07,000,00,2,3,13,A01
201700023240,1,33,000,08,0,0,14,A01
201700023241,1,38,000,00,2,2,17,A01
201700023241,2,07,000,00,2,1,01,B01
201700023242,1,07,000,07,0,1,01,A01
201700023243,1,02,000,16,0,8,15,A01
201700023244,1,07,000,10,1,1,00,A01
201700023245,1,07,000,00,1,2,21,A01
201700023246,2,07,000,00,1,2,00,A01
201700023247,1,37,000,02,0,1,00,A01
201700023248,2,07,000,04,0,1,02,A01
201700023248,2,38,045,00,2,3,02,B01
201700023249,1,07,000,03,0,7,13,A01
201700023250,1,07,000,04,0,3,01,A01
201700023251,1,07,000,00,2,2,01,A01
201700023251,1,17,000,00,0,6,01,B01
201700023252,1,33,000,04,0,7,02,A01
201700023253,2,07,000,07,0,1,14,A01
201700023254,2,07,000,00,0,9,01,A01
201700023255,0,07,000,00,1,3,01,A01
201700023256,0,07,000,12,0,7,00,A01
201700023256,0,07,000,12,2,0,00,B01
201700023257,2,07,000,02,0,3,00,A01
201700023258,0,07,000,14,1,1,01,A01
201700023259,0,07,000,00,1,1,01,A01
201700023260,2,07,000,00,2,3,21,C01
201700023260,1,07,000,00,2,2,17,A01
201700023260,1,02,000,00,2,8,02,B01
201700023261,0,30,000,00,2,1,01,B01
201700023261,1,07,000,00,2,3,15,A01
201700023262,2,07,000,00,2,1,09,A01
201700023262,0,02,000,00,2,8,01,B01
201700023263,0,02,000,00,2,3,15,A01
201700023263,0,07,000,00,2,3,01,B01
201700023264,1,10,000,00,2,3,02,A01
201700023264,1,33,000,00,2,2,02,B01
201700023265,0,02,000,06,2,2,13,B01
201700023265,0,07,000,00,2,3,15,A01
201700023266,0,31,000,00,2,1,02,B01
201700023266,1,13,000,00,0,6,02,A01
201700023267,0,07,000,00,2,3,01,B01
201700023267,0,07,000,00,2,3,13,A01
201700023268,2,07,000,02,0,1,14,A01
201700023269,1,07,000,13,0,2,14,A01
201700023270,2,33,000,01,0,1,10,A01
201700023271,2,07,000,00,2,2,01,B01
201700023271,1,07,000,00,2,1,13,A01
201700023272,0,02,000,00,2,1,01,A01
201700023272,0,07,000,00,2,8,01,B01
201700023273,1,33,000,00,0,0,01,A01
201700023274,2,10,000,00,2,1,01,B01
201700023274,2,07,000,00,0,0,17,D01
201700023274,2,15,000,00,2,6,01,C01
201700023274,1,07,000,00,2,3,05,A01
201700023275,2,07,000,00,2,3,01,B01
201700023275,1,07,000,00,2,2,01,A01
201700023276,1,07,000,00,1,2,01,A01
201700023277,2,07,000,00,1,2,01,A01
201700023278,1,07,000,00,2,3,01,B01
201700023278,2,07,000,00,2,3,13,A01
201700023279,2,07,000,00,2,3,01,A01
201700023279,1,07,000,00,2,3,01,B01
201700023280,1,07,000,03,0,8,01,A01
201700023281,2,07,000,00,0,5,01,B01
201700023281,2,07,000,00,2,3,09,A01
201700023282,2,07,000,00,2,1,02,A01
201700023282,2,07,000,00,0,4,02,B01
201700023283,2,07,000,00,2,1,02,A01
201700023283,2,07,000,00,2,4,02,B01
201700023284,2,10,000,00,2,2,02,A01
201700023284,2,07,000,13,0,4,02,B01
201700023285,2,07,000,13,0,4,00,A01
201700023286,2,07,000,00,2,1,23,A01
201700023286,2,07,000,00,2,4,23,B01
201700023286,2,07,000,00,0,4,23,C01
201700023287,1,07,000,00,2,3,17,A01
201700023287,1,07,000,00,2,5,01,B01
201700023288,2,07,000,03,0,7,01,A01
201700023289,2,07,000,00,0,4,23,A01
201700023289,2,07,000,14,0,6,09,B01
201700023289,2,07,000,00,2,2,09,C01
201700023290,2,07,000,03,2,8,02,A01
201700023290,2,07,000,00,2,7,02,B01
201700023291,2,07,000,03,0,7,17,A01
201700023292,1,07,000,13,2,1,00,A01
201700023292,1,07,000,03,0,8,17,B01
201700023293,2,07,000,01,0,1,01,A01
201700023293,2,07,000,07,0,1,01,B01
201700023293,2,07,000,03,0,7,01,C01
201700023293,2,07,000,15,0,1,01,D01
201700023293,2,07,000,03,0,4,01,E01
201700023294,1,07,000,00,2,1,05,A01
201700023294,1,07,000,03,2,1,01,B01
201700023295,1,07,000,03,0,8,01,A01
201700023296,2,07,000,00,2,1,00,A01
201700023296,2,07,000,00,0,4,02,B01
201700023297,2,07,000,13,0,7,02,A01
201700023298,2,07,000,01,1,2,01,A01
201700023299,1,10,000,00,0,4,02,A01
201700023299,1,10,000,00,2,1,02,B01
201700023299,1,07,000,00,0,8,23,C01
201700023299,1,07,000,00,0,8,23,D01
201700023299,1,33,000,01,0,7,02,E01
201700023300,2,33,000,13,0,1,14,A01
201700023301,1,07,000,00,2,1,02,A01
201700023301,1,07,000,00,2,4,02,B01
201700023302,1,07,000,00,0,4,02,A01
201700023302,1,07,000,03,2,1,02,B01
201700023303,2,07,000,14,0,1,21,A01
201700023303,2,07,000,00,0,0,02,B01
201700023304,2,07,000,03,0,0,01,A01
201700023305,1,07,000,00,0,4,02,A01
201700023305,1,07,000,00,2,0,02,B01
201700023305,1,07,000,00,2,1,02,C01
201700023305,1,07,000,00,2,1,02,D01
201700023305,2,07,000,00,2,1,02,E01
201700023305,1,07,000,00,2,1,02,F01
201700023306,2,07,000,00,0,2,00,A01
201700023307,2,07,000,00,2,8,13,A01
201700023307,2,17,000,00,2,7,01,B01
201700023308,2,07,000,00,0,4,02,A01
201700023308,2,07,000,03,2,3,02,B01
201700023308,2,07,000,00,0,3,02,C01
201700023308,2,07,000,03,2,7,02,D01
201700023309,2,07,000,00,0,2,00,A01
201700023310,2,10,000,00,2,3,02,A01
201700023310,2,10,000,00,0,5,00,B01
201700023311,1,07,000,00,2,2,17,A01
201700023311,1,07,000,13,2,6,01,B02