Num_Acc,senc,catv,occutc,obs,obsm,choc,manv,num_veh
201700025902,2,07,000,00,1,1,01,A01
201700025903,1,40,050,00,1,1,01,A01
201700025904,1,33,000,08,0,1,01,A01
201700025905,1,33,000,00,2,6,01,A01
201700025905,1,07,000,00,2,0,00,Z01
201700025906,1,34,000,00,2,1,01,B01
201700025906,2,07,000,00,2,3,15,A01
201700025907,1,07,000,00,1,1,01,A01
201700025908,2,07,000,01,2,1,01,A01
201700025908,2,10,000,01,2,1,23,B01
201700025908,2,07,000,00,0,4,01,C01
201700025909,2,31,000,00,1,1,01,A01
201700025910,2,07,000,00,2,3,13,A01
201700025910,1,02,000,00,0,1,01,B01
201700025911,2,40,030,00,1,8,01,A01
201700025912,1,07,000,00,2,1,01,B01
201700025912,1,07,000,00,2,1,05,A01
201700025913,1,34,000,00,2,1,01,B01
201700025913,1,07,000,00,0,2,15,A01
201700025914,1,07,000,00,2,1,17,Z01
201700025914,1,30,000,00,2,8,01,A01
201700025915,2,07,000,00,1,0,01,A01
201700025916,2,07,000,00,1,1,07,A01
201700025917,1,01,000,08,2,3,01,A01
201700025917,1,13,000,00,2,2,01,B01
201700025918,2,31,000,00,2,1,17,A01
201700025918,2,07,000,00,2,8,10,B01
201700025919,2,07,000,00,2,3,01,Z01
201700025919,2,07,000,00,2,1,01,B01
201700025920,1,07,000,00,2,1,15,A01
201700025920,1,01,000,00,0,1,15,B01
201700025921,2,37,030,00,0,0,01,A01
201700025921,1,02,000,00,9,1,01,B01
201700025922,2,07,000,08,0,1,01,A01
201700025923,2,02,000,00,2,4,01,B01
201700025923,2,33,000,00,2,1,01,A01
201700025924,2,07,000,00,2,1,15,A01
201700025924,1,33,000,00,0,1,01,B01
201700025925,2,37,020,00,0,2,07,B01
201700025925,2,07,000,00,2,3,15,A01
201700025926,2,02,000,00,2,0,17,Z01
201700025926,2,30,000,00,2,0,01,A01
201700025927,2,07,000,00,1,1,01,A01
201700025928,2,15,000,00,2,1,01,A01
201700025928,1,30,000,00,0,8,18,B01
201700025929,2,30,000,00,2,1,01,B01
201700025929,2,07,000,00,2,3,15,A01
201700025930,2,07,000,00,2,1,10,A01
201700025930,2,33,000,00,0,7,03,B01
201700025931,2,07,000,00,1,3,15,A01
201700025932,2,07,000,00,2,8,01,B01
201700025932,1,32,000,00,2,1,19,A01
201700025933,2,34,000,00,2,4,01,A01
201700025933,2,07,000,00,2,4,01,B01
201700025934,2,07,000,00,2,1,01,A01
201700025934,1,07,000,00,0,4,01,B01
201700025935,0,07,000,00,1,4,01,A01
201700025936,2,07,000,00,1,2,01,A01
201700025937,2,10,000,00,2,1,01,B01
201700025937,2,07,000,00,2,1,01,A01
201700025938,1,33,000,00,2,1,01,A01
201700025938,1,01,000,00,0,8,19,B01
201700025939,1,07,000,00,1,2,01,A01
201700025940,2,07,000,00,1,2,01,A01
201700025941,1,02,000,00,1,1,01,A01
201700025941,1,07,000,00,0,0,24,B01
201700025942,1,02,000,00,2,8,14,A01
201700025942,1,07,000,00,2,0,00,Z01
201700025943,1,07,000,00,2,1,01,Z01
201700025943,1,02,000,00,2,1,01,B01
201700025944,1,07,000,00,1,1,01,A01
201700025945,1,31,000,00,2,1,01,B01
201700025945,1,10,000,00,2,8,01,A01
201700025946,1,07,000,00,2,1,01,B01
201700025946,2,07,000,00,2,1,01,A01
201700025947,2,02,000,00,1,3,05,A01
201700025948,1,07,000,00,2,1,16,A01
201700025948,1,01,000,00,2,1,01,B01
201700025949,2,07,000,00,1,1,15,A01
201700025950,2,01,000,00,2,1,01,A01
201700025950,2,10,000,00,2,2,15,B01
201700025951,1,07,000,00,2,1,01,A01
201700025951,1,07,000,00,2,4,01,B01
201700025952,2,02,000,00,2,8,01,B01
201700025952,2,07,000,00,0,3,15,A01
201700025953,2,07,000,00,2,4,01,C01
201700025953,2,07,000,00,2,1,01,A01
201700025953,2,07,000,00,2,4,01,B01
201700025954,1,07,000,04,0,1,01,A01
201700025955,1,40,150,00,1,1,01,A01
201700025956,2,07,000,00,2,3,15,A01
201700025956,2,01,000,00,2,9,01,B01
201700025957,1,07,000,00,1,3,16,A01
201700025958,1,01,000,00,2,9,19,A01
201700025958,1,07,000,00,2,2,01,B01
201700025959,1,07,000,00,2,1,16,A01
201700025959,1,07,000,00,2,2,01,B01
201700025960,2,07,000,00,2,0,18,Z01
201700025960,1,01,000,00,0,1,16,B01
201700025961,1,33,000,00,0,4,01,B01
201700025961,1,07,000,00,2,1,01,A01
201700025962,1,10,000,00,2,1,15,A01
201700025962,1,34,000,00,2,1,01,B01
201700025963,1,10,000,00,1,1,01,A01
201700025964,1,07,000,00,1,0,04,A01
201700025965,1,07,000,00,0,2,01,B01
201700025965,1,07,000,00,2,1,01,A01
201700025966,1,33,000,00,0,7,15,A01
201700025966,1,07,000,00,0,0,01,B01
201700025967,1,07,000,07,0,3,01,A01
201700025968,2,02,000,00,2,1,01,B01
201700025968,1,07,000,00,2,1,15,A01
201700025969,1,40,000,00,1,1,01,A01
201700025970,2,07,000,13,0,3,01,A01
201700025971,0,07,000,00,1,1,01,A01
201700025972,2,01,000,00,2,8,01,B01
201700025972,0,07,000,00,2,1,19,A01
201700025973,0,07,000,02,0,1,14,A01
201700025974,0,07,000,00,2,1,19,A01
201700025974,0,07,000,00,2,8,01,B01
201700025975,2,07,000,00,2,2,01,A01
201700025975,2,07,000,00,2,4,15,B01
201700025976,0,07,000,00,2,1,13,A01
201700025976,0,07,000,00,2,1,01,B01
201700025977,,01,000,00,2,7,00,B01
201700025977,0,07,000,00,9,8,13,A01
201700025978,0,07,000,00,0,2,14,A01
201700025979,0,07,000,06,0,3,16,A01
201700025980,0,02,000,00,2,8,01,A01
201700025980,0,07,000,00,2,3,01,B01
201700025981,1,10,000,00,9,2,01,A01
201700025981,1,01,000,00,2,4,01,B01
201700025982,0,07,000,00,2,8,13,A01
201700025982,0,30,000,00,2,8,01,B01
201700025983,0,07,000,00,2,3,01,B01
201700025983,0,07,000,00,2,3,13,A01
201700025984,0,07,000,06,0,1,01,A01
201700025985,0,33,000,12,0,1,01,A01
201700025986,0,02,000,13,0,1,01,A01
201700025987,2,01,000,00,2,1,01,B01
201700025987,1,07,000,00,9,7,15,A01
201700025988,0,33,000,00,0,1,16,A01
201700025989,1,07,000,00,2,1,01,B01
201700025989,2,07,000,00,2,3,13,A01
201700025990,1,07,000,02,0,1,01,A01
201700025991,1,07,000,13,0,1,01,A01
201700025992,2,01,000,00,0,4,01,B01
201700025992,2,07,000,00,2,2,02,A01
201700025993,2,07,000,00,2,3,01,A01
201700025993,1,07,000,00,2,1,01,B01
201700025994,1,33,000,13,0,1,01,A01
201700025995,2,07,000,06,1,1,21,A01
201700025996,2,02,000,00,2,1,02,A01
201700025996,1,10,000,00,2,2,00,B01
201700025997,0,10,000,00,2,3,01,A01
201700025997,0,33,000,00,2,7,12,B01
201700025998,2,33,000,00,2,1,17,A01
201700025998,2,10,000,00,0,4,09,B01
201700025999,0,33,000,00,2,8,18,A01
201700025999,0,07,000,00,2,2,01,B01
201700026000,0,10,000,00,1,4,15,A01
201700026001,0,10,000,00,1,4,04,A01
201700026002,0,07,000,00,0,7,15,A01
201700026002,0,01,000,00,2,1,01,B01
201700026003,0,32,000,00,2,7,01,A01
201700026003,0,07,000,00,2,3,15,B01
201700026003,0,07,000,00,2,3,01,C01
201700026004,0,02,000,00,2,1,18,A01
201700026004,0,07,000,00,2,2,15,B01
201700026005,0,33,000,00,2,1,00,A01
201700026005,0,07,000,00,2,5,15,B01
201700026006,1,10,000,00,0,6,23,A01
201700026006,1,02,000,00,2,1,02,B01
201700026007,0,07,000,12,2,3,15,A01
201700026007,0,34,000,01,0,9,01,B01
201700026008,0,33,000,00,0,1,01,A01
201700026009,0,34,000,14,0,8,17,A01
201700026010,0,33,000,08,2,3,18,A01
201700026010,0,07,000,00,2,0,15,B01
201700026011,0,07,000,00,0,7,01,B01
201700026011,0,01,000,00,2,1,19,A01
201700026012,0,02,000,00,0,8,01,A01
201700026013,0,32,000,00,1,1,17,A01
201700026014,0,33,000,00,2,1,01,B01
201700026014,0,07,000,00,2,2,10,A01
201700026015,1,07,000,00,0,4,02,A01
201700026015,1,02,000,00,2,1,02,B01
201700026016,0,07,000,00,2,3,09,A01
201700026016,0,02,000,00,2,7,05,B01
201700026017,0,07,000,00,0,8,15,A01
201700026017,0,02,000,00,2,2,17,B01
201700026018,0,01,000,01,0,1,00,A01
201700026019,0,07,000,00,0,2,15,A01
201700026019,0,02,000,00,2,1,01,B01
201700026020,0,07,000,00,2,3,01,A01
201700026020,0,33,000,00,2,8,15,B01
201700026021,0,07,000,00,2,3,02,A01
201700026021,0,17,000,00,2,5,12,B01
201700026022,0,07,000,00,2,3,02,A01
201700026022,0,33,000,12,2,1,03,B01
201700026023,0,33,000,12,0,1,03,A01
201700026024,0,33,000,00,2,1,02,A01
201700026024,0,07,000,00,2,3,10,B01
201700026025,0,07,000,00,2,1,15,A01
201700026025,0,33,000,00,0,8,18,B01
201700026026,0,34,000,00,2,2,16,B01
201700026026,0,34,000,01,2,1,18,A01
201700026027,0,02,000,00,2,1,01,A01
201700026027,0,01,000,00,2,7,19,B01
201700026028,0,07,000,00,2,3,15,A01
201700026028,0,02,000,00,2,1,17,B01
201700026029,0,07,000,00,0,4,15,A01
201700026029,0,34,000,00,2,1,01,B01
201700026030,0,07,000,00,2,1,06,A01
201700026030,0,07,000,00,0,8,15,B01
201700026031,0,02,000,00,2,1,01,A01
201700026031,0,07,000,00,2,2,11,B01
201700026032,2,33,000,00,2,2,17,A01
201700026032,2,07,000,00,0,8,10,B01
201700026033,0,33,000,00,2,1,18,A01
201700026033,0,07,000,00,2,2,15,B01
201700026034,0,01,000,00,0,4,01,A01
201700026034,0,07,000,00,9,1,14,B01
201700026035,2,33,000,00,2,1,01,A01
201700026035,1,07,000,00,0,2,15,B01
201700026036,1,07,000,00,2,1,13,A01
201700026036,2,07,000,00,2,1,01,B01
201700026036,1,07,000,00,2,1,02,C01
201700026036,2,07,000,00,2,1,02,D01
201700026036,2,07,000,00,2,8,01,E01
201700026037,1,07,000,00,1,3,16,A01
201700026038,1,07,000,00,2,7,01,A01
201700026038,1,01,000,00,2,1,01,B01
201700026039,1,07,000,00,1,2,01,A01
201700026040,2,02,000,06,0,1,01,A01
201700026041,2,01,000,00,1,1,01,A01
201700026042,0,30,000,01,0,2,01,B01
201700026042,0,07,000,00,2,8,22,A01
201700026043,0,07,000,00,2,3,01,B01
201700026043,0,30,000,00,2,5,01,A01
201700026044,1,07,000,00,2,1,15,A01
201700026044,2,30,000,00,2,1,01,B01
201700026045,0,07,000,00,2,7,09,A01
201700026045,0,31,000,00,2,1,01,B01
201700026046,2,07,000,00,2,5,01,C01
201700026046,1,33,000,00,2,6,17,A01
201700026046,1,10,000,00,2,6,01,B01
201700026047,2,07,000,00,2,3,13,A01
201700026047,1,07,000,03,2,3,01,B01
201700026048,1,31,000,00,2,1,13,A01
201700026048,2,07,000,00,2,6,01,B01
201700026049,0,07,000,00,2,1,01,A01
201700026049,0,01,000,00,2,7,19,B01
201700026050,0,07,000,00,2,1,13,A01
201700026050,0,07,000,00,2,1,01,B01
201700026051,1,07,000,00,2,5,01,B01
201700026051,1,36,000,00,2,1,02,A01
201700026052,1,30,000,00,2,1,01,A01
201700026052,1,07,000,00,2,6,01,B01
201700026053,0,07,000,00,2,8,12,A01
201700026053,0,01,000,00,2,7,12,B01
201700026054,1,34,000,00,2,5,18,A01
201700026054,1,01,000,00,2,5,16,B01
201700026055,1,34,000,00,2,6,01,B01
201700026055,2,33,000,00,2,1,17,A01
201700026056,1,33,000,00,2,1,01,A01
201700026056,1,10,000,00,2,6,23,B01
201700026057,2,07,000,00,1,1,16,A01
201700026058,2,03,000,00,2,1,01,A01
201700026058,2,07,000,00,2,5,01,B01
201700026059,1,07,000,00,2,1,01,B01
201700026059,2,07,000,00,2,2,19,A01
201700026060,1,07,000,06,0,1,16,A01
201700026061,2,07,000,00,1,1,01,A01
201700026062,2,07,000,00,2,0,00,A01
201700026062,2,07,000,00,2,3,01,C01
201700026062,1,07,000,00,2,1,00,B01
201700026063,1,07,000,00,2,3,19,A01
201700026063,1,30,000,00,2,1,00,B01
201700026064,2,07,000,00,2,8,10,A01
201700026064,2,33,000,00,2,0,00,B01
201700026065,1,07,000,00,1,1,16,A01
201700026066,2,34,000,00,2,1,17,A01
201700026066,2,07,000,00,2,3,01,B01
201700026067,1,01,000,00,1,0,00,Z01
201700026068,2,07,000,00,2,1,01,B01
201700026068,1,07,000,00,2,3,13,A01
201700026069,2,30,000,00,2,7,01,B01
201700026069,2,07,000,00,2,3,15,A01
201700026070,1,07,000,00,9,1,15,A01
201700026070,2,33,000,00,2,8,01,B01
201700026071,1,07,000,00,1,1,01,A01
201700026072,1,07,000,00,2,8,09,A01
201700026072,1,14,000,00,2,1,01,B01
201700026073,1,31,000,00,2,1,01,B01
201700026073,2,07,000,00,2,7,19,A01
201700026074,1,33,000,00,2,1,01,B01
201700026074,1,07,000,00,2,8,19,A01
201700026075,1,07,000,00,2,8,20,B01
201700026075,2,34,000,00,2,1,13,A01
201700026076,1,07,000,00,2,1,01,C01
201700026076,2,07,000,00,2,1,01,B01
201700026076,1,07,000,00,2,5,15,A01
201700026077,1,33,000,11,0,1,01,A01
201700026078,2,30,000,02,0,1,01,A01
201700026079,2,07,000,00,1,1,01,A01
201700026080,1,07,000,00,2,2,09,Z01
201700026080,1,31,000,00,2,5,01,B01
201700026081,1,99,000,00,2,8,01,B01
201700026081,1,02,000,00,2,7,09,A01
201700026082,1,07,000,08,0,1,14,A01
201700026083,2,07,000,00,1,7,01,A01
201700026084,1,07,000,00,2,1,06,A01
201700026084,2,07,000,00,2,1,01,B01
201700026085,2,07,000,00,2,2,01,B01
201700026085,1,99,000,00,2,1,01,A01
201700026086,2,07,000,00,2,2,16,A01
201700026086,2,02,000,00,2,1,14,B01
201700026087,2,10,000,00,1,4,04,A01
201700026088,0,02,000,00,2,1,09,A01
201700026088,1,07,000,00,2,7,01,Z01
201700026089,2,07,000,01,1,2,01,A01
201700026090,1,07,000,00,2,1,05,A01
201700026090,2,07,000,00,2,1,01,B01
201700026091,1,07,000,00,1,5,01,B01
201700026092,2,07,000,00,2,1,21,A01
201700026093,2,07,000,00,1,1,01,A01
201700026094,2,01,000,00,2,7,15,A01
201700026094,2,07,000,00,2,1,01,B01
201700026095,2,17,000,00,2,3,15,B01
201700026095,1,32,000,00,2,1,01,A01
201700026096,2,07,000,00,1,1,01,A01
201700026097,0,07,000,00,2,7,15,A01
201700026097,0,33,000,00,2,1,01,B01
201700026098,2,07,000,00,1,1,10,A01
201700026099,1,07,000,00,1,1,01,A01
201700026100,0,32,000,00,0,4,23,B01
201700026100,1,07,000,00,2,0,00,A01
201700026101,2,07,000,00,1,3,01,A01
201700026102,1,33,000,00,2,1,00,B01
201700026102,1,33,000,00,2,1,01,A01
201700026103,2,31,000,00,2,1,11,A01
201700026103,2,07,000,00,0,6,23,B01
201700026104,1,33,000,00,1,1,00,B01
201700026105,2,07,000,00,2,1,13,A01
201700026105,1,07,000,00,2,1,01,B01
201700026106,1,07,000,00,1,2,01,A01
201700026107,2,07,000,00,2,2,01,A01
201700026107,2,01,000,00,2,4,01,B01
201700026108,2,31,000,00,1,3,01,A01
201700026109,2,07,000,00,2,1,01,B01
201700026109,0,07,000,00,2,1,06,A01
201700026110,2,30,000,00,2,1,01,B01
201700026110,1,07,000,00,2,2,00,A01
201700026111,1,10,000,00,2,1,13,A01
201700026111,2,07,000,00,2,1,01,B01
201700026112,2,07,000,15,2,2,01,A01
201700026112,1,07,000,00,2,3,01,B01
201700026113,2,10,000,00,0,6,24,B01
201700026113,2,07,000,01,0,8,15,A01
201700026114,1,07,000,00,1,2,01,B01
201700026115,1,07,000,13,0,9,01,A01
201700026116,2,33,000,00,1,0,00,B01
201700026117,1,07,000,00,2,1,01,A01
201700026117,1,07,000,00,2,2,15,B01
201700026118,1,07,000,00,1,1,01,A01
201700026119,2,07,000,02,0,1,05,A01
201700026120,2,07,000,00,2,3,01,B01
201700026120,1,07,000,00,2,4,04,A01
201700026121,1,07,000,00,2,1,15,A01
201700026121,1,07,000,00,2,8,01,B01
201700026122,0,07,000,02,0,0,00,A01
201700026123,1,07,000,08,0,2,14,A01
201700026124,1,07,000,00,2,4,23,B01
201700026124,1,07,000,00,2,4,23,C01
201700026124,1,07,000,00,2,1,01,A01
201700026125,1,07,000,00,1,1,01,B01
201700026126,2,10,000,00,1,3,15,A01
201700026127,2,07,000,00,2,2,15,A01
201700026127,1,33,000,00,2,1,01,B01
201700026128,1,30,000,00,2,3,01,B01
201700026128,2,07,000,00,2,8,15,A01
201700026129,2,07,000,00,2,2,15,A01
201700026129,1,07,000,00,2,1,01,B01
201700026130,1,07,000,00,1,2,01,A01
201700026131,2,33,000,00,2,2,14,B01
201700026131,2,07,000,00,2,8,09,A01
201700026132,1,07,000,00,2,2,21,B01
201700026132,2,07,000,00,2,3,19,A01
201700026133,1,07,000,12,0,2,14,A01
201700026134,2,07,000,00,2,2,15,A01
201700026134,2,30,000,00,2,1,01,B01
201700026135,2,32,000,12,0,0,00,A01
201700026136,1,32,000,00,2,1,15,A01
201700026136,2,32,000,00,2,1,01,B01
201700026137,2,07,000,00,2,1,01,A01
201700026137,1,07,000,00,0,0,00,B01
201700026138,1,07,000,00,2,1,16,A01
201700026138,2,07,000,00,2,8,00,B01
201700026139,2,07,000,00,2,1,01,A01
201700026139,2,07,000,00,2,7,04,B01
201700026140,1,07,000,15,0,1,01,A01
201700026141,1,07,000,00,2,1,00,A01
201700026141,1,07,000,00,2,4,01,B01
201700026142,2,07,000,00,2,3,01,A01
201700026142,2,32,000,00,1,4,23,B01
201700026143,1,07,000,00,2,3,11,A01
201700026143,1,32,000,00,2,7,17,B01
201700026144,1,07,000,00,2,1,01,A01
201700026144,0,01,000,00,2,8,01,B01
201700026145,1,33,000,00,2,1,01,A01
201700026145,0,07,000,00,2,7,01,B01
201700026146,1,07,000,00,2,1,01,A01
201700026146,1,07,000,00,2,4,01,B01
201700026147,2,07,000,00,2,3,01,B01
201700026147,2,32,000,00,2,2,12,A01
201700026148,1,33,000,00,2,1,01,B01
201700026148,2,07,000,00,2,3,15,A01
201700026149,1,07,000,00,2,3,16,A01
201700026149,1,10,000,00,2,3,01,B01
201700026150,1,07,000,00,2,5,01,A01
201700026150,1,01,000,00,2,0,19,B01
201700026151,1,07,000,00,1,3,09,A01
201700026152,1,32,000,00,1,3,01,A01
201700026153,1,32,000,00,0,8,01,A01
201700026154,1,07,000,00,1,3,01,A01
201700026155,1,07,000,00,2,0,00,A01
201700026155,1,32,000,00,2,0,01,B01
201700026156,2,32,000,11,0,0,01,A01
201700026157,1,10,000,00,2,4,23,B01
201700026157,1,02,000,00,2,1,02,A01
201700026158,1,07,000,00,0,0,00,B01
201700026158,1,07,000,00,2,1,01,A01
201700026159,1,33,000,06,1,1,21,A01
201700026160,0,32,000,00,2,2,17,A01
201700026160,0,07,000,00,2,1,17,B01
201700026161,1,07,000,00,2,1,15,A01
201700026161,2,33,000,00,2,1,01,B01
201700026162,1,07,000,00,2,7,15,A01
201700026162,1,07,000,00,2,1,01,B01
201700026163,2,33,000,00,2,1,01,B01
201700026163,1,07,000,00,2,5,15,A01
201700026164,2,07,000,00,2,1,01,B01
201700026164,2,01,000,00,2,8,01,A01
201700026165,1,07,000,00,2,2,01,B01
201700026165,2,33,000,00,2,1,05,A01
201700026166,1,01,000,00,2,1,05,A01
201700026166,1,07,000,00,2,7,23,B01
201700026167,2,07,000,00,2,1,02,A01
201700026167,2,07,000,00,2,4,23,B01
201700026168,1,07,000,08,0,2,14,A01
201700026169,2,07,000,12,0,3,13,A01
201700026170,1,07,000,00,2,8,24,A01
201700026170,2,10,000,01,0,7,01,B01
201700026171,2,31,000,00,2,1,01,B01
201700026171,1,07,000,00,2,1,15,A01
201700026172,1,30,000,00,2,8,01,B01
201700026172,2,07,000,00,2,2,15,A01
201700026173,1,33,000,06,0,1,00,A01
201700026174,1,07,000,00,1,2,01,Z01
201700026175,1,07,000,00,0,0,00,B01
201700026175,1,07,000,00,2,1,02,A01
201700026176,2,34,000,00,2,1,02,A01
201700026176,2,07,000,00,2,5,01,B01
201700026177,1,32,000,00,2,1,01,B01
201700026177,1,07,000,00,2,6,10,A01
201700026178,1,33,000,00,2,8,01,B01
201700026178,2,07,000,00,2,2,15,A01
201700026179,1,40,000,00,2,2,00,B01
201700026179,1,07,000,00,4,8,00,A01
201700026180,1,33,000,13,0,1,00,A01
201700026181,1,03,000,01,1,3,01,A01
201700026182,1,07,000,00,2,1,02,A01
201700026182,1,07,000,00,2,4,02,B01
201700026182,1,07,000,00,2,4,02,C01
201700026183,1,07,000,00,1,1,01,A01
201700026184,1,07,000,00,2,1,02,A01
201700026184,1,07,000,00,2,4,01,B01
201700026185,1,30,000,00,1,1,05,Z01
201700026186,1,07,000,01,0,2,14,A01
201700026187,1,32,000,00,2,3,01,B01
201700026187,1,07,000,00,2,7,12,A01
201700026188,1,01,000,00,0,1,00,A01
201700026189,1,32,000,00,1,0,00,A01
201700026190,2,01,000,00,2,1,01,A01
201700026190,1,07,000,00,2,1,01,B01
201700026191,1,07,000,00,2,1,00,A01
201700026191,2,01,000,00,2,1,00,B01
201700026192,1,07,000,00,2,4,00,B01
201700026192,1,07,000,00,2,1,00,A01
201700026193,2,07,000,00,1,1,01,A01
201700026194,1,14,000,00,0,0,00,B01
201700026194,1,30,000,00,0,0,00,A01
201700026195,1,02,000,00,0,0,01,A01
201700026196,2,32,000,00,2,3,00,A01
201700026196,2,07,000,00,2,3,01,B01
201700026197,0,10,000,00,1,1,01,A01
201700026198,0,07,000,00,9,1,15,A01
201700026198,0,99,000,00,2,1,01,B01
201700026199,1,07,000,00,2,5,16,A01
201700026199,1,37,000,00,2,3,01,B01
201700026200,2,33,000,00,2,2,02,B01
201700026200,2,07,000,00,2,8,10,Z01
201700026201,1,07,000,00,1,7,21,A01
201700026201,1,07,000,00,1,1,00,Z01
201700026202,0,07,000,00,0,4,01,D01
201700026202,1,07,000,00,2,1,01,A01
201700026202,2,10,000,00,0,4,01,C01
201700026202,2,07,000,00,2,4,01,B01
201700026203,1,34,000,00,2,2,17,A01
201700026203,1,07,000,00,2,3,15,B01
201700026204,2,33,000,00,2,1,00,B01
201700026204,1,07,000,00,2,2,00,A01
201700026205,1,07,000,00,0,0,00,A01
201700026206,1,07,000,00,1,5,00,A01
201700026207,1,07,000,00,2,5,15,A01
201700026207,2,33,000,00,2,1,01,B01
201700026208,1,33,000,00,2,0,01,B01
201700026208,1,07,000,00,2,1,15,A01
201700026209,1,07,000,00,2,1,01,B01
201700026209,1,07,000,00,2,8,01,A01
201700026210,1,07,000,00,1,6,15,A01
201700026211,2,10,000,00,2,4,01,B01
201700026211,2,10,000,00,2,1,01,A01
201700026211,2,07,000,00,2,4,01,C01
201700026211,2,07,000,00,2,4,23,D01
201700026212,2,07,000,00,2,1,01,A01
201700026212,2,01,000,00,2,8,00,B01
201700026213,1,07,000,11,0,3,13,A01
201700026214,2,31,000,00,2,1,01,A01
201700026214,1,07,000,00,2,8,15,B01
201700026215,1,07,000,00,2,1,05,A01
201700026215,2,31,000,00,2,2,01,B01
201700026216,1,10,000,00,2,1,10,A01
201700026216,2,10,000,00,2,1,01,B01
201700026217,1,07,000,00,2,2,15,A01
201700026217,2,34,000,00,2,1,01,B01
201700026218,1,10,000,00,2,3,10,A01
201700026218,1,33,000,00,2,2,01,B01
201700026219,2,07,000,00,2,4,23,A01
201700026219,2,07,000,00,2,2,01,B01
201700026220,1,07,000,00,2,5,01,B01
201700026220,1,31,000,00,2,9,21,A01
201700026221,1,07,000,00,2,1,02,A01
201700026221,1,07,000,00,2,4,02,B01
201700026222,1,07,000,00,9,4,02,B01
201700026222,1,07,000,00,2,1,02,A01
201700026223,1,14,000,00,1,3,19,A01
201700026224,1,33,000,00,2,1,17,A01
201700026224,1,07,000,00,2,6,15,B01
201700026225,1,31,000,00,1,0,21,A01
201700026226,1,38,000,00,2,1,01,A01
201700026226,2,07,000,00,2,4,01,B01
201700026226,2,07,000,00,2,4,01,C01
201700026227,1,33,000,00,2,8,01,B01
201700026228,1,07,000,00,2,4,01,B01
201700026228,1,07,000,00,2,1,01,Z01
201700026229,1,07,000,00,2,2,15,A01
201700026229,1,33,000,00,2,1,01,B01
201700026230,2,32,000,00,2,1,19,A01
201700026230,1,07,000,00,2,3,01,B01
201700026231,0,07,000,00,2,1,01,Z01
201700026231,0,07,000,00,2,8,01,B01
201700026232,1,33,000,00,2,5,02,A01
201700026232,1,33,000,00,2,7,21,B01
201700026233,1,07,000,00,1,2,17,A01
201700026234,2,07,000,00,2,8,01,B01
201700026234,1,07,000,00,2,3,13,A01
201700026235,1,07,000,00,1,1,00,A01
201700026236,1,07,000,01,2,9,01,A01
201700026236,1,01,000,00,2,0,00,B01
201700026236,1,07,000,00,2,5,01,C01
201700026236,1,07,000,01,2,2,00,D01
201700026236,1,07,000,01,0,6,00,E01
201700026236,1,07,000,01,0,5,00,F02
201700026237,1,01,000,00,2,7,01,A01
201700026237,2,07,000,00,2,1,16,B01
201700026238,1,07,000,00,2,7,15,A01
201700026238,2,33,000,00,2,1,01,B01
201700026239,1,07,000,00,0,0,21,A01
201700026240,1,32,000,00,2,1,01,A01
201700026240,1,07,000,00,2,5,23,B01
201700026241,1,07,000,00,2,4,23,B01
201700026241,1,10,000,00,2,1,02,Z01
201700026242,1,31,000,00,2,1,21,A01
201700026242,1,07,000,00,2,6,01,B01
201700026243,1,10,000,00,2,1,01,C01
201700026243,1,07,000,00,2,3,01,B01
201700026243,2,07,000,00,2,3,13,A01
201700026244,2,07,000,00,2,1,01,C01
201700026244,1,33,000,00,2,2,17,A01
201700026244,1,07,000,00,2,3,02,B01
201700026245,1,33,000,11,0,9,06,A01
201700026246,0,07,000,00,2,1,13,A01
201700026246,0,10,000,00,2,1,01,B01
201700026247,1,33,000,00,2,1,01,A01
201700026247,2,07,000,00,2,2,15,B01
201700026248,0,07,000,00,2,1,15,A01
201700026248,0,07,000,00,2,3,01,B01
201700026249,2,34,000,00,2,1,01,A01
201700026249,1,07,000,00,2,1,01,B01
201700026250,2,30,000,14,0,1,14,A01
201700026251,0,33,000,00,2,7,17,A01
201700026251,0,07,000,00,2,1,15,B01
201700026252,2,07,000,11,2,3,10,A01
201700026252,2,07,000,00,2,2,21,B01
201700026253,1,07,000,00,2,4,01,B01
201700026253,1,07,000,00,2,1,02,A01
201700026254,1,07,000,00,2,3,01,A01
201700026254,2,33,000,00,2,1,01,B01
201700026255,1,01,000,00,2,7,01,A01
201700026255,1,07,000,00,2,1,01,B01
201700026256,1,07,000,00,2,1,01,A01
201700026256,2,07,000,00,2,8,15,B01
201700026257,2,07,000,00,2,3,13,A01
201700026257,1,14,000,00,2,3,01,B01
201700026258,1,07,000,00,2,1,01,B01
201700026258,2,07,000,00,2,1,01,A01
201700026259,1,07,000,00,2,5,01,B01
201700026259,1,07,000,00,2,3,02,A01
201700026260,1,31,000,00,2,1,01,A01
201700026260,1,10,000,00,2,4,01,B01
201700026261,1,31,000,00,2,7,17,A01
201700026261,1,07,000,00,2,8,15,Z01
201700026262,1,07,000,01,1,2,01,A01
201700026263,1,10,000,00,1,4,04,A01
201700026264,1,33,000,00,2,1,00,A01
201700026264,1,07,000,00,2,0,00,Z01
201700026265,1,07,000,00,2,0,10,Z01
201700026265,1,30,000,00,2,1,15,A01
201700026266,1,07,000,00,2,1,12,A01