Num_Acc,senc,catv,occutc,obs,obsm,choc,manv,num_veh
201700026628,0,07,000,00,2,4,23,B01
201700026628,0,07,000,00,2,1,02,C01
201700026628,0,07,000,00,2,4,23,A01
201700026629,0,07,000,00,1,7,16,A01
201700026630,1,07,000,00,2,4,01,B01
201700026630,1,07,000,00,2,1,02,A01
201700026631,0,07,000,00,2,3,19,A01
201700026631,0,07,000,00,2,1,02,B01
201700026632,2,07,000,00,2,7,12,B01
201700026632,2,33,000,00,2,1,18,A01
201700026633,0,01,000,00,2,1,01,B01
201700026633,0,07,000,00,2,1,15,A01
201700026634,0,01,000,00,2,0,00,B01
201700026634,0,07,000,00,2,1,09,A01
201700026635,0,07,000,00,1,1,01,A01
201700026636,0,02,000,00,2,1,01,B01
201700026636,0,10,000,00,2,2,20,A01
201700026637,0,37,001,00,2,5,01,B01
201700026637,0,01,000,00,2,1,09,A01
201700026638,0,33,000,03,0,1,01,A01
201700026639,0,31,000,14,0,1,01,A01
201700026640,1,10,000,03,0,1,01,A01
201700026641,0,01,000,01,0,1,14,A01
201700026642,1,07,000,03,0,0,01,A01
201700026643,0,07,000,00,2,8,01,B01
201700026643,0,14,000,00,2,1,15,A01
201700026644,0,07,000,00,0,0,00,A01
201700026644,0,01,000,00,2,0,02,B01
201700026645,2,07,000,00,2,1,02,A01
201700026645,2,10,000,00,2,1,02,C01
201700026645,2,10,000,00,2,4,01,B01
201700026646,0,07,000,00,2,4,01,B01
201700026646,0,07,000,00,2,1,02,A01
201700026647,0,02,000,00,2,1,01,A01
201700026647,0,07,000,00,2,2,16,B01
201700026648,1,10,000,00,2,1,02,A01
201700026648,1,07,000,03,2,4,01,B01
201700026649,0,01,000,00,2,8,01,B01
201700026649,0,07,000,00,2,1,15,A01
201700026650,0,33,000,00,2,0,01,B01
201700026650,0,07,000,00,2,1,00,A01
201700026651,1,07,000,00,2,4,02,C01
201700026651,1,07,000,00,2,4,02,B01
201700026651,1,14,000,00,2,1,02,A01
201700026652,0,33,000,00,0,0,01,A01
201700026653,0,07,000,00,2,1,01,A01
201700026653,0,07,000,00,2,2,15,B01
201700026654,0,07,000,09,1,1,01,A01
201700026655,0,01,000,00,2,1,19,A01
201700026655,0,33,000,00,2,2,01,B01
201700026656,0,07,000,00,1,1,01,Z01
201700026657,2,07,000,00,2,1,02,A01
201700026657,2,07,000,00,2,4,01,B01
201700026658,0,07,000,00,2,1,02,A01
201700026658,0,07,000,00,2,4,01,C01
201700026658,0,07,000,00,2,4,01,B01
201700026659,1,33,000,00,0,0,01,A01
201700026660,0,07,000,00,2,1,09,B01
201700026660,0,01,000,00,2,1,01,A01
201700026661,0,31,000,00,1,1,17,A01
201700026662,0,02,000,00,0,0,01,A01
201700026663,0,07,000,00,1,1,01,A01
201700026664,1,07,000,00,2,2,14,A01
201700026664,1,07,000,00,2,6,01,B01
201700026665,0,07,000,00,1,1,01,Z01
201700026666,0,07,000,02,0,1,00,A01
201700026667,0,07,000,00,2,1,01,B01
201700026667,0,07,000,00,2,1,15,A01
201700026668,0,01,000,00,2,1,01,B01
201700026668,0,07,000,00,2,7,22,A01
201700026669,0,07,000,00,1,1,01,A01
201700026670,0,02,000,00,2,1,01,A01
201700026670,0,07,000,00,2,6,01,B01
201700026671,2,07,000,00,2,4,01,B01
201700026671,2,07,000,00,2,1,02,A01
201700026672,0,01,000,00,2,1,01,B01
201700026672,0,07,000,00,2,1,15,A01
201700026673,0,07,000,00,1,1,01,A01
201700026674,0,01,000,00,2,1,01,B01
201700026674,0,07,000,00,2,2,15,A01
201700026675,0,07,000,00,2,3,13,B01
201700026675,0,31,000,00,2,1,17,A01
201700026676,1,07,000,00,2,4,01,B01
201700026676,1,07,000,00,2,1,02,A01
201700026677,0,02,000,00,2,0,01,B01
201700026677,0,07,000,00,2,1,09,A01
201700026678,1,07,000,00,2,2,16,A01
201700026678,1,01,000,00,2,1,01,B01
201700026679,1,07,000,00,2,4,01,B01
201700026679,1,07,000,00,2,1,02,A01
201700026680,2,07,000,00,0,9,01,A01
201700026681,0,01,000,00,2,0,01,B01
201700026681,0,07,000,00,2,1,09,A01
201700026682,0,07,000,00,2,1,16,B01
201700026682,0,07,000,00,2,3,01,A01
201700026683,2,07,000,00,2,1,02,A01
201700026683,2,07,000,00,2,4,01,B01
201700026684,0,07,000,00,1,1,01,A01
201700026685,0,10,000,00,1,1,01,A01
201700026686,0,07,000,00,1,1,01,A01
201700026687,0,37,001,00,1,0,01,A01
201700026688,0,01,000,00,0,0,01,A01
201700026689,0,07,000,00,2,4,02,B01
201700026689,0,01,000,00,2,1,02,A01
201700026690,0,07,000,00,1,7,01,A01
201700026691,0,07,000,00,2,1,01,B01
201700026691,0,33,000,00,2,1,13,A01
201700026692,0,07,000,03,0,0,01,A01
201700026693,2,07,000,07,0,1,01,A01
201700026694,0,02,000,00,0,0,21,A01
201700026695,0,07,000,02,0,1,01,A01
201700026696,0,33,000,01,0,1,21,B01
201700026696,0,07,000,00,0,0,09,A01
201700026697,0,07,000,00,2,9,01,A01
201700026697,0,07,000,00,2,9,01,B01
201700026697,0,07,000,00,2,9,09,C01
201700026698,0,07,000,06,0,1,01,A01
201700026699,0,10,000,00,2,1,01,A01
201700026699,0,07,000,00,2,8,01,B01
201700026700,1,10,000,00,2,1,02,A01
201700026700,1,07,000,00,2,4,02,C01
201700026700,1,07,000,00,2,4,02,B01
201700026701,2,37,000,00,1,0,01,A01
201700026702,0,02,000,00,2,1,10,A01
201700026702,0,07,000,00,2,8,01,B01
201700026703,0,33,000,00,2,1,01,B01
201700026703,0,07,000,00,2,5,15,A01
201700026704,1,07,000,07,0,9,14,A01
201700026705,1,32,000,00,2,7,01,A01
201700026705,1,03,000,00,2,3,01,B01
201700026706,1,01,000,00,2,1,01,B01
201700026706,1,07,000,00,2,5,16,A01
201700026707,0,07,000,00,2,1,02,A01
201700026707,2,07,000,00,2,4,01,B01
201700026708,0,07,000,00,2,0,01,A01
201700026708,0,01,000,00,2,4,01,B01
201700026709,0,07,000,07,2,0,01,A01
201700026709,0,07,000,00,2,7,01,B01
201700026710,0,07,000,00,0,0,00,A01
201700026711,0,07,000,00,2,1,02,A01
201700026711,0,07,000,00,2,4,02,B01
201700026711,0,07,000,00,2,4,02,C01
201700026711,0,07,000,00,2,4,02,D01
201700026712,0,02,000,00,0,0,00,A01
201700026713,2,07,000,00,2,8,15,A01
201700026713,1,07,000,01,2,1,01,B01
201700026714,0,01,000,00,2,0,01,B01
201700026714,0,07,000,00,2,1,00,A01
201700026715,0,07,000,00,2,0,09,A01
201700026715,0,01,000,00,2,1,01,B01
201700026716,2,07,000,00,2,1,02,A01
201700026716,2,07,000,00,2,4,01,B01
201700026717,2,07,000,00,0,9,01,A01
201700026718,1,07,000,00,2,4,01,B01
201700026718,1,07,000,00,2,1,02,A01
201700026719,1,33,000,00,0,1,01,A01
201700026720,1,07,000,13,0,1,14,A01
201700026721,2,07,000,00,2,4,01,B01
201700026721,2,07,000,00,2,1,02,A01
201700026722,0,07,000,00,2,1,01,A01
201700026722,0,07,000,00,2,3,15,B01
201700026723,0,07,000,02,0,1,01,A01
201700026724,0,07,000,00,1,1,01,A01
201700026725,0,07,000,09,0,1,14,A01
201700026726,0,07,000,01,2,1,18,A01
201700026726,0,07,000,00,2,1,01,B01
201700026727,0,07,000,00,2,3,01,B01
201700026727,0,07,000,00,2,1,15,A01
201700026728,0,07,000,00,2,2,16,A01
201700026728,0,01,000,00,2,8,01,B01
201700026729,2,07,000,00,1,0,09,A01
201700026730,0,07,000,09,0,1,14,A01
201700026731,2,07,000,13,0,1,16,A01
201700026732,0,01,000,00,1,1,01,A01
201700026733,0,07,000,00,2,1,19,A01
201700026733,0,07,000,00,2,7,01,B01
201700026734,0,07,000,00,1,7,00,A01
201700026735,1,07,000,15,0,2,14,A01
201700026736,0,07,000,00,2,1,01,A01
201700026736,0,10,000,00,2,2,15,B01
201700026737,1,33,000,00,0,7,01,A01
201700026738,0,07,000,07,0,1,01,A01
201700026739,0,10,000,00,2,2,09,A01
201700026739,0,31,000,00,2,0,01,B01
201700026740,0,10,000,11,2,2,01,A01
201700026740,0,07,000,00,2,3,01,B01
201700026741,0,07,000,00,2,3,15,A01
201700026741,0,01,000,00,2,1,01,B01
201700026742,2,07,000,00,2,1,15,A01
201700026742,1,07,000,00,2,3,01,B01
201700026743,1,07,000,00,2,3,13,A01
201700026743,2,07,000,00,2,6,01,B01
201700026744,1,33,000,00,2,1,01,B01
201700026744,2,07,000,00,2,7,15,A01
201700026745,0,10,000,00,2,4,23,B01
201700026745,0,02,000,00,2,1,01,A01
201700026746,0,07,000,00,2,1,01,B01
201700026746,0,07,000,00,2,5,01,A01
201700026747,0,07,000,00,2,4,01,B01
201700026747,0,07,000,00,2,1,02,A01
201700026748,0,01,000,01,0,1,01,B01
201700026748,0,07,000,00,2,8,22,A01
201700026749,0,07,000,00,2,2,01,B01
201700026749,0,01,000,00,2,1,01,A01
201700026750,0,07,000,01,0,2,01,A01
201700026751,0,10,000,00,1,1,00,A01
201700026752,0,07,000,00,2,0,01,C01
201700026752,0,07,000,00,2,0,01,B01
201700026752,0,07,000,00,2,0,00,A01
201700026752,0,38,001,00,2,0,00,E01
201700026752,0,07,000,00,2,0,01,D01
201700026753,0,07,000,06,0,1,01,A01
201700026754,2,07,000,00,2,4,01,B01
201700026754,2,07,000,00,2,1,02,A01
201700026755,0,07,000,01,0,9,01,Z01
201700026756,0,07,000,00,2,1,02,A01
201700026756,0,07,000,00,2,4,01,B01
201700026757,0,07,000,00,2,0,01,B01
201700026757,0,07,000,00,2,1,09,A01
201700026758,0,07,000,00,2,3,11,A01
201700026758,0,02,000,00,2,2,01,B01
201700026759,0,07,000,00,2,1,02,A01
201700026759,0,07,000,00,2,4,02,B01
201700026760,2,07,000,00,2,4,02,B01
201700026760,2,07,000,00,2,1,02,A01
201700026761,0,01,000,00,0,0,00,A01
201700026762,1,07,000,14,0,1,18,A01
201700026763,0,07,000,00,2,4,02,B01
201700026763,0,07,000,00,2,1,02,A01
201700026763,0,10,000,00,2,4,02,C01
201700026764,0,07,000,00,1,2,01,A01
201700026765,0,07,000,00,1,2,01,A01
201700026766,0,07,000,07,0,1,01,A01
201700026767,0,33,000,00,2,0,01,B01
201700026767,0,07,000,00,2,3,01,A01
201700026768,0,07,000,00,2,1,01,B01
201700026768,0,01,000,00,2,1,15,A01
201700026769,0,07,000,00,0,0,09,A01
201700026769,0,02,000,00,0,0,01,B01
201700026770,2,07,000,00,2,4,02,B01
201700026770,2,07,000,00,2,4,01,C01
201700026770,2,07,000,00,2,1,02,A01
201700026771,0,31,000,00,2,4,23,B01
201700026771,0,07,000,00,2,2,01,A01
201700026772,0,07,000,00,2,3,01,B01
201700026772,0,07,000,00,2,1,01,A01
201700026773,0,07,000,00,2,1,15,A01
201700026773,0,01,000,00,2,0,01,B01
201700026774,0,07,000,00,2,3,15,A01
201700026774,0,38,002,00,2,2,01,B01
201700026775,2,07,000,00,2,4,23,D01
201700026775,2,07,000,00,2,1,02,A01
201700026775,2,07,000,00,2,4,01,B01
201700026775,2,07,000,00,2,4,01,C01
201700026776,0,07,000,00,2,2,00,A01
201700026776,0,01,000,00,2,1,00,B01
201700026777,0,07,000,00,1,1,01,A01
201700026778,0,07,000,00,1,4,04,A01
201700026779,1,07,000,00,2,3,01,B01
201700026779,2,14,000,00,2,1,15,A01
201700026780,0,07,000,09,0,1,01,A01
201700026781,0,07,000,00,2,1,16,B01
201700026781,0,33,000,00,2,8,07,A01
201700026782,2,33,000,00,0,0,21,B01
201700026782,2,33,000,00,0,0,12,A01
201700026783,2,07,000,03,0,1,00,A01
201700026784,0,02,000,00,2,1,18,A01
201700026784,0,07,000,00,2,2,16,B01
201700026785,1,07,000,00,2,2,09,A01
201700026785,1,01,000,00,2,7,01,B01
201700026786,0,07,000,00,1,8,01,A01
201700026787,0,01,000,00,1,1,01,A01
201700026788,1,07,000,00,2,1,02,A01
201700026788,1,07,000,00,2,4,01,B01
201700026788,1,07,000,00,2,4,01,C01
201700026789,1,02,000,00,1,1,17,A01
201700026790,0,02,000,00,2,1,13,A01
201700026790,0,07,000,00,2,3,23,B01
201700026791,0,07,000,03,0,1,14,A01
201700026792,0,07,000,00,2,1,02,A01
201700026792,0,10,000,00,2,4,23,B01
201700026793,0,07,000,00,2,8,01,B01
201700026793,0,31,000,00,2,7,01,A01
201700026794,0,07,000,00,1,1,01,A01
201700026795,0,07,000,00,2,0,01,A01
201700026795,0,07,000,00,2,1,01,B01
201700026796,0,07,000,08,0,3,13,A01
201700026797,0,07,000,00,2,1,02,A01
201700026797,0,07,000,00,2,4,23,C01
201700026797,0,07,000,00,2,4,02,B01
201700026798,2,14,000,00,1,4,04,A01
201700026799,0,01,000,00,2,1,01,A01
201700026799,0,07,000,00,2,7,01,B01
201700026800,0,01,000,00,1,1,21,A01
201700026801,2,07,000,00,1,1,01,A01
201700026802,0,07,000,00,2,1,09,A01
201700026802,0,02,000,00,2,8,01,B01
201700026803,1,07,000,00,2,4,01,C01
201700026803,1,07,000,00,2,4,01,B01
201700026803,1,10,000,00,2,1,02,A01
201700026803,1,07,000,00,2,4,01,D01
201700026804,0,10,000,00,2,4,01,B01
201700026804,0,07,000,00,2,1,02,A01
201700026805,2,07,000,02,0,8,14,A01
201700026806,0,02,000,00,2,1,02,A01
201700026806,0,07,000,00,2,4,01,B01
201700026807,0,07,000,00,2,1,02,A01
201700026807,0,07,000,00,2,4,23,B01
201700026808,0,07,000,00,2,1,01,Z01
201700026808,0,31,000,00,2,7,01,B01
201700026809,1,07,000,07,0,1,01,A01
201700026810,0,07,000,00,0,0,00,A01
201700026810,0,01,000,00,0,0,21,B01
201700026811,0,33,000,00,1,1,01,A01
201700026812,0,07,000,00,2,1,02,A01
201700026812,0,07,000,00,2,4,02,B01
201700026813,0,07,000,00,2,5,15,A01
201700026813,0,01,000,00,2,1,01,B01
201700026814,0,01,000,00,2,1,01,B01
201700026814,0,07,000,00,2,3,16,A01
201700026815,0,07,000,00,2,4,01,B01
201700026815,0,07,000,00,2,1,02,A01
201700026816,1,02,000,00,2,4,23,B01
201700026816,0,07,000,00,2,1,02,A01
201700026817,0,01,000,00,2,1,01,A01
201700026817,0,10,000,00,2,4,01,B01
201700026818,2,10,000,00,2,4,01,C01
201700026818,2,10,000,00,2,1,01,A01
201700026818,2,07,000,00,2,4,01,B01
201700026819,1,07,000,00,1,1,16,A01
201700026820,0,33,000,00,1,1,01,A01
201700026821,0,38,000,00,2,1,02,A01
201700026821,0,07,000,00,2,4,23,B01
201700026822,0,07,000,00,2,3,09,A01
201700026822,0,01,000,00,2,1,01,B01
201700026823,0,07,000,00,1,0,01,A01
201700026824,0,01,000,00,2,1,01,B01
201700026824,0,07,000,00,2,7,16,A01
201700026825,1,07,000,00,2,1,01,A01
201700026825,1,07,000,00,2,2,01,B01
201700026826,0,07,000,00,0,4,23,B01
201700026826,0,33,000,00,2,1,02,A01
201700026827,2,01,000,00,2,7,01,B01
201700026827,0,07,000,01,0,1,09,A01
201700026828,2,07,000,00,1,2,16,A01
201700026829,1,01,000,00,2,1,01,B01
201700026829,1,07,000,00,9,3,15,A01
201700026830,0,07,000,00,0,4,23,B01
201700026830,0,07,000,00,2,1,02,A01
201700026831,0,02,000,00,2,1,01,A01
201700026831,0,01,000,00,2,4,01,B01
201700026832,2,07,000,00,2,1,02,A01
201700026832,2,07,000,00,2,1,02,C01
201700026832,2,07,000,00,0,4,01,B01
201700026833,2,07,000,00,2,1,19,A01
201700026833,2,37,001,00,2,7,01,B01
201700026834,1,07,000,00,0,9,14,A01
201700026835,1,07,000,00,2,4,01,C01
201700026835,1,07,000,00,2,4,01,B01
201700026835,1,07,000,00,2,1,01,A01
201700026836,0,07,000,00,2,7,15,B01
201700026836,0,07,000,00,2,1,01,A01
201700026837,0,07,000,00,1,1,01,A01
201700026838,0,07,000,00,2,3,20,B01
201700026838,1,01,000,00,2,2,01,A01
201700026839,1,33,000,00,2,1,01,A01
201700026839,1,07,000,00,0,4,12,B01
201700026840,2,07,000,00,2,3,16,B01
201700026840,2,07,000,00,2,2,16,A01
201700026841,0,07,000,03,0,1,21,A01
201700026842,0,07,000,00,1,3,01,A01
201700026843,0,01,000,00,1,0,01,A01
201700026844,1,07,000,01,0,0,16,A01
201700026845,1,33,000,00,2,0,01,A01
201700026845,1,07,000,00,0,0,14,B01
201700026846,1,01,000,00,2,1,01,B01
201700026846,2,07,000,00,2,7,15,A01
201700026847,0,30,000,00,2,1,05,B01
201700026847,0,07,000,00,2,3,15,A01
201700026848,1,07,000,00,2,1,15,A01
201700026848,2,01,000,00,2,8,16,B01
201700026849,1,07,000,03,0,0,01,A01
201700026850,1,07,000,00,1,1,16,A01
201700026851,2,07,000,00,2,1,02,A01
201700026851,2,07,000,00,0,4,01,B01
201700026852,0,01,000,00,0,4,01,B01
201700026852,0,07,000,00,2,1,02,A01
201700026853,0,07,000,00,2,2,15,A01
201700026853,0,31,000,00,2,1,00,B01
201700026854,0,07,000,00,2,2,01,B01
201700026854,0,30,000,00,2,3,09,A01
201700026855,0,07,000,00,1,7,01,Z01
201700026856,0,33,000,00,2,8,01,B01
201700026856,0,07,000,00,2,2,15,A01
201700026857,1,07,000,00,2,4,02,A01
201700026857,1,07,000,00,2,1,02,C01
201700026857,1,07,000,00,2,1,02,B01
201700026858,1,07,000,00,2,1,02,A01
201700026858,1,10,000,00,0,4,01,B01
201700026859,1,07,000,00,2,1,15,B01
201700026859,2,30,000,00,2,8,01,A01
201700026860,1,07,000,00,2,1,01,B01
201700026860,2,07,000,00,2,1,15,A01
201700026861,1,33,000,00,0,0,00,A01
201700026862,0,01,000,00,2,3,01,B01
201700026862,0,07,000,00,2,2,16,A01
201700026863,1,07,000,00,0,3,01,A01
201700026864,2,15,000,00,0,0,01,A01
201700026865,0,07,000,03,0,2,01,A01
201700026866,1,37,001,00,1,1,01,A01
201700026867,2,07,000,00,1,1,01,A01
201700026868,2,07,000,00,2,4,01,B01
201700026868,2,07,000,00,2,1,02,A01
201700026869,2,01,000,00,2,4,01,B01
201700026869,2,14,000,00,2,1,02,A01
201700026870,2,07,000,00,2,1,15,A01
201700026870,1,30,000,00,2,1,01,B01
201700026871,0,07,000,00,2,0,22,A01
201700026871,1,01,000,00,2,1,01,B01
201700026872,0,07,000,08,0,0,01,A01
201700026873,1,07,000,00,2,4,01,C01
201700026873,1,10,000,00,2,1,12,A01
201700026873,1,07,000,00,2,4,01,B01
201700026873,1,07,000,00,2,4,01,E01
201700026873,1,07,000,00,2,4,01,D01
201700026874,1,10,000,00,2,1,16,A01
201700026874,2,01,000,00,2,1,01,B01
201700026875,0,33,000,00,0,0,21,A01
201700026876,0,10,000,00,1,4,04,A01
201700026877,0,07,000,00,2,1,00,A01
201700026877,2,01,000,00,2,0,01,B01
201700026878,0,10,000,00,1,1,01,A01
201700026879,0,10,000,00,1,1,01,A01
201700026880,0,01,000,00,2,1,01,A01
201700026880,0,07,000,00,2,1,15,B01
201700026881,2,07,000,00,1,1,15,A01
201700026882,1,07,000,00,2,6,15,A01
201700026882,1,01,000,00,2,1,01,B01
201700026883,1,10,000,00,2,1,01,A01
201700026883,2,07,000,01,2,3,01,B01
201700026884,1,07,000,00,2,4,01,B01
201700026884,1,07,000,00,2,2,01,A01
201700026884,1,07,000,00,2,4,01,C01
201700026885,0,01,000,00,2,7,02,B01
201700026885,0,07,000,00,2,3,02,A01
201700026886,0,07,000,02,0,2,01,A01
201700026887,0,07,000,00,2,7,22,A01
201700026887,0,01,000,00,2,1,18,B01
201700026888,1,07,000,00,2,4,01,B01
201700026888,1,07,000,00,2,1,02,A01
201700026889,0,07,000,00,1,1,01,A01
201700026890,1,07,000,00,2,3,09,A01
201700026890,1,01,000,00,2,7,01,B01
201700026891,0,01,000,00,2,1,01,B01
201700026891,0,07,000,00,2,3,09,A01
201700026892,2,07,000,00,1,1,15,A01
201700026893,0,07,000,00,1,1,15,A01
201700026894,2,07,000,00,2,4,01,D01
201700026894,2,07,000,00,2,4,01,C01
201700026894,2,07,000,00,2,4,01,B01
201700026894,2,07,000,00,2,1,02,A01
201700026895,0,07,000,00,2,8,09,A01
201700026895,0,07,000,00,2,2,01,B01
201700026896,0,07,000,02,0,1,14,A01
201700026897,0,07,000,15,0,1,14,A01
201700026898,1,07,000,00,1,1,00,A01
201700026899,1,37,004,00,2,2,01,A01
201700026899,,07,000,00,2,6,15,B01
201700026900,0,07,000,00,2,1,02,A01
201700026900,0,10,000,00,2,4,01,B01
201700026901,2,07,000,00,1,1,01,A01
201700026902,0,07,000,00,2,1,02,A01
201700026902,0,07,000,00,2,4,01,B01
201700026903,1,07,000,13,0,9,01,A01
201700026904,2,07,000,00,2,1,02,A01
201700026904,2,07,000,00,2,4,01,B01
201700026904,2,07,000,00,2,1,02,C01
201700026905,0,07,000,00,2,2,01,B01
201700026905,0,07,000,00,2,2,09,A01
201700026906,,07,000,,,,,A02
201700026906,0,31,000,00,0,0,00,A01
201700026907,0,07,000,00,2,4,01,B01
201700026907,0,10,000,00,2,1,02,A01
201700026908,0,07,000,00,2,5,10,A01
201700026908,0,33,000,00,2,1,01,B01
201700026909,2,07,000,00,2,1,02,A01
201700026909,2,07,000,00,2,4,01,B01
201700026910,0,07,000,00,1,1,16,A01
201700026911,2,10,000,00,2,1,02,A01
201700026911,2,15,000,00,2,4,01,C01
201700026911,2,07,000,00,2,1,02,B01
201700026912,0,07,000,01,0,1,01,A01
201700026913,1,07,000,00,2,3,10,A01
201700026913,2,07,000,00,2,7,01,B01
201700026914,0,07,000,00,1,1,01,A01
201700026915,0,07,000,00,1,3,01,A01
201700026916,2,01,000,00,2,1,01,B01
201700026916,1,07,000,00,2,7,15,A01
201700026917,0,01,000,00,2,1,01,B01
201700026917,0,10,000,00,2,7,16,A01
201700026918,1,07,000,00,2,1,15,A01
201700026918,2,07,000,00,2,1,01,B01
201700026919,0,07,000,00,2,1,09,A01
201700026919,0,30,000,00,2,7,01,B01
201700026920,0,07,000,00,1,2,01,A01
201700026921,2,14,000,00,9,2,09,A01
201700026921,2,01,000,00,2,4,01,B01
201700026922,2,07,000,00,2,3,15,B01
201700026922,1,33,000,00,2,1,07,A01
201700026923,1,34,000,00,1,1,01,A01
201700026924,1,02,000,00,2,3,01,B01
201700026924,1,07,000,00,2,3,15,A01
201700026925,2,99,000,00,1,1,01,A01
201700026926,1,07,000,00,2,1,05,A01
201700026926,2,07,000,00,2,1,01,B01
201700026927,1,07,000,00,1,1,01,A01
201700026928,1,33,000,00,2,1,01,B01
201700026928,1,07,000,00,2,2,15,A01
201700026929,1,31,000,00,2,4,01,B01
201700026929,1,07,000,00,2,1,09,A01
201700026930,1,07,000,00,2,4,01,C01
201700026930,0,07,000,00,2,1,01,A01
201700026930,0,07,000,00,2,9,01,B01
201700026931,1,02,000,12,0,7,01,A01
201700026932,0,33,000,00,2,7,17,A01
201700026932,0,07,000,00,2,8,15,B01
201700026933,0,13,000,13,0,7,01,A01
201700026934,0,07,000,00,1,1,01,A01
201700026935,1,07,000,10,0,1,00,A01
201700026936,0,30,000,01,0,1,01,A01
201700026937,0,07,000,01,0,2,14,A01
201700026938,1,07,000,00,2,3,01,A01
201700026938,2,07,000,00,2,8,01,B01
201700026939,1,07,000,07,0,9,01,A01
201700026940,0,10,000,00,2,8,16,A01
201700026940,0,30,000,00,2,1,01,B01
201700026941,1,07,000,01,0,2,14,A01
201700026941,1,07,000,00,0,0,24,B01
201700026942,0,07,000,00,2,8,01,B01
201700026942,0,30,000,00,2,1,01,A01
201700026943,0,07,000,00,2,4,02,B01
201700026943,0,10,000,00,2,1,01,A01
201700026944,0,07,000,00,1,2,01,A01
201700026945,0,07,000,00,2,5,02,B01
201700026945,0,07,000,00,2,3,09,A01
201700026946,0,07,000,00,2,1,01,B01
201700026946,1,07,000,00,2,7,09,A01
201700026947,0,37,000,00,1,0,00,A01
201700026948,1,30,000,00,0,0,00,A01
201700026949,0,07,000,08,0,0,00,A01
201700026950,1,07,000,00,0,0,00,C01
201700026950,1,07,000,00,0,0,00,A01
201700026950,1,07,000,00,0,0,00,B01
201700026951,1,07,000,13,0,0,00,A01
201700026952,1,17,000,00,2,3,00,B01
201700026952,1,07,000,00,2,0,00,A01
201700026953,2,07,000,00,2,3,01,B01
201700026953,1,07,000,00,2,3,13,A01
201700026954,0,32,000,00,1,2,18,A01
201700026955,0,07,000,00,2,4,00,A01
201700026955,0,31,000,00,2,4,00,B01
201700026956,0,07,000,00,2,1,01,A01
201700026956,0,07,000,00,2,7,00,B01
201700026957,1,07,000,06,0,1,00,A01
201700026958,1,07,000,00,2,1,00,A01
201700026958,1,07,000,00,2,1,16,B01
201700026959,1,07,000,00,1,1,00,A01
201700026960,0,07,000,01,0,1,01,A01
201700026960,1,07,000,00,0,5,24,C01
201700026960,1,07,000,00,0,2,24,B01
201700026961,1,30,000,00,0,1,01,A01
201700026962,1,07,000,00,2,6,01,B01
201700026962,1,07,000,00,2,2,17,A01
201700026963,1,07,000,00,2,8,01,B01
201700026963,0,07,000,01,0,8,24,C01
201700026963,1,07,000,00,2,3,15,A01
201700026964,1,07,000,00,2,8,01,B01
201700026964,1,07,000,00,2,1,15,A01
201700026965,0,07,000,00,2,7,01,B01
201700026965,0,07,000,00,2,1,19,A01
201700026966,1,07,000,16,0,2,00,A01
201700026967,1,07,000,00,2,1,01,A01
201700026967,1,07,000,00,2,7,01,B01
201700026968,1,07,000,08,0,1,14,A01
201700026969,0,07,000,06,0,1,01,A01
201700026970,2,07,000,00,1,1,01,A01
201700026971,1,33,000,00,2,4,02,B01
201700026971,0,07,000,00,2,3,02,A01
201700026972,0,30,000,12,0,2,01,A01
201700026973,0,07,000,00,2,1,01,A01
201700026973,0,07,000,00,2,4,01,B01
201700026974,0,07,000,16,0,9,00,A01
201700026975,1,07,000,13,0,1,01,A01
201700026976,0,01,000,00,2,1,05,A01
201700026976,0,07,000,00,2,4,04,B01
201700026977,0,14,000,00,1,4,04,A01
201700026978,0,01,000,00,2,1,01,A01
201700026978,0,07,000,00,0,0,00,B01
201700026979,0,02,000,00,1,1,14,A01
201700026980,0,01,000,01,0,2,21,B01
201700026980,2,07,000,00,9,8,22,A01
201700026981,2,07,000,00,2,2,15,B01
201700026981,1,07,000,00,2,1,01,A01
201700026982,1,07,000,13,0,9,01,A01
201700026983,1,07,000,00,2,4,02,B01
201700026983,1,07,000,00,2,1,02,A01
201700026984,1,07,000,00,1,1,01,A01
201700026985,1,07,000,00,1,3,14,A01
201700026986,1,07,000,00,2,6,02,B01
201700026986,1,07,000,00,2,1,02,A01
201700026987,0,30,000,13,0,7,01,A01
201700026988,1,07,000,06,0,1,01,A01
201700026989,0,07,000,00,2,3,21,A01
201700026989,0,01,000,00,2,3,09,B01
201700026990,0,02,000,14,0,0,01,A01
201700026991,2,07,000,00,2,3,15,A01
201700026991,1,07,000,00,2,2,09,B01
201700026992,2,07,000,00,2,2,09,B01
201700026992,1,07,000,00,2,3,09,A01
201700026993,0,07,000,12,0,8,16,A01
201700026994,0,07,000,00,1,1,01,A01
201700026995,1,07,000,15,0,0,01,A01
201700026996,1,07,000,00,2,1,01,B01
201700026996,1,07,000,00,2,1,19,A01
201700026997,1,01,000,14,0,1,00,A01
201700026998,1,31,000,00,0,0,23,A01
201700026999,2,07,000,00,2,8,14,A01
201700026999,2,07,000,00,2,7,11,B01
201700027000,0,37,000,00,1,5,09,A01
201700027001,2,07,000,01,1,3,01,A01
201700027002,1,30,000,14,0,7,01,A01