Num_Acc,senc,catv,occutc,obs,obsm,choc,manv,num_veh
201700027003,2,07,000,00,2,1,15,B01
201700027003,1,07,000,00,2,1,13,A01
201700027004,2,07,000,00,0,9,14,A01
201700027005,0,07,000,01,0,9,15,A01
201700027006,2,07,000,00,2,1,02,A01
201700027006,0,01,000,00,2,4,02,B01
201700027007,2,31,000,00,2,1,17,A01
201700027007,2,07,000,00,2,3,15,B01
201700027008,0,30,000,00,0,7,01,A01
201700027009,0,07,000,00,2,1,01,A01
201700027009,0,07,000,01,2,1,01,B01
201700027010,0,07,000,00,1,1,14,A01
201700027011,1,07,000,00,2,8,09,A01
201700027011,2,01,000,00,2,1,15,B01
201700027012,0,07,000,00,2,2,01,B01
201700027012,0,07,000,00,2,3,09,A01
201700027013,1,07,000,06,0,9,14,A01
201700027014,2,30,000,00,2,1,01,A01
201700027014,2,07,000,00,2,4,01,B01
201700027015,1,07,000,00,2,1,17,A01
201700027015,1,30,000,00,2,4,15,B01
201700027016,0,01,000,00,2,7,15,B01
201700027016,0,07,000,00,2,1,09,A01
201700027017,1,07,000,01,1,1,14,A01
201700027018,0,07,000,15,0,7,14,A01
201700027019,0,07,000,12,0,7,14,A01
201700027020,0,33,000,00,2,2,01,B01
201700027020,0,07,000,00,2,3,09,A01
201700027021,1,07,000,00,1,1,01,A01
201700027021,2,10,000,00,1,3,01,B01
201700027022,0,02,000,00,2,1,09,A01
201700027022,0,07,000,00,2,6,15,B01
201700027023,2,07,000,13,0,7,14,A01
201700027024,0,07,000,00,1,4,04,A01
201700027025,0,07,000,00,1,2,01,A01
201700027026,1,37,000,00,1,6,07,A01
201700027027,2,07,000,01,2,7,09,A01
201700027027,2,07,000,00,2,8,09,B01
201700027028,1,07,000,04,0,1,13,A01
201700027029,1,30,000,16,0,1,01,A01
201700027030,1,07,000,00,2,4,02,A01
201700027030,1,07,000,00,2,1,02,B01
201700027031,1,30,000,16,0,1,01,A01
201700027032,1,07,000,00,2,2,02,A01
201700027032,1,01,000,00,2,4,02,B01
201700027033,1,07,000,00,2,5,15,A01
201700027033,2,07,000,00,2,1,01,B01
201700027034,1,07,000,00,1,1,01,A01
201700027035,1,07,000,03,0,2,14,A01
201700027036,1,07,000,11,0,1,01,A01
201700027037,1,07,000,00,2,3,09,A01
201700027037,1,30,000,00,2,1,01,B01
201700027038,1,32,000,00,2,8,01,B01
201700027038,2,07,000,00,2,1,15,A01
201700027039,1,10,000,00,2,3,19,A01
201700027039,1,01,000,00,2,3,01,B01
201700027040,1,07,000,00,1,3,15,A01
201700027041,1,07,000,00,2,3,13,A01
201700027041,2,07,000,00,2,3,01,B01
201700027042,1,31,000,16,0,8,02,A01
201700027043,1,01,000,00,2,4,15,B01
201700027043,1,07,000,00,2,1,02,A01
201700027044,1,07,000,16,0,0,01,A01
201700027045,1,07,000,00,1,3,09,A01
201700027046,1,02,000,00,2,3,02,A01
201700027046,1,07,000,00,2,1,16,Z01
201700027047,1,07,000,00,1,3,15,A01
201700027048,2,07,000,01,0,1,21,A01
201700027049,1,37,000,00,2,2,01,B01
201700027049,2,07,000,00,2,1,09,A01
201700027050,1,07,000,00,4,7,09,A01
201700027050,1,40,000,00,2,1,01,B01
201700027051,1,30,000,01,0,7,14,A01
201700027052,2,02,000,00,2,1,09,A01
201700027052,1,07,000,00,2,2,01,B01
201700027053,1,07,000,00,1,1,18,Z01
201700027054,2,01,000,16,0,1,01,A01
201700027055,1,01,000,00,2,3,19,B01
201700027055,1,07,000,00,2,2,16,A01
201700027056,1,07,000,00,1,1,01,A01
201700027057,2,07,000,00,2,2,16,A01
201700027057,2,01,000,00,2,3,23,B01
201700027058,1,07,000,00,2,1,01,A01
201700027058,2,07,000,00,2,8,01,B01
201700027059,1,07,000,00,2,1,01,A01
201700027059,1,07,000,00,2,5,01,B01
201700027060,1,10,000,11,0,1,01,A01
201700027061,1,07,000,00,2,1,01,B01
201700027061,1,07,000,00,2,3,09,A01
201700027062,1,32,000,16,0,8,20,A01
201700027063,1,07,000,00,1,1,01,A01
201700027064,1,33,000,00,0,7,09,A01
201700027065,2,07,000,00,1,3,01,A01
201700027066,1,07,000,00,2,4,02,C01
201700027066,1,07,000,00,2,1,02,A01
201700027066,1,07,000,00,2,4,02,B01
201700027067,1,01,000,16,0,7,01,A01
201700027068,1,07,000,00,2,1,16,A01
201700027068,1,07,000,00,2,3,23,B01
201700027069,1,07,000,00,2,8,11,A01
201700027069,1,07,000,00,2,1,01,B01
201700027070,1,07,000,00,2,4,02,B01
201700027070,1,07,000,00,2,1,02,A01
201700027071,2,30,000,16,0,7,17,A01
201700027072,1,07,000,00,2,3,00,B01
201700027072,1,01,000,00,2,3,01,A01
201700027073,1,30,000,16,0,1,01,A01
201700027074,1,15,000,00,2,4,04,A01
201700027074,1,30,000,00,2,1,23,B01
201700027075,1,30,000,00,2,4,02,B01
201700027075,1,07,000,00,2,1,02,A01
201700027076,1,07,000,00,1,3,09,Z01
201700027077,2,07,000,00,2,8,09,A01
201700027077,2,32,000,00,2,1,01,B01
201700027078,2,07,000,00,2,1,01,B01
201700027078,1,07,000,00,2,1,15,A01
201700027079,2,30,000,00,2,1,01,A01
201700027079,1,07,000,00,2,3,15,B01
201700027080,2,33,000,16,0,8,01,A01
201700027081,1,34,000,00,2,7,02,B01
201700027081,1,14,000,00,2,8,15,A01
201700027082,1,30,000,16,0,1,01,A01
201700027083,1,07,000,00,1,1,01,A01
201700027084,2,07,000,00,2,1,02,A01
201700027084,2,07,000,00,2,4,23,B01
201700027085,1,07,000,00,2,4,02,B01
201700027085,1,07,000,00,2,1,02,A01
201700027086,2,01,000,16,0,7,01,A01
201700027087,1,07,000,00,2,3,01,B01
201700027087,2,07,000,00,2,3,13,A01
201700027088,1,07,000,03,0,2,01,A01
201700027089,2,07,000,00,2,3,16,A01
201700027089,2,01,000,00,2,1,01,B01
201700027090,1,07,000,00,2,1,01,A01
201700027090,1,07,000,00,2,8,01,B01
201700027091,2,07,000,08,0,7,01,A01
201700027092,1,01,000,16,0,1,01,A01
201700027093,1,02,000,16,0,1,01,A01
201700027094,2,01,000,00,2,1,01,A01
201700027094,1,07,000,00,2,3,09,B01
201700027095,1,01,000,16,0,1,01,A01
201700027096,1,07,000,00,1,6,04,A01
201700027097,2,07,000,00,1,2,17,A01
201700027098,1,07,000,00,2,3,01,B01
201700027098,2,07,000,00,2,8,13,A01
201700027099,2,07,000,11,0,1,01,A01
201700027100,2,07,000,02,0,3,16,A01
201700027101,2,07,000,00,2,2,15,A01
201700027101,1,31,000,00,2,1,01,B01
201700027102,1,07,000,04,0,3,13,A01
201700027103,2,07,000,00,2,1,01,A01
201700027103,2,07,000,00,2,8,15,B01
201700027104,2,07,000,00,1,1,01,A01
201700027105,1,07,000,00,2,1,12,A01
201700027105,1,07,000,00,2,4,02,B01
201700027106,2,31,000,00,2,1,01,B01
201700027106,1,07,000,00,2,1,15,A01
201700027107,1,10,000,00,2,1,01,B01
201700027107,2,02,000,00,2,1,05,A01
201700027108,1,07,000,00,2,1,02,A01
201700027108,1,01,000,00,2,4,02,B01
201700027109,2,10,000,00,1,2,01,A01
201700027110,2,07,000,08,0,3,09,A01
201700027111,2,07,000,00,2,2,01,B01
201700027111,1,07,000,00,2,1,01,A01
201700027112,2,30,000,00,2,1,01,B01
201700027112,1,07,000,00,2,2,19,A01
201700027113,1,07,000,00,1,2,01,A01
201700027114,1,02,000,16,0,8,15,A01
201700027115,2,07,000,00,2,8,01,B01
201700027115,1,33,000,00,2,1,01,A01
201700027116,2,15,000,00,2,2,21,A01
201700027116,2,07,000,00,2,4,23,B01
201700027117,1,07,000,07,0,1,01,A01
201700027118,2,01,000,12,0,1,01,A01
201700027119,1,07,000,00,2,2,01,B01
201700027119,1,01,000,00,2,1,01,A01
201700027120,1,33,000,06,0,1,01,A01
201700027121,1,02,000,00,2,4,02,A01
201700027121,1,07,000,00,2,4,02,B01
201700027122,1,07,000,06,0,3,13,A01
201700027123,2,01,000,09,0,7,01,A01
201700027124,1,07,000,00,2,6,02,B01
201700027124,1,07,000,00,2,2,02,A01
201700027125,1,01,000,00,2,7,19,B01
201700027125,1,07,000,00,2,1,01,A01
201700027126,1,33,000,16,0,7,16,A01
201700027127,1,07,000,00,2,1,00,B01
201700027127,1,07,000,00,2,7,09,A01
201700027128,1,07,000,00,2,4,11,Z01
201700027128,1,07,000,00,2,4,02,B01
201700027128,1,07,000,00,2,1,02,A01
201700027129,2,17,000,00,2,2,01,A01
201700027129,2,07,000,00,2,3,16,B01
201700027130,1,01,000,16,0,8,01,A01
201700027131,1,07,000,00,2,1,02,A01
201700027131,1,07,000,00,2,4,23,B01
201700027132,1,07,000,00,2,3,16,A01
201700027132,2,02,000,00,2,1,01,B01
201700027133,1,07,000,00,2,7,01,A01
201700027133,1,38,015,00,2,1,01,B01
201700027134,1,07,000,00,2,3,16,A01
201700027134,1,07,000,00,2,3,01,B01
201700027135,2,07,000,00,2,2,01,A01
201700027135,1,10,000,00,2,3,01,B01
201700027136,1,07,000,12,0,1,14,A01
201700027137,1,07,000,00,2,1,15,B01
201700027137,1,07,000,00,2,8,01,A01
201700027138,1,07,000,00,1,1,01,A01
201700027139,2,02,000,12,0,2,14,A01
201700027140,2,07,000,00,1,3,01,A01
201700027141,2,07,000,00,1,3,01,A01
201700027142,2,30,000,16,0,7,01,A01
201700027143,2,07,000,00,2,1,16,A01
201700027143,2,01,000,00,2,8,01,B01
201700027144,2,07,000,00,2,3,01,B01
201700027144,1,21,000,00,2,3,13,A01
201700027145,2,30,000,16,0,8,01,A01
201700027146,1,07,000,11,0,1,01,A01
201700027147,2,01,000,00,2,1,01,B01
201700027147,1,07,000,00,2,1,01,A01
201700027148,2,01,000,00,2,3,01,B01
201700027148,2,07,000,00,2,7,16,A01
201700027149,1,07,000,00,1,2,17,A01
201700027150,2,01,000,00,1,1,02,A01
201700027151,1,07,000,00,1,3,01,A01
201700027152,1,02,000,00,2,1,02,A01
201700027152,1,07,000,00,2,4,02,B01
201700027153,1,01,000,00,2,1,01,A01
201700027153,2,01,000,00,2,1,01,B01
201700027154,1,07,000,00,2,4,02,C01
201700027154,1,07,000,00,2,1,02,A01
201700027154,1,07,000,00,2,4,02,B01
201700027155,1,01,000,16,0,1,01,A01
201700027156,1,07,000,00,2,1,02,A01
201700027156,1,07,000,00,2,4,02,B01
201700027157,1,07,000,00,2,8,01,B01
201700027157,1,33,000,00,2,7,12,A01
201700027158,2,07,000,00,2,2,15,A01
201700027158,1,32,000,00,2,8,01,B01
201700027159,2,32,000,00,2,1,09,A01
201700027159,2,07,000,00,2,8,01,B01
201700027160,1,07,000,00,1,5,01,A01
201700027161,2,07,000,00,2,3,09,A01
201700027161,1,02,000,00,2,1,01,B01
201700027162,1,07,000,00,2,2,02,A01
201700027162,1,01,000,00,2,4,02,B01
201700027163,1,02,000,00,2,1,02,A01
201700027163,1,07,000,00,2,5,02,B01
201700027164,1,07,000,00,2,1,02,A01
201700027164,1,07,000,00,2,4,02,B01
201700027165,1,30,000,00,1,5,01,A01
201700027166,1,02,000,00,2,8,11,A01
201700027166,1,07,000,00,2,7,01,B01
201700027167,1,07,000,04,2,1,17,A01
201700027167,1,07,000,00,2,8,01,B01
201700027168,1,07,000,00,2,5,10,A01
201700027168,2,33,000,00,2,8,01,B01
201700027169,1,07,000,00,2,4,01,B01
201700027169,1,30,000,00,2,1,18,A01
201700027170,2,07,000,00,2,1,01,A01
201700027170,1,02,000,00,2,8,01,B01
201700027171,1,33,000,00,2,4,02,A01
201700027171,1,07,000,00,2,4,02,B01
201700027172,2,07,000,00,2,3,01,B01
201700027172,2,01,000,00,2,1,01,A01
201700027173,1,33,000,00,2,3,01,A01
201700027173,1,07,000,00,2,2,16,B01
201700027174,1,07,000,00,2,4,02,C01
201700027174,1,07,000,00,2,1,02,A01
201700027174,1,07,000,00,2,4,02,B01
201700027175,2,07,000,00,2,1,02,A01
201700027175,2,07,000,00,1,4,02,B01
201700027176,2,33,000,13,0,8,01,A01
201700027177,2,30,000,00,2,3,09,A01
201700027177,1,37,002,00,2,1,01,B01
201700027178,2,07,000,00,2,8,15,B01
201700027178,1,30,000,00,2,1,01,A01
201700027179,1,10,000,00,1,2,01,A01
201700027180,2,07,000,00,2,4,02,B01
201700027180,2,07,000,00,2,1,02,A01
201700027181,1,07,000,06,0,1,01,A01
201700027182,1,07,000,00,2,4,02,D01
201700027182,1,07,000,00,2,4,02,B01
201700027182,1,07,000,00,2,4,02,C01
201700027182,1,07,000,00,2,1,02,A01
201700027183,2,07,000,00,2,1,02,A01
201700027183,2,07,000,00,2,4,02,B01
201700027184,2,07,000,00,2,5,15,A01
201700027184,2,37,010,00,2,3,01,B01
201700027185,1,07,000,00,2,7,15,A01
201700027185,2,33,000,00,2,1,01,B01
201700027186,2,01,000,00,2,7,01,A01
201700027186,1,07,000,00,2,1,01,B01
201700027187,2,33,000,00,2,1,17,B01
201700027187,1,07,000,00,2,3,15,A01
201700027188,1,07,000,00,2,3,09,A01
201700027188,2,34,000,00,2,1,01,B01
201700027189,2,07,000,00,1,3,15,A01
201700027190,1,35,000,16,0,1,01,A01
201700027191,1,10,000,00,2,1,01,A01
201700027191,1,07,000,00,2,4,01,B01
201700027191,1,07,000,00,2,8,09,C01
201700027192,1,07,000,00,2,2,01,A01
201700027192,1,07,000,00,2,6,24,C01
201700027192,1,07,000,00,2,8,09,B01
201700027193,2,07,000,00,1,3,01,A01
201700027194,1,01,000,16,0,8,01,A01
201700027195,2,30,000,00,2,1,01,B01
201700027195,1,07,000,00,2,2,15,A01
201700027196,1,07,000,00,2,5,15,A01
201700027196,2,01,000,00,2,1,01,B01
201700027197,1,07,000,00,2,4,02,B01
201700027197,1,07,000,00,2,1,02,A01
201700027198,1,07,000,00,2,3,09,A01
201700027198,1,01,000,00,2,2,01,B01
201700027199,1,07,000,00,2,2,17,A01
201700027199,1,30,000,00,2,8,01,B01
201700027200,2,07,000,00,2,4,02,B01
201700027200,2,07,000,00,2,1,02,A01
201700027200,2,07,000,00,2,4,02,C01
201700027201,1,07,000,00,2,1,02,A01
201700027201,1,07,000,00,2,4,02,B01
201700027202,1,07,000,00,2,3,15,A01
201700027202,2,07,000,00,2,1,01,B01
201700027203,1,07,000,00,2,8,22,A01
201700027203,1,01,000,01,0,1,01,B01
201700027204,2,07,000,00,1,4,04,A01
201700027205,1,02,000,00,2,1,02,A01
201700027205,1,07,000,00,2,4,02,B01
201700027206,1,07,000,00,2,2,01,A01
201700027206,1,33,000,00,2,1,01,B01
201700027207,1,07,000,04,0,1,01,A01
201700027208,1,30,000,16,0,8,21,B01
201700027208,1,07,000,00,0,0,09,A01
201700027209,1,07,000,00,1,2,01,A01
201700027210,1,07,000,00,2,8,01,B01
201700027210,2,30,000,00,2,3,13,A01
201700027211,1,07,000,00,2,2,15,A01
201700027211,2,07,000,00,2,1,01,B01
201700027212,2,01,000,00,2,2,07,B01
201700027212,2,37,012,00,2,6,11,A01
201700027213,2,07,000,00,2,4,02,B01
201700027213,2,07,000,00,2,1,02,A01
201700027214,1,10,000,00,2,3,01,B01
201700027214,2,30,000,00,2,1,01,A01
201700027215,1,07,000,00,2,4,02,C01
201700027215,1,07,000,00,2,4,02,B01
201700027215,1,10,000,00,2,1,02,A01
201700027216,1,07,000,00,1,3,01,A01
201700027217,1,01,000,14,0,1,01,A01
201700027218,1,36,000,12,0,0,14,A01
201700027219,1,32,000,00,2,7,01,B01
201700027219,2,07,000,00,2,3,09,A01
201700027220,1,02,000,16,0,1,01,A01
201700027221,1,07,000,00,2,4,02,C01
201700027221,1,07,000,00,2,1,02,A01
201700027221,1,07,000,00,2,4,02,B01
201700027222,1,07,000,15,0,1,01,A01
201700027223,1,07,000,00,2,1,13,A01
201700027223,1,07,000,00,2,3,01,B01
201700027224,2,30,000,00,2,1,01,B01
201700027224,1,07,000,00,2,7,15,A01
201700027225,1,32,000,00,2,2,01,A01
201700027225,1,07,000,00,2,6,09,B01
201700027226,1,07,000,00,2,1,02,A01
201700027226,1,07,000,00,2,2,02,B01
201700027226,1,07,000,00,2,4,02,C01
201700027227,1,07,000,00,2,8,01,A01
201700027227,2,07,000,00,2,1,01,B01
201700027228,2,32,000,00,2,1,01,A01
201700027228,2,01,000,00,2,8,01,B01
201700027229,1,10,000,00,1,1,15,A01
201700027230,1,07,000,00,2,1,01,Z01
201700027230,2,01,000,00,2,4,15,A01
201700027231,2,07,000,00,2,4,02,B01
201700027231,2,37,012,00,2,7,12,C01
201700027231,2,07,000,00,2,1,02,A01
201700027232,1,15,000,00,2,2,17,Z01
201700027232,1,07,000,00,2,3,01,B01
201700027233,1,01,000,00,2,4,23,B01
201700027233,1,07,000,12,0,3,01,A01
201700027234,1,02,000,00,2,1,01,A01
201700027234,2,07,000,00,2,6,01,B01
201700027235,2,07,000,00,2,1,09,A01
201700027235,2,07,000,00,2,7,01,B01
201700027236,1,07,000,00,2,4,04,A01
201700027236,1,01,000,00,2,7,01,B01
201700027237,1,07,000,00,2,2,01,B01
201700027237,1,07,000,00,2,3,09,A01
201700027238,2,02,000,00,2,7,02,B01
201700027238,2,10,000,00,2,6,20,A01
201700027239,2,01,000,00,2,1,01,B01
201700027239,1,07,000,00,9,5,15,A01
201700027240,2,07,000,00,2,1,15,Z01
201700027240,1,30,000,00,2,1,23,A01
201700027241,2,07,000,00,2,6,02,A01
201700027241,2,07,000,00,2,2,02,B01
201700027242,2,01,000,09,0,1,13,A01
201700027243,1,07,000,00,1,8,16,A01
201700027244,2,07,000,00,2,4,02,B01
201700027244,2,10,000,00,2,1,02,A01
201700027245,1,07,000,00,2,1,09,Z01
201700027245,1,01,000,00,2,1,01,A01
201700027246,1,33,000,00,2,1,01,B01
201700027246,1,07,000,00,2,2,15,A01
201700027247,1,07,000,00,2,1,01,B01
201700027247,2,01,000,00,2,8,01,A01
201700027248,1,30,000,00,2,3,01,B01
201700027248,1,07,000,00,2,5,16,A01
201700027249,2,07,000,00,2,1,12,A01
201700027249,2,07,000,00,2,3,01,B01
201700027250,1,07,000,00,2,1,01,B01
201700027250,2,07,000,00,2,3,11,A01
201700027250,2,07,000,00,2,1,01,C01
201700027251,1,07,000,00,2,8,01,B01
201700027251,1,10,000,08,2,2,12,A01
201700027252,2,07,000,00,2,4,02,B01
201700027252,2,07,000,00,2,1,02,A01
201700027253,2,07,000,00,2,8,01,C01
201700027253,2,10,000,00,2,2,01,A01
201700027253,2,07,000,00,2,6,16,B01
201700027254,1,02,000,00,2,1,13,A01
201700027254,2,07,000,00,2,3,01,B01
201700027255,1,01,000,00,2,1,11,A01
201700027255,2,01,000,00,2,1,01,B01
201700027256,1,01,000,16,0,1,01,A01
201700027257,1,07,000,00,2,4,15,B01
201700027257,1,07,000,00,2,1,01,A01
201700027258,2,10,000,00,2,5,01,A01
201700027258,2,01,000,00,2,8,01,B01
201700027259,2,07,000,00,1,2,01,A01
201700027260,1,07,000,00,2,1,17,A01
201700027260,0,01,000,00,2,4,00,B01
201700027261,1,07,000,00,2,2,01,B01
201700027261,1,07,000,00,2,3,01,A01
201700027262,0,30,000,01,0,0,01,A01
201700027263,1,10,000,00,2,2,17,A01
201700027263,1,37,000,00,2,6,23,B01
201700027264,1,07,000,00,2,2,21,A01
201700027264,1,07,000,00,0,2,01,B01
201700027265,1,33,000,00,1,2,17,A01
201700027265,1,07,000,00,1,6,01,B01
201700027266,0,07,000,00,1,7,16,A01
201700027267,2,33,000,00,0,0,01,A01
201700027268,1,07,000,00,2,5,01,B01
201700027268,2,07,000,00,2,3,01,C01
201700027268,1,07,000,08,2,1,19,A01
201700027269,1,07,000,06,0,2,01,A01
201700027270,1,07,000,00,2,3,22,A01
201700027270,1,01,000,01,0,1,01,B01
201700027271,1,07,000,00,1,1,01,A01
201700027272,1,07,000,00,2,2,01,A01
201700027272,1,07,000,00,2,3,01,B01
201700027273,1,07,000,00,1,1,15,A01
201700027274,1,01,000,00,2,1,01,C01
201700027274,2,30,000,00,2,1,13,A01
201700027274,1,01,000,00,2,1,01,B01
201700027275,1,30,000,01,0,1,01,A01
201700027276,2,33,000,00,0,8,01,A01
201700027277,1,07,000,00,2,3,23,B01
201700027277,2,07,000,00,2,3,13,A01
201700027278,2,07,000,00,1,4,04,A01
201700027279,2,07,000,00,1,4,04,A01
201700027280,1,07,000,00,2,1,02,B01
201700027280,2,07,000,00,2,1,15,A01
201700027281,2,15,000,00,2,1,01,A01
201700027281,2,07,000,00,2,4,01,B01
201700027282,1,07,000,08,0,3,15,A01
201700027283,1,07,000,04,0,3,17,A01
201700027284,2,07,000,00,2,1,01,B01
201700027284,2,07,000,00,2,8,01,A01
201700027285,2,07,000,00,2,2,15,A01
201700027285,2,07,000,00,2,3,01,B01
201700027286,1,07,000,01,0,1,01,A01
201700027287,1,07,000,00,2,2,15,A01
201700027287,1,07,000,00,2,1,01,B01
201700027288,1,07,000,08,0,1,01,A01
201700027289,1,01,000,00,4,2,16,A01
201700027289,1,40,048,00,9,1,01,B01
201700027290,1,07,000,01,0,7,01,A01
201700027291,0,07,000,00,2,7,01,B01
201700027291,1,31,000,00,2,1,01,A01
201700027292,1,07,000,00,2,1,01,B01
201700027292,1,07,000,00,2,9,01,A01
201700027293,2,01,000,00,2,4,01,B01
201700027293,2,07,000,00,2,1,09,A01
201700027294,0,30,000,00,0,0,01,A01
201700027295,1,33,000,08,0,1,01,A01
201700027296,0,02,000,00,2,0,01,A01
201700027296,0,02,000,00,2,3,15,B01
201700027297,1,33,000,00,2,7,01,B01
201700027297,1,10,000,00,2,8,11,A01
201700027298,0,30,000,00,2,1,01,A01
201700027298,0,07,000,00,2,8,15,B01
201700027299,1,07,000,08,0,1,16,A01
201700027300,2,07,000,00,2,2,02,B01
201700027300,2,01,000,00,2,1,19,A01
201700027301,1,33,000,00,2,2,01,B01
201700027301,2,07,000,00,2,8,04,A01
201700027302,1,99,000,01,0,1,01,B01
201700027303,1,07,000,00,1,2,01,A01
201700027304,2,07,000,00,2,4,02,B01
201700027304,2,07,000,00,2,1,02,A01
201700027305,1,07,000,00,2,1,02,A01
201700027305,1,07,000,00,2,4,02,B01
201700027306,1,07,000,01,0,2,01,A01
201700027307,1,15,000,00,2,1,01,A01
201700027307,1,07,000,00,2,4,01,B01
201700027308,1,30,000,00,0,0,01,A01
201700027309,1,33,000,00,2,1,01,A01
201700027309,1,07,000,00,2,5,01,B01
201700027310,1,07,000,00,2,1,01,A01
201700027310,1,07,000,00,2,4,01,B01
201700027311,2,07,000,00,2,4,02,B01
201700027311,2,30,000,00,2,1,02,A01
201700027312,1,37,004,00,2,2,07,B01
201700027312,1,07,000,00,2,8,15,A01
201700027313,1,01,000,00,2,8,01,B01
201700027313,2,30,000,00,2,1,01,A01
201700027314,1,07,000,00,2,6,11,A01
201700027314,1,02,000,00,2,1,01,B01
201700027315,0,07,000,00,1,1,01,A01
201700027316,1,07,000,00,2,8,17,A01
201700027316,1,07,000,00,2,1,01,B01
201700027317,2,07,000,00,2,1,02,B01
201700027317,1,07,000,00,2,8,10,A01
201700027318,1,14,000,00,2,1,01,B01
201700027318,2,17,000,00,2,8,09,A01
201700027319,1,07,000,00,2,1,01,A01
201700027319,2,33,000,00,2,1,01,B01
201700027320,1,07,000,00,2,4,02,B01
201700027320,1,30,000,00,2,1,02,A01
201700027321,0,07,000,00,2,3,01,B01
201700027321,0,02,000,00,2,1,13,A01
201700027322,1,31,000,00,0,7,00,A01
201700027323,1,07,000,00,2,1,15,A01
201700027323,1,07,000,16,0,4,15,B01
201700027324,2,01,000,00,2,1,01,B01
201700027324,2,07,000,00,2,1,01,A01
201700027325,1,07,000,00,2,1,01,A01
201700027325,1,07,000,00,2,8,01,B01
201700027326,2,07,000,00,2,4,02,B01
201700027326,2,33,000,00,2,1,02,A01
201700027327,1,30,000,12,0,1,06,A01
201700027328,1,07,000,00,2,3,11,A01
201700027328,1,07,000,00,2,2,01,B01
201700027329,1,07,000,00,1,2,16,A01
201700027330,1,10,000,00,1,3,15,A01
201700027331,1,07,000,00,1,1,01,A01
201700027332,1,07,000,08,0,1,01,A01
201700027333,2,07,000,00,2,2,15,A01
201700027333,1,07,000,00,2,1,01,B01
201700027334,1,03,000,16,0,1,16,A01
201700027335,1,07,000,00,2,2,15,Z01
201700027335,1,07,000,00,2,1,01,B01
201700027336,1,07,000,01,2,2,01,B01
201700027336,1,07,000,00,2,1,01,A01
201700027337,1,07,000,00,2,1,16,Z01
201700027337,1,01,000,00,2,1,19,A01
201700027338,1,07,000,13,0,1,01,A01
201700027339,1,07,000,04,0,1,01,A01
201700027340,1,07,000,00,2,3,01,B01
201700027340,1,07,000,04,2,3,13,A01
201700027341,1,07,000,13,0,1,01,A01
201700027342,1,30,000,16,0,7,16,A01
201700027343,1,07,000,04,0,8,13,A01
201700027344,2,01,000,00,2,1,01,B01
201700027344,1,07,000,00,2,3,09,A01
201700027345,1,07,000,00,2,8,15,A01
201700027345,1,07,000,00,2,5,01,B01
201700027346,1,33,000,00,2,7,01,B01
201700027346,1,07,000,00,2,3,09,A01
201700027347,1,30,000,16,0,7,01,A01
201700027348,2,07,000,00,2,4,02,B01
201700027348,2,07,000,00,2,1,02,A01
201700027349,1,37,017,00,2,4,02,B01
201700027349,1,07,000,00,2,1,02,A01
201700027350,2,07,000,00,2,4,02,B01
201700027350,2,30,000,00,2,1,02,A01
201700027351,1,07,000,01,0,1,14,A01
201700027351,1,07,000,00,2,6,24,B01
201700027352,1,33,000,00,2,4,02,B01
201700027352,1,07,000,00,2,1,01,A01
201700027353,1,07,000,00,2,1,01,A01
201700027353,1,07,000,00,2,3,01,B01
201700027354,1,07,000,00,2,2,02,A01
201700027354,1,07,000,00,2,4,02,B01
201700027355,1,32,000,16,0,8,01,A01
201700027356,1,33,000,12,0,1,01,A01
201700027357,2,07,000,00,2,1,01,B01
201700027357,1,07,000,00,2,5,15,A01
201700027358,2,33,000,00,2,1,01,B01
201700027358,1,07,000,00,2,2,15,A01
201700027359,1,07,000,00,2,1,01,A01
201700027359,1,33,000,00,2,6,01,B01
201700027360,1,07,000,01,0,1,13,A01
201700027361,1,07,000,01,0,2,14,A01
201700027362,1,31,000,16,0,7,01,A01
201700027363,2,07,000,00,1,2,01,A01
201700027364,2,07,000,00,2,4,02,B01
201700027364,2,30,000,00,2,1,02,A01
201700027365,2,07,000,00,2,4,02,B01
201700027365,2,07,000,00,2,1,02,A01
201700027366,1,07,000,00,1,4,04,A01
201700027367,1,34,000,00,2,1,02,A01
201700027367,1,07,000,00,2,8,15,B01
201700027368,1,01,000,16,0,8,01,A01
201700027369,1,07,000,00,2,1,01,B01
201700027369,1,07,000,00,2,8,09,A01
201700027370,0,07,000,00,2,2,15,A01
201700027370,0,02,000,00,2,1,01,B01
201700027371,1,01,000,00,2,1,15,B01
201700027371,1,07,000,00,9,1,01,A01
201700027372,2,07,000,00,2,8,01,B01
201700027372,2,07,000,02,2,1,16,A01
201700027373,1,07,000,02,0,1,14,A01
201700027374,2,07,000,00,1,2,09,A01
201700027375,1,07,000,08,0,2,01,A01
201700027376,1,07,000,02,0,1,13,A01
201700027377,1,07,000,00,2,3,01,B01
201700027377,1,30,000,00,2,1,01,A01
201700027378,1,07,000,04,0,2,14,A01
201700027379,1,31,000,00,2,1,02,A01
201700027379,1,07,000,00,2,4,01,B01
201700027380,1,07,000,00,2,3,02,B01
201700027380,2,07,000,00,2,1,15,A01
201700027381,2,07,000,00,2,2,02,A01
201700027381,1,01,000,00,2,1,02,B01
201700027382,1,30,000,12,0,1,01,A01
201700027383,0,07,000,13,0,7,14,A01
201700027384,1,34,000,00,2,2,17,A01