Num_Acc,senc,catv,occutc,obs,obsm,choc,manv,num_veh
201700028553,1,07,000,00,1,1,01,A01
201700028554,2,07,000,00,2,1,02,A01
201700028554,2,07,000,00,2,4,02,B01
201700028555,0,01,000,00,2,1,01,B01
201700028555,0,07,000,00,2,3,09,A01
201700028556,0,07,000,00,2,2,01,A01
201700028556,0,02,000,00,2,1,09,B01
201700028557,1,07,000,00,2,1,02,A01
201700028557,1,07,000,00,2,4,02,B01
201700028557,1,07,000,00,2,4,02,C01
201700028558,0,07,000,00,1,4,20,A01
201700028559,0,31,000,15,0,1,15,A01
201700028560,0,07,000,00,2,8,09,A01
201700028560,0,01,000,00,2,1,01,B01
201700028561,0,07,000,00,2,3,01,B01
201700028561,2,07,000,00,2,2,10,A01
201700028562,0,07,000,00,2,1,01,B01
201700028562,0,07,000,00,2,7,17,A01
201700028563,0,01,000,00,2,1,01,B01
201700028563,0,07,000,00,2,3,15,A01
201700028564,0,10,000,00,2,2,20,A01
201700028564,0,31,000,00,2,1,02,B01
201700028565,0,30,000,00,2,7,01,A01
201700028565,0,07,000,00,2,7,01,B01
201700028566,0,07,000,00,2,3,13,A01
201700028566,0,07,000,00,2,3,01,B01
201700028567,1,07,000,00,2,6,01,B01
201700028567,1,07,000,00,2,2,01,A01
201700028568,1,07,000,00,2,5,15,A01
201700028568,0,33,000,00,2,1,01,B01
201700028569,0,30,000,00,2,0,01,B01
201700028569,1,07,000,00,2,0,15,Z01
201700028570,0,01,000,00,2,8,01,B01
201700028570,0,07,000,00,2,1,01,A01
201700028571,1,07,000,00,2,2,14,A01
201700028571,1,01,000,00,2,8,01,B01
201700028572,0,01,000,00,2,0,01,B01
201700028572,0,10,000,00,2,0,16,A01
201700028573,0,30,000,00,2,1,01,A01
201700028573,1,07,000,00,2,4,02,B01
201700028574,0,07,000,00,2,8,01,A01
201700028574,0,07,000,00,2,1,01,B01
201700028575,0,03,000,00,2,7,16,A01
201700028575,0,07,000,00,2,2,13,Z01
201700028576,1,15,000,00,2,5,23,B01
201700028576,1,07,000,00,2,8,01,A01
201700028577,0,02,000,00,1,1,17,A01
201700028578,0,07,000,00,1,1,01,A01
201700028579,0,07,000,00,2,2,01,A01
201700028579,0,07,000,00,2,5,15,B01
201700028580,0,07,000,00,2,1,01,Z01
201700028580,0,07,000,00,2,6,01,A01
201700028581,0,07,000,00,2,2,01,B01
201700028581,0,07,000,00,2,3,15,A01
201700028582,,07,000,00,2,2,15,Z01
201700028582,0,02,000,00,2,3,01,B01
201700028583,0,07,000,00,2,3,01,B01
201700028583,0,07,000,00,2,1,01,A01
201700028584,0,07,000,00,1,1,01,A01
201700028585,0,07,000,00,2,2,15,A01
201700028585,0,02,000,00,2,1,01,B01
201700028586,0,07,000,00,2,1,13,A01
201700028586,0,07,000,00,2,1,01,B01
201700028587,0,07,000,06,2,1,13,A01
201700028588,0,07,000,00,1,1,01,A01
201700028589,1,07,000,01,1,1,01,A01
201700028590,0,07,000,00,1,1,16,A01
201700028591,0,07,000,00,2,1,09,A01
201700028591,0,07,000,00,2,7,01,B01
201700028592,,30,000,00,2,1,01,B01
201700028592,0,07,000,00,2,1,15,A01
201700028593,0,07,000,00,2,3,01,A01
201700028593,0,02,000,00,2,2,01,B01
201700028594,0,07,000,00,1,1,01,A01
201700028595,2,07,000,00,2,1,01,A01
201700028595,1,01,000,00,2,8,19,B01
201700028596,1,07,000,15,2,3,13,A01
201700028596,2,07,000,00,2,8,01,B01
201700028597,1,07,000,04,0,0,00,A01
201700028598,1,07,000,00,0,0,00,A01
201700028598,1,07,000,00,0,0,00,B01
201700028599,1,07,000,00,1,1,00,A01
201700028600,0,07,000,08,2,3,13,A01
201700028600,0,33,000,00,2,3,01,B01
201700028601,2,07,000,00,2,3,01,C01
201700028601,2,14,000,00,2,8,01,B01
201700028601,2,07,000,00,0,0,01,D01
201700028601,1,07,000,00,2,3,01,A01
201700028602,1,01,000,00,0,0,01,A01
201700028603,0,07,000,00,2,1,15,A01
201700028603,1,30,000,00,2,7,01,B01
201700028604,0,07,000,08,0,3,13,A01
201700028605,1,02,000,03,0,0,00,A01
201700028606,1,07,000,00,1,5,00,A01
201700028607,1,07,000,00,2,1,00,A01
201700028607,1,07,000,00,0,0,00,B01
201700028608,0,07,000,06,0,1,01,A01
201700028609,1,07,000,00,2,3,15,A01
201700028609,2,02,000,00,2,8,01,B01
201700028610,0,07,000,00,2,1,01,A01
201700028610,0,07,000,00,2,2,09,B01
201700028611,2,07,000,14,0,1,01,A01
201700028612,0,07,000,00,1,3,01,A01
201700028613,0,07,000,00,0,0,00,B01
201700028613,0,02,000,00,2,1,00,A01
201700028614,1,07,000,08,0,7,19,A01
201700028615,2,07,000,15,0,1,01,A01
201700028616,0,33,000,12,1,7,02,A01
201700028617,0,07,000,00,1,0,00,A01
201700028618,2,07,000,00,2,7,13,A01
201700028618,1,07,000,00,2,1,00,B01
201700028619,0,07,000,00,2,3,15,A01
201700028619,0,02,000,00,2,7,17,B01
201700028620,0,35,000,00,0,0,00,A01
201700028621,0,07,000,00,1,1,01,A01
201700028622,1,07,000,13,0,8,19,A01
201700028623,0,07,000,00,1,2,00,A01
201700028624,1,07,000,00,2,6,01,A01
201700028625,2,07,000,01,0,3,01,A01
201700028626,2,02,000,08,0,1,01,A01
201700028627,1,07,000,00,2,5,15,A01
201700028627,1,07,000,00,2,1,01,B01
201700028627,1,07,000,00,2,3,23,C01
201700028628,1,02,000,12,0,0,00,A01
201700028629,2,07,000,00,1,1,01,A01
201700028630,0,07,000,00,1,1,01,B01
201700028631,0,07,000,00,0,0,00,A01
201700028631,0,01,000,00,0,0,00,B01
201700028632,0,07,000,00,0,0,00,A01
201700028633,0,07,000,00,2,1,20,A01
201700028633,0,02,000,00,2,1,20,B01
201700028634,1,07,000,00,2,1,11,A01
201700028634,2,30,000,00,2,8,01,B01
201700028635,0,02,000,00,0,0,00,A01
201700028636,1,07,000,00,2,1,01,B01
201700028636,2,07,000,00,2,7,00,A01
201700028637,0,02,000,00,2,1,01,B01
201700028637,0,07,000,00,2,3,11,A01
201700028638,2,07,000,00,2,1,02,A01
201700028638,2,07,000,00,2,3,02,B01
201700028639,0,01,000,00,0,0,00,A01
201700028640,0,07,000,00,2,1,09,A01
201700028640,0,01,000,00,0,4,02,B01
201700028641,0,07,000,00,2,3,01,B01
201700028641,1,30,000,00,2,2,09,A01
201700028642,1,07,000,01,2,2,17,A01
201700028642,1,07,000,00,2,5,24,C01
201700028642,1,07,000,00,9,4,24,D01
201700028642,2,07,000,00,2,3,15,B01
201700028643,2,07,000,00,1,1,20,A01
201700028644,1,07,000,00,1,4,20,A01
201700028645,1,07,000,06,0,9,01,A01
201700028646,1,07,000,00,2,3,15,A01
201700028646,2,31,000,00,2,3,17,B01
201700028647,0,07,000,00,2,1,02,A01
201700028647,0,07,000,00,2,4,23,B01
201700028647,1,07,000,00,2,4,23,C01
201700028647,1,07,000,00,2,4,23,D01
201700028648,1,31,000,16,0,1,01,A01
201700028649,2,07,000,00,1,7,02,A01
201700028650,1,30,000,00,2,1,02,A01
201700028650,1,07,000,00,2,4,02,B01
201700028651,2,07,000,00,2,7,09,A01
201700028651,1,01,000,00,2,1,05,B01
201700028652,1,10,000,00,1,2,19,A01
201700028653,1,07,000,00,1,4,20,A01
201700028654,2,07,000,01,0,1,01,A01
201700028655,1,10,000,00,2,1,15,A01
201700028655,1,07,000,00,2,2,19,B01
201700028656,1,07,000,00,1,2,01,A01
201700028657,1,07,000,00,2,1,15,A01
201700028657,2,31,000,00,2,3,21,B01
201700028658,1,07,000,00,2,1,01,A01
201700028658,2,07,000,00,2,7,15,B01
201700028659,2,37,001,00,2,4,23,A01
201700028659,2,07,000,00,0,1,09,B01
201700028660,1,07,000,01,0,2,01,A01
201700028661,1,07,000,00,2,7,00,A01
201700028661,2,07,000,00,2,1,01,B01
201700028662,2,07,000,00,2,4,23,A01
201700028662,2,07,000,00,2,1,07,B01
201700028663,1,07,000,00,2,3,11,A01
201700028663,2,31,000,00,2,3,01,B01
201700028664,1,07,000,08,0,2,14,A01
201700028665,0,31,000,00,6,0,02,A01
201700028666,1,34,000,00,0,7,01,A01
201700028667,2,07,000,09,0,4,13,A01
201700028668,1,07,000,00,2,4,21,B01
201700028668,1,07,000,00,2,4,21,A01
201700028668,1,07,000,00,2,1,21,C01
201700028669,2,33,000,15,0,1,13,A01
201700028670,2,07,000,03,0,9,14,A01
201700028671,2,31,000,00,2,2,17,A01
201700028671,1,07,000,00,2,3,01,B01
201700028672,2,99,000,00,2,1,09,B01
201700028672,2,34,000,00,2,7,19,A01
201700028673,1,15,000,00,1,3,01,A01
201700028674,1,37,010,00,1,7,07,A01
201700028675,0,07,000,02,0,1,16,A01
201700028676,0,07,000,00,9,3,19,A01
201700028677,2,07,000,00,2,1,02,A01
201700028677,2,33,000,00,2,4,02,B01
201700028677,1,07,000,00,2,5,00,C01
201700028678,1,07,000,00,0,1,19,A01
201700028679,1,07,000,00,2,1,23,A01
201700028679,1,07,000,00,2,4,23,B01
201700028679,1,07,000,00,2,4,23,C01
201700028680,1,07,000,00,2,1,01,A01
201700028680,1,07,000,00,2,4,01,B01
201700028681,2,07,000,09,0,0,16,A01
201700028682,2,07,000,04,0,3,09,A01
201700028683,1,07,000,00,2,3,09,A01
201700028683,1,07,000,00,2,2,21,B01
201700028684,1,99,000,00,2,1,00,B01
201700028684,1,07,000,00,2,3,09,A01
201700028685,2,07,000,00,1,1,01,A01
201700028686,1,07,000,00,2,5,15,A01
201700028686,2,31,000,00,2,1,01,B01
201700028687,0,07,000,00,1,2,16,A01
201700028688,2,07,000,00,1,2,00,A01
201700028689,1,07,000,00,2,1,15,A01
201700028689,2,07,000,00,2,8,01,B01
201700028690,2,07,000,00,2,8,13,A01
201700028690,1,07,000,00,2,6,01,B01
201700028691,1,10,000,02,0,1,01,A01
201700028692,1,07,000,00,2,3,01,B01
201700028692,1,07,000,14,0,3,06,A01
201700028693,1,07,000,01,0,1,01,B01
201700028694,1,07,000,00,1,2,01,A01
201700028695,1,07,000,00,1,1,00,A01
201700028696,0,07,000,00,2,0,01,B01
201700028696,1,07,000,00,2,0,01,A01
201700028697,2,07,000,00,2,1,01,B01
201700028697,1,07,000,00,2,1,13,A01
201700028698,2,07,000,00,1,1,17,A01
201700028699,2,07,000,00,2,1,16,A01
201700028699,1,01,000,00,2,2,01,B01
201700028700,1,30,000,00,2,1,01,B01
201700028700,1,07,000,00,2,3,16,A01
201700028701,2,30,000,00,1,1,15,A01
201700028702,1,01,000,00,2,1,01,B01
201700028702,0,07,000,00,2,3,16,A01
201700028703,1,30,000,00,0,0,16,A01
201700028704,1,07,000,00,2,3,16,B01
201700028704,1,07,000,00,2,1,01,A01
201700028705,1,07,000,00,1,1,01,A01
201700028706,1,07,000,08,0,1,00,A01
201700028707,1,02,000,00,0,0,00,A01
201700028708,1,07,000,00,1,1,01,A01
201700028709,1,07,000,00,2,2,15,A01
201700028709,1,02,000,00,2,8,01,B01
201700028710,1,07,000,00,2,2,01,B01
201700028710,1,36,000,00,2,1,15,Z01
201700028711,1,33,000,00,2,1,17,A01
201700028711,1,07,000,00,2,8,10,B01
201700028712,1,02,000,00,2,1,01,A01
201700028712,1,07,000,00,2,7,06,B01
201700028713,1,07,000,00,1,2,02,A01
201700028714,1,33,000,14,0,1,01,A01
201700028715,1,07,000,00,2,1,00,A01
201700028715,1,01,000,00,2,7,19,B01
201700028716,1,07,000,00,2,1,15,A01
201700028716,2,33,000,00,2,8,01,B01
201700028717,1,07,000,00,1,2,01,A01
201700028718,1,07,000,00,2,2,01,B01
201700028718,1,07,000,00,2,3,09,A01
201700028719,2,02,000,00,0,0,01,A01
201700028720,0,07,000,00,0,3,15,A01
201700028720,0,33,000,01,0,1,00,B01
201700028721,2,07,000,00,2,1,01,B01
201700028721,2,07,000,00,2,3,11,A01
201700028722,1,37,055,00,1,2,07,A01
201700028723,1,30,000,00,2,2,17,A01
201700028723,1,07,000,00,2,3,15,B01
201700028724,2,30,000,00,2,1,02,A01
201700028724,2,07,000,00,2,4,02,B01
201700028725,2,07,000,00,1,2,15,A01
201700028726,2,07,000,00,2,8,10,A01
201700028726,1,10,000,00,2,3,13,B01
201700028727,1,07,000,00,1,1,01,A01
201700028728,2,07,000,00,2,3,01,B01
201700028728,1,07,000,00,2,2,15,A01
201700028729,0,10,000,06,0,0,02,A01
201700028730,2,07,000,00,2,2,02,A01
201700028730,2,07,000,00,0,6,02,B01
201700028731,1,07,000,00,2,8,01,B01
201700028731,1,07,000,00,2,2,15,A01
201700028732,2,33,000,00,9,1,17,A01
201700028732,0,01,000,00,0,3,19,B01
201700028733,1,30,000,00,2,4,01,B01
201700028733,1,07,000,00,2,1,02,A01
201700028734,2,07,000,00,2,1,01,B01
201700028734,2,31,000,15,2,8,01,A01
201700028735,0,07,000,00,0,0,00,B01
201700028735,0,07,000,00,0,0,00,A01
201700028736,2,07,000,00,2,7,19,A01
201700028736,1,07,000,00,2,1,01,B01
201700028737,0,07,000,00,1,2,20,A01
201700028738,1,07,000,00,2,1,02,A01
201700028738,1,07,000,00,2,4,02,B01
201700028738,1,07,000,00,2,4,02,C01
201700028738,1,07,000,00,2,4,02,D01
201700028739,2,07,000,00,2,0,11,A01
201700028739,1,02,000,00,0,7,01,B01
201700028740,1,31,000,00,0,0,00,A01
201700028741,1,34,000,00,2,1,00,A01
201700028741,1,07,000,00,2,0,01,B01
201700028742,0,07,000,00,2,1,02,A01
201700028742,0,07,000,00,2,4,02,B01
201700028742,0,10,000,00,2,0,02,C01
201700028743,1,33,000,00,2,3,17,A01
201700028743,0,07,000,00,2,6,15,B01
201700028744,1,07,000,03,0,0,01,A01
201700028745,2,07,000,00,2,1,15,A01
201700028745,1,07,000,00,2,3,01,B01
201700028746,2,07,000,00,2,1,02,A01
201700028746,2,07,000,00,2,4,01,B01
201700028747,2,10,000,15,0,7,02,A01
201700028748,1,07,000,06,0,1,01,A01
201700028749,1,30,000,00,2,7,17,A01
201700028749,2,07,000,00,2,8,15,B01
201700028750,2,07,000,00,2,1,15,A01
201700028750,1,01,000,00,0,0,00,Z01
201700028751,1,33,000,00,2,0,17,A01
201700028751,2,07,000,00,2,3,01,B01
201700028752,1,07,000,00,2,4,02,A01
201700028752,1,07,000,00,2,4,02,B01
201700028752,1,07,000,00,2,1,02,Z01
201700028753,2,07,000,04,2,3,17,A01
201700028753,1,07,000,12,2,3,01,B01
201700028754,2,07,000,00,1,3,15,A01
201700028755,1,07,000,00,0,7,19,A01
201700028755,1,02,000,00,2,1,01,B01
201700028756,1,07,000,00,2,3,15,A01
201700028756,1,07,000,00,2,3,01,B01
201700028757,0,02,000,15,0,3,00,A01
201700028758,1,07,000,00,2,3,01,A01
201700028758,2,30,000,00,2,8,15,B01
201700028759,2,07,000,00,1,3,15,A01
201700028760,1,07,000,00,1,1,15,A01
201700028761,2,07,000,14,0,3,13,A01
201700028762,1,02,000,01,0,4,01,A01
201700028763,1,07,000,00,2,4,01,A01
201700028763,1,07,000,00,2,1,01,B01
201700028763,1,07,000,00,0,0,00,C01
201700028764,1,02,000,00,2,2,02,A01
201700028764,1,07,000,00,9,6,02,B01
201700028765,1,33,000,00,0,8,01,A01
201700028766,2,07,000,00,1,6,01,A01
201700028767,0,07,000,00,2,1,01,A01
201700028767,0,01,000,00,2,0,01,B01
201700028768,0,07,000,00,2,0,00,A01
201700028768,0,01,000,00,0,0,00,B01
201700028769,0,07,000,01,0,0,00,A01
201700028769,0,07,000,00,0,0,00,B01
201700028769,0,07,000,00,0,0,00,C01
201700028770,1,07,000,00,2,1,01,A01
201700028770,1,07,000,00,2,4,23,B01
201700028771,1,07,000,00,2,0,00,A01
201700028771,1,07,000,00,2,0,00,B01
201700028772,0,01,000,00,0,0,00,A01
201700028772,0,40,050,00,4,1,01,B01
201700028773,0,07,000,00,1,0,04,A01
201700028774,0,07,000,00,2,0,00,A01
201700028774,0,07,000,00,0,0,00,B01
201700028775,0,07,000,00,2,4,02,A01
201700028775,0,07,000,00,0,0,00,B01
201700028775,0,07,000,00,2,4,23,C01
201700028776,0,10,000,00,2,0,00,A01
201700028776,0,01,000,00,0,0,00,B01
201700028777,0,07,000,00,2,1,13,A01
201700028778,0,07,000,00,1,0,00,A01
201700028779,0,07,000,00,0,0,00,A01
201700028779,0,33,000,00,0,0,00,B01
201700028780,1,07,000,00,2,1,01,A01
201700028780,1,07,000,00,2,7,02,B01
201700028781,0,10,000,00,0,0,00,A01
201700028781,0,07,000,00,0,0,00,B01
201700028782,0,07,000,00,0,1,01,A01
201700028783,1,07,000,00,2,1,02,A01
201700028783,1,07,000,00,2,4,02,B01
201700028783,1,07,000,00,2,4,02,C01
201700028784,0,07,000,00,2,4,23,A01
201700028784,0,15,000,00,0,0,00,B01
201700028785,0,07,000,00,0,0,00,A01
201700028786,0,07,000,00,0,0,00,A01
201700028786,0,01,000,00,2,1,02,B01
201700028787,0,07,000,00,0,0,00,A01
201700028787,0,07,000,00,0,0,00,B01
201700028788,1,01,000,00,0,0,00,B01
201700028788,1,07,000,00,2,1,21,A01
201700028789,0,07,000,00,1,1,01,A01
201700028790,0,33,000,03,0,8,01,A01
201700028791,0,07,000,00,0,0,00,A01
201700028791,0,07,000,00,0,0,00,B01
201700028792,0,07,000,00,2,8,01,B01
201700028792,0,07,000,00,2,8,21,A01
201700028793,0,10,000,00,2,1,01,B01
201700028793,0,07,000,00,2,1,01,C01
201700028793,0,07,000,00,2,1,01,A01
201700028794,1,07,000,00,0,0,00,A01
201700028794,1,07,000,00,0,0,00,B01
201700028795,0,07,000,00,2,1,13,A01
201700028795,0,07,000,00,2,1,01,B01
201700028796,0,07,000,00,0,0,00,A01
201700028796,0,01,000,00,0,0,00,B01
201700028797,0,02,000,00,2,4,02,A01
201700028797,0,07,000,00,0,0,00,B01
201700028798,0,07,000,00,2,7,15,A01
201700028798,1,33,000,00,2,8,01,B01
201700028799,0,07,000,00,2,3,01,B01
201700028799,0,33,000,00,2,1,00,A01
201700028800,0,07,000,00,2,4,04,A01
201700028801,0,33,000,00,0,0,00,A01
201700028802,0,07,000,00,1,0,00,A01
201700028803,1,07,000,00,0,0,00,A01
201700028804,0,07,000,00,2,4,02,A01
201700028804,0,07,000,00,2,2,02,B01
201700028805,0,07,000,00,2,3,15,A01
201700028805,2,01,000,00,2,1,01,B01
201700028806,0,01,000,00,1,0,01,A01
201700028807,0,07,000,00,0,0,00,B01
201700028807,0,10,000,00,0,0,00,A01
201700028808,0,07,000,00,2,1,02,A01
201700028808,0,02,000,00,2,1,15,B01
201700028809,0,07,000,00,0,0,00,A01
201700028810,0,07,000,00,2,1,20,A01
201700028810,0,07,000,00,2,1,01,B01
201700028811,0,07,000,00,1,0,00,A01
201700028812,0,07,000,00,2,5,10,A01
201700028812,0,02,000,00,2,1,01,B01
201700028813,0,07,000,00,0,0,00,A01
201700028813,0,07,000,00,0,0,00,B01
201700028814,0,07,000,00,2,1,15,A01
201700028814,0,01,000,00,2,1,05,B01
201700028815,0,07,000,00,1,1,01,A01
201700028816,0,01,000,00,0,0,00,A01
201700028817,0,07,000,00,1,1,01,A01
201700028818,0,07,000,00,2,4,00,A01
201700028818,0,07,000,00,2,3,23,B01
201700028819,0,02,000,00,2,4,23,B01
201700028819,0,07,000,00,2,4,23,A01
201700028820,0,07,000,00,2,7,11,A01
201700028820,0,07,000,00,2,8,01,B01
201700028821,0,07,000,00,0,0,00,A01
201700028822,0,07,000,00,1,1,01,A01
201700028823,0,07,000,00,1,0,00,A01
201700028824,1,07,000,00,2,3,05,A01
201700028824,2,07,000,00,2,8,01,B01
201700028825,2,07,000,00,0,1,02,A01
201700028825,2,07,000,00,0,4,02,B01
201700028826,2,33,000,00,2,1,05,A01
201700028826,1,07,000,00,2,2,23,B01
201700028827,0,33,000,00,0,0,01,A01
201700028828,0,33,000,00,2,4,04,B01
201700028828,0,07,000,00,2,8,01,A01
201700028829,0,37,000,00,2,1,01,B01
201700028829,0,07,000,00,2,1,13,A01
201700028830,0,07,000,00,2,1,02,C01
201700028830,0,07,000,00,2,1,02,A01
201700028830,0,07,000,00,2,4,02,B01
201700028831,0,07,000,00,0,6,14,A01
201700028832,0,01,000,00,0,0,00,A01
201700028833,2,07,000,00,2,1,15,Z01
201700028833,2,02,000,00,2,1,16,B01
201700028834,0,02,000,00,0,0,00,A01
201700028835,0,07,000,00,2,3,15,B01
201700028835,0,07,000,00,2,1,01,Z01
201700028836,0,07,000,00,1,1,01,A01
201700028837,0,33,000,00,2,1,01,A01
201700028837,0,07,000,00,2,3,16,B01
201700028838,0,07,000,00,2,4,23,B01
201700028838,0,07,000,00,2,1,02,A01
201700028838,0,07,000,00,2,8,23,C01
201700028839,1,01,000,00,9,7,17,A01
201700028839,1,01,000,00,9,8,13,B01
201700028840,0,07,000,08,0,1,01,A01
201700028841,0,07,000,08,0,1,01,A01
201700028842,0,07,000,00,2,4,23,B01
201700028842,0,07,000,00,2,1,02,A01
201700028843,0,07,000,00,2,7,14,B01
201700028843,0,07,000,00,2,1,01,A01
201700028844,0,07,000,01,0,3,13,A01
201700028845,0,07,000,00,2,0,00,Z01
201700028845,0,07,000,00,2,4,23,A01
201700028846,2,33,000,04,0,8,01,A01
201700028847,1,07,000,00,9,3,15,A01
201700028847,1,01,000,00,2,8,01,B01
201700028848,1,07,000,00,2,2,11,A01
201700028848,1,07,000,00,2,4,02,B01
201700028848,1,30,000,00,0,4,00,C01
201700028849,1,07,000,00,1,3,01,A01
201700028850,1,07,000,00,2,1,01,A01
201700028850,1,07,000,00,2,4,00,B01
201700028850,1,07,000,00,2,4,01,C01
201700028851,1,07,000,00,2,1,02,A01
201700028851,1,07,000,00,0,4,00,B01
201700028852,2,07,000,00,1,2,02,A01
201700028853,1,33,000,00,2,1,00,A01
201700028853,2,07,000,00,2,6,15,B01
201700028854,1,01,000,00,2,8,15,A01
201700028854,1,07,000,00,0,0,00,B01
201700028855,2,17,000,00,2,4,02,A01
201700028855,2,07,000,00,2,1,02,B01
201700028856,0,07,000,00,2,2,00,A01
201700028856,0,33,000,00,0,0,00,B01
201700028857,1,07,000,00,2,1,02,A01
201700028857,1,07,000,00,2,4,02,B01
201700028858,1,07,000,00,2,1,02,A01
201700028858,1,07,000,00,0,4,15,B01
201700028859,1,07,000,00,2,5,16,A01
201700028859,1,33,000,00,2,1,01,B01
201700028860,2,30,000,14,2,1,17,A01
201700028860,0,07,000,00,2,3,15,B01
201700028861,2,01,000,00,0,4,02,B01
201700028861,2,07,000,00,2,1,02,A01
201700028862,1,07,000,00,2,1,01,A01
201700028862,0,01,000,00,2,8,19,B01
201700028863,0,07,000,00,2,1,02,A01
201700028863,0,07,000,00,2,4,02,B01
201700028863,0,07,000,00,2,4,02,C01
201700028864,2,01,000,00,0,0,15,A01
201700028865,1,07,000,00,2,7,15,A01
201700028865,2,07,000,00,2,2,01,B01
201700028866,1,10,000,00,2,2,02,A01
201700028866,1,01,000,00,2,3,15,B01
201700028867,1,33,000,00,9,1,17,A01
201700028867,1,01,000,00,0,8,13,B01
201700028868,2,07,000,00,1,7,01,A01
201700028869,1,07,000,01,0,1,02,A01
201700028869,1,07,000,00,2,4,02,B01
201700028869,1,07,000,00,2,4,02,C01
201700028870,1,07,000,01,0,8,21,A01
201700028871,1,14,000,03,2,1,02,A01
201700028871,1,07,000,00,2,1,02,B01
201700028871,1,07,000,00,2,4,02,C01
201700028872,2,07,000,00,2,6,09,A01
201700028872,2,33,000,00,2,1,01,B01
201700028873,1,07,000,00,1,4,20,A01
201700028874,1,31,000,12,0,7,02,A01
201700028875,1,07,000,00,1,0,01,A01
201700028876,2,01,000,00,2,3,01,B01
201700028876,1,07,000,00,2,8,17,A01
201700028877,1,07,000,00,2,1,02,C01
201700028877,2,07,000,00,2,3,13,A01
201700028877,1,07,000,00,2,3,01,B01
201700028878,1,07,000,00,1,2,16,A01
201700028879,0,07,000,00,2,3,01,B01
201700028879,0,07,000,00,2,1,15,A01
201700028880,1,07,000,00,2,0,23,A01
201700028880,1,07,000,00,2,1,23,B01
201700028881,1,07,000,00,2,3,15,A01
201700028881,2,01,000,00,2,3,01,B01
201700028882,2,07,000,00,2,1,00,A01
201700028882,2,30,000,00,2,9,15,M01
201700028883,2,20,000,00,1,4,04,A01
201700028884,2,07,000,01,0,5,01,A01
201700028884,2,40,010,00,2,1,01,B01
201700028885,2,07,000,14,0,1,01,A01
201700028885,2,07,000,00,0,4,01,B01
201700028886,1,07,000,12,2,8,01,B01
201700028886,1,07,000,00,2,1,01,A01
201700028887,2,33,000,08,0,1,02,A01
201700028888,1,07,000,00,1,3,02,A01
201700028889,1,07,000,00,2,2,21,A01
201700028889,1,07,000,00,2,1,21,B01
201700028889,1,07,000,00,2,1,21,C01
201700028890,1,33,000,00,0,7,14,A01
201700028891,1,07,000,00,2,6,15,A01
201700028891,1,07,000,00,2,3,21,B01
201700028892,1,07,000,06,0,1,01,A01
201700028893,0,07,000,00,2,0,02,A01
201700028893,0,07,000,00,2,0,16,B01
201700028894,2,33,000,00,2,3,17,A01
201700028894,2,07,000,00,2,6,15,B01
201700028895,1,07,000,00,2,8,22,A01
201700028895,1,99,000,01,0,1,01,B01
201700028896,0,07,000,00,2,2,00,A01
201700028896,0,07,000,00,2,4,00,B01
201700028896,0,13,000,00,2,5,00,C01
201700028897,2,31,000,00,0,7,16,A01
201700028898,1,14,000,00,2,7,16,A01
201700028898,1,01,000,00,2,1,01,B01
201700028899,1,07,000,00,1,1,01,A01
201700028900,1,33,000,00,0,8,21,A01
201700028900,1,07,000,00,0,0,13,B01
201700028901,1,07,000,00,2,3,02,A01
201700028901,1,07,000,00,2,5,23,B01
201700028902,2,01,000,00,2,3,01,D01
201700028902,2,07,000,00,2,7,16,T01
201700028903,1,10,000,00,2,6,17,A01
201700028903,1,33,000,00,2,1,02,B01
201700028904,1,07,000,00,1,2,16,A01
201700028905,1,07,000,00,2,1,15,A01
201700028905,1,33,000,00,2,2,01,B01
201700028906,1,07,000,00,2,1,02,A01
201700028906,1,07,000,00,2,4,23,B01
201700028907,2,07,000,00,2,8,19,B01
201700028907,1,07,000,00,2,1,01,A01
201700028908,1,17,000,06,1,1,13,A01
201700028909,1,01,000,00,2,7,16,B01
201700028909,1,07,000,00,2,3,01,A01
201700028910,2,07,000,00,2,2,16,B01
201700028910,2,07,000,00,2,3,09,A01
201700028911,2,07,000,00,2,4,23,E01
201700028911,2,07,000,00,2,6,23,B01
201700028911,2,10,000,00,2,2,21,A01
201700028911,2,07,000,00,2,5,23,C01
201700028911,2,07,000,00,2,4,23,D01
201700028912,2,10,000,00,9,2,16,A01
201700028912,1,01,000,00,2,1,00,B01
201700028913,1,07,000,00,2,6,16,A01
201700028913,1,17,000,00,2,5,01,B01
201700028914,1,07,000,00,2,1,15,A01
201700028914,2,07,000,00,2,3,01,B01
201700028915,1,07,000,04,0,1,01,A01
201700028916,0,10,000,00,2,3,13,A01
201700028916,0,13,000,08,2,3,21,B01
201700028916,0,10,000,00,2,1,21,C01
201700028917,2,31,000,00,0,0,16,A01
201700028918,0,07,000,08,2,2,17,A01
201700028918,0,07,000,06,2,6,15,B01
201700028919,2,07,000,12,0,3,15,A01
201700028920,1,07,000,00,2,4,01,A01
201700028920,1,07,000,00,2,2,01,B01
201700028921,2,07,000,00,2,2,21,A01
201700028921,2,07,000,00,2,6,23,B01
201700028922,1,07,000,00,2,3,15,A01
201700028922,2,31,000,00,2,1,21,B01
201700028923,1,07,000,00,2,8,15,A01
201700028923,1,07,000,00,2,3,01,B01