Num_Acc,senc,catv,occutc,obs,obsm,choc,manv,num_veh
201700030062,1,33,000,00,2,7,00,B01
201700030062,1,07,000,00,2,1,09,A01
201700030063,2,07,000,00,1,4,04,A01
201700030064,2,07,000,00,2,1,00,A01
201700030064,2,07,000,00,2,4,00,B01
201700030065,1,10,000,00,1,1,00,A01
201700030066,2,07,000,00,1,1,00,A01
201700030067,1,10,000,00,2,4,23,A01
201700030067,1,10,000,14,2,1,09,B01
201700030068,1,07,000,00,2,1,02,B01
201700030068,2,07,000,00,2,4,01,A01
201700030069,2,02,000,01,0,1,01,A01
201700030070,2,33,000,03,0,1,00,A01
201700030071,2,07,000,00,1,1,01,A01
201700030072,0,07,000,00,2,1,01,A01
201700030072,0,07,000,00,0,1,01,B01
201700030073,0,10,000,00,1,1,01,A01
201700030074,2,33,000,00,2,1,01,B01
201700030074,1,07,000,00,2,3,15,A01
201700030075,2,07,000,00,0,5,15,B01
201700030075,2,34,000,00,2,1,21,A01
201700030076,0,01,000,00,2,6,02,B01
201700030076,0,07,000,00,9,2,17,A01
201700030077,1,38,001,00,2,8,13,A01
201700030077,2,07,000,00,2,8,01,B01
201700030078,2,10,000,00,2,1,05,A01
201700030078,1,10,000,00,2,7,01,B01
201700030079,2,07,000,00,1,0,00,Z01
201700030080,0,07,000,00,2,6,02,B01
201700030080,0,07,000,00,2,2,02,A01
201700030081,0,01,000,00,2,3,19,A01
201700030081,0,37,002,00,2,2,01,B01
201700030082,0,07,000,00,2,2,00,B01
201700030082,0,07,000,00,2,3,15,A01
201700030083,1,40,001,00,2,1,02,B01
201700030083,1,01,000,00,4,7,19,A01
201700030084,1,07,000,00,1,1,01,A01
201700030085,0,10,000,00,0,4,02,B01
201700030085,0,07,000,14,0,1,02,A01
201700030086,1,07,000,00,9,3,19,A01
201700030086,2,01,000,00,2,7,21,B01
201700030087,0,07,000,00,2,1,15,A01
201700030087,0,07,000,00,2,3,01,B01
201700030088,1,07,000,00,2,1,23,C01
201700030088,2,31,000,00,2,2,03,A01
201700030088,2,07,000,00,2,3,15,B01
201700030089,2,07,000,00,1,4,04,A01
201700030090,0,33,000,00,2,1,01,B01
201700030090,0,07,000,00,2,2,15,A01
201700030091,1,07,000,00,2,2,01,A01
201700030091,0,01,000,00,2,8,19,B01
201700030092,1,07,000,00,2,4,02,B01
201700030092,1,07,000,00,2,1,02,A01
201700030092,1,07,000,00,2,4,02,C01
201700030093,2,02,000,00,2,8,00,F01
201700030093,2,07,000,00,2,7,00,A01
201700030094,1,07,000,00,1,3,15,A01
201700030095,1,07,000,00,2,1,02,B01
201700030095,1,07,000,00,2,1,02,A01
201700030096,1,07,000,00,2,4,02,B01
201700030096,1,10,000,00,2,2,02,A01
201700030097,1,40,001,00,1,1,02,A01
201700030098,0,07,000,00,2,3,00,A01
201700030098,0,01,000,00,2,7,15,B01
201700030099,1,07,000,00,2,1,02,A01
201700030100,1,07,000,08,0,4,00,A01
201700030101,2,07,000,00,2,8,09,A01
201700030101,2,33,000,00,2,7,01,B01
201700030102,1,40,001,00,2,3,19,B01
201700030102,1,01,000,00,4,2,09,A01
201700030103,1,07,000,04,0,3,21,A01
201700030104,1,07,000,00,2,8,15,A01
201700030104,1,07,000,00,2,1,01,B01
201700030105,1,07,000,00,2,4,23,B01
201700030105,1,07,000,00,2,1,21,A01
201700030106,2,07,000,00,2,1,01,B01
201700030106,2,07,000,00,2,1,17,A01
201700030107,0,07,000,00,2,3,15,A01
201700030107,2,30,000,00,2,1,00,B01
201700030108,2,31,000,00,1,1,19,A01
201700030109,0,07,000,00,2,3,02,A01
201700030109,0,30,000,00,2,5,15,B01
201700030110,2,01,000,00,2,1,05,A01
201700030110,1,01,000,00,2,1,01,B01
201700030111,1,07,000,00,2,2,01,B01
201700030111,1,31,000,00,2,7,15,A01
201700030112,2,07,000,00,1,4,04,A01
201700030113,2,07,000,00,2,3,13,A01
201700030113,1,31,000,00,2,1,13,B01
201700030114,2,33,000,00,2,7,01,B01
201700030114,2,07,000,00,2,3,11,A01
201700030115,1,07,000,00,1,2,01,A01
201700030116,0,07,000,01,0,2,01,A01
201700030117,1,01,000,00,2,2,19,A01
201700030117,2,31,000,00,2,1,01,B01
201700030118,2,30,000,00,2,1,01,B01
201700030118,1,07,000,00,2,7,15,A01
201700030119,2,07,000,06,0,1,21,A01
201700030119,1,07,000,00,9,0,01,B01
201700030120,0,01,000,00,2,1,13,B01
201700030120,0,07,000,00,2,3,09,A01
201700030121,2,07,000,00,2,2,15,B01
201700030121,2,20,000,00,2,1,20,A01
201700030122,0,07,000,00,2,8,22,B01
201700030122,0,07,000,01,0,2,00,A01
201700030123,2,07,000,00,2,3,11,A01
201700030123,2,07,000,00,2,7,01,B01
201700030124,1,07,000,00,2,3,09,B01
201700030124,2,01,000,00,2,1,00,A01
201700030125,1,01,000,00,2,1,01,A01
201700030125,1,07,000,00,2,3,09,B01
201700030126,1,07,000,00,2,1,01,B01
201700030126,2,01,000,00,2,7,07,A01
201700030127,1,07,000,01,0,1,16,A01
201700030128,1,03,000,00,2,2,01,A01
201700030128,1,07,000,00,2,8,15,B01
201700030129,1,07,000,00,2,4,01,A01
201700030129,1,07,000,00,2,1,02,B01
201700030130,0,31,000,00,2,1,17,B01
201700030130,0,10,000,00,2,8,15,A01
201700030131,2,07,000,00,2,8,01,B01
201700030131,1,07,000,00,2,1,01,A01
201700030132,0,07,000,00,2,1,19,A01
201700030132,0,07,000,00,2,8,01,B01
201700030133,2,07,000,00,2,3,09,B01
201700030133,1,07,000,00,2,1,13,A01
201700030133,1,07,000,00,2,6,09,C01
201700030134,1,07,000,00,1,3,01,A01
201700030135,2,07,000,00,1,4,04,A01
201700030136,1,07,000,00,1,4,04,A01
201700030137,1,07,000,00,2,1,02,A01
201700030137,1,07,000,00,2,4,02,B01
201700030138,0,07,000,00,2,3,01,A01
201700030138,0,07,000,00,2,3,01,B01
201700030139,2,07,000,00,2,3,15,A01
201700030139,1,01,000,00,2,8,01,B01
201700030140,1,10,000,00,2,1,02,B01
201700030140,1,07,000,00,9,4,02,A01
201700030141,1,07,000,00,1,3,00,A01
201700030142,1,10,000,00,2,2,02,B01
201700030142,1,07,000,00,2,4,02,A01
201700030143,2,07,000,00,1,3,01,A01
201700030144,2,07,000,00,2,4,02,B01
201700030144,2,01,000,00,2,1,02,A01
201700030145,0,01,000,00,2,1,01,B01
201700030145,0,07,000,00,2,1,15,A01
201700030146,1,07,000,00,1,2,17,A01
201700030147,1,07,000,00,2,2,00,A01
201700030147,1,37,001,00,2,6,23,B01
201700030148,2,07,000,00,2,1,15,A01
201700030148,1,07,000,00,2,8,01,B01
201700030149,1,07,000,00,2,1,01,B01
201700030149,1,07,000,00,2,2,01,A01
201700030150,1,10,000,00,2,3,11,A01
201700030150,1,30,000,00,2,7,12,B01
201700030151,1,07,000,00,1,1,15,A01
201700030152,0,07,000,00,1,2,13,A01
201700030153,1,07,000,14,0,0,01,A01
201700030154,2,07,000,00,1,3,12,A01
201700030155,1,07,000,00,2,1,23,A01
201700030155,1,14,000,00,2,4,04,Z01
201700030156,0,07,000,00,2,1,02,Z01
201700030156,0,01,000,00,2,4,02,B01
201700030157,2,07,000,00,1,2,19,A01
201700030158,0,07,000,00,2,3,15,A01
201700030158,0,30,000,00,2,1,01,B01
201700030159,1,07,000,00,2,7,00,B01
201700030159,1,07,000,00,2,3,09,A01
201700030160,1,07,000,00,2,1,15,B01
201700030160,2,03,000,06,2,1,15,A01
201700030161,1,10,000,00,1,2,01,A01
201700030162,2,07,000,00,2,3,21,B01
201700030162,1,07,000,00,2,3,15,A01
201700030163,2,07,000,00,2,1,01,B01
201700030163,1,07,000,00,2,1,05,A01
201700030164,1,07,000,00,2,3,02,A01
201700030164,1,07,000,00,2,5,02,B01
201700030165,1,30,000,00,2,1,00,A01
201700030165,1,07,000,00,2,2,01,B01
201700030166,1,07,000,00,2,7,01,B01
201700030166,1,07,000,00,2,1,01,A01
201700030167,1,03,000,01,0,1,01,A01
201700030168,1,02,000,01,2,1,01,B01
201700030168,1,07,000,00,2,3,01,A01
201700030169,1,07,000,00,1,2,00,A01
201700030170,1,07,000,00,2,6,02,A01
201700030170,1,07,000,00,2,1,02,B01
201700030171,1,07,000,00,1,1,19,A01
201700030172,0,07,000,00,2,1,02,A01
201700030172,0,07,000,00,2,4,23,B01
201700030173,1,07,000,01,1,3,20,A01
201700030174,2,07,000,00,1,1,19,A01
201700030175,1,07,000,00,2,5,01,A01
201700030175,1,07,000,00,2,1,01,Z01
201700030176,2,07,000,01,1,3,13,A01
201700030177,0,07,000,00,1,2,16,A01
201700030178,1,34,000,00,2,8,17,B01
201700030178,1,07,000,00,2,3,15,A01
201700030179,1,01,000,00,2,1,01,B01
201700030179,1,07,000,00,2,2,16,A01
201700030180,1,07,000,07,0,1,06,A01
201700030181,1,07,000,06,0,1,01,A01
201700030182,1,07,000,00,2,1,01,B01
201700030182,1,07,000,00,2,4,15,A01
201700030183,1,31,000,00,2,1,17,B01
201700030183,2,07,000,00,2,1,01,A01
201700030184,2,07,000,01,0,1,14,A01
201700030185,2,07,000,00,2,1,02,A01
201700030185,2,07,000,00,2,4,02,B01
201700030185,2,07,000,00,2,4,02,C01
201700030186,1,07,000,00,1,2,01,A01
201700030187,2,33,000,00,0,7,16,A01
201700030188,1,10,000,00,1,4,04,A01
201700030189,2,07,000,00,2,1,15,A01
201700030189,1,07,000,00,2,3,01,B01
201700030190,1,33,000,14,0,1,06,A01
201700030191,1,13,000,00,1,4,04,A01
201700030192,2,07,000,00,1,3,01,A01
201700030193,1,07,000,06,0,1,14,A01
201700030194,1,31,000,00,2,1,01,B01
201700030194,2,07,000,00,2,5,15,A01
201700030195,1,07,000,00,2,3,10,A01
201700030195,1,01,000,00,2,1,01,B01
201700030196,1,07,000,00,1,3,15,A01
201700030197,2,10,000,00,2,1,01,B01
201700030197,1,07,000,00,2,3,15,A01
201700030198,2,31,000,00,2,1,01,B01
201700030198,2,07,000,00,2,3,01,A01
201700030199,2,07,000,00,2,1,00,B01
201700030199,2,02,000,00,2,1,00,A01
201700030200,1,07,000,00,1,3,00,A01
201700030201,1,07,000,00,1,0,00,A01
201700030202,1,07,000,00,2,1,00,A01
201700030202,1,30,000,00,2,0,00,B01
201700030203,1,07,000,00,1,5,04,A01
201700030204,1,07,000,00,2,3,15,A01
201700030204,1,07,000,01,2,8,01,B01
201700030205,1,10,000,00,2,7,01,B01
201700030205,1,07,000,00,2,3,15,A01
201700030206,1,01,000,00,2,6,15,B01
201700030206,1,07,000,00,9,2,13,A01
201700030207,1,07,000,00,9,1,16,A01
201700030207,1,01,000,00,2,7,15,B01
201700030208,2,07,000,00,0,0,00,A01
201700030208,1,30,000,00,0,0,00,B01
201700030209,1,07,000,00,1,1,01,A01
201700030210,2,07,000,00,1,7,01,A01
201700030211,2,07,000,00,2,2,15,A01
201700030211,1,31,000,00,2,1,01,B01
201700030212,1,03,000,00,1,2,16,A01
201700030213,1,14,000,00,1,1,01,A01
201700030214,1,33,000,00,0,0,00,A01
201700030214,2,15,000,00,2,1,01,B01
201700030215,1,07,000,00,2,8,13,A01
201700030215,1,33,000,00,2,1,01,B01
201700030216,0,07,000,00,0,0,00,A01
201700030216,0,37,010,00,0,0,00,B01
201700030217,1,07,000,00,0,3,15,A01
201700030217,1,33,000,00,2,7,00,B01
201700030218,0,07,000,00,1,0,00,A01
201700030219,1,07,000,00,1,7,14,A01
201700030220,2,10,000,00,2,8,15,A01
201700030220,1,33,000,00,2,1,21,B01
201700030221,0,07,000,00,1,3,01,A01
201700030222,1,07,000,00,1,2,01,A01
201700030223,2,33,000,00,2,8,01,A01
201700030223,1,07,000,00,2,8,15,B01
201700030224,1,07,000,00,9,1,09,A01
201700030224,1,01,000,00,2,4,15,B01
201700030225,1,07,000,00,1,1,16,A01
201700030226,1,10,000,00,2,0,15,A01
201700030226,1,02,000,00,2,2,17,B01
201700030227,2,07,000,00,1,1,09,A01
201700030228,1,07,000,00,1,3,01,A01
201700030229,1,07,000,00,2,1,19,A01
201700030229,1,31,000,00,2,5,15,B01
201700030230,1,33,000,00,2,1,02,A01
201700030230,1,07,000,00,2,4,02,B01
201700030231,1,07,000,00,1,2,00,A01
201700030232,1,07,000,00,1,1,21,A01
201700030233,1,07,000,06,0,1,13,A01
201700030234,0,07,000,00,1,0,00,A01
201700030235,1,10,000,00,2,7,10,A01
201700030235,1,30,000,00,2,1,01,B01
201700030236,0,07,000,06,0,7,01,A01
201700030237,1,07,000,00,2,2,13,A01
201700030237,1,07,000,00,2,2,21,B01
201700030238,0,33,000,00,0,0,02,A01
201700030238,0,07,000,00,0,0,00,B01
201700030239,2,10,000,00,1,6,19,A01
201700030240,1,07,000,00,1,6,20,A01
201700030241,0,07,000,00,2,1,01,C01
201700030241,0,07,000,00,2,1,13,A01
201700030241,0,07,000,00,2,1,01,B01
201700030242,1,07,000,00,1,1,19,A01
201700030243,1,37,000,00,9,6,19,A01
201700030243,2,33,000,00,2,1,13,B01
201700030244,1,07,000,00,2,1,13,A01
201700030244,2,17,000,00,2,3,14,B01
201700030245,2,07,000,08,2,1,01,A01
201700030245,1,07,000,00,2,1,15,B01
201700030246,1,07,000,00,2,1,09,A01
201700030246,2,02,000,00,2,1,13,B01
201700030247,2,07,000,08,0,9,00,B01
201700030247,2,07,000,00,2,1,02,A01
201700030248,1,01,000,00,2,4,01,B01
201700030248,1,07,000,00,2,2,02,A01
201700030249,1,07,000,00,1,2,01,A01
201700030250,1,07,000,13,0,3,01,A01
201700030251,1,07,000,00,1,2,01,A01
201700030252,1,07,000,00,1,3,01,A01
201700030253,1,01,000,00,2,4,15,B01
201700030253,1,10,000,00,2,2,17,A01
201700030254,1,07,000,00,1,5,04,A01
201700030255,2,07,000,00,1,1,01,A01
201700030256,1,07,000,00,1,1,01,A01
201700030257,1,07,000,00,1,1,01,A01
201700030258,1,07,000,00,1,3,01,A01
201700030259,2,07,000,14,1,3,02,A01
201700030260,1,07,000,00,1,1,00,A01
201700030261,1,07,000,00,2,1,05,A01
201700030261,1,07,000,00,2,1,05,B01
201700030262,2,07,000,00,1,4,23,B01
201700030262,2,07,000,00,2,1,02,A01
201700030263,1,33,000,00,5,1,01,A01
201700030264,1,33,000,00,2,1,17,A01
201700030264,1,07,000,00,2,3,19,B01
201700030265,1,07,000,00,2,8,15,A01
201700030265,1,33,000,00,2,1,17,B01
201700030266,1,07,000,13,0,9,01,A01
201700030267,1,07,000,00,2,2,01,A01
201700030267,1,01,000,00,2,6,01,B01
201700030268,2,07,000,07,0,1,01,A01
201700030269,1,07,000,00,2,1,02,A01
201700030269,2,07,000,00,2,1,05,B01
201700030270,1,07,000,00,2,2,15,A01
201700030270,1,33,000,00,2,1,01,B01
201700030271,1,07,000,00,1,1,09,A01
201700030272,1,14,000,00,1,2,17,A01
201700030273,2,07,000,00,2,3,09,A01
201700030273,1,01,000,00,2,1,01,B01
201700030274,1,07,000,00,1,1,00,A01
201700030275,1,07,000,00,1,1,02,A01
201700030276,1,31,000,08,0,0,01,B01
201700030276,1,07,000,00,2,0,15,A01
201700030277,1,07,000,00,2,6,23,B01
201700030277,1,33,000,00,2,1,02,A01
201700030278,1,07,000,00,1,1,01,A01
201700030279,1,07,000,00,1,1,01,A01
201700030280,1,07,000,00,2,1,01,A01
201700030280,1,07,000,00,2,4,01,B01
201700030281,1,07,000,00,1,0,01,A01
201700030282,1,07,000,00,1,1,15,A01
201700030283,1,07,000,00,2,8,01,B01
201700030283,1,07,000,00,2,1,13,A01
201700030284,2,01,000,00,2,8,19,A01
201700030284,1,10,000,00,2,1,01,B01
201700030285,2,07,000,00,2,3,15,A01
201700030285,2,01,000,00,2,7,19,B01
201700030286,1,07,000,00,1,0,04,A01
201700030287,1,10,000,00,1,3,01,A01
201700030288,1,07,000,00,2,8,01,B01
201700030288,1,02,000,00,2,1,01,A01
201700030289,1,07,000,00,1,3,01,A01
201700030290,2,07,000,00,1,2,01,A01
201700030291,1,07,000,00,2,1,02,A01
201700030291,1,07,000,00,2,4,02,B01
201700030291,1,07,000,00,2,4,02,C01
201700030292,1,07,000,00,1,2,16,A01
201700030293,2,07,000,00,1,1,01,A01
201700030294,2,07,000,00,1,3,15,A01
201700030295,1,07,000,00,1,2,15,A01
201700030296,2,13,000,00,2,1,15,A01
201700030296,1,10,000,00,2,7,01,B01
201700030297,2,30,000,00,1,0,00,Z01
201700030298,2,07,000,00,1,2,01,A01
201700030299,1,01,000,00,1,0,00,Z01
201700030300,1,07,000,00,2,3,01,A01
201700030300,1,07,000,00,2,1,01,B01
201700030301,1,07,000,00,2,7,01,A01
201700030301,1,30,000,01,2,8,01,B01
201700030302,2,10,000,00,2,1,02,A01
201700030302,2,07,000,00,2,4,02,B01
201700030303,1,07,000,00,2,1,01,B01
201700030303,2,07,000,00,2,1,13,A01
201700030304,2,07,000,00,1,1,01,A01
201700030305,2,07,000,01,0,2,14,A01
201700030306,1,07,000,00,1,7,01,A01
201700030307,2,10,000,00,2,6,24,A01
201700030307,2,07,000,01,0,1,01,B01
201700030308,1,07,000,00,2,4,02,B01
201700030308,1,07,000,00,2,1,02,A01
201700030309,2,07,000,00,1,1,01,A01
201700030310,1,07,000,00,2,1,13,A01
201700030310,2,07,000,00,2,1,01,B01
201700030311,2,01,000,00,2,1,01,A01
201700030311,2,07,000,00,2,1,15,B01
201700030312,1,07,000,00,1,1,01,A01
201700030313,2,07,000,00,1,3,01,A01
201700030314,2,07,000,00,2,1,15,A01
201700030314,2,07,000,00,2,1,01,B01
201700030315,1,07,000,00,2,3,01,B01
201700030315,2,07,000,00,2,1,15,A01
201700030316,1,07,000,00,1,8,01,A01
201700030317,1,07,000,00,2,1,01,B01
201700030317,2,07,000,00,2,2,01,A01
201700030318,2,07,000,00,2,1,01,A01
201700030318,1,07,000,00,2,7,01,B01
201700030319,2,10,000,00,2,8,22,A01
201700030319,2,01,000,00,2,1,21,B01
201700030320,1,07,000,00,2,1,09,A01
201700030320,2,33,000,00,2,7,01,B01
201700030321,1,07,000,00,1,7,01,A01
201700030322,1,07,000,00,1,2,15,A01
201700030323,2,07,000,00,1,2,01,A01
201700030324,1,07,000,00,1,3,15,A01
201700030325,1,07,000,00,2,3,02,B01
201700030325,1,07,000,00,2,2,07,A01
201700030326,1,07,000,00,2,1,17,A01
201700030326,1,07,000,00,2,8,01,B01
201700030327,2,34,000,00,1,1,07,Z01
201700030328,1,07,000,00,1,1,01,A01
201700030329,2,07,000,00,2,1,01,A01
201700030329,2,07,000,00,2,5,01,B01
201700030329,2,07,000,00,2,2,01,C01
201700030330,1,07,000,00,2,4,02,A01
201700030330,1,07,000,00,2,1,02,Z01
201700030331,2,33,000,00,2,1,13,A01
201700030331,1,07,000,00,2,1,01,B01
201700030331,1,07,000,00,2,8,01,C01
201700030332,1,07,000,00,2,3,01,B01
201700030332,2,07,000,00,2,1,01,A01
201700030333,1,07,000,00,2,7,23,B01
201700030333,2,07,000,00,2,1,14,Z01
201700030334,2,07,000,00,2,1,17,A01
201700030334,2,01,000,00,2,1,15,B01
201700030335,1,02,000,00,0,0,00,A01
201700030336,2,07,000,00,1,2,01,A01
201700030337,1,07,000,00,2,1,01,B01
201700030337,1,07,000,00,2,7,15,A01
201700030338,2,07,000,00,2,1,01,B01
201700030338,1,07,000,00,2,7,01,A01
201700030339,2,07,000,00,1,2,01,A01
201700030340,1,01,000,00,1,0,00,Z01
201700030341,1,07,000,00,1,7,16,Z01
201700030342,1,07,000,00,2,3,01,B01
201700030342,2,07,000,00,2,2,15,A01
201700030343,2,07,000,00,2,1,02,A01
201700030343,2,07,000,00,2,4,02,B01
201700030344,2,07,000,00,2,1,02,Z01
201700030344,2,07,000,00,2,4,02,B01
201700030345,2,07,000,00,2,4,02,C01
201700030345,2,07,000,00,2,1,02,A01
201700030345,2,07,000,00,2,4,02,B01
201700030346,1,07,000,00,2,4,02,A01
201700030346,1,07,000,00,2,1,02,B01
201700030347,1,33,000,00,2,8,18,A01
201700030347,1,07,000,00,2,7,22,B01
201700030348,1,07,000,00,2,2,15,A01
201700030348,1,07,000,00,2,3,01,B01
201700030349,2,30,000,00,2,1,17,A01
201700030349,2,07,000,00,2,3,15,B01
201700030350,2,07,000,00,1,3,01,A01
201700030351,2,07,000,00,2,1,02,A01
201700030351,2,07,000,00,2,4,02,B01
201700030352,2,07,000,00,1,3,17,A01
201700030353,2,07,000,00,2,1,15,B01
201700030353,1,30,000,00,2,1,08,A01
201700030354,1,07,000,00,2,7,15,A01
201700030354,2,33,000,00,2,1,01,B01
201700030355,2,07,000,00,1,2,01,A01
201700030356,2,07,000,00,1,1,01,A01
201700030357,2,07,000,00,2,2,01,B01
201700030357,2,07,000,00,2,3,15,A01
201700030358,1,07,000,00,2,1,15,A01
201700030358,1,07,000,00,2,1,01,B01
201700030359,1,07,000,00,9,2,01,B01
201700030359,1,01,000,00,2,0,19,A01
201700030360,1,07,000,00,2,8,01,B01
201700030360,1,07,000,00,2,1,13,A01
201700030361,1,07,000,00,2,6,02,B01
201700030361,1,07,000,00,2,2,02,A01
201700030362,1,07,000,00,2,1,02,A01
201700030362,1,07,000,00,2,4,02,B01
201700030363,1,07,000,04,0,7,14,A01
201700030364,1,33,000,00,2,1,01,B01
201700030364,2,07,000,00,2,3,15,A01
201700030365,1,07,000,00,2,8,00,B01
201700030365,1,01,000,00,2,1,00,A01
201700030366,2,07,000,00,2,1,02,A01
201700030366,2,20,000,00,2,4,02,B01
201700030367,2,07,000,00,1,2,01,A01
201700030368,2,10,000,00,1,1,01,A01
201700030369,2,07,000,00,2,8,01,B01
201700030369,1,30,000,00,2,1,01,A01
201700030370,2,07,000,00,2,5,01,C01
201700030370,2,01,000,00,2,1,01,B01
201700030370,2,07,000,00,2,8,22,A01
201700030371,2,07,000,00,2,4,02,C01
201700030371,2,07,000,00,2,1,02,A01
201700030371,2,07,000,00,2,4,02,B01
201700030372,2,07,000,00,2,4,02,B01
201700030372,2,07,000,00,2,1,02,A01
201700030373,2,07,000,00,2,1,02,Z01
201700030373,2,07,000,00,2,4,02,B01
201700030374,2,30,000,00,2,1,17,A01
201700030374,2,07,000,00,2,6,20,B01
201700030375,2,07,000,00,2,0,13,A01
201700030375,2,33,000,00,2,0,21,B01
201700030376,1,32,000,01,0,1,00,A01
201700030376,1,07,000,00,2,8,24,B01
201700030377,2,07,000,00,2,4,02,B01
201700030377,2,07,000,00,2,1,02,A01
201700030378,1,07,000,00,2,3,13,A01
201700030378,2,33,000,00,2,1,01,B01
201700030379,1,01,000,00,2,8,01,B01
201700030379,1,07,000,00,9,7,17,A01
201700030380,1,07,000,00,2,1,02,A01
201700030380,2,07,000,00,2,4,02,B01
201700030381,2,07,000,00,1,1,01,A01
201700030382,1,07,000,00,2,5,01,B01
201700030382,1,14,000,00,2,1,01,A01
201700030383,2,10,000,00,1,2,01,A01
201700030384,1,07,000,00,2,1,01,A01
201700030384,1,07,000,00,2,4,01,B01
201700030385,1,07,000,00,1,2,16,A01
201700030386,1,07,000,00,2,3,01,C01
201700030386,1,07,000,00,2,7,15,A01
201700030386,2,34,000,00,2,1,01,B01
201700030387,2,01,000,00,2,1,01,A01
201700030387,1,07,000,00,2,3,01,B01
201700030388,2,01,000,00,2,5,15,A01
201700030388,2,07,000,00,2,1,17,B01
201700030389,1,07,000,00,2,1,15,A01
201700030389,2,07,000,00,2,3,01,B01
201700030390,1,33,000,00,2,1,01,B01
201700030390,2,02,000,00,2,1,15,A01
201700030391,2,31,000,00,1,0,01,Z01
201700030392,2,07,000,00,1,0,00,Z01
201700030393,1,07,000,00,2,1,02,A01
201700030393,1,01,000,00,2,4,02,B01
201700030394,2,07,000,15,0,1,14,A01
201700030395,1,07,000,00,2,1,02,A01
201700030395,1,07,000,00,2,4,02,B01
201700030396,1,07,000,00,2,1,01,B01
201700030396,2,07,000,00,2,2,15,A01
201700030397,2,02,000,00,1,1,00,Z01
201700030398,2,07,000,00,2,1,16,B01
201700030398,1,07,000,00,2,3,23,C01
201700030398,2,07,000,00,2,7,01,A01
201700030399,2,07,000,00,1,1,01,A01
201700030400,2,01,000,00,2,1,14,B01
201700030400,1,07,000,00,2,2,01,A01
201700030401,1,07,000,00,2,1,01,B01
201700030401,2,07,000,00,2,7,01,A01
201700030402,2,02,000,00,2,1,17,B01
201700030402,2,07,000,00,2,3,20,A01
201700030403,2,01,000,00,2,1,01,B01
201700030403,1,07,000,00,2,2,15,A01
201700030404,2,31,000,00,2,1,01,A01
201700030404,1,07,000,00,2,2,01,B01
201700030405,2,07,000,00,2,1,20,Z01
201700030405,1,07,000,00,2,7,01,B01
201700030406,2,37,001,00,1,2,01,A01
201700030407,2,07,000,00,1,0,00,Z01
201700030408,1,07,000,01,0,1,00,A01
201700030409,1,07,000,08,0,1,00,A01
201700030410,2,10,000,00,1,4,04,A01
201700030411,1,07,000,00,2,1,02,A01
201700030411,1,07,000,00,2,4,02,B01
201700030411,1,10,000,00,0,0,00,C01
201700030412,1,07,000,00,2,3,09,A01
201700030412,2,33,000,00,2,5,01,B01
201700030413,2,30,000,00,2,1,02,A01
201700030413,2,07,000,00,2,4,02,B01
201700030414,2,07,000,00,1,5,16,A01
201700030415,2,07,000,00,1,1,01,A01
201700030416,1,07,000,00,2,1,02,A01
201700030416,1,07,000,00,2,4,02,B01
201700030417,2,07,000,00,2,4,02,B01
201700030417,2,01,000,00,2,1,02,A01
201700030418,2,07,000,00,1,1,20,A01
201700030419,1,07,000,08,2,3,14,A01
201700030419,1,07,000,00,2,5,01,B01
201700030420,2,07,000,00,2,1,02,A01
201700030420,2,07,000,00,2,4,02,B01
201700030420,2,07,000,00,2,4,02,C01
201700030420,2,07,000,00,2,4,02,D01
201700030421,1,07,000,00,2,1,15,A01
201700030421,1,01,000,00,2,7,01,B01
201700030422,2,07,000,00,2,4,02,B01
201700030422,2,07,000,00,2,4,02,C01
201700030422,2,10,000,00,2,1,02,A01
201700030423,1,07,000,00,2,3,01,B01
201700030423,2,07,000,00,2,1,15,A01
201700030424,2,07,000,00,2,3,09,A01
201700030424,1,07,000,00,2,1,01,B01
201700030425,1,07,000,00,1,7,01,A01
201700030426,2,30,000,00,2,1,23,B01
201700030426,2,07,000,00,2,4,04,Z01
201700030427,2,33,000,00,2,1,01,B01
201700030427,1,07,000,00,2,7,15,A01
201700030428,2,07,000,06,0,1,14,A01
201700030429,1,07,000,00,2,1,01,B01
201700030429,1,07,000,00,2,8,09,A01
201700030429,1,07,000,00,2,2,01,C01
201700030430,2,07,000,00,2,2,01,A01
201700030430,1,07,000,00,2,3,01,B01
201700030431,2,33,000,00,0,8,01,A01
201700030432,2,07,000,00,1,6,01,A01
201700030433,2,07,000,01,0,2,14,A01
201700030434,1,07,000,00,1,7,01,A01
201700030435,2,07,000,00,2,3,01,B01
201700030435,1,33,000,00,2,1,21,A01
201700030436,1,07,000,00,2,3,01,B01
201700030436,2,30,000,00,2,1,01,A01
201700030437,2,07,000,00,2,4,02,C01
201700030437,2,07,000,00,2,4,02,B01
201700030437,2,07,000,00,2,1,02,A01
201700030438,2,07,000,00,2,1,02,A01
201700030438,2,33,000,00,2,4,02,B01
201700030439,2,30,000,00,2,1,02,A01
201700030439,2,10,000,00,2,6,02,B01
201700030440,1,07,000,00,1,2,01,A01
201700030441,2,07,000,00,1,2,01,A01
201700030442,2,33,000,00,2,1,17,B01
201700030442,2,07,000,00,2,6,13,A01
201700030443,2,07,000,00,1,4,04,A01
201700030444,1,07,000,09,4,3,16,A01
201700030444,1,40,004,00,2,1,01,B01
201700030445,2,07,000,00,2,8,01,A01
201700030445,1,01,000,00,2,1,01,B01