Num_Acc,senc,catv,occutc,obs,obsm,choc,manv,num_veh
201700030446,2,07,000,00,2,4,02,B01
201700030446,2,07,000,00,2,4,02,C01
201700030446,2,07,000,00,2,4,02,D01
201700030446,2,07,000,00,2,1,02,A01
201700030447,1,07,000,00,1,2,14,Z01
201700030448,2,01,000,00,1,1,01,A01
201700030449,2,37,001,00,2,4,02,B01
201700030449,2,07,000,00,2,1,02,A01
201700030450,1,07,000,00,2,1,15,A01
201700030450,2,01,000,00,2,8,01,B01
201700030451,2,10,000,00,2,1,02,A01
201700030451,2,07,000,00,2,4,02,B01
201700030452,1,07,000,00,2,3,13,A01
201700030452,1,30,000,00,2,1,13,B01
201700030453,2,07,000,00,2,1,02,A01
201700030453,2,07,000,00,2,4,02,C01
201700030453,2,07,000,00,2,1,02,B01
201700030454,1,07,000,00,2,2,01,B01
201700030454,2,07,000,00,2,1,09,A01
201700030455,2,07,000,00,2,1,02,A01
201700030455,2,07,000,00,1,1,23,B01
201700030456,2,01,000,00,2,1,01,A01
201700030456,1,37,001,00,2,2,01,B01
201700030457,1,30,000,00,2,5,01,B01
201700030457,1,07,000,00,2,3,09,A01
201700030458,1,07,000,00,1,0,01,Z01
201700030459,1,07,000,01,0,3,01,A01
201700030460,1,07,000,00,1,2,01,A01
201700030461,1,07,000,00,1,2,01,A01
201700030462,2,07,000,00,2,4,02,B01
201700030462,2,07,000,00,2,1,02,Z01
201700030463,1,30,000,00,2,1,01,B01
201700030463,2,07,000,00,2,6,01,A01
201700030464,2,01,000,00,2,8,01,A01
201700030464,1,07,000,00,2,1,01,B01
201700030465,2,07,000,00,1,2,01,A01
201700030466,1,01,000,00,2,1,01,B01
201700030466,1,07,000,00,2,3,15,A01
201700030467,2,07,000,00,1,2,15,A01
201700030468,2,07,000,00,2,2,01,B01
201700030468,1,33,000,00,2,8,15,A01
201700030469,2,07,000,00,2,4,02,C01
201700030469,2,07,000,00,2,1,02,A01
201700030469,2,07,000,00,2,4,02,B01
201700030470,1,01,000,00,2,0,00,B01
201700030470,1,07,000,00,2,0,00,A01
201700030471,1,07,000,00,1,1,01,A01
201700030472,2,07,000,00,2,2,15,A01
201700030472,1,07,000,00,2,3,01,B01
201700030473,2,33,000,00,2,1,21,A01
201700030473,2,07,000,00,2,7,16,B01
201700030474,2,30,000,14,0,7,21,A01
201700030475,1,01,000,00,2,1,01,B01
201700030475,2,07,000,00,2,2,01,A01
201700030476,2,07,000,00,2,4,02,B01
201700030476,2,33,000,00,2,1,02,A01
201700030477,1,33,000,00,2,1,01,B01
201700030477,2,07,000,00,2,2,01,A01
201700030478,2,07,000,00,2,1,02,A01
201700030478,2,07,000,00,2,4,02,B01
201700030479,2,07,000,00,2,2,20,A01
201700030479,1,34,000,00,2,1,01,B01
201700030480,2,07,000,00,2,1,15,A01
201700030480,1,33,000,00,2,8,01,B01
201700030481,2,10,000,00,1,3,15,A01
201700030482,2,37,001,00,2,8,01,B01
201700030482,2,13,000,00,2,2,10,A01
201700030483,2,07,000,00,1,1,15,A01
201700030484,1,07,000,00,1,1,16,A01
201700030485,1,07,000,00,1,3,09,A01
201700030486,1,07,000,00,2,3,01,B01
201700030486,2,01,000,00,2,1,01,A01
201700030487,2,07,000,00,2,1,02,A01
201700030487,2,01,000,00,2,4,02,B01
201700030488,2,01,000,00,2,1,05,A01
201700030488,1,07,000,00,2,1,01,B01
201700030489,2,31,000,00,1,0,01,Z01
201700030490,2,10,000,00,2,3,01,A01
201700030490,2,30,000,00,2,1,01,B01
201700030491,2,07,000,00,2,5,15,Z01
201700030491,1,33,000,00,2,1,01,B01
201700030492,2,07,000,00,2,5,01,A01
201700030492,2,07,000,00,2,1,01,B01
201700030493,2,33,000,00,1,1,01,A01
201700030494,2,07,000,00,1,2,10,A01
201700030495,1,01,000,00,2,8,01,B01
201700030495,2,07,000,00,2,1,01,A01
201700030496,2,07,000,00,1,3,01,A01
201700030497,1,07,000,00,2,1,02,A01
201700030497,1,33,000,00,2,4,01,B01
201700030498,2,10,000,00,1,1,21,A01
201700030499,2,07,000,00,2,2,01,A01
201700030499,2,07,000,00,2,1,01,B01
201700030500,2,07,000,00,2,1,02,A01
201700030500,2,07,000,00,2,4,02,B01
201700030501,2,34,000,00,2,1,01,A01
201700030501,1,07,000,00,2,3,01,B01
201700030502,2,07,000,00,2,4,02,B01
201700030502,2,37,001,00,2,1,02,A01
201700030503,2,01,000,00,2,1,01,A01
201700030503,2,07,000,00,2,3,01,B01
201700030504,2,07,000,00,2,7,01,B01
201700030504,2,30,000,00,2,8,13,A01
201700030505,2,07,000,00,2,2,01,B01
201700030505,2,07,000,00,2,1,01,Z01
201700030506,2,07,000,00,1,2,15,A01
201700030507,2,07,000,00,2,7,01,A01
201700030507,1,31,000,00,2,1,01,B01
201700030508,1,07,000,00,1,3,01,A01
201700030509,1,07,000,00,2,8,15,B01
201700030509,1,02,000,00,2,1,17,A01
201700030510,2,07,000,00,2,7,17,Z01
201700030510,2,30,000,00,2,8,01,B01
201700030511,2,30,000,00,2,8,21,B01
201700030511,1,07,000,00,2,0,01,Z01
201700030512,2,07,000,00,2,1,01,A01
201700030512,2,07,000,00,2,6,01,B01
201700030513,2,07,000,00,1,3,01,A01
201700030514,2,07,000,00,2,4,02,B01
201700030514,2,07,000,00,2,1,02,Z01
201700030515,2,10,000,00,2,5,16,Z01
201700030515,1,01,000,00,2,1,01,B01
201700030516,2,01,000,00,1,1,01,Z01
201700030517,1,07,000,00,1,3,01,A01
201700030518,2,30,000,00,2,1,01,A01
201700030518,2,07,000,00,2,2,16,B01
201700030519,2,30,000,00,2,1,07,A01
201700030519,2,07,000,00,2,3,01,B01
201700030520,2,07,000,00,2,2,14,A01
201700030521,2,01,000,00,2,8,01,B01
201700030521,2,07,000,00,2,0,14,Z01
201700030522,1,34,000,01,2,1,01,A01
201700030523,1,34,000,01,2,1,01,A01
201700030524,1,07,000,00,2,4,02,B01
201700030524,1,07,000,00,2,1,02,A01
201700030524,1,07,000,00,2,4,02,C01
201700030525,1,07,000,00,2,1,01,B01
201700030525,2,07,000,00,2,2,15,A01
201700030526,2,01,000,00,2,1,01,A01
201700030526,1,07,000,00,2,1,15,B01
201700030527,2,07,000,00,2,0,00,Z01
201700030527,2,07,000,00,2,7,01,B01
201700030528,1,07,000,00,2,1,02,A01
201700030528,1,07,000,00,2,4,02,B01
201700030528,1,07,000,00,2,4,02,C01
201700030529,2,01,000,00,2,1,01,B01
201700030529,2,10,000,00,2,2,16,A01
201700030530,1,07,000,00,2,1,01,A01
201700030530,1,10,000,00,2,1,01,B01
201700030531,2,07,000,01,0,3,13,A01
201700030532,1,01,000,00,2,1,07,A01
201700030532,1,07,000,00,9,6,15,B01
201700030533,1,07,000,00,9,7,16,B01
201700030533,1,30,000,00,2,1,01,A01
201700030534,2,10,000,00,2,4,20,A01
201700030534,1,30,000,00,2,1,01,B01
201700030535,2,07,000,00,2,1,02,A01
201700030535,2,07,000,00,2,4,02,B01
201700030535,2,07,000,00,2,4,02,C01
201700030536,2,07,000,00,1,1,01,A01
201700030537,1,07,000,00,2,1,01,A01
201700030537,2,07,000,00,2,7,01,B01
201700030538,2,07,000,00,1,6,20,A01
201700030539,1,07,000,00,2,8,01,A01
201700030539,2,07,000,00,2,1,01,B01
201700030540,2,07,000,00,2,3,01,A01
201700030540,1,31,000,00,2,1,01,B01
201700030541,2,07,000,00,2,1,01,A01
201700030541,1,07,000,00,2,2,01,B01
201700030542,2,07,000,00,2,4,02,B01
201700030542,2,07,000,00,2,1,02,A01
201700030543,1,07,000,00,2,4,02,B01
201700030543,1,07,000,00,2,1,02,Z01
201700030544,1,07,000,00,2,7,01,B01
201700030544,2,07,000,00,2,1,01,A01
201700030545,1,07,000,00,1,1,15,A01
201700030546,1,07,000,00,2,1,01,B01
201700030546,2,07,000,00,2,1,15,A01
201700030547,1,01,000,00,2,1,01,B01
201700030547,2,01,000,00,2,7,15,A01
201700030548,2,07,000,00,1,1,15,A01
201700030549,1,07,000,08,0,1,01,A01
201700030550,1,30,000,00,2,1,01,A01
201700030550,1,07,000,00,9,2,16,B01
201700030551,1,07,000,00,1,1,15,A01
201700030552,1,07,000,00,2,7,17,A01
201700030552,1,10,000,00,2,1,10,B01
201700030553,1,07,000,00,2,2,01,B01
201700030553,1,07,000,00,2,3,13,A01
201700030554,1,07,000,00,2,1,01,A01
201700030554,1,07,000,00,2,4,01,B01
201700030555,1,30,000,00,2,1,21,A01
201700030555,1,07,000,00,9,2,16,B01
201700030556,1,07,000,00,9,2,01,A01
201700030556,1,01,000,00,2,1,01,B01
201700030557,1,07,000,00,2,4,01,B01
201700030557,1,07,000,00,2,0,01,Z01
201700030558,1,07,000,00,9,0,11,Z01
201700030558,1,33,000,00,2,8,01,B01
201700030559,1,07,000,00,9,5,16,A01
201700030559,1,33,000,00,2,1,01,B01
201700030560,1,30,000,00,1,1,01,A01
201700030561,1,07,000,00,1,1,01,A01
201700030562,1,07,000,00,2,8,10,A01
201700030562,1,07,000,00,2,1,01,B01
201700030563,1,07,000,00,2,1,15,A01
201700030563,1,07,000,00,2,1,01,B01
201700030564,1,07,000,00,1,1,01,A01
201700030565,1,07,000,00,2,3,01,B01
201700030565,1,07,000,00,2,3,01,A01
201700030566,1,07,000,00,9,0,16,Z01
201700030566,1,30,000,00,2,1,01,B01
201700030567,1,07,000,00,1,1,16,Z01
201700030568,1,07,000,00,1,3,15,A01
201700030569,1,01,000,00,2,1,14,B01
201700030569,1,07,000,00,9,1,01,A01
201700030570,1,07,000,00,2,1,15,A01
201700030570,1,33,000,00,2,1,01,B01
201700030571,2,07,000,00,1,1,01,A01
201700030572,2,07,000,00,1,3,01,A01
201700030573,1,07,000,00,2,7,01,B01
201700030573,1,07,000,00,2,3,09,A01
201700030574,2,07,000,00,2,4,02,B01
201700030574,2,07,000,00,2,1,02,A01
201700030575,2,01,000,01,0,1,01,B01
201700030576,1,07,000,00,1,1,01,A01
201700030577,2,32,000,00,2,1,01,B01
201700030577,1,07,000,00,2,3,15,A01
201700030578,2,07,000,00,2,1,01,E01
201700030578,2,07,000,00,2,2,01,D01
201700030578,2,07,000,00,2,5,01,C01
201700030578,2,07,000,00,2,0,13,Z01
201700030578,2,33,000,00,2,1,21,B01
201700030579,1,07,000,00,1,0,01,Z01
201700030580,2,07,000,00,1,0,01,Z01
201700030581,2,07,000,00,1,1,16,A01
201700030582,1,01,000,00,2,8,01,B01
201700030582,1,07,000,00,2,7,17,A01
201700030583,1,07,000,00,1,3,01,A01
201700030584,1,07,000,00,1,1,15,A01
201700030585,2,10,000,00,1,7,21,A01
201700030586,1,30,000,00,1,1,01,A01
201700030587,2,07,000,00,1,4,01,B01
201700030587,2,07,000,00,2,1,02,A01
201700030588,1,07,000,00,2,3,09,A01
201700030588,2,01,000,00,2,1,01,B01
201700030589,2,01,000,00,2,8,01,A01
201700030589,1,07,000,00,2,2,01,B01
201700030590,1,07,000,00,1,2,01,A01
201700030591,1,07,000,00,2,1,02,A01
201700030591,1,07,000,00,2,4,02,B01
201700030591,1,07,000,00,2,4,02,C01
201700030592,2,07,000,00,2,2,15,A01
201700030592,2,10,000,00,2,3,01,B01
201700030593,1,07,000,00,2,4,02,C01
201700030593,1,07,000,00,2,1,02,B01
201700030593,1,07,000,00,2,1,02,A01
201700030594,1,33,000,00,2,7,01,B01
201700030594,1,07,000,00,2,0,13,Z01
201700030595,2,07,000,00,2,1,02,Z01
201700030595,2,07,000,00,2,4,02,B01
201700030596,2,07,000,00,1,3,01,A01
201700030597,1,07,000,00,2,1,09,A01
201700030597,2,07,000,01,2,2,01,B01
201700030598,2,07,000,00,1,4,04,Z01
201700030599,2,03,000,00,1,1,01,A01
201700030600,1,07,000,09,2,5,01,A01
201700030600,2,07,000,00,2,1,01,B01
201700030601,2,07,000,00,2,1,02,A01
201700030601,2,07,000,00,2,4,02,D01
201700030601,2,07,000,00,2,4,02,C01
201700030601,2,07,000,00,2,4,02,B01
201700030602,1,07,000,00,2,1,02,A01
201700030602,1,07,000,00,2,4,02,C01
201700030602,1,07,000,00,2,4,02,B01
201700030603,2,07,000,00,2,2,16,B01
201700030603,2,30,000,00,2,1,01,A01
201700030604,1,01,000,00,2,1,05,A01
201700030604,1,07,000,00,2,2,16,B01
201700030605,2,01,000,00,2,8,13,A01
201700030605,2,07,000,00,2,7,01,B01
201700030606,2,07,000,00,2,1,01,B01
201700030606,1,07,000,14,2,8,05,A01
201700030607,2,07,000,00,1,1,01,A01
201700030608,1,07,000,01,0,2,14,A01
201700030609,2,01,000,00,2,1,01,C01
201700030609,1,07,000,00,2,8,17,A01
201700030609,1,07,000,00,2,8,01,B01
201700030610,1,38,001,05,1,7,16,A01
201700030611,1,07,000,00,2,6,18,C01
201700030611,2,07,000,00,2,1,13,A01
201700030611,1,07,000,00,2,1,01,B01
201700030612,1,07,000,00,1,1,01,A01
201700030613,2,02,000,00,2,1,07,A01
201700030613,2,07,000,00,2,3,15,B01
201700030614,2,07,000,00,1,0,01,Z01
201700030615,1,07,000,00,2,2,01,B01
201700030615,2,07,000,00,2,2,13,A01
201700030616,1,07,000,00,2,1,02,A01
201700030616,1,07,000,00,2,4,02,B01
201700030617,1,07,000,00,2,1,02,A01
201700030617,1,07,000,00,2,4,02,B01
201700030618,2,07,000,00,1,1,01,A01
201700030619,2,01,000,00,2,1,01,B01
201700030619,1,07,000,00,2,7,15,A01
201700030620,2,07,000,00,2,7,01,A01
201700030620,1,07,000,00,2,1,01,B01
201700030621,2,07,000,00,2,5,01,A01
201700030621,1,07,000,00,2,1,01,B01
201700030622,1,07,000,00,9,1,01,B01
201700030622,1,01,000,01,2,1,01,A01
201700030623,1,01,000,00,1,1,07,A01
201700030624,1,07,000,00,1,7,01,A01
201700030625,1,07,000,00,1,0,00,Z01
201700030626,1,07,000,00,1,0,00,Z01
201700030627,1,07,000,00,2,1,01,B01
201700030627,1,07,000,00,2,0,09,Z01
201700030628,2,07,000,00,2,4,02,B01
201700030628,2,30,000,00,2,1,02,A01
201700030629,1,01,000,00,2,8,01,B01
201700030629,2,07,000,00,2,3,15,A01
201700030630,1,01,000,00,9,1,01,B01
201700030630,1,01,000,00,9,1,05,Z01
201700030631,2,37,001,00,1,0,01,Z01
201700030632,1,07,000,00,2,2,16,B01
201700030632,1,30,000,00,2,1,18,A01
201700030633,2,07,000,00,1,1,01,A01
201700030634,2,07,000,00,2,1,02,A01
201700030634,2,07,000,00,2,4,02,B01
201700030635,2,07,000,00,2,3,15,A01
201700030635,1,30,000,00,2,1,01,B01
201700030636,2,07,000,00,2,2,16,A01
201700030636,2,37,007,00,2,3,07,B01
201700030637,2,01,000,00,2,8,19,B01
201700030637,1,07,000,00,2,1,01,A01
201700030638,1,30,000,00,2,1,01,A01
201700030638,1,07,000,00,9,1,01,B01
201700030639,1,07,000,00,1,3,15,A01
201700030640,1,07,000,00,2,1,02,A01
201700030640,1,07,000,00,2,4,02,B01
201700030641,1,07,000,00,2,4,23,B01
201700030641,1,37,001,00,2,1,02,A01
201700030642,2,07,000,00,2,2,15,A01
201700030642,1,02,000,00,2,1,05,B01
201700030643,1,07,000,08,0,1,16,A01
201700030644,1,01,000,00,2,1,19,B01
201700030645,1,07,000,00,2,3,01,B01
201700030645,2,07,000,00,2,7,19,A01
201700030646,2,07,000,00,1,1,15,A01
201700030647,1,07,000,00,2,1,01,A01
201700030647,1,07,000,00,2,7,16,B01
201700030648,1,07,000,00,1,1,01,A01
201700030649,1,07,000,00,2,4,01,C01
201700030649,1,07,000,00,2,1,01,A01
201700030649,1,07,000,00,2,4,01,B01
201700030650,1,07,000,00,1,1,15,A01
201700030651,1,07,000,00,2,1,09,A01
201700030651,1,07,000,00,2,7,01,B01
201700030652,1,07,000,00,2,1,02,A01
201700030652,1,07,000,00,2,4,02,B01
201700030653,1,07,000,00,2,1,02,Z01
201700030653,1,07,000,00,2,4,23,C01
201700030653,1,07,000,00,2,4,23,B01
201700030654,1,07,000,00,1,1,01,Z01
201700030655,1,07,000,00,1,7,16,A01
201700030656,1,07,000,00,1,2,15,A01
201700030657,1,07,000,00,2,7,01,B01
201700030657,1,07,000,00,2,3,01,A01
201700030658,1,07,000,00,2,1,01,B01
201700030658,1,07,000,00,2,1,01,A01
201700030659,1,40,002,00,1,2,01,B01
201700030659,1,07,000,00,4,2,11,A01
201700030660,1,10,000,08,1,0,01,A01
201700030661,1,07,000,00,1,0,01,A01
201700030662,1,07,000,00,2,1,02,B01
201700030662,1,07,000,00,2,4,01,A01
201700030663,1,07,000,00,1,0,19,A01
201700030664,1,07,000,00,2,1,13,A01
201700030664,1,30,000,00,2,9,01,B01
201700030665,1,07,000,00,2,4,01,C01
201700030665,1,07,000,00,2,1,02,A01
201700030665,1,07,000,00,2,9,01,B01
201700030666,1,07,000,01,1,1,13,A01
201700030667,1,07,000,00,2,4,02,C01
201700030667,1,07,000,00,2,1,02,A01
201700030667,1,07,000,00,2,4,02,B01
201700030668,1,07,000,00,1,3,15,A01
201700030669,0,07,000,00,1,3,01,B01
201700030669,1,07,000,00,1,3,01,A01
201700030670,1,07,000,00,1,3,01,A01
201700030671,2,07,000,05,0,1,01,A01
201700030672,1,10,000,00,2,1,02,A01
201700030672,1,07,000,00,2,1,23,B01
201700030672,1,07,000,00,2,4,23,C01
201700030673,1,07,000,00,2,2,01,B01
201700030673,1,07,000,00,2,3,00,A01
201700030674,1,07,000,00,2,2,01,B01
201700030674,1,07,000,00,2,2,15,A01
201700030675,1,07,000,00,2,3,10,B01
201700030675,1,07,000,00,2,5,01,A01
201700030676,1,07,000,00,1,1,16,A01
201700030677,1,07,000,00,2,4,01,B01
201700030677,1,07,000,00,2,1,01,A01
201700030678,1,07,000,00,1,0,00,A01
201700030679,1,07,000,00,2,4,01,B01
201700030679,1,07,000,00,2,1,01,A01
201700030680,1,07,000,00,1,2,01,A01
201700030681,2,07,000,15,1,2,01,A01
201700030682,2,07,000,01,0,2,14,A01
201700030683,2,30,000,00,2,1,00,B01
201700030683,1,07,000,00,2,4,04,A01
201700030684,1,07,000,00,1,3,01,A01
201700030685,0,07,000,00,2,3,23,C01
201700030685,1,07,000,00,2,1,21,B01
201700030685,0,07,000,16,2,3,19,A01
201700030686,1,07,000,00,1,2,16,A01
201700030687,1,31,000,00,2,1,17,A01
201700030687,1,07,000,00,2,4,02,B01
201700030688,1,30,000,12,0,3,13,A01
201700030689,1,07,000,08,0,1,13,A01
201700030690,1,07,000,00,2,1,02,B01
201700030690,1,34,000,00,2,8,19,A01
201700030691,2,07,000,00,2,2,19,A01
201700030691,2,07,000,00,2,7,01,B01
201700030692,1,07,000,00,1,2,00,A01
201700030693,1,07,000,00,2,1,19,A01
201700030693,1,07,000,00,2,4,23,B01
201700030694,1,07,000,00,1,3,15,A01
201700030695,1,07,000,00,2,3,01,B01
201700030695,2,07,000,00,2,1,15,A01
201700030696,2,07,000,00,2,1,01,A01
201700030696,1,07,000,00,2,2,01,B01
201700030697,2,07,000,00,2,1,01,B01
201700030697,2,07,000,00,2,2,19,A01
201700030698,1,07,000,00,2,6,01,B01
201700030698,0,07,000,00,2,2,09,A01
201700030699,2,07,000,00,1,3,19,A01
201700030700,1,10,000,00,2,3,13,A01
201700030700,2,07,000,00,2,3,01,B01
201700030701,0,07,000,00,1,1,01,A01
201700030702,1,07,000,00,1,4,04,A01
201700030703,1,07,000,00,1,3,09,A01
201700030704,2,07,000,00,1,3,01,A01
201700030705,1,07,000,13,0,9,01,A01
201700030706,1,07,000,00,2,6,09,A01
201700030706,2,33,000,00,2,2,01,B01
201700030707,1,34,000,12,2,1,01,B01
201700030707,1,07,000,00,2,2,20,A01
201700030708,2,07,000,00,2,8,19,A01
201700030708,1,07,000,00,2,1,01,B01
201700030708,2,07,000,00,2,1,01,C01
201700030709,2,33,000,00,0,7,01,A01
201700030710,1,07,000,12,0,0,01,A01
201700030711,2,07,000,02,0,1,01,A01
201700030712,1,07,000,00,1,8,01,A01
201700030713,2,07,000,00,1,2,16,A01
201700030714,1,07,000,00,1,3,01,A01
201700030715,0,07,000,00,2,2,15,A01
201700030715,1,33,000,00,2,1,01,B01
201700030716,0,07,000,00,1,2,20,A01
201700030717,2,07,000,00,1,1,01,A01
201700030718,2,07,000,00,1,1,15,A01
201700030719,2,07,000,00,2,3,01,B01
201700030719,1,07,000,00,2,1,13,A01
201700030720,1,30,000,00,1,1,17,A01
201700030721,1,10,000,00,1,7,01,A01
201700030722,1,03,000,15,0,1,09,A01
201700030723,2,07,000,02,2,8,01,A01
201700030723,1,07,000,00,2,8,01,B01
201700030724,2,07,000,00,2,1,09,B01
201700030724,1,02,000,00,2,7,01,A01
201700030725,0,07,000,00,1,5,20,A01
201700030726,1,07,000,15,1,4,20,A01
201700030727,2,33,000,00,2,1,09,B01
201700030727,2,14,000,00,2,8,09,A01
201700030728,1,07,000,06,0,1,00,A01
201700030729,2,07,000,08,0,1,14,A01
201700030730,1,07,000,00,2,8,01,D01
201700030730,1,07,000,00,2,8,01,B01
201700030730,1,07,000,00,2,3,13,A01
201700030731,2,07,000,00,1,1,01,A01
201700030732,1,10,000,07,0,0,13,A01
201700030733,1,07,000,00,1,7,01,A01
201700030734,2,07,000,00,1,2,01,A01
201700030735,1,01,000,00,2,1,01,B01
201700030735,0,10,000,00,2,1,01,A01
201700030736,1,33,000,00,2,1,01,B01
201700030736,2,07,000,00,2,7,15,A01
201700030737,1,07,000,00,2,1,13,A01
201700030737,2,07,000,00,2,1,01,B01
201700030738,1,17,000,00,2,6,13,A01
201700030738,2,15,000,00,2,3,01,B01
201700030739,2,07,000,00,2,6,01,C01
201700030739,1,10,000,00,2,3,23,B01
201700030739,2,07,000,00,2,3,13,A01
201700030740,1,07,000,02,0,8,19,A01
201700030741,1,07,000,00,1,1,00,A01
201700030742,2,07,000,00,2,8,01,B01
201700030742,1,07,000,00,2,2,13,A01
201700030742,2,07,000,00,2,1,01,C01
201700030743,2,33,000,00,2,8,15,B01
201700030743,1,07,000,00,2,3,15,A01
201700030744,0,07,000,00,1,4,04,A01
201700030745,2,01,000,00,2,7,01,B01
201700030745,2,07,000,00,2,8,24,A01
201700030746,2,07,000,00,1,1,01,A01
201700030747,2,01,000,00,2,7,19,A01
201700030747,1,07,000,00,2,1,01,B01
201700030748,1,07,000,00,1,3,01,A01
201700030749,1,07,000,00,2,3,01,B01
201700030749,1,07,000,00,2,2,01,A01
201700030750,1,07,000,00,1,1,01,A01
201700030751,0,07,000,02,0,1,01,A01
201700030752,1,07,000,14,0,1,01,A01
201700030753,2,07,000,00,1,1,01,A01
201700030754,1,07,000,00,2,4,02,C01
201700030754,1,07,000,00,2,4,02,B01
201700030754,1,07,000,00,2,1,02,A01
201700030755,2,07,000,00,2,1,01,A01
201700030755,0,07,000,00,2,5,01,B01
201700030756,1,30,000,01,0,1,18,A01
201700030757,2,07,000,00,2,1,02,A01
201700030757,2,07,000,00,1,4,02,B01
201700030758,2,30,000,00,0,0,01,A01
201700030759,1,07,000,00,2,4,01,B01
201700030759,1,07,000,00,2,4,01,C01
201700030759,1,07,000,00,2,1,01,A01
201700030760,2,02,000,00,2,1,02,A01
201700030760,2,07,000,00,2,4,01,B01
201700030761,2,07,000,00,2,1,19,A01
201700030761,1,07,000,00,2,2,01,B01
201700030762,1,07,000,00,2,1,09,A01
201700030762,1,30,000,00,2,7,01,B01
201700030763,1,33,000,00,0,1,01,A01
201700030764,1,07,000,00,2,1,09,A01
201700030764,1,30,000,00,2,2,01,B01
201700030765,2,07,000,00,2,4,23,B01
201700030765,2,07,000,00,2,1,02,A01
201700030766,0,07,000,15,0,3,00,A01
201700030767,1,07,000,00,2,2,13,A01
201700030767,2,07,000,00,2,1,01,C01
201700030767,1,07,000,00,2,7,01,B01
201700030768,2,07,000,00,2,1,02,A01
201700030768,2,07,000,00,2,4,02,B01
201700030769,1,07,000,02,0,1,01,A01
201700030770,1,07,000,00,2,2,16,A01
201700030770,1,01,000,00,2,1,01,B01
201700030771,1,33,000,00,2,1,01,B01
201700030771,2,07,000,00,2,2,15,A01
201700030772,1,01,000,00,2,8,16,A01
201700030772,1,31,000,00,2,1,01,B01
201700030773,1,14,000,00,2,1,02,A01
201700030773,1,07,000,00,2,6,01,B01
201700030774,0,02,000,08,0,0,00,A01
201700030775,0,07,000,00,2,1,01,B01
201700030775,0,07,000,00,2,2,13,A01
201700030776,2,07,000,00,2,3,00,A01
201700030776,2,16,000,00,2,0,00,B01
201700030777,0,07,000,02,0,0,00,A01
201700030778,1,37,001,00,2,7,15,B01
201700030778,2,07,000,00,2,1,01,A01
201700030779,1,30,000,00,2,4,02,B01
201700030779,1,07,000,00,2,1,02,A01
201700030780,2,07,000,00,2,7,07,A01
201700030780,2,01,000,00,2,6,02,B01
201700030781,0,07,000,14,1,1,01,A01
201700030782,0,07,000,00,1,4,20,A01
201700030783,1,30,000,00,0,0,00,A01
201700030783,2,07,000,00,2,4,00,B01
201700030784,1,07,000,00,1,1,01,A01
201700030785,1,07,000,00,2,1,01,B01
201700030785,2,37,001,00,2,6,00,C01
201700030785,2,07,000,00,2,1,17,A01
201700030786,1,10,000,07,0,1,01,A01
201700030787,1,07,000,00,2,3,10,A01
201700030787,1,33,000,00,2,1,01,B01
201700030788,1,07,000,13,0,1,01,A01
201700030789,2,07,000,00,2,1,02,A01
201700030789,2,07,000,00,2,4,01,B01
201700030790,2,07,000,00,1,1,01,A01
201700030790,2,07,000,00,2,1,02,B01
201700030791,1,01,000,00,2,2,15,B01
201700030791,2,07,000,00,2,3,01,A01
201700030792,2,07,000,00,2,1,13,B01
201700030792,1,30,000,00,2,1,13,A01
201700030793,2,33,000,14,0,1,01,A01
201700030794,0,30,000,02,0,1,01,A01
201700030795,2,07,000,00,2,3,01,A01
201700030795,2,33,000,00,2,2,01,B01
201700030796,2,30,000,00,0,0,00,A01
201700030797,1,02,000,00,0,0,15,A01
201700030798,2,33,000,02,0,1,13,A01
201700030799,2,01,000,00,2,0,00,B01
201700030799,2,07,000,00,2,0,00,A01
201700030800,1,02,000,00,0,0,01,A01
201700030801,1,10,000,12,0,8,13,A01
201700030802,0,07,000,00,1,2,01,A01
201700030803,1,31,000,00,2,1,02,A01
201700030803,0,07,000,00,0,0,00,B01
201700030804,2,07,000,00,2,1,02,A01
201700030804,2,07,000,00,2,4,01,B01
201700030805,0,07,000,00,2,0,00,A01
201700030805,0,33,000,00,2,0,00,B01
201700030805,0,07,000,00,2,0,00,C01
201700030806,2,07,000,00,2,1,02,A01
201700030806,2,07,000,00,2,4,01,B01
201700030807,1,33,000,00,0,0,16,A01
201700030808,2,30,000,00,2,3,01,A01
201700030808,1,07,000,00,2,2,01,B01
201700030809,1,07,000,00,2,2,01,B01
201700030809,2,07,000,00,2,2,06,A01
201700030810,0,07,000,00,1,0,00,A01
201700030811,0,30,000,00,2,1,00,A01
201700030811,0,07,000,00,2,2,01,B01
201700030812,0,33,000,16,0,0,01,A01
201700030813,0,07,000,00,1,0,00,A01
201700030814,0,07,000,00,2,2,00,A01
201700030814,0,02,000,00,2,1,01,B01
201700030815,1,07,000,00,2,1,02,A01
201700030815,1,07,000,00,2,4,01,B01
201700030816,1,30,000,12,0,1,01,A01
201700030817,1,07,000,00,2,8,01,B01
201700030817,2,02,000,00,2,1,05,A01
201700030818,1,07,000,13,0,9,01,A01
201700030819,0,07,000,00,1,4,20,A01
201700030820,0,07,000,02,0,1,20,A01
201700030821,1,07,000,13,0,7,01,A01
201700030822,2,07,000,00,2,8,15,B01
201700030822,2,30,000,00,2,1,01,A01
201700030823,1,07,000,00,1,1,16,A01
201700030824,1,07,000,00,2,1,02,A01