Num_Acc,senc,catv,occutc,obs,obsm,choc,manv,num_veh
201700032013,2,07,000,00,2,0,00,B01
201700032014,1,07,000,00,2,5,00,B01
201700032014,1,07,000,00,2,1,01,A01
201700032015,2,07,000,00,2,2,17,A01
201700032015,1,07,000,00,2,8,01,B01
201700032015,0,33,000,00,2,1,01,C01
201700032016,2,07,000,09,2,1,01,B01
201700032016,1,07,000,11,2,1,09,A01
201700032017,2,07,000,00,2,1,19,B01
201700032017,1,07,000,00,2,1,13,A01
201700032018,1,07,000,00,1,2,02,A01
201700032019,2,07,000,00,1,3,12,Z01
201700032020,1,38,000,00,1,1,16,A01
201700032021,2,07,000,00,2,0,00,A01
201700032021,1,07,000,00,2,0,00,B01
201700032022,1,07,000,00,1,1,01,A01
201700032023,1,07,000,00,2,8,09,A01
201700032023,2,01,000,00,2,1,00,B01
201700032024,1,07,000,00,1,2,01,A01
201700032025,0,07,000,00,1,0,01,A01
201700032026,1,07,000,00,1,1,01,A01
201700032027,2,07,000,08,0,7,13,A01
201700032028,2,07,000,00,1,0,01,Z01
201700032029,0,07,000,00,2,1,02,A01
201700032029,1,07,000,00,2,4,02,B01
201700032030,2,07,000,00,2,1,12,B01
201700032030,1,07,000,00,2,2,05,A01
201700032031,0,07,000,01,0,2,14,A01
201700032032,1,07,000,00,1,1,01,A01
201700032033,1,07,000,00,1,0,00,Z01
201700032034,1,07,000,00,1,1,01,A01
201700032035,1,02,000,00,2,1,01,B01
201700032035,1,07,000,00,2,5,16,A01
201700032036,0,33,000,00,2,1,17,B01
201700032036,1,07,000,00,2,3,00,A01
201700032037,1,07,000,01,0,1,00,A01
201700032038,2,07,000,02,0,1,01,A01
201700032039,2,01,000,00,2,3,01,B01
201700032039,1,07,000,00,2,3,01,Z01
201700032040,2,07,000,00,1,2,01,A01
201700032041,2,10,000,00,2,1,01,B01
201700032041,2,10,000,00,2,1,01,A01
201700032042,1,07,000,00,2,3,01,B01
201700032042,2,07,000,00,2,1,15,A01
201700032043,1,07,000,00,2,3,01,B01
201700032043,1,07,000,00,2,3,15,A01
201700032044,1,07,000,00,2,1,05,A01
201700032044,1,07,000,00,2,1,15,B01
201700032045,1,07,000,00,2,2,01,B01
201700032045,2,07,000,00,2,3,16,A01
201700032046,2,37,000,00,1,2,09,A01
201700032047,1,07,000,06,1,2,00,A01
201700032048,0,07,000,08,0,1,01,A01
201700032049,0,30,000,00,0,0,00,B01
201700032049,0,07,000,00,2,2,00,Z01
201700032050,1,07,000,00,1,1,01,A01
201700032051,1,02,000,00,2,4,01,A01
201700032051,1,07,000,00,2,1,01,B01
201700032052,2,07,000,00,2,1,01,B01
201700032052,1,07,000,00,2,1,13,A01
201700032053,1,01,000,00,2,7,00,B01
201700032053,1,07,000,00,2,1,16,A01
201700032054,1,07,000,00,1,1,01,A01
201700032055,2,07,000,00,2,2,01,A01
201700032055,1,07,000,00,2,1,09,B01
201700032056,2,07,000,02,6,2,01,A01
201700032057,2,10,000,00,1,1,01,A01
201700032058,1,07,000,00,1,2,01,A01
201700032059,1,07,000,00,2,3,10,A01
201700032059,2,31,000,00,2,1,01,B01
201700032060,1,07,000,00,1,1,01,A01
201700032061,1,33,000,00,2,9,01,B01
201700032061,1,07,000,00,2,1,01,A01
201700032062,1,07,000,00,1,1,01,A01
201700032063,2,07,000,00,2,1,01,A01
201700032063,1,07,000,00,2,6,15,B01
201700032064,2,07,000,00,2,1,01,A01
201700032064,2,07,000,00,2,3,01,B01
201700032065,1,31,000,01,2,1,13,A01
201700032065,2,07,000,00,2,1,01,B01
201700032066,1,07,000,00,2,1,01,A01
201700032066,2,37,000,00,2,8,01,B01
201700032067,2,07,000,00,2,1,01,Z01
201700032067,2,07,000,00,2,1,01,A01
201700032068,1,36,000,08,0,1,01,A01
201700032069,2,07,000,00,2,1,09,A01
201700032069,2,07,000,00,2,2,01,B01
201700032070,2,07,000,00,2,3,09,A01
201700032070,2,07,000,00,2,1,01,B01
201700032071,1,07,000,00,2,1,01,A01
201700032071,1,07,000,00,2,1,01,B01
201700032072,2,07,000,00,2,3,09,A01
201700032072,1,10,000,00,2,1,01,B01
201700032073,2,02,000,00,2,1,01,B01
201700032073,1,07,000,00,2,1,09,A01
201700032074,1,07,000,00,2,1,01,Z01
201700032074,2,07,000,00,2,1,01,A01
201700032075,2,07,000,00,2,1,01,B01
201700032075,2,07,000,00,2,6,01,A01
201700032076,1,33,000,00,2,7,01,B01
201700032076,1,07,000,00,2,1,09,A01
201700032077,1,31,000,01,0,5,01,A01
201700032078,0,07,000,00,2,2,01,B01
201700032078,0,07,000,00,2,3,15,A01
201700032079,1,10,000,00,1,1,15,A01
201700032080,1,07,000,00,1,1,01,A01
201700032081,1,07,000,00,2,1,00,A01
201700032081,2,07,000,00,2,7,01,Z01
201700032082,1,07,000,00,2,1,01,B01
201700032082,1,07,000,00,2,6,15,A01
201700032083,2,07,000,00,2,3,15,A01
201700032083,1,32,000,00,2,1,01,B01
201700032084,2,07,000,00,1,1,01,Z01
201700032085,1,33,000,00,0,3,01,A01
201700032086,1,07,000,00,2,4,01,B01
201700032086,1,30,000,00,2,4,23,A01
201700032087,1,01,000,00,2,1,01,B01
201700032087,2,07,000,00,2,1,01,A01
201700032088,2,07,000,00,2,1,01,B01
201700032088,2,07,000,00,2,3,15,A01
201700032089,1,07,000,00,1,1,01,A01
201700032090,2,07,000,00,2,1,01,A01
201700032090,2,07,000,00,2,4,23,B01
201700032090,2,07,000,00,2,4,23,C01
201700032091,1,07,000,00,1,1,01,A01
201700032092,1,01,000,00,2,8,01,B01
201700032092,1,30,000,00,2,1,01,A01
201700032093,2,07,000,00,1,3,01,A01
201700032094,1,07,000,00,1,1,00,A01
201700032095,1,07,000,00,1,1,01,A01
201700032096,1,07,000,00,1,7,01,A01
201700032097,1,07,000,00,1,2,14,A01
201700032098,1,07,000,00,1,2,01,A01
201700032099,1,02,000,00,2,7,15,A01
201700032099,1,07,000,00,2,0,01,Z01
201700032100,2,07,000,00,2,1,01,B01
201700032100,2,07,000,00,2,8,01,C01
201700032100,1,07,000,00,2,3,13,A01
201700032101,0,07,000,00,1,1,00,Z01
201700032102,1,07,000,00,1,2,01,A01
201700032103,0,07,000,00,1,1,01,A01
201700032104,1,07,000,00,1,9,23,A01
201700032104,1,07,000,14,0,1,01,B01
201700032105,1,33,000,00,2,9,01,A01
201700032105,1,07,000,00,2,8,15,B01
201700032106,0,07,000,00,1,1,16,A01
201700032107,0,07,000,00,2,7,01,A01
201700032107,0,30,000,00,2,8,01,B01
201700032108,0,07,000,00,1,1,17,A01
201700032109,0,07,000,00,1,1,01,A01
201700032110,0,07,000,00,1,1,01,A01
201700032111,1,07,000,00,1,3,01,Z01
201700032112,1,03,000,00,1,2,01,A01
201700032113,0,01,000,00,2,1,01,B01
201700032113,0,07,000,00,2,1,15,A01
201700032114,0,07,000,00,1,1,01,A01
201700032115,0,07,000,00,2,4,02,C01
201700032115,0,33,000,00,2,4,02,B01
201700032115,0,33,000,00,2,1,02,A01
201700032116,0,07,000,00,1,1,00,A01
201700032117,0,01,000,00,2,3,19,B01
201700032117,0,07,000,00,2,2,01,A01
201700032118,0,07,000,00,1,1,01,A01
201700032119,0,07,000,00,2,6,24,B01
201700032119,0,07,000,01,0,1,06,A01
201700032119,0,07,000,00,2,4,24,C01
201700032120,1,07,000,00,9,2,00,A01
201700032120,1,01,000,00,2,8,00,B01
201700032121,1,07,000,01,0,9,00,A01
201700032122,0,01,000,00,1,0,00,Z01
201700032123,0,07,000,00,2,3,00,A01
201700032123,0,02,000,00,2,3,17,B01
201700032124,1,07,000,00,1,1,01,A01
201700032125,1,07,000,00,2,1,01,B01
201700032125,1,33,000,00,2,1,00,A01
201700032126,0,07,000,00,2,1,01,A01
201700032126,0,07,000,00,2,4,15,B01
201700032127,1,01,000,00,2,8,00,B01
201700032127,1,07,000,00,2,1,19,A01
201700032128,0,07,000,00,1,1,06,A01
201700032129,1,07,000,00,2,3,19,A01
201700032129,1,33,000,00,2,1,01,B01
201700032130,0,07,000,06,0,1,01,A01
201700032131,1,07,000,00,2,2,17,A01
201700032131,1,07,000,00,2,8,15,B01
201700032132,1,34,000,03,0,7,14,A01
201700032133,0,07,000,00,2,6,15,A01
201700032133,0,31,000,00,2,1,21,B01
201700032134,0,02,000,00,2,7,01,A01
201700032134,0,07,000,00,2,1,15,B01
201700032135,0,17,000,00,2,4,17,Z01
201700032135,0,33,000,00,2,8,02,B01
201700032136,0,01,000,00,2,7,01,B01
201700032136,0,07,000,00,2,1,09,A01
201700032137,1,07,000,00,1,1,01,A01
201700032138,1,07,000,00,1,3,15,Z01
201700032139,0,07,000,00,2,2,17,A01
201700032139,0,01,000,00,2,8,01,B01
201700032140,0,07,000,00,1,1,01,A01
201700032141,0,07,000,00,2,1,01,A01
201700032141,0,07,000,00,2,7,01,B01
201700032142,0,07,000,01,0,1,13,A01
201700032143,1,07,000,06,0,1,01,A01
201700032144,0,01,000,00,2,4,01,B01
201700032144,0,07,000,00,2,1,01,A01
201700032145,0,07,000,00,2,3,15,A01
201700032145,0,33,000,00,2,1,01,B01
201700032146,0,07,000,00,2,2,01,B01
201700032146,0,34,000,00,2,4,01,A01
201700032147,0,07,000,00,2,8,17,Z01
201700032147,0,34,000,00,2,8,15,A01
201700032148,0,10,000,00,1,4,04,A01
201700032149,0,07,000,00,1,1,01,A01
201700032150,0,31,000,13,0,0,21,A01
201700032151,1,07,000,00,2,4,23,B01
201700032151,1,07,000,14,2,1,01,A01
201700032151,1,07,000,00,2,1,01,C01
201700032152,1,07,000,00,9,1,15,A01
201700032152,1,02,000,00,2,8,09,B01
201700032153,1,31,000,00,2,1,19,A01
201700032153,1,33,000,00,9,1,01,Z01
201700032154,1,07,000,00,2,2,15,B01
201700032154,1,33,000,00,2,1,01,A01
201700032155,1,07,000,02,0,7,13,A01
201700032156,2,07,000,00,0,0,05,Z01
201700032156,1,07,000,03,2,9,14,A01
201700032157,1,07,000,00,2,8,19,A01
201700032157,1,15,000,00,2,2,01,B01
201700032158,0,07,000,01,2,1,05,A01
201700032158,0,33,000,00,2,1,01,B01
201700032159,0,07,000,00,2,1,15,A01
201700032159,0,99,000,00,2,1,01,B01
201700032160,0,07,000,00,1,7,01,A01
201700032161,0,07,000,00,2,7,15,A01
201700032161,0,33,000,00,2,1,01,B01
201700032162,0,07,000,00,2,1,16,B01
201700032162,0,33,000,00,2,1,01,A01
201700032163,1,07,000,00,1,3,01,A01
201700032164,1,07,000,00,1,5,20,A01
201700032165,1,07,000,00,2,7,15,A01
201700032165,1,31,000,00,2,1,01,B01
201700032166,1,07,000,00,1,1,01,A01
201700032167,1,07,000,00,1,1,01,A01
201700032168,0,07,000,00,1,1,01,A01
201700032169,0,07,000,00,2,1,10,A01
201700032169,0,07,000,00,2,3,01,B01
201700032170,0,07,000,00,1,5,01,A01
201700032171,1,07,000,00,1,1,19,A01
201700032172,1,07,000,00,1,1,19,A01
201700032173,0,07,000,06,0,8,01,A01
201700032174,0,07,000,01,0,1,02,A01
201700032175,0,40,000,00,1,1,01,A01
201700032176,1,07,000,00,9,1,02,Z01
201700032176,1,99,000,00,2,4,23,A01
201700032177,1,07,000,00,2,1,16,B01
201700032177,1,07,000,00,2,5,01,A01
201700032178,0,07,000,00,1,1,01,A01
201700032179,1,07,000,00,1,2,01,A01
201700032180,0,07,000,01,2,1,01,A01
201700032180,0,07,000,00,2,8,20,B01
201700032181,1,07,000,10,1,0,,Z01
201700032182,0,33,000,00,2,1,01,B01
201700032182,0,07,000,00,2,6,01,A01
201700032183,1,07,000,00,1,1,01,A01
201700032184,1,07,000,00,2,3,09,B01
201700032184,1,07,000,00,2,2,01,A01
201700032184,1,07,000,00,2,8,01,C01
201700032185,1,07,000,00,1,1,01,A01
201700032186,1,07,000,01,0,2,14,A01
201700032187,0,07,000,00,1,1,15,A01
201700032188,0,07,000,00,1,1,01,A01
201700032189,0,07,000,00,1,0,00,Z01
201700032190,0,07,000,00,2,1,01,A01
201700032190,0,01,000,00,2,8,19,B01
201700032191,0,07,000,00,2,1,05,A01
201700032191,0,07,000,00,2,1,01,B01
201700032192,0,07,000,00,0,8,22,B02
201700032192,0,07,000,01,0,2,02,A01
201700032193,1,07,000,00,2,3,01,B01
201700032193,2,07,000,00,2,3,00,A01
201700032194,0,07,000,00,2,2,15,A01
201700032194,0,02,000,00,2,1,01,B01
201700032195,1,07,000,00,2,1,17,A01
201700032195,2,10,000,00,2,1,01,B01
201700032196,1,07,000,00,2,1,02,A01
201700032196,1,07,000,00,0,4,02,B01
201700032197,0,07,000,00,2,3,09,B01
201700032197,2,02,000,00,2,1,17,A01
201700032198,1,07,000,00,2,2,01,B01
201700032198,2,10,000,00,0,1,16,A01
201700032199,2,07,000,00,2,1,01,A01
201700032199,1,01,000,00,2,1,13,B01
201700032200,2,07,000,06,0,1,19,A01
201700032201,0,07,000,02,0,1,01,A01
201700032202,1,07,000,00,1,3,01,A01
201700032203,2,07,000,00,2,5,17,A01
201700032203,2,17,000,00,2,3,01,B01
201700032204,1,07,000,15,0,9,01,A01
201700032205,1,07,000,00,1,1,01,A01
201700032206,1,07,000,00,0,0,00,A01
201700032207,2,07,000,00,2,1,02,A01
201700032207,2,07,000,00,2,4,02,B01
201700032207,2,10,000,00,2,4,02,C01
201700032207,2,07,000,00,0,4,02,D01
201700032208,0,07,000,00,2,1,01,A01
201700032208,0,07,000,00,2,1,01,B01
201700032209,2,10,000,00,0,1,01,A01
201700032210,0,07,000,00,0,7,19,A01
201700032210,1,07,000,00,2,2,01,B01
201700032211,0,33,000,00,2,1,17,A01
201700032211,0,10,000,00,2,1,01,B01
201700032212,2,33,000,00,2,1,01,B01
201700032212,1,07,000,00,2,3,15,A01
201700032213,1,33,000,00,0,0,01,A01
201700032214,0,33,000,00,0,7,01,A01
201700032215,0,07,000,00,2,3,01,B01
201700032215,0,07,000,00,2,1,15,A01
201700032216,1,33,000,02,0,1,01,A01
201700032217,1,01,000,00,0,1,01,A01
201700032218,2,07,000,00,0,9,01,A01
201700032219,1,07,000,00,0,4,12,B01
201700032219,1,02,000,00,2,1,02,A01
201700032220,2,07,000,00,0,9,17,A01
201700032221,1,07,000,00,2,1,01,A01
201700032221,1,07,000,00,0,4,11,B01
201700032221,1,33,000,00,2,8,21,C01
201700032222,0,07,000,06,0,1,19,A01
201700032223,2,30,000,00,2,1,02,A01
201700032223,2,07,000,00,0,4,01,B01
201700032224,2,07,000,00,0,9,01,A01
201700032225,2,07,000,00,2,2,17,A01
201700032225,2,07,000,01,0,6,01,B01
201700032226,1,07,000,01,0,1,01,A01
201700032227,2,33,000,16,0,9,01,A01
201700032228,0,07,000,00,2,1,15,A01
201700032228,0,01,000,00,0,1,01,B01
201700032229,1,07,000,06,0,1,01,A01
201700032230,2,07,000,00,2,1,02,A01
201700032230,2,07,000,00,2,4,02,B01
201700032230,2,07,000,00,2,4,02,C01
201700032230,2,07,000,00,0,4,01,D01
201700032231,2,07,000,00,2,3,17,A01
201700032231,1,07,000,00,0,3,01,B01
201700032231,1,07,000,00,0,1,01,C01
201700032231,2,07,000,00,0,8,01,D01
201700032232,2,07,000,00,2,7,01,A01
201700032232,2,01,000,00,2,1,01,B01
201700032233,1,07,000,02,0,0,01,A01
201700032234,2,33,000,00,0,9,16,A01
201700032235,1,07,000,00,2,3,01,B01
201700032235,2,07,000,00,2,3,19,A01
201700032236,2,07,000,00,2,3,15,A01
201700032236,2,07,000,00,2,7,01,B01
201700032237,1,21,000,00,0,1,01,A01
201700032238,1,33,000,00,4,1,01,A01
201700032238,1,39,000,00,2,8,01,B01
201700032239,1,07,000,02,0,1,01,A01
201700032240,2,07,000,00,2,8,15,B01
201700032240,2,33,000,00,2,1,17,A01
201700032241,2,14,000,00,2,3,01,B01
201700032241,1,07,000,00,2,1,02,C01
201700032241,1,07,000,00,2,1,13,A01
201700032242,2,07,000,00,2,2,13,A01
201700032242,1,07,000,00,2,3,01,B01
201700032243,1,07,000,00,2,1,15,A01
201700032243,1,07,000,06,2,8,01,B01
201700032244,1,07,000,00,2,3,01,C01
201700032244,2,07,000,00,2,2,17,A01
201700032244,2,07,000,00,2,3,02,B01
201700032245,1,33,000,00,0,2,15,A01
201700032246,1,07,000,13,0,1,01,A01
201700032247,2,07,000,00,1,1,01,A01
201700032248,0,07,000,00,1,0,00,A01
201700032249,1,07,000,00,1,2,01,A01
201700032250,0,07,000,00,1,2,01,A01
201700032251,0,07,000,00,1,1,01,A01
201700032252,1,07,000,16,0,1,01,A01
201700032253,2,07,000,00,9,4,01,A01
201700032253,1,07,000,00,9,1,01,C01
201700032254,1,07,000,00,9,1,09,A01
201700032254,1,01,000,00,2,7,16,B01
201700032255,2,07,000,02,0,2,14,A01
201700032256,2,07,000,00,2,1,13,A01
201700032256,1,33,000,00,2,1,01,B01
201700032256,1,07,000,00,2,1,01,C01
201700032257,2,07,000,00,5,3,19,A01
201700032258,2,07,000,00,1,1,15,A01
201700032259,2,07,000,00,9,3,17,A01
201700032259,2,01,000,00,2,1,01,B01
201700032260,0,07,000,00,1,2,16,A01
201700032261,0,07,000,00,2,1,01,A01
201700032261,0,02,000,00,2,1,13,B01
201700032262,1,10,000,00,2,1,01,B01
201700032262,2,07,000,00,2,7,19,A01
201700032263,0,02,000,00,2,3,01,B01
201700032263,0,07,000,00,2,2,20,A01
201700032264,1,07,000,08,0,1,01,A01
201700032265,1,07,000,06,0,0,01,A01
201700032266,1,07,000,00,2,7,13,A01
201700032266,2,07,000,00,2,1,01,B01
201700032267,1,07,000,02,0,9,17,A01
201700032268,1,07,000,00,2,1,13,A01
201700032268,2,07,000,00,2,1,01,B01
201700032269,0,07,000,06,0,8,00,A01
201700032270,2,33,000,00,2,1,01,A01
201700032270,0,07,000,00,2,2,19,B01
201700032271,1,07,000,00,2,1,00,A01
201700032271,2,33,000,00,2,1,02,B01
201700032272,2,33,000,00,2,1,17,A01
201700032272,1,07,000,00,2,3,01,B01
201700032273,0,07,000,00,2,1,15,A01
201700032273,0,07,000,00,2,2,01,B01
201700032274,1,07,000,00,2,1,15,A01
201700032274,2,07,000,00,2,1,00,B01
201700032274,1,07,000,00,2,0,00,C01
201700032275,1,07,000,15,0,1,01,A01
201700032276,2,07,000,06,0,1,01,A01
201700032277,1,07,000,00,2,2,11,A01
201700032277,2,07,000,00,2,2,01,B01
201700032277,1,07,000,00,2,3,01,C01
201700032278,1,07,000,00,2,1,00,A01
201700032278,2,07,000,00,2,1,13,B01
201700032279,2,07,000,00,2,3,15,B01
201700032279,1,07,000,00,2,7,01,A01
201700032280,2,07,000,00,1,1,01,A01
201700032281,2,07,000,00,0,6,15,A01
201700032281,2,31,000,00,0,0,00,B01
201700032282,2,07,000,00,0,3,00,A01
201700032282,1,07,000,00,0,1,00,B01
201700032283,1,07,000,00,1,0,00,A01
201700032284,1,07,000,00,2,1,01,B01
201700032284,1,07,000,00,2,4,01,A01
201700032285,1,07,000,00,0,2,00,A01
201700032286,2,07,000,00,2,0,00,B01
201700032286,2,07,000,00,0,0,00,A01
201700032287,1,07,000,00,1,2,19,A01
201700032288,2,01,000,00,2,1,01,B01
201700032288,1,07,000,00,2,1,13,A01
201700032289,1,07,000,00,2,2,01,A01
201700032289,2,01,000,00,2,1,19,B01
201700032290,1,07,000,01,2,2,17,A01
201700032290,1,07,000,00,2,3,01,B01
201700032291,1,07,000,00,1,1,00,A01
201700032292,2,31,000,00,2,7,19,A01
201700032292,2,07,000,00,2,1,19,B01
201700032293,2,07,000,00,2,1,19,Z01
201700032293,1,07,000,00,2,3,01,A01
201700032294,2,07,000,00,2,1,01,A01
201700032294,1,07,000,00,2,1,01,B01
201700032295,1,07,000,00,1,1,01,A01
201700032296,2,07,000,06,1,1,01,A01
201700032297,2,31,000,00,2,1,19,A01
201700032297,1,07,000,00,2,3,01,B01
201700032298,2,07,000,00,1,2,01,A01
201700032299,1,07,000,00,2,3,01,A01
201700032299,2,01,000,00,2,1,13,B01
201700032300,2,07,000,00,1,3,01,A01
201700032301,1,07,000,00,2,6,15,B01
201700032301,2,07,000,07,2,6,01,A01
201700032302,1,07,000,00,1,3,01,A01
201700032303,2,07,000,00,1,2,01,A01
201700032304,1,07,000,00,2,3,01,B01
201700032304,1,07,000,00,2,1,19,A01
201700032305,2,30,000,00,2,8,13,A01
201700032305,2,10,000,00,2,3,01,B01
201700032306,2,07,000,00,1,3,01,A01
201700032307,2,07,000,06,2,1,01,B01
201700032307,1,07,000,01,2,1,19,A01
201700032308,1,10,000,00,1,1,01,A01
201700032309,2,07,000,00,1,1,01,A01
201700032310,1,07,000,00,1,1,01,Z01
201700032311,1,07,000,00,2,1,01,A01
201700032311,2,07,000,00,2,8,01,B01
201700032312,2,07,000,00,2,1,01,A01
201700032312,1,07,000,00,2,1,01,B01
201700032312,1,07,000,00,2,1,01,C01
201700032313,2,07,000,00,1,1,21,A01
201700032314,2,07,000,00,2,3,13,A01
201700032314,1,07,000,00,2,3,01,B01
201700032315,1,07,000,00,2,2,15,A01
201700032315,2,15,000,00,2,1,01,B01
201700032316,1,07,000,00,0,3,23,A01
201700032316,2,01,000,01,0,1,05,B01
201700032317,1,07,000,06,0,1,01,A01
201700032318,0,10,000,00,1,4,04,A01
201700032319,2,07,000,00,2,1,13,A01
201700032319,1,07,000,00,2,1,01,B01
201700032320,1,07,000,02,0,3,01,A01
201700032321,0,14,000,00,1,0,04,A01
201700032322,1,01,000,00,2,1,01,A01
201700032322,1,07,000,00,0,4,23,B01
201700032323,1,07,000,00,0,0,15,A01
201700032323,2,30,000,00,0,0,00,B01
201700032324,1,07,000,00,2,7,01,A01
201700032324,2,17,000,00,2,1,01,C01
201700032325,1,01,000,14,0,0,00,A01
201700032326,2,33,000,12,0,8,00,A01
201700032327,1,33,000,00,2,1,01,A01
201700032327,0,07,000,00,2,2,15,B01
201700032328,2,01,000,00,0,0,01,A01
201700032329,2,07,000,06,0,2,13,A01
201700032330,2,07,000,00,2,1,00,A01
201700032330,1,21,000,00,2,3,01,B01
201700032331,1,07,000,00,2,7,13,A01
201700032331,2,07,000,00,2,1,01,B01
201700032332,2,07,000,00,2,7,15,A01
201700032332,1,15,000,00,2,1,01,B01
201700032333,1,07,000,09,0,1,01,A01
201700032334,1,07,000,00,1,1,01,A01
201700032335,1,07,000,08,2,1,01,A01
201700032335,1,07,000,00,2,3,00,B01
201700032336,2,07,000,08,2,1,05,A01
201700032336,1,07,000,00,2,1,01,B01
201700032337,2,07,000,00,1,4,04,A01
201700032338,1,33,000,00,1,1,01,A01
201700032339,2,07,000,00,2,1,00,A01
201700032339,2,10,000,13,2,9,01,B01
201700032340,2,07,000,06,0,9,01,A01
201700032341,2,15,000,00,1,2,01,A01
201700032342,1,07,000,00,1,1,09,A01
201700032343,1,02,000,00,2,7,01,B01
201700032343,2,07,000,00,2,1,09,A01
201700032344,2,07,000,00,1,1,01,A01
201700032345,2,34,000,01,0,1,01,A01
201700032346,1,02,000,00,2,8,15,B01
201700032346,2,07,000,00,2,3,01,A01
201700032347,2,33,000,00,2,1,01,A01
201700032347,2,33,000,00,2,5,01,B01
201700032348,1,33,000,03,2,7,17,B01
201700032349,1,07,000,00,2,5,12,A01
201700032349,1,30,000,00,2,1,01,B01
201700032350,1,07,000,00,1,1,01,A01
201700032351,1,07,000,00,1,1,01,A01
201700032352,2,07,000,00,1,1,14,A01
201700032353,2,07,000,00,1,4,04,A01
201700032354,2,07,000,00,1,1,01,A01
201700032355,1,07,000,00,1,1,01,A01
201700032356,2,07,000,00,2,1,01,A01
201700032356,1,01,000,00,2,8,19,B01
201700032357,2,33,000,00,0,7,01,A01
201700032358,2,07,000,00,2,1,01,B01
201700032358,1,07,000,00,2,1,13,A01
201700032359,2,07,000,00,2,2,01,B01
201700032359,2,02,000,00,2,1,09,A01
201700032360,1,07,000,00,1,2,01,A01
201700032361,1,07,000,00,1,1,15,A01
201700032362,1,01,000,00,0,0,01,B01
201700032363,1,07,000,00,1,3,01,A01
201700032364,1,07,000,00,1,2,01,A01
201700032365,2,10,000,00,1,7,16,A01
201700032366,1,07,000,00,1,2,00,B01
201700032367,1,07,000,00,1,1,02,A01
201700032368,1,15,000,00,2,7,00,A01
201700032368,1,37,030,00,2,1,00,B01
201700032369,1,07,000,00,1,1,00,A01
201700032370,2,07,000,00,2,1,05,B01
201700032370,2,07,000,00,2,3,01,C01
201700032370,2,07,000,00,2,1,17,A01
201700032371,1,07,000,00,2,6,15,B01
201700032371,1,07,000,00,2,1,02,C01
201700032371,1,31,000,00,2,1,01,A01
201700032372,1,36,000,00,1,1,00,A01
201700032373,1,31,000,00,2,1,02,B01
201700032373,1,07,000,00,2,4,02,A01
201700032374,1,07,000,00,1,2,01,A01
201700032375,1,15,000,00,2,1,21,A01
201700032375,2,07,000,00,2,7,13,B01
201700032376,1,30,000,00,2,1,02,B01
201700032376,1,07,000,00,2,6,02,A01
201700032377,1,07,000,00,9,2,00,B01
201700032377,1,01,000,00,2,0,00,A01
201700032378,1,07,000,00,1,1,01,A01
201700032379,1,07,000,00,1,2,01,B01
201700032380,1,07,000,00,1,2,19,A01
201700032381,2,07,000,00,2,3,15,A01
201700032381,2,31,000,00,2,1,17,B01
201700032382,2,36,000,00,2,1,19,B01
201700032382,1,07,000,00,2,3,15,A01
201700032383,2,33,000,08,0,0,16,B01
201700032383,1,07,000,00,2,2,15,A01
201700032384,1,31,000,00,0,1,01,A01
201700032385,1,07,000,00,1,3,01,A01
201700032386,1,13,000,00,2,5,23,B01
201700032386,1,07,000,00,2,4,23,C01
201700032386,1,07,000,00,2,3,21,A01
201700032387,2,07,000,00,1,2,01,A01
201700032388,1,07,000,00,1,1,01,A01
201700032389,1,07,000,00,1,3,19,A01
201700032390,2,07,000,00,1,2,19,A01
201700032391,0,07,000,00,1,1,01,A01
201700032392,1,07,000,02,2,1,15,B01
201700032392,1,02,000,00,2,1,01,A01
201700032393,1,07,000,00,9,1,01,C01
201700032393,1,33,000,00,0,4,01,A01
201700032393,1,07,000,00,2,3,01,B01
201700032394,1,34,000,13,0,1,01,A01
201700032395,1,07,000,00,2,3,01,A01
201700032395,2,07,000,00,2,3,01,B01
201700032396,0,07,000,00,9,2,01,A01
201700032396,0,01,000,00,2,7,15,B01
201700032397,1,07,000,00,0,7,15,A01
201700032397,2,10,000,00,2,1,01,B01
201700032398,1,07,000,00,2,3,13,A01
201700032398,2,07,000,00,2,3,01,B01
201700032399,1,07,000,03,0,2,01,A01
201700032400,2,07,000,00,2,6,19,A01
201700032400,1,07,000,00,2,1,01,B01
201700032401,2,07,000,13,0,3,01,A01
201700032402,1,07,000,00,2,1,13,A01
201700032402,2,07,000,00,2,1,01,B01
201700032403,1,07,000,00,2,3,13,A01
201700032403,1,07,000,00,2,3,01,B01
201700032404,0,07,000,00,2,2,01,A01
201700032404,,02,000,00,2,8,01,B01
201700032405,1,07,000,13,0,9,00,A01
201700032406,1,07,000,00,0,0,19,A01
201700032407,2,07,000,02,0,7,01,A01
201700032408,0,07,000,00,0,9,01,A01
201700032409,2,07,000,02,2,8,17,A01
201700032409,2,10,000,02,2,3,01,B01
201700032410,0,07,000,08,0,7,01,A01
201700032411,2,07,000,00,2,1,15,A01
201700032411,1,10,000,00,2,3,01,B01
201700032412,1,07,000,00,0,2,01,A01
201700032413,2,02,000,00,0,0,01,A01
201700032414,2,07,000,04,0,1,01,A01
201700032415,1,07,000,00,0,7,01,A01
201700032416,2,07,000,02,0,1,01,A01
201700032417,1,07,000,10,0,1,21,A01
201700032418,2,07,000,00,2,1,13,A01
201700032418,2,07,000,00,2,1,01,B01