Num_Acc,senc,catv,occutc,obs,obsm,choc,manv,num_veh
201700033193,0,02,000,00,2,1,01,A01
201700033193,0,01,000,00,2,3,13,B01
201700033194,2,07,000,00,2,1,02,A01
201700033194,2,07,000,00,2,4,02,B01
201700033194,1,17,000,00,2,2,01,C01
201700033195,2,07,000,00,2,3,15,A01
201700033195,1,07,000,00,2,1,01,B01
201700033196,2,01,000,00,2,0,00,B01
201700033196,1,07,000,00,2,1,15,A01
201700033197,0,07,000,00,2,5,16,A01
201700033197,0,01,000,00,2,3,01,B01
201700033198,0,07,000,00,2,3,01,B01
201700033198,0,07,000,00,2,3,15,A01
201700033199,0,07,000,00,1,1,01,A01
201700033200,1,07,000,00,2,4,23,D01
201700033200,1,07,000,00,2,4,02,B01
201700033200,1,07,000,00,2,1,02,A01
201700033200,1,07,000,00,2,4,23,C01
201700033201,1,30,000,00,2,2,17,A01
201700033201,1,07,000,00,2,3,15,B01
201700033202,1,01,000,00,2,1,05,A01
201700033202,1,01,000,00,2,1,01,B01
201700033203,0,07,000,12,0,2,14,A01
201700033204,0,07,000,00,2,4,01,B01
201700033204,0,07,000,00,2,1,02,A01
201700033205,0,10,000,00,2,3,15,A01
201700033205,0,33,000,00,2,1,17,B01
201700033206,0,07,000,00,2,1,09,A01
201700033206,0,01,000,00,2,6,01,B01
201700033207,1,30,000,00,2,1,02,A01
201700033207,1,38,010,00,2,6,23,C01
201700033208,0,07,000,00,2,1,02,A01
201700033208,0,07,000,00,2,4,02,B01
201700033209,2,07,000,09,9,1,15,A01
201700033210,1,31,000,00,1,1,01,A01
201700033211,2,07,000,00,2,8,01,B01
201700033211,1,07,000,00,2,3,13,A01
201700033212,0,07,000,00,1,1,01,A01
201700033213,0,07,000,00,2,1,01,B01
201700033213,0,07,000,00,2,3,01,C01
201700033213,0,07,000,00,2,1,13,A01
201700033214,1,07,000,00,1,3,01,A01
201700033215,0,31,000,00,2,1,01,B01
201700033215,0,07,000,00,2,2,15,A01
201700033216,0,02,000,00,2,7,01,B01
201700033216,0,07,000,00,2,1,09,A01
201700033217,0,31,000,00,2,1,01,B01
201700033217,0,07,000,00,2,7,16,A01
201700033218,0,07,000,00,1,3,01,A01
201700033219,2,07,000,00,2,4,02,B01
201700033219,2,07,000,00,2,1,02,A01
201700033220,0,07,000,07,0,1,01,A01
201700033221,0,07,000,00,2,3,15,A01
201700033221,0,07,000,00,2,3,01,B01
201700033222,0,33,000,00,2,1,01,B01
201700033222,0,07,000,00,2,3,15,A01
201700033223,1,10,000,00,2,8,01,B01
201700033223,2,07,000,00,2,3,13,A01
201700033224,0,30,000,00,2,1,18,A01
201700033224,0,07,000,00,2,7,16,B01
201700033225,0,02,000,00,2,1,01,B01
201700033225,0,07,000,00,2,3,15,A01
201700033226,0,07,000,00,2,7,13,A01
201700033226,0,07,000,00,2,1,01,B01
201700033227,0,07,000,00,2,4,02,B01
201700033227,0,07,000,00,2,4,02,C01
201700033227,0,07,000,00,2,1,02,A01
201700033228,0,07,000,00,2,5,01,B01
201700033228,0,33,000,00,2,8,01,A01
201700033229,0,07,000,02,0,9,01,A01
201700033230,0,07,000,00,1,3,01,A01
201700033231,0,32,000,00,2,1,01,B01
201700033231,0,07,000,00,2,2,09,A01
201700033232,2,07,000,00,2,4,02,B01
201700033232,0,07,000,00,2,1,02,A01
201700033233,0,07,000,00,2,1,16,B01
201700033233,0,01,000,00,2,1,13,A01
201700033234,0,31,000,00,2,1,01,B01
201700033234,0,07,000,00,2,8,01,A01
201700033235,0,07,000,00,2,1,15,A01
201700033235,0,07,000,00,2,3,01,B01
201700033236,2,07,000,00,2,1,01,B01
201700033236,0,02,000,00,2,5,09,A01
201700033237,2,07,000,00,2,1,02,A01
201700033237,2,07,000,00,2,4,23,B01
201700033238,2,33,000,00,2,3,01,B01
201700033238,1,07,000,00,2,3,05,A01
201700033239,0,30,000,00,2,1,01,B01
201700033239,0,07,000,00,2,3,09,A01
201700033240,0,07,000,00,2,5,15,A01
201700033240,0,33,000,00,2,1,01,B01
201700033241,0,33,000,00,2,1,01,B01
201700033241,0,07,000,00,2,5,15,A01
201700033242,0,07,000,00,1,1,01,A01
201700033243,1,07,000,00,9,4,23,A01
201700033243,0,01,000,00,2,1,01,B01
201700033244,0,02,000,00,2,6,15,A01
201700033244,0,30,000,00,2,1,01,B01
201700033245,0,07,000,00,2,4,02,B01
201700033245,0,07,000,00,2,1,02,A01
201700033246,0,07,000,00,2,5,16,A01
201700033246,0,01,000,00,2,8,01,B01
201700033247,0,07,000,00,2,2,02,A01
201700033247,1,07,000,00,2,6,02,B01
201700033248,0,33,000,00,1,7,16,A01
201700033249,0,01,000,00,2,1,01,B01
201700033249,1,07,000,00,2,5,16,A01
201700033250,0,07,000,00,1,2,01,A01
201700033251,2,07,000,00,2,3,01,B01
201700033251,0,07,000,00,2,2,01,A01
201700033252,0,33,000,00,2,8,01,B01
201700033252,0,07,000,00,2,1,09,A01
201700033253,0,07,000,00,2,4,01,B01
201700033253,0,07,000,00,2,4,01,C01
201700033253,0,07,000,00,2,1,01,A01
201700033254,0,34,000,00,1,1,05,A01
201700033255,0,30,000,00,2,1,01,B01
201700033255,0,07,000,00,2,3,10,A01
201700033256,1,07,000,00,1,2,01,A01
201700033257,0,07,000,00,2,1,02,A01
201700033257,0,10,000,00,2,4,02,B01
201700033258,0,07,000,00,2,1,09,B01
201700033258,0,30,000,00,2,1,01,A01
201700033259,0,01,000,00,2,6,01,B01
201700033259,0,07,000,00,2,1,09,A01
201700033260,0,07,000,00,2,3,16,B01
201700033260,0,07,000,00,2,2,01,A01
201700033261,0,07,000,00,2,4,02,B01
201700033261,0,07,000,00,2,1,02,A01
201700033262,0,07,000,00,2,4,23,B01
201700033262,1,32,000,00,2,1,01,A01
201700033263,2,07,000,00,1,6,20,A01
201700033264,0,07,000,00,2,5,19,Z01
201700033264,0,34,000,00,2,1,01,B01
201700033265,0,07,000,00,1,6,16,A01
201700033266,0,07,000,00,1,5,15,A01
201700033267,0,07,000,00,2,3,15,A01
201700033267,0,32,000,00,2,7,02,B01
201700033268,0,07,000,00,1,1,01,A01
201700033269,2,07,000,00,2,2,02,A01
201700033269,2,07,000,00,2,5,02,B01
201700033269,2,07,000,00,2,5,02,C01
201700033270,0,07,000,00,1,1,01,A01
201700033271,1,07,000,00,2,4,01,B01
201700033271,0,02,000,00,2,1,01,A01
201700033272,,07,000,,,,,A02
201700033272,0,30,000,00,2,1,01,A01
201700033273,1,31,000,00,2,1,17,B01
201700033273,1,07,000,00,2,6,10,A01
201700033274,0,33,000,00,2,1,17,B01
201700033274,0,07,000,00,2,3,15,A01
201700033275,0,07,000,00,2,1,01,A01
201700033275,0,07,000,00,2,4,01,B01
201700033276,0,07,000,00,2,5,01,B01
201700033276,0,02,000,00,2,1,09,A01
201700033277,0,07,000,00,2,1,01,B01
201700033277,0,07,000,00,2,1,15,A01
201700033278,0,07,000,00,2,3,01,B01
201700033278,0,07,000,00,2,0,15,A01
201700033279,1,07,000,00,1,2,16,A01
201700033280,0,01,000,00,2,8,01,B01
201700033280,0,07,000,00,2,1,15,A01
201700033281,0,07,000,00,2,5,10,A01
201700033281,0,33,000,00,2,1,01,B01
201700033282,0,07,000,00,2,1,15,A01
201700033282,0,07,000,00,2,1,01,B01
201700033283,0,07,000,00,2,4,02,B01
201700033283,0,30,000,00,2,1,02,A01
201700033284,0,07,000,00,2,1,02,A01
201700033284,0,07,000,00,2,9,02,B01
201700033284,0,07,000,00,2,4,02,C01
201700033285,0,07,000,00,2,3,02,B01
201700033285,0,07,000,00,2,3,00,A01
201700033286,0,07,000,00,2,1,01,A01
201700033286,0,01,000,00,2,4,01,B01
201700033287,0,07,000,00,1,2,01,A01
201700033288,1,07,000,00,2,3,00,A01
201700033288,1,07,000,00,2,1,01,B01
201700033289,0,01,000,00,2,1,00,A01
201700033289,0,07,000,00,2,8,01,B01
201700033290,0,07,000,00,1,3,15,A01
201700033291,0,02,000,00,2,1,01,B01
201700033291,0,07,000,00,2,7,15,A01
201700033292,0,35,000,00,1,1,00,A01
201700033293,1,07,000,00,2,5,01,B01
201700033293,2,07,000,00,2,5,15,A01
201700033294,0,07,000,00,2,3,16,A01
201700033294,0,01,000,00,2,1,01,B01
201700033295,0,07,000,00,2,6,02,B01
201700033295,0,33,000,00,2,1,02,A01
201700033296,0,34,000,00,1,3,01,A01
201700033297,2,07,000,00,2,1,01,B01
201700033297,0,07,000,00,2,8,09,A01
201700033298,0,07,000,00,2,1,01,A01
201700033298,0,07,000,00,2,7,01,B01
201700033298,0,07,000,00,2,3,01,C01
201700033299,0,07,000,00,2,3,15,A01
201700033299,,01,000,00,2,1,01,B01
201700033300,0,07,000,00,2,7,15,A01
201700033300,0,07,000,00,2,1,01,B01
201700033301,0,01,000,00,2,1,01,A01
201700033301,0,07,000,00,2,1,15,B01
201700033302,0,07,000,00,2,2,15,B01
201700033302,0,33,000,00,2,3,01,A01
201700033303,0,07,000,00,1,4,04,A01
201700033304,0,07,000,00,2,4,15,A01
201700033304,0,30,000,00,2,1,02,B01
201700033305,0,07,000,00,2,1,01,A01
201700033305,0,07,000,00,2,4,23,B01
201700033306,0,07,000,00,2,7,15,A01
201700033306,0,10,000,00,2,1,01,B01
201700033307,0,07,000,00,2,2,09,A01
201700033307,0,30,000,00,2,1,17,B01
201700033307,0,07,000,00,2,3,00,C01
201700033308,1,07,000,00,1,1,02,A01
201700033309,0,07,000,00,1,1,06,A01
201700033310,0,07,000,00,2,1,01,B01
201700033310,0,07,000,00,2,3,09,A01
201700033311,1,07,000,00,2,3,01,B01
201700033311,2,07,000,07,2,1,13,A01
201700033312,0,07,000,00,2,1,02,A01
201700033312,0,07,000,00,2,7,01,B01
201700033313,0,37,010,00,1,2,01,A01
201700033314,0,07,000,00,2,1,01,B01
201700033314,0,07,000,00,2,1,15,A01
201700033315,0,30,000,00,2,1,02,A01
201700033315,0,07,000,00,2,4,02,B01
201700033316,0,37,010,00,2,8,15,A01
201700033316,0,07,000,00,2,6,01,B01
201700033317,0,07,000,00,2,3,15,A01
201700033317,0,33,000,00,2,8,01,B01
201700033318,0,07,000,00,2,3,15,A01
201700033318,0,07,000,00,2,6,01,B01
201700033319,0,07,000,00,2,6,01,B01
201700033319,0,07,000,00,2,3,01,A01
201700033320,0,07,000,00,1,1,01,A01
201700033321,0,07,000,00,1,5,01,A01
201700033322,0,31,000,00,2,2,01,B01
201700033322,0,13,000,00,2,2,05,A01
201700033323,0,07,000,00,2,2,01,B01
201700033323,0,07,000,00,2,3,19,A01
201700033324,0,07,000,00,2,3,15,A01
201700033324,0,02,000,00,2,1,01,B01
201700033325,0,02,000,01,2,2,17,B01
201700033325,0,07,000,00,2,3,15,A01
201700033326,0,07,000,00,2,2,15,A01
201700033326,0,30,000,00,2,1,01,B01
201700033327,0,10,000,00,1,1,01,A01
201700033328,0,10,000,00,2,1,19,A01
201700033328,0,07,000,00,2,8,01,B01
201700033329,1,07,000,00,2,1,02,A01
201700033329,1,07,000,00,2,4,02,B01
201700033330,0,07,000,00,1,2,01,A01
201700033331,2,07,000,00,2,3,01,B01
201700033331,1,07,000,00,2,3,13,A01
201700033332,0,30,000,00,2,3,01,B01
201700033332,0,38,010,00,2,3,15,A01
201700033333,1,07,000,00,2,1,02,A01
201700033333,1,07,000,00,2,4,02,B01
201700033334,1,33,000,00,2,8,10,B01
201700033334,1,07,000,00,2,7,01,A01
201700033335,1,07,000,00,2,4,02,B01
201700033335,1,07,000,00,2,1,02,A01
201700033336,1,07,000,00,2,1,02,A01
201700033336,1,10,000,00,2,4,02,B01
201700033337,0,07,000,00,2,7,09,A01
201700033337,0,01,000,00,2,7,01,B01
201700033338,0,01,000,00,2,7,01,B01
201700033338,1,07,000,00,2,4,04,A01
201700033339,1,07,000,00,2,4,02,C01
201700033339,0,07,000,00,2,4,02,B01
201700033339,0,07,000,00,2,1,02,A01
201700033340,0,01,000,00,2,6,02,B01
201700033340,0,07,000,00,2,2,16,A01
201700033341,0,07,000,00,2,5,01,B01
201700033341,0,07,000,00,2,2,01,A01
201700033342,0,07,000,00,2,3,15,B01
201700033342,0,31,000,00,2,9,17,A01
201700033343,0,07,000,00,2,1,02,A01
201700033343,0,07,000,00,2,4,02,B01
201700033344,2,13,000,00,2,1,02,A01
201700033344,2,07,000,00,2,4,02,B01
201700033345,0,07,000,00,2,4,23,B01
201700033345,0,07,000,00,2,4,02,C01
201700033345,0,07,000,00,2,1,02,A01
201700033345,0,07,000,00,2,4,02,D01
201700033346,0,07,000,00,2,3,15,B01
201700033346,0,07,000,00,2,8,01,C01
201700033346,0,07,000,00,2,1,01,A01
201700033347,0,07,000,00,2,3,01,B01
201700033347,0,07,000,00,2,2,15,A01
201700033348,0,07,000,00,2,3,15,A01
201700033348,0,30,000,00,2,1,01,B01
201700033349,0,07,000,00,2,4,02,B01
201700033349,0,07,000,00,2,1,02,A01
201700033350,0,07,000,00,1,2,02,A01
201700033351,0,07,000,06,0,8,16,A01
201700033352,2,17,000,00,2,6,01,A01
201700033352,1,07,000,00,2,3,01,B01
201700033353,0,07,000,00,2,4,02,B01
201700033353,0,07,000,00,2,1,02,A01
201700033354,0,07,000,00,1,2,01,A01
201700033355,0,07,000,08,0,3,00,A01
201700033356,1,07,000,00,2,3,13,A01
201700033356,1,01,000,00,2,7,01,B01
201700033357,0,07,000,00,1,2,01,A01
201700033358,0,07,000,00,2,3,01,A01
201700033358,0,07,000,00,2,4,15,C01
201700033358,0,33,000,00,2,7,01,B01
201700033359,2,31,000,00,2,1,01,B01
201700033359,0,07,000,00,2,3,09,A01
201700033360,0,10,000,00,2,6,13,B01
201700033360,0,07,000,00,2,8,02,A01
201700033361,1,07,000,00,1,1,15,A01
201700033362,0,07,000,00,2,3,09,A01
201700033362,0,01,000,00,2,1,01,B01
201700033363,0,07,000,00,2,4,23,B01
201700033363,0,07,000,00,2,1,02,A01
201700033363,0,07,000,09,0,4,02,C01
201700033364,0,07,000,00,1,2,01,A01
201700033365,0,37,010,00,2,2,01,B01
201700033365,0,07,000,00,2,3,01,A01
201700033366,0,30,000,00,2,3,11,A01
201700033366,1,07,000,00,2,6,01,B01
201700033367,0,07,000,00,1,3,01,A01
201700033368,0,03,000,08,0,9,00,A01
201700033369,1,31,000,00,2,4,02,C01
201700033369,1,07,000,00,2,4,02,B01
201700033369,1,07,000,00,2,1,02,A01
201700033370,2,07,000,00,2,1,01,B01
201700033370,1,07,000,12,2,1,13,A01
201700033371,1,07,000,00,2,1,09,A01
201700033371,1,01,000,00,2,6,01,B01
201700033372,0,07,000,00,1,1,01,A01
201700033373,0,02,000,00,2,1,03,B01
201700033373,0,07,000,00,2,3,15,A01
201700033374,1,07,000,00,2,1,01,B01
201700033374,2,07,000,00,2,1,13,A01
201700033375,1,07,000,00,2,1,13,A01
201700033375,2,07,000,00,2,6,01,B01
201700033376,1,07,000,00,2,1,01,C01
201700033376,2,21,000,00,2,4,01,B01
201700033376,2,07,000,00,2,1,02,A01
201700033377,1,07,000,00,2,3,01,B01
201700033377,2,07,000,00,2,3,13,A01
201700033378,2,07,000,00,2,1,13,A01
201700033378,1,07,000,00,2,1,01,B01
201700033379,0,30,000,00,2,8,01,B01
201700033379,0,07,000,00,2,7,16,A01
201700033380,2,07,000,00,2,0,00,B01
201700033380,1,07,000,00,2,0,00,A01
201700033381,0,07,000,00,2,6,15,B01
201700033381,0,30,000,00,2,7,05,A01
201700033382,0,33,000,00,2,7,01,B01
201700033382,0,07,000,00,2,3,10,A01
201700033383,1,07,000,00,1,1,01,A01
201700033384,2,30,000,00,2,1,17,A01
201700033384,2,07,000,00,2,8,15,B01
201700033385,2,30,000,00,2,1,17,B01
201700033385,2,10,000,00,2,8,15,A01
201700033386,2,07,000,00,2,1,02,A01
201700033386,2,07,000,00,2,4,02,C01
201700033386,2,07,000,00,2,4,02,D01
201700033386,2,07,000,00,2,4,02,B01
201700033387,2,07,000,00,2,6,09,B01
201700033387,2,33,000,00,2,1,01,A01
201700033388,2,07,000,00,2,6,01,B01
201700033388,1,01,000,00,2,1,13,A01
201700033389,0,07,000,00,1,3,15,A01
201700033390,0,31,000,00,0,0,00,A01
201700033390,0,07,000,00,0,0,00,B01
201700033391,0,30,000,00,2,1,01,A01
201700033391,0,07,000,00,2,4,01,B01
201700033392,1,07,000,00,2,3,01,B01
201700033392,2,33,000,00,2,1,05,A01
201700033393,1,07,000,00,2,4,01,B01
201700033393,1,07,000,00,0,0,00,C01
201700033393,1,07,000,00,2,1,02,A01
201700033394,0,07,000,06,0,1,01,A01
201700033394,0,07,000,00,2,1,01,B01
201700033395,2,30,000,00,2,1,17,A01
201700033395,2,07,000,00,2,8,15,B01
201700033396,1,30,000,00,2,0,01,B01
201700033396,2,07,000,00,2,1,09,A01
201700033397,2,31,000,00,2,1,01,B01
201700033397,1,07,000,00,2,7,15,A01
201700033398,0,07,000,00,0,0,00,B01
201700033398,0,10,000,00,2,1,02,A01
201700033399,1,07,000,00,2,1,02,A01
201700033399,1,02,000,00,2,0,01,B01
201700033400,1,33,000,00,2,1,01,B01
201700033400,1,33,000,13,0,0,01,C01
201700033400,1,07,000,00,2,3,09,A01
201700033401,1,02,000,00,2,1,02,A01
201700033401,1,02,000,00,2,4,01,B01
201700033402,2,07,000,00,2,4,02,B01
201700033402,2,07,000,00,2,4,01,C01
201700033402,2,07,000,00,2,1,02,A01
201700033403,2,07,000,00,1,1,01,A01
201700033404,0,07,000,00,2,3,15,A01
201700033404,1,01,000,00,2,1,01,B01
201700033405,1,31,000,00,2,2,17,A01
201700033405,1,07,000,00,2,6,16,B01
201700033406,2,07,000,00,2,7,01,B01
201700033406,1,07,000,00,2,1,15,A01
201700033407,1,07,000,00,2,4,01,C01
201700033407,1,07,000,00,2,1,01,D01
201700033407,1,07,000,00,2,1,01,B01
201700033407,1,07,000,00,2,3,13,A01
201700033408,1,07,000,00,2,5,16,B01
201700033408,1,07,000,00,2,1,02,A01
201700033409,1,31,000,00,1,1,17,A01
201700033410,0,01,000,00,2,3,01,B01
201700033410,0,07,000,00,2,7,16,A01
201700033411,1,30,000,00,2,1,01,B01
201700033411,1,07,000,00,2,8,09,A01
201700033412,1,07,000,00,2,1,02,A01
201700033412,1,07,000,00,2,4,16,B01
201700033413,1,07,000,00,2,4,02,B01
201700033413,1,07,000,00,2,1,02,A01
201700033414,2,07,000,00,2,8,23,B01
201700033414,2,30,000,00,2,1,17,A01
201700033415,1,07,000,00,2,6,10,A01
201700033415,1,32,000,00,2,1,02,B01
201700033416,1,07,000,00,2,3,15,B01
201700033416,2,33,000,00,2,1,17,A01
201700033417,1,07,000,00,2,3,09,A01
201700033417,1,32,000,01,2,1,01,B01
201700033418,0,32,000,00,2,2,17,A01
201700033418,0,07,000,00,2,6,15,B01
201700033419,1,01,000,00,2,1,09,B01
201700033419,0,31,000,00,2,0,20,A01
201700033420,1,07,000,00,2,4,01,B01
201700033420,1,30,000,00,2,1,02,A01
201700033421,2,01,000,00,2,1,02,A01
201700033421,2,07,000,00,2,4,01,B01
201700033422,1,32,000,00,2,1,01,B01
201700033422,2,07,000,00,2,8,15,A01
201700033423,1,02,000,00,2,1,02,A01
201700033423,1,07,000,00,2,4,01,B01
201700033424,2,33,000,00,2,1,02,A01
201700033424,2,07,000,00,2,4,01,B01
201700033425,0,07,000,00,2,8,15,B01
201700033425,0,33,000,00,2,1,17,A01
201700033426,1,07,000,00,1,1,01,A01
201700033427,1,07,000,00,2,1,02,A01
201700033427,1,07,000,00,2,4,02,B01
201700033428,0,07,000,00,2,3,09,A01
201700033428,0,31,000,00,2,1,01,B01
201700033429,1,33,000,00,2,4,16,B01
201700033429,1,33,000,00,2,1,02,A01
201700033430,2,33,000,00,2,0,09,B01
201700033430,2,07,000,00,2,3,01,D01
201700033430,2,07,000,00,2,5,16,A01
201700033430,1,07,000,00,2,3,01,C01
201700033431,1,07,000,00,2,1,15,A01
201700033431,2,33,000,00,2,8,01,B01
201700033432,0,32,000,00,2,1,01,B01
201700033432,0,07,000,00,2,2,15,A01
201700033433,2,31,000,00,2,2,17,B01
201700033433,1,07,000,00,2,3,15,A01
201700033434,2,07,000,00,2,8,11,A01
201700033434,2,33,000,00,2,7,01,B01
201700033435,0,33,000,00,2,1,01,B01
201700033435,0,10,000,00,2,3,15,A01
201700033436,1,07,000,00,2,1,02,A01
201700033436,1,07,000,00,2,4,01,B01
201700033437,0,33,000,00,2,2,01,B01
201700033437,0,07,000,00,2,3,15,A01
201700033438,2,07,000,00,2,4,02,B01
201700033438,2,07,000,00,2,1,02,A01
201700033439,1,10,000,00,2,1,02,A01
201700033439,1,07,000,00,2,4,01,B01
201700033440,2,07,000,00,2,4,02,B01
201700033440,2,07,000,00,2,4,02,C01
201700033440,2,07,000,00,2,1,02,A01
201700033441,2,07,000,00,1,1,01,A01
201700033442,2,02,000,00,2,5,02,B01
201700033442,2,02,000,00,2,3,02,A01
201700033443,0,07,000,00,2,8,15,B01
201700033443,0,33,000,00,2,2,05,A01
201700033444,1,10,000,00,2,4,23,B01
201700033444,1,07,000,01,0,1,02,A01
201700033445,0,07,000,00,2,2,01,B01
201700033445,0,07,000,00,2,8,09,A01
201700033446,1,07,000,00,1,1,01,A01
201700033447,2,07,000,00,2,2,01,B01
201700033447,1,07,000,00,2,1,15,A01
201700033448,1,07,000,00,1,1,01,A01
201700033449,0,07,000,00,2,3,15,A01
201700033449,0,33,000,00,2,1,01,B01
201700033450,2,07,000,00,2,4,23,B01
201700033450,2,31,000,00,2,1,01,A01
201700033451,0,30,000,00,2,1,02,A01
201700033451,0,07,000,00,2,6,01,B01
201700033452,0,07,000,00,2,8,15,A01
201700033452,0,01,000,00,2,2,01,B01
201700033453,0,02,000,00,2,6,15,A01
201700033453,1,30,000,00,2,1,01,B01
201700033454,1,02,000,00,1,1,00,A01
201700033455,1,07,000,00,2,8,15,A01
201700033455,1,30,000,00,2,1,17,B01
201700033456,2,07,000,00,1,1,01,A01
201700033457,2,07,000,00,2,4,01,C01
201700033457,2,07,000,00,2,1,02,A01
201700033457,2,30,000,00,2,4,01,B01
201700033458,0,07,000,00,2,8,01,B01
201700033458,0,30,000,00,2,4,00,A01
201700033459,1,07,000,00,1,3,01,A01
201700033460,0,07,000,00,2,3,15,A01
201700033460,0,30,000,00,2,1,01,B01
201700033461,1,07,000,00,1,1,01,A01
201700033462,1,07,000,00,2,8,15,A01
201700033462,1,31,000,00,2,7,17,B01
201700033463,2,07,000,00,2,1,01,B01
201700033463,1,07,000,00,2,1,13,A01
201700033464,2,30,000,00,2,1,01,B01
201700033464,1,07,000,00,2,1,17,A01
201700033465,2,07,000,00,1,2,01,A01
201700033466,1,07,000,00,2,4,01,B01
201700033466,1,07,000,00,2,4,01,C01
201700033466,1,07,000,00,2,1,01,A01
201700033467,2,07,000,00,1,1,01,A01
201700033468,1,07,000,00,2,7,15,A01
201700033468,2,30,000,00,2,2,01,B01
201700033469,2,07,000,00,2,4,01,B01
201700033469,2,07,000,00,2,1,02,A01
201700033470,2,07,000,00,1,2,01,A01
201700033471,1,07,000,00,2,2,15,A01
201700033471,2,07,000,00,2,1,01,B01
201700033472,1,07,000,00,2,4,02,B01
201700033472,1,07,000,00,2,4,02,C01
201700033472,1,07,000,00,2,1,02,A01
201700033473,1,07,000,00,1,2,01,A01
201700033474,2,02,000,14,2,1,21,A01
201700033474,2,01,000,00,2,0,23,B01
201700033475,0,07,000,00,1,4,04,A01
201700033476,1,07,000,00,2,0,00,A01
201700033476,2,07,000,00,2,1,01,B01
201700033477,2,38,001,00,1,2,01,A01
201700033478,2,07,000,00,1,3,15,A01
201700033479,1,07,000,00,2,1,00,A01
201700033479,1,07,000,00,2,4,00,B01
201700033480,2,13,000,00,1,0,04,A01
201700033481,1,07,000,00,2,3,19,A01
201700033481,2,33,000,00,2,7,01,B01
201700033482,1,33,000,00,2,1,02,B01
201700033482,1,07,000,00,2,1,02,A01
201700033483,1,30,000,00,1,1,01,A01
201700033484,1,07,000,00,1,4,04,A01
201700033485,2,07,000,00,2,8,15,B01
201700033485,2,07,000,00,2,1,02,A01
201700033486,1,07,000,00,1,4,04,A01
201700033487,2,07,000,00,2,1,01,B01
201700033487,1,07,000,00,2,1,13,A01
201700033488,2,07,000,00,1,4,04,A01
201700033489,1,13,000,00,1,4,04,A01
201700033490,1,07,000,00,2,4,02,B01
201700033490,1,07,000,00,2,1,02,A01
201700033490,1,07,000,00,2,4,02,C01
201700033491,2,07,000,00,2,4,02,C01
201700033491,2,07,000,00,2,1,02,A01
201700033491,2,07,000,00,2,4,02,B01
201700033492,2,30,000,00,2,1,21,B01
201700033492,2,07,000,00,2,3,15,A01
201700033493,1,07,000,00,1,1,16,A01
201700033494,1,07,000,00,2,8,01,B01
201700033494,2,02,000,00,2,3,13,A01
201700033495,2,10,000,00,1,2,14,A01
201700033496,2,33,000,00,2,8,01,B01
201700033496,2,07,000,00,2,1,19,A01
201700033497,1,33,000,00,2,1,19,B01
201700033497,1,07,000,00,2,7,19,A01
201700033498,1,07,000,00,1,1,01,A01
201700033499,2,07,000,00,2,8,16,B01
201700033499,1,02,000,00,2,1,11,A01
201700033500,1,30,000,00,2,1,15,B01
201700033500,1,07,000,00,2,1,01,A01
201700033501,0,02,000,00,2,1,19,A01
201700033501,0,07,000,00,0,0,00,B01
201700033502,2,33,000,00,2,7,01,B01
201700033502,0,07,000,00,2,1,19,A01
201700033503,0,07,000,00,1,0,00,A01
201700033504,0,07,000,00,1,0,00,A01
201700033505,0,07,000,00,1,1,00,A01
201700033506,0,07,000,,,7,01,B01
201700033506,0,01,000,00,0,0,00,A01
201700033507,2,07,000,00,1,1,01,B01
201700033507,2,07,000,00,2,1,01,A01
201700033508,2,32,000,00,2,1,01,B01
201700033508,1,07,000,00,2,2,15,A01
201700033509,2,07,000,00,2,2,15,A01
201700033509,1,30,000,00,2,1,01,B01
201700033510,1,07,000,00,2,3,15,B01
201700033510,1,30,000,00,2,3,02,A01
201700033511,2,02,000,00,2,0,05,A01
201700033511,1,07,000,00,0,0,00,B01
201700033512,0,07,000,00,1,1,01,A01
201700033513,0,07,000,00,1,5,01,A01
201700033514,1,07,000,00,1,8,00,A01
201700033515,0,07,000,00,2,4,01,B01
201700033515,0,07,000,00,0,0,00,A01
201700033516,2,07,000,00,2,1,09,A01
201700033516,2,07,000,06,2,8,01,B01
201700033517,0,07,000,00,2,9,01,B01
201700033517,0,07,000,00,0,0,00,A01
201700033517,0,07,000,00,2,4,23,C01
201700033518,1,07,000,00,2,1,13,A01
201700033518,2,07,000,00,0,0,00,B01
201700033519,2,07,000,02,0,1,00,A01
201700033520,2,07,000,00,2,3,00,B01
201700033520,1,07,000,00,2,1,15,A01
201700033521,0,07,000,00,2,8,01,B01
201700033521,0,07,000,00,2,1,19,A01
201700033522,0,07,000,00,1,2,01,A01
201700033523,2,07,000,00,2,3,15,A01
201700033523,1,30,000,00,2,1,01,B01
201700033524,0,07,000,00,2,8,15,B01
201700033524,0,30,000,00,2,1,17,A01
201700033525,0,07,000,00,1,1,15,A01
201700033526,0,07,000,00,2,8,19,A01
201700033526,0,33,000,00,2,1,01,B01
201700033527,0,15,000,00,2,3,15,A01
201700033527,0,33,000,00,2,1,01,B01
201700033528,1,07,000,00,2,6,19,A01
201700033528,1,33,000,00,2,5,21,B01
201700033529,2,07,000,00,2,3,19,A01
201700033529,0,07,000,00,2,8,15,B01
201700033530,1,07,000,00,2,7,01,A01
201700033530,1,30,000,00,2,1,01,B01
201700033531,1,07,000,13,0,9,01,A01
201700033532,2,07,000,00,2,8,01,C01