Num_Acc,senc,catv,occutc,obs,obsm,choc,manv,num_veh
201700033532,1,07,000,00,2,5,01,B01
201700033532,1,07,000,00,2,1,01,A01
201700033533,2,10,000,00,2,3,01,B01
201700033533,1,07,000,00,2,3,01,A01
201700033534,2,07,000,00,1,1,01,A01
201700033535,2,07,000,00,1,1,21,A01
201700033536,1,07,000,15,0,2,01,A01
201700033537,0,07,000,00,1,3,01,A01
201700033538,1,07,000,00,1,2,01,A01
201700033539,1,33,000,00,2,1,01,B01
201700033539,1,07,000,00,2,7,19,A01
201700033540,0,02,000,00,2,1,01,B01
201700033540,0,07,000,00,2,5,19,A01
201700033541,1,07,000,00,2,3,15,A01
201700033541,2,02,000,00,2,1,01,B01
201700033542,1,07,000,00,2,8,15,A01
201700033542,1,10,000,00,2,3,01,B01
201700033543,2,07,000,00,1,1,01,A01
201700033544,1,07,000,00,1,3,01,A01
201700033545,0,07,000,00,1,0,01,A01
201700033546,2,07,000,00,1,2,01,A01
201700033547,1,01,000,00,2,7,01,B01
201700033547,1,07,000,00,2,3,09,A01
201700033548,1,07,000,00,2,1,01,B01
201700033548,2,07,000,00,2,2,13,A01
201700033549,2,07,000,00,1,2,15,A01
201700033550,2,14,000,00,2,1,02,A01
201700033550,2,07,000,00,2,4,02,C01
201700033550,2,07,000,00,2,4,02,B01
201700033550,2,07,000,00,2,4,02,D01
201700033551,2,01,000,00,2,3,11,A01
201700033551,2,07,000,00,2,5,01,B01
201700033552,1,07,000,00,2,3,01,A01
201700033552,2,07,000,00,2,3,01,B01
201700033553,1,07,000,02,0,8,01,A01
201700033554,2,02,000,03,0,1,00,A01
201700033555,1,07,000,13,0,2,01,A01
201700033556,1,07,000,00,2,1,01,B01
201700033556,2,07,000,00,2,1,17,A01
201700033557,0,36,000,13,0,0,01,A01
201700033558,2,33,000,00,2,7,17,B01
201700033558,2,02,000,00,2,8,02,A01
201700033559,0,07,000,00,0,7,01,A01
201700033560,2,02,000,00,2,1,02,A01
201700033560,2,07,000,00,0,6,15,B01
201700033561,1,33,000,00,0,4,02,B01
201700033561,1,33,000,00,2,1,02,A01
201700033562,2,07,000,15,0,1,01,A01
201700033563,1,33,000,00,2,3,01,A01
201700033563,2,07,000,00,2,3,15,B01
201700033564,1,07,000,00,2,1,13,A01
201700033564,2,07,000,00,2,3,01,B01
201700033565,1,07,000,00,2,5,15,A01
201700033565,2,33,000,00,2,1,02,B01
201700033566,2,07,000,00,9,5,02,A01
201700033566,2,01,000,00,2,1,02,B01
201700033567,1,02,000,00,2,1,01,A01
201700033567,1,07,000,00,0,8,01,B01
201700033568,0,07,000,00,1,1,01,A01
201700033569,0,07,000,00,1,1,00,A01
201700033570,0,07,000,00,2,3,15,A01
201700033570,0,07,000,00,2,2,01,B01
201700033571,0,07,000,00,2,1,01,B01
201700033571,0,07,000,00,2,5,15,A01
201700033572,0,07,000,00,1,0,00,Z01
201700033573,0,07,000,00,2,3,00,A01
201700033573,0,30,000,00,2,2,00,B01
201700033574,0,07,000,00,2,3,01,B01
201700033574,0,07,000,00,2,2,01,A01
201700033575,0,07,000,00,2,1,01,A01
201700033575,0,32,000,00,2,4,01,B01
201700033576,0,07,000,00,2,4,00,B01
201700033576,0,07,000,00,2,1,01,A01
201700033577,0,07,000,00,1,1,01,A01
201700033578,0,07,000,00,2,4,01,B01
201700033578,0,07,000,00,2,1,01,A01
201700033579,0,07,000,00,2,1,01,B01
201700033579,0,07,000,00,2,7,05,A01
201700033580,0,33,000,00,1,1,01,A01
201700033581,0,30,000,00,2,7,09,A01
201700033581,0,07,000,00,2,3,01,B01
201700033582,0,01,000,00,2,1,00,B01
201700033582,0,07,000,00,2,3,01,A01
201700033583,0,07,000,00,1,0,00,A01
201700033584,0,33,000,00,2,1,01,B01
201700033584,0,07,000,00,2,6,19,A01
201700033585,0,07,000,00,2,1,01,B01
201700033585,0,07,000,00,2,1,19,A01
201700033586,0,07,000,00,1,1,01,A01
201700033587,0,07,000,00,2,3,01,B01
201700033587,0,07,000,00,2,2,10,A01
201700033588,0,07,000,00,1,1,16,A01
201700033589,0,30,000,00,2,1,00,B01
201700033589,0,07,000,00,2,2,09,A01
201700033590,0,07,000,00,2,1,01,B01
201700033590,0,07,000,00,2,1,13,A01
201700033591,1,07,000,01,0,1,14,A01
201700033592,0,07,000,00,2,3,01,B01
201700033592,0,07,000,00,2,2,01,A01
201700033593,1,33,000,00,2,3,01,B01
201700033593,1,07,000,00,2,2,09,A01
201700033594,0,07,000,00,2,5,09,A01
201700033594,0,32,000,00,2,1,01,B01
201700033595,0,07,000,00,1,1,01,A01
201700033596,0,07,000,00,0,0,00,Z01
201700033596,0,07,000,00,2,8,01,B01
201700033597,0,33,000,00,1,1,01,A01
201700033598,0,14,000,00,1,3,01,A01
201700033599,0,33,000,00,2,3,01,A01
201700033599,0,07,000,00,2,5,00,B01
201700033600,0,30,000,00,2,1,01,A01
201700033600,0,30,000,00,2,4,01,B01
201700033601,1,07,000,00,2,4,01,D01
201700033601,1,07,000,00,2,4,00,B01
201700033601,1,07,000,00,2,4,00,C01
201700033601,1,07,000,00,2,1,01,A01
201700033602,0,07,000,00,2,3,01,B01
201700033602,0,07,000,00,2,2,01,A01
201700033603,1,07,000,00,2,2,00,A01
201700033603,1,34,000,00,2,6,01,B01
201700033604,1,33,000,00,2,1,02,A01
201700033604,1,07,000,00,0,4,02,B01
201700033605,0,07,000,00,2,1,01,A01
201700033605,0,07,000,00,2,0,16,B01
201700033606,0,07,000,00,2,7,15,A01
201700033606,0,07,000,00,2,8,01,B01
201700033607,0,07,000,00,1,2,15,A01
201700033608,0,07,000,00,2,8,20,A01
201700033609,0,03,000,00,1,1,16,A01
201700033610,1,07,000,00,2,1,00,Z01
201700033610,1,07,000,00,2,4,00,A01
201700033611,0,07,000,00,1,1,00,A01
201700033612,0,07,000,00,2,2,01,A01
201700033612,0,07,000,00,2,3,01,B01
201700033613,0,07,000,00,2,2,15,A01
201700033613,0,07,000,00,2,1,01,B01
201700033614,0,34,000,00,2,7,17,B01
201700033614,0,07,000,00,2,3,15,A01
201700033615,0,07,000,00,2,3,01,B01
201700033615,0,07,000,00,2,2,01,A01
201700033616,0,32,000,00,2,1,01,A01
201700033616,0,07,000,00,2,4,01,B01
201700033617,0,07,000,00,2,3,13,A01
201700033617,0,07,000,00,2,2,01,B01
201700033618,0,07,000,00,1,1,01,A01
201700033619,0,07,000,00,2,1,01,A01
201700033619,0,07,000,00,2,4,00,B01
201700033620,0,07,000,00,2,1,01,B01
201700033620,0,07,000,00,2,1,01,A01
201700033620,0,07,000,00,2,4,01,C01
201700033621,0,07,000,00,0,0,00,B01
201700033621,0,07,000,00,2,1,01,A01
201700033622,0,07,000,00,2,3,15,A01
201700033622,0,33,000,00,2,1,01,B01
201700033623,0,07,000,00,1,1,01,A01
201700033624,0,07,000,00,2,1,01,B01
201700033624,0,07,000,00,2,8,09,A01
201700033625,0,07,000,00,2,6,23,B01
201700033625,0,07,000,00,2,3,15,A01
201700033626,0,07,000,00,1,1,01,A01
201700033627,1,07,000,00,1,1,01,A01
201700033628,0,07,000,00,2,1,01,B01
201700033628,1,02,000,00,2,8,15,A01
201700033629,0,07,000,00,1,1,01,A01
201700033630,0,07,000,00,2,4,01,B01
201700033630,0,07,000,00,2,4,01,C01
201700033630,0,07,000,00,2,1,01,A01
201700033631,1,07,000,00,2,1,02,A01
201700033631,2,07,000,00,2,4,02,B01
201700033632,1,07,000,00,1,1,15,A01
201700033633,1,07,000,00,2,1,09,A01
201700033633,1,01,000,00,2,1,01,B01
201700033634,1,07,000,00,2,4,02,B01
201700033634,1,07,000,00,2,1,02,A01
201700033635,2,33,000,00,2,1,01,B01
201700033635,1,07,000,00,2,1,17,A01
201700033636,1,02,000,00,0,0,01,A01
201700033637,2,33,000,00,0,0,01,A01
201700033638,2,02,000,00,2,1,01,B01
201700033638,1,07,000,00,2,1,15,A01
201700033639,1,07,000,00,2,8,01,B01
201700033639,1,07,000,00,2,1,09,A01
201700033640,2,07,000,00,2,1,01,B01
201700033640,0,07,000,00,2,1,13,A01
201700033641,0,33,000,00,2,1,01,A01
201700033641,1,07,000,00,2,4,01,B01
201700033642,2,07,000,08,0,1,01,A01
201700033643,1,07,000,00,1,4,04,A01
201700033644,0,07,000,01,0,2,14,A01
201700033645,1,07,000,00,2,1,01,A01
201700033645,1,07,000,00,2,4,01,B01
201700033646,1,31,000,00,2,8,13,A01
201700033646,1,07,000,00,2,2,01,B01
201700033647,0,07,000,00,2,1,09,A01
201700033647,1,07,000,00,2,3,21,B01
201700033648,1,07,000,00,2,1,02,A01
201700033648,1,07,000,00,2,4,02,B01
201700033649,0,07,000,00,2,9,17,A01
201700033649,0,07,000,00,2,2,01,B01
201700033650,0,07,000,00,2,2,16,A01
201700033650,0,33,000,00,2,3,01,B01
201700033651,0,01,000,00,2,8,19,B01
201700033651,0,07,000,00,2,1,01,A01
201700033652,0,07,000,00,2,1,01,A01
201700033652,0,31,000,00,2,4,23,B01
201700033653,0,07,000,00,2,2,16,A01
201700033653,0,31,000,00,2,1,01,B01
201700033654,0,07,000,00,2,1,01,A01
201700033654,0,07,000,00,2,4,01,B01
201700033655,0,07,000,00,2,1,01,A01
201700033655,0,07,000,00,2,4,01,B01
201700033656,0,07,000,00,2,2,15,A01
201700033656,0,31,000,00,2,1,01,B01
201700033657,0,07,000,00,2,1,01,A01
201700033657,0,07,000,00,2,4,01,B01
201700033657,0,07,000,00,2,4,01,C01
201700033657,0,07,000,00,2,4,01,D01
201700033658,0,07,000,00,2,2,01,B01
201700033658,0,07,000,00,2,2,09,A01
201700033659,0,34,000,00,2,1,15,A01
201700033659,0,07,000,00,2,4,01,B01
201700033660,0,33,000,00,2,2,16,B01
201700033660,0,07,000,00,2,0,09,A01
201700033661,0,07,000,00,2,2,15,A01
201700033661,0,31,000,00,2,1,01,B01
201700033662,0,07,000,00,2,1,01,A01
201700033662,0,07,000,00,2,4,01,B01
201700033663,0,07,000,00,1,1,15,A01
201700033664,1,07,000,00,1,1,01,A01
201700033665,0,07,000,00,2,6,15,B01
201700033665,0,33,000,00,2,1,13,A01
201700033665,0,07,000,00,2,6,01,C01
201700033666,1,07,000,01,0,1,16,A01
201700033667,1,07,000,00,2,8,10,A01
201700033667,1,33,000,00,2,1,17,B01
201700033668,2,07,000,00,1,3,09,A01
201700033669,0,07,000,00,2,5,01,B01
201700033669,0,07,000,00,2,1,09,A01
201700033670,0,07,000,00,1,1,01,A01
201700033671,0,07,000,00,1,5,04,A01
201700033672,1,33,000,09,0,1,01,A01
201700033673,2,07,000,00,2,6,17,A01
201700033673,2,14,000,00,2,8,01,C01
201700033673,2,07,000,00,2,1,17,B01
201700033674,2,07,000,00,2,9,01,A01
201700033674,2,99,000,00,2,6,09,Z01
201700033675,0,31,000,00,2,1,09,B01
201700033675,0,07,000,00,2,2,01,A01
201700033676,0,07,000,00,1,1,01,A01
201700033677,1,07,000,00,2,1,01,A01
201700033677,1,31,000,00,2,4,09,B01
201700033678,0,07,000,00,2,6,01,C01
201700033678,0,07,000,00,2,9,13,A01
201700033678,0,07,000,00,2,1,01,B01
201700033679,0,33,000,00,2,2,17,A01
201700033679,0,07,000,00,2,3,15,B01
201700033680,0,07,000,00,1,1,01,A01
201700033681,0,31,000,00,2,1,01,A01
201700033681,0,07,000,00,2,6,01,B01
201700033682,0,07,000,00,2,1,01,A01
201700033682,0,31,000,00,2,4,01,B01
201700033683,0,07,000,00,2,4,02,B01
201700033683,1,07,000,00,2,1,02,A01
201700033684,1,07,000,00,1,1,01,A01
201700033685,0,07,000,00,1,1,15,A01
201700033686,0,07,000,00,1,0,00,A01
201700033687,0,31,000,00,2,1,15,A01
201700033687,0,07,000,00,2,6,15,B01
201700033688,0,07,000,00,2,1,00,A01
201700033688,0,07,000,00,2,1,00,B01
201700033689,1,07,000,00,2,1,02,A01
201700033689,1,07,000,00,2,4,02,B01
201700033690,0,31,000,00,2,1,17,A01
201700033690,1,07,000,00,2,8,17,B01
201700033691,0,33,000,00,2,1,01,B01
201700033691,0,07,000,00,2,1,15,A01
201700033692,0,07,000,00,1,4,04,A01
201700033693,1,07,000,00,2,4,02,B01
201700033693,0,07,000,00,2,1,02,A01
201700033694,1,07,000,00,1,1,01,A01
201700033695,1,07,000,00,2,1,09,A01
201700033695,2,31,000,00,2,1,01,B01
201700033696,1,07,000,00,2,7,01,B01
201700033696,1,07,000,00,2,1,01,A01
201700033697,1,07,000,00,2,3,01,B01
201700033697,1,02,000,00,2,1,17,A01
201700033698,1,07,000,00,1,1,15,A01
201700033699,1,07,000,00,1,1,15,A01
201700033700,2,07,000,00,1,1,15,A01
201700033701,1,07,000,00,2,4,02,B01
201700033701,1,07,000,00,2,1,02,A01
201700033702,1,33,000,00,2,1,21,B01
201700033702,1,07,000,00,2,4,04,A01
201700033703,2,07,000,00,2,1,01,B01
201700033703,1,07,000,00,2,7,10,A01
201700033704,2,07,000,00,2,1,02,A01
201700033704,2,07,000,00,2,4,02,B01
201700033705,1,07,000,00,2,4,02,B01
201700033705,1,07,000,00,2,1,02,A01
201700033706,1,07,000,00,1,1,01,A01
201700033707,1,07,000,00,1,1,01,A01
201700033708,1,33,000,00,2,1,02,A01
201700033708,1,07,000,00,2,4,02,B01
201700033709,1,07,000,00,2,4,02,C01
201700033709,1,07,000,00,2,1,02,A01
201700033709,1,07,000,00,2,4,02,B01
201700033710,1,07,000,00,1,1,01,A01
201700033711,2,33,000,00,2,2,16,A01
201700033711,2,07,000,00,2,8,02,B01
201700033712,1,07,000,00,1,1,02,A01
201700033713,1,02,000,00,2,1,18,A01
201700033714,1,07,000,00,2,1,01,B01
201700033714,1,07,000,00,2,7,16,A01
201700033715,2,07,000,00,2,1,21,B01
201700033715,1,07,000,00,2,1,13,A01
201700033716,2,07,000,01,2,3,01,B01
201700033716,1,07,000,01,2,2,15,A01
201700033717,2,31,000,00,2,1,21,B01
201700033717,1,07,000,00,2,1,10,A01
201700033718,1,32,000,00,2,1,17,B01
201700033718,1,07,000,00,2,1,15,A01
201700033719,0,07,000,00,1,1,15,A01
201700033720,2,07,000,00,2,1,01,B01
201700033720,1,07,000,00,2,1,13,A01
201700033721,2,07,000,00,2,1,15,B01
201700033721,2,31,000,00,2,1,17,A01
201700033722,2,02,000,08,0,8,01,A01
201700033723,2,07,000,13,0,1,01,A01
201700033724,2,33,000,00,0,0,00,A01
201700033725,0,07,000,00,0,0,00,A01
201700033726,0,37,030,00,2,1,01,A01
201700033726,2,02,000,00,2,1,01,B01
201700033727,1,07,000,00,2,5,14,B01
201700033727,1,34,000,03,0,7,02,A01
201700033728,2,33,000,00,2,1,01,A01
201700033728,1,07,000,00,2,1,01,B01
201700033729,0,07,000,00,1,2,01,A01
201700033730,1,07,000,00,9,1,16,A01
201700033730,2,01,000,00,2,1,01,B01
201700033731,2,33,000,00,2,1,01,B01
201700033731,0,20,000,00,2,1,23,A01
201700033732,0,07,000,00,2,1,19,A01
201700033732,0,07,000,00,2,8,01,B01
201700033733,0,02,000,00,2,1,02,B01
201700033733,0,07,000,00,2,3,16,A01
201700033734,0,07,000,13,0,1,01,A01
201700033735,2,02,000,00,2,8,10,A01
201700033735,2,07,000,00,2,2,02,B01
201700033736,1,07,000,00,2,7,15,A01
201700033736,2,02,000,00,2,2,01,B01
201700033737,1,33,000,07,0,9,00,A01
201700033738,0,01,000,00,2,2,01,B01
201700033738,0,07,000,00,9,5,04,A01
201700033739,0,07,000,00,1,2,01,A01
201700033740,2,07,000,00,2,1,00,B01
201700033740,1,07,000,00,0,1,00,A01
201700033741,0,07,000,12,9,2,01,A01
201700033741,0,01,000,00,2,7,01,B01
201700033742,1,07,000,02,0,1,01,A01
201700033743,2,07,000,00,2,1,00,C01
201700033743,2,07,000,00,2,1,00,B01
201700033743,2,17,000,03,0,1,13,A01
201700033743,2,07,000,03,9,9,00,E01
201700033743,2,07,000,03,0,1,00,D01
201700033744,1,17,000,00,2,5,15,B01
201700033744,2,02,000,00,2,2,21,A01
201700033745,1,17,000,00,2,3,15,B01
201700033745,1,07,000,00,2,2,17,A01
201700033746,1,17,000,00,2,3,01,B01
201700033746,2,07,000,00,2,3,13,A01
201700033747,0,07,000,01,0,3,01,A01
201700033747,0,15,000,00,2,3,23,B01
201700033748,1,07,000,00,2,4,02,F01
201700033748,1,07,000,00,2,4,02,D01
201700033748,1,17,000,00,2,4,01,B01
201700033748,1,07,000,00,2,4,02,E01
201700033748,1,17,000,00,2,1,02,A01
201700033748,1,07,000,00,2,4,01,C01
201700033749,2,15,000,00,2,6,02,B01
201700033749,2,02,000,00,2,1,02,A01
201700033750,1,14,000,00,2,4,04,A01
201700033750,2,01,000,00,2,1,02,B01
201700033751,2,15,000,00,9,3,16,A01
201700033751,1,33,000,00,2,1,13,B01
201700033752,2,17,000,02,0,3,01,A01
201700033753,1,17,000,04,0,1,00,A01
201700033754,1,07,000,03,0,7,01,A01
201700033755,1,15,000,00,0,4,02,B01
201700033755,1,10,000,00,2,1,02,A01
201700033756,2,10,000,03,0,9,01,A01
201700033757,2,07,000,04,0,0,11,A01
201700033758,2,07,000,03,0,2,17,A01
201700033759,1,07,000,04,0,5,01,A01
201700033760,2,17,000,07,0,1,00,A01
201700033761,2,07,000,00,0,0,01,A01
201700033762,2,07,000,00,2,9,17,A01
201700033762,2,07,000,00,2,8,01,B01
201700033763,1,07,000,00,2,3,13,A01
201700033763,2,38,001,00,2,3,01,B01
201700033764,1,07,000,03,0,1,02,A01
201700033765,2,33,000,00,2,5,01,A01
201700033765,2,33,000,05,2,6,01,B01
201700033766,2,07,000,07,9,1,01,A01
201700033767,1,17,000,00,1,0,00,A01
201700033768,1,07,000,13,0,1,01,A01
201700033769,0,33,000,00,0,7,01,A01
201700033770,2,07,000,00,0,9,14,A01
201700033771,1,07,000,00,0,0,02,A01
201700033772,2,33,000,03,0,9,14,A01
201700033773,1,07,000,00,0,0,02,A01
201700033773,1,33,000,14,0,1,02,B01
201700033774,2,07,000,00,1,2,02,A01
201700033775,2,07,000,01,0,1,01,B01
201700033775,2,07,000,00,2,5,23,C01
201700033775,2,17,000,00,0,4,23,A01
201700033776,1,07,000,00,2,3,01,A01
201700033776,2,07,000,00,2,3,01,B01
201700033777,1,07,000,00,2,2,15,B01
201700033777,2,02,000,00,2,1,01,A01
201700033778,2,01,000,00,2,2,01,A01
201700033778,2,07,000,00,2,3,00,B01
201700033779,2,07,000,00,2,8,01,A01
201700033779,2,07,000,00,2,1,01,B01
201700033780,0,07,000,00,9,1,01,A01
201700033780,0,01,000,00,2,7,01,B01
201700033781,1,07,000,00,2,3,13,A01
201700033781,2,07,000,00,2,3,01,B01
201700033782,2,07,000,00,2,1,19,A01
201700033782,1,33,000,00,2,8,01,B01
201700033783,1,07,000,00,2,1,01,B01
201700033783,1,07,000,13,0,7,01,A01
201700033784,2,07,000,00,2,1,01,A01
201700033784,1,07,000,00,2,1,01,B01
201700033785,2,07,000,00,2,3,02,A01
201700033785,1,07,000,00,2,3,13,B01
201700033785,1,07,000,00,2,1,01,C01
201700033786,1,07,000,00,2,3,00,A01
201700033786,2,07,000,00,2,3,05,B01
201700033787,1,07,000,00,1,2,01,A01
201700033788,2,07,000,00,2,3,01,A01
201700033788,1,07,000,00,2,3,21,B01
201700033789,0,33,000,00,0,0,01,A01
201700033790,0,07,000,00,2,2,01,C01
201700033790,0,07,000,00,2,8,00,A01
201700033790,0,07,000,00,2,1,01,B01
201700033791,0,07,000,08,0,1,01,A01
201700033792,0,07,000,00,2,3,13,A01
201700033792,0,07,000,00,2,3,01,B01
201700033793,1,17,000,06,0,2,01,A01
201700033794,1,38,036,00,2,2,01,B01
201700033794,1,07,000,00,9,9,00,A01
201700033795,2,13,000,04,0,2,01,A01
201700033796,2,10,000,03,0,1,02,A01
201700033797,2,07,000,00,2,1,01,A01
201700033797,2,07,000,00,0,4,01,B01
201700033798,1,07,000,00,2,1,01,B01
201700033798,1,10,000,01,2,1,01,C01
201700033798,2,07,000,03,2,1,05,A01
201700033799,1,14,000,00,2,1,01,B01
201700033799,1,07,000,07,0,1,12,A01
201700033800,2,07,000,00,2,1,01,A01
201700033800,2,13,000,03,0,4,00,B01
201700033801,1,17,000,00,0,4,00,B01
201700033801,1,07,000,03,2,1,02,A01
201700033802,1,07,000,00,2,7,12,A01
201700033802,1,16,000,00,2,4,01,C01
201700033802,1,07,000,00,2,3,11,B01
201700033803,1,15,000,00,0,6,01,B01
201700033803,1,10,000,00,2,2,02,A01
201700033804,1,10,000,01,0,1,01,A01
201700033804,1,07,000,00,0,4,23,B01
201700033805,2,07,000,00,2,6,01,A01
201700033805,1,07,000,00,2,3,01,B01
201700033806,1,33,000,08,0,1,01,A01
201700033807,2,01,000,15,0,1,06,A01
201700033808,1,07,000,13,0,1,01,A01
201700033809,1,07,000,00,0,3,01,A01
201700033810,1,07,000,05,0,1,01,A01
201700033811,2,07,000,00,2,3,05,A01
201700033811,1,07,000,00,2,3,01,B01
201700033812,1,07,000,00,1,2,01,A01
201700033813,2,34,000,00,2,1,01,B01
201700033813,2,07,000,00,2,4,13,A01
201700033814,2,07,000,01,2,2,17,B01
201700033814,1,07,000,00,1,3,05,C01
201700033814,2,07,000,00,2,6,23,A01
201700033815,1,33,000,00,2,1,01,B01
201700033815,1,07,000,06,2,5,19,A01
201700033816,1,07,000,00,2,3,17,A01
201700033816,2,33,000,08,2,1,01,B01
201700033817,0,10,000,00,2,3,01,B01
201700033817,0,07,000,00,2,3,13,A01
201700033818,2,07,000,00,2,4,02,A01
201700033818,2,07,000,00,2,1,01,B01
201700033819,0,33,000,00,2,1,01,B01
201700033819,0,07,000,00,2,3,23,A01
201700033820,1,07,000,13,0,2,14,A01
201700033821,1,33,000,00,2,1,01,B01
201700033821,1,07,000,00,2,5,09,A01
201700033822,0,07,000,08,0,7,01,A01
201700033823,1,38,025,00,1,2,01,A01
201700033824,1,07,000,04,0,2,12,A01
201700033825,2,07,000,03,0,9,00,A01
201700033826,1,07,000,00,2,3,13,A01
201700033826,2,17,000,00,2,1,,B01
201700033827,1,07,000,00,2,3,13,A01
201700033827,2,17,000,00,2,3,01,B01
201700033828,2,07,000,13,0,1,21,A01
201700033829,2,07,000,00,2,1,13,A01
201700033829,1,14,000,00,2,1,01,B01
201700033830,1,07,000,03,2,3,01,A01
201700033830,1,15,000,00,2,3,01,B01
201700033831,1,07,000,00,2,3,13,A01
201700033831,2,14,000,00,2,3,00,B01
201700033832,1,07,000,00,2,6,13,B01
201700033832,1,10,000,00,2,2,13,A01
201700033832,2,07,000,00,2,1,01,C01
201700033832,1,07,000,00,2,0,01,D01
201700033833,1,02,000,00,2,1,01,B01
201700033833,1,07,000,00,9,5,01,A01
201700033834,1,07,000,00,2,1,15,A01
201700033834,1,07,000,00,2,1,01,B01
201700033835,1,07,000,08,2,1,00,B01
201700033835,2,07,000,08,2,2,00,A01
201700033836,1,07,000,00,2,2,01,C01
201700033836,1,07,000,00,0,0,00,A01
201700033836,1,07,000,00,0,4,00,B01
201700033837,2,07,000,00,2,6,15,A01
201700033837,2,07,000,00,2,1,01,B01
201700033838,1,07,000,06,0,0,00,A01
201700033839,1,07,000,00,2,2,15,A01
201700033839,2,07,000,00,2,3,01,B01
201700033840,1,10,000,01,0,1,09,A01
201700033840,1,07,000,00,2,0,00,B01
201700033841,1,07,000,03,0,2,01,A01
201700033842,2,33,000,00,0,7,01,B01
201700033842,1,07,000,00,0,0,00,A01
201700033843,1,07,000,00,1,1,16,A01
201700033844,1,07,000,00,2,3,01,B01
201700033844,2,07,000,00,2,3,11,A01
201700033845,2,07,000,14,0,1,02,C01
201700033845,2,07,000,00,2,3,13,A01
201700033845,1,07,000,00,2,3,01,B01
201700033846,2,07,000,02,0,1,13,A01
201700033847,2,34,000,00,0,0,00,A01
201700033848,1,07,000,00,2,2,01,A01
201700033848,2,01,000,00,2,1,01,B01
201700033849,1,07,000,00,0,0,00,A01
201700033849,2,07,000,00,2,1,01,B01
201700033850,2,07,000,07,0,1,06,A01
201700033851,2,07,000,00,2,3,15,A01
201700033851,1,30,000,00,2,1,01,B01
201700033852,1,07,000,12,0,3,01,A01
201700033853,1,07,000,13,0,1,13,A01
201700033854,1,10,000,00,2,3,15,B01
201700033854,2,07,000,00,2,1,01,A01
201700033855,2,07,000,00,2,3,01,B01
201700033855,2,07,000,00,2,3,13,A01
201700033856,1,30,000,00,0,8,01,A01
201700033857,2,15,000,00,2,3,01,B01
201700033857,1,33,000,00,2,1,13,A01
201700033858,1,07,000,00,2,2,15,A01
201700033858,2,07,000,00,2,1,01,B01
201700033859,1,07,000,00,2,3,01,B01
201700033859,2,07,000,00,2,1,01,C01
201700033859,1,10,000,14,2,2,01,A01
201700033860,2,37,000,00,0,0,01,A01
201700033861,2,14,000,00,2,1,02,A01
201700033861,2,07,000,00,2,4,02,B01
201700033862,1,07,000,00,2,3,01,A01
201700033862,2,07,000,00,2,1,13,B01
201700033863,1,07,000,00,9,8,01,B01
201700033863,2,01,000,00,2,1,19,A01
201700033864,2,33,000,00,0,0,00,A01
201700033865,2,10,000,02,0,1,00,A01
201700033866,1,07,000,00,1,3,01,A01
201700033867,1,10,000,00,2,1,01,A01
201700033867,1,15,000,00,2,4,02,C01
201700033867,1,10,000,00,2,4,01,B01
201700033868,2,07,000,00,2,1,02,B01
201700033868,2,07,000,00,2,4,23,A01
201700033869,2,07,000,00,2,1,17,B01
201700033869,2,07,000,00,2,8,15,A01
201700033870,2,07,000,00,9,1,01,B01
201700033870,2,01,000,00,2,7,19,A01
201700033871,1,07,000,01,0,1,14,A01
201700033872,1,07,000,01,0,1,13,A01
201700033873,1,07,000,13,0,3,19,A01
201700033874,2,10,000,13,0,2,14,A01
201700033875,1,07,000,00,9,3,15,A01
201700033875,1,01,000,00,2,1,01,B01
201700033876,2,07,000,00,2,3,01,B01
201700033876,1,07,000,00,2,3,13,A01
201700033877,1,10,000,00,2,3,01,B01
201700033877,2,10,000,00,2,3,13,A01
201700033878,2,33,000,00,2,1,02,A01
201700033878,2,07,000,00,2,5,01,B01
201700033879,2,07,000,00,2,4,23,A01
201700033879,2,07,000,00,2,1,01,B01
201700033880,1,33,000,00,0,8,01,A01
201700033881,2,03,000,00,2,2,11,A01
201700033881,2,07,000,00,2,3,11,B01
201700033882,2,07,000,00,2,7,15,A01
201700033882,1,07,000,00,2,1,14,B01
201700033883,1,10,000,00,2,6,01,B01
201700033883,1,10,000,00,2,3,01,C01
201700033883,2,37,000,00,2,8,13,A01
201700033884,1,33,000,00,2,0,01,B01
201700033884,2,07,000,00,2,3,01,A01
201700033885,1,07,000,00,2,3,15,B01
201700033885,1,33,000,00,2,2,17,A01
201700033886,1,07,000,00,2,0,15,A01
201700033886,1,31,000,00,2,0,15,B01
201700033887,2,07,000,00,2,4,23,B01
201700033887,2,07,000,00,2,1,01,A01
201700033888,1,07,000,00,2,1,21,B01
201700033888,1,07,000,00,2,1,16,A01
201700033889,2,07,000,00,2,8,01,A01
201700033889,1,07,000,12,2,3,13,B01
201700033890,2,01,000,00,2,4,01,B01
201700033890,2,07,000,00,2,4,09,A01
201700033891,1,07,000,00,1,1,01,A01
201700033892,1,07,000,00,1,4,04,A01
201700033893,1,07,000,00,1,1,01,A01
201700033894,2,07,000,00,9,0,00,A01
201700033894,2,33,000,00,2,5,11,B01
201700033895,2,07,000,00,2,1,09,A01
201700033895,2,01,000,00,2,8,19,B01
201700033896,1,07,000,01,0,1,13,A01
201700033896,1,07,000,00,2,3,23,C01
201700033896,1,07,000,00,2,6,23,B01