Num_Acc,senc,catv,occutc,obs,obsm,choc,manv,num_veh
201700034260,1,07,000,00,2,1,01,A01
201700034261,1,30,000,00,2,1,01,A01
201700034261,1,07,000,00,2,8,17,B01
201700034262,1,07,000,00,1,1,14,A01
201700034263,1,31,000,00,2,0,01,B01
201700034263,1,07,000,00,2,1,01,A01
201700034264,1,07,000,00,2,7,15,A01
201700034264,1,31,000,00,2,1,01,B01
201700034265,1,07,000,00,2,7,01,A01
201700034265,1,07,000,00,2,8,01,B01
201700034266,1,10,000,00,2,7,15,A01
201700034266,1,32,000,00,2,1,01,B01
201700034267,1,01,000,00,2,7,19,B01
201700034267,1,07,000,00,2,1,01,A01
201700034268,1,37,000,00,2,7,16,A01
201700034268,1,07,000,00,2,5,15,B01
201700034269,2,07,000,00,2,8,01,B01
201700034269,1,15,000,00,2,0,16,A01
201700034270,1,07,000,00,1,1,01,A01
201700034271,1,07,000,00,1,1,01,A01
201700034272,1,40,000,00,2,7,01,B01
201700034272,1,02,000,00,4,1,01,A01
201700034273,1,10,000,03,0,8,01,A01
201700034274,1,20,000,00,2,7,16,B01
201700034274,1,02,000,00,2,1,01,A01
201700034275,1,02,000,00,2,1,01,A01
201700034275,1,07,000,00,2,8,20,B01
201700034276,1,07,000,00,2,1,01,A01
201700034276,1,07,000,00,2,0,01,B01
201700034277,1,10,000,00,1,7,01,A01
201700034278,1,07,000,00,1,1,01,A01
201700034279,1,02,000,00,2,1,01,B01
201700034279,1,07,000,00,2,7,15,A01
201700034280,1,01,000,00,2,8,19,B01
201700034280,1,07,000,00,2,1,15,A01
201700034281,1,07,000,14,0,1,02,A01
201700034281,1,07,000,00,2,4,02,B01
201700034282,1,37,000,00,1,6,01,A01
201700034283,1,07,000,00,2,2,15,B01
201700034283,1,01,000,00,2,1,01,A01
201700034284,1,30,000,00,0,0,01,A01
201700034285,1,07,000,00,2,1,02,A01
201700034285,1,07,000,00,2,4,02,B01
201700034285,0,07,000,00,2,4,02,C01
201700034285,1,07,000,00,2,4,02,D01
201700034286,1,07,000,00,2,8,11,A01
201700034286,1,33,000,00,2,7,01,B01
201700034287,1,07,000,00,2,2,01,A01
201700034287,1,01,000,00,2,7,01,B01
201700034288,1,01,000,00,2,1,19,A01
201700034288,1,07,000,00,2,5,15,B01
201700034289,1,07,000,00,1,7,01,A01
201700034290,1,07,000,00,2,0,01,A01
201700034290,1,01,000,00,2,1,19,B01
201700034291,1,07,000,00,2,5,01,B01
201700034291,1,01,000,00,2,1,01,A01
201700034292,1,01,000,00,2,2,01,B01
201700034292,1,07,000,00,2,2,17,A01
201700034293,1,02,000,00,2,4,23,B01
201700034293,1,07,000,00,2,4,23,C01
201700034293,1,07,000,00,2,1,01,A01
201700034294,1,07,000,09,4,8,01,A01
201700034294,1,40,000,00,2,1,01,B01
201700034295,1,07,000,02,0,1,13,A01
201700034296,1,02,000,00,2,8,01,B01
201700034296,1,07,000,00,2,0,14,A01
201700034297,1,02,000,00,2,3,01,A01
201700034297,1,07,000,00,2,8,00,B01
201700034298,1,01,000,00,2,8,01,B01
201700034298,1,07,000,00,2,2,01,A01
201700034299,1,31,000,00,1,1,01,A01
201700034300,1,07,000,00,2,1,01,A01
201700034300,1,07,000,00,2,8,01,B01
201700034301,1,07,000,00,0,1,01,A01
201700034302,1,02,000,00,2,1,01,A01
201700034302,1,07,000,00,2,3,01,B01
201700034303,1,01,000,00,2,1,02,B01
201700034303,1,07,000,00,2,1,02,A01
201700034304,1,07,000,00,2,3,01,B01
201700034304,1,02,000,00,2,7,15,A01
201700034305,1,07,000,00,2,1,15,A01
201700034305,1,02,000,00,2,1,01,B01
201700034306,1,07,000,00,2,1,16,A01
201700034306,1,01,000,00,2,7,01,B01
201700034307,1,33,000,00,2,1,02,A01
201700034307,1,07,000,00,2,4,02,B01
201700034308,1,01,000,00,2,1,01,A01
201700034308,1,07,000,00,2,7,01,B01
201700034309,1,07,000,00,1,1,01,A01
201700034310,1,07,000,02,0,1,01,A01
201700034311,1,40,000,00,1,2,01,A01
201700034312,1,07,000,00,1,1,15,A01
201700034313,1,30,000,00,2,1,01,B01
201700034313,1,07,000,00,2,2,15,A01
201700034314,1,07,000,00,2,8,01,B01
201700034314,0,30,000,00,2,1,01,A01
201700034315,1,01,000,00,2,1,19,A01
201700034315,1,07,000,00,2,1,01,B01
201700034316,1,01,000,00,2,1,01,A01
201700034316,1,01,000,00,2,1,05,Z01
201700034317,1,07,000,01,0,1,01,A01
201700034318,1,07,000,00,2,1,13,B01
201700034318,1,07,000,00,2,1,13,A01
201700034319,1,07,000,00,1,1,01,A01
201700034320,1,10,000,00,2,1,01,A01
201700034320,0,07,000,00,2,1,15,B01
201700034321,1,07,000,00,1,2,01,Z01
201700034322,1,07,000,00,2,1,09,A01
201700034322,1,01,000,00,2,1,01,B01
201700034323,1,07,000,00,2,1,01,A01
201700034323,1,07,000,01,2,1,15,B01
201700034324,1,01,000,00,2,8,01,B01
201700034324,1,10,000,00,2,1,16,A01
201700034325,1,01,000,00,2,8,19,B01
201700034325,1,07,000,00,2,2,16,A01
201700034326,1,07,000,00,2,4,02,C01
201700034326,1,07,000,00,2,1,02,B01
201700034326,1,07,000,00,2,1,02,A01
201700034327,1,07,000,00,1,7,01,A01
201700034328,1,07,000,00,1,4,04,A01
201700034329,1,02,000,01,2,1,15,A01
201700034329,1,07,000,00,2,8,01,B01
201700034330,1,01,000,00,2,8,01,B01
201700034330,1,07,000,00,2,1,01,A01
201700034331,1,01,000,00,2,8,19,B01
201700034331,1,07,000,00,2,1,15,A01
201700034332,1,10,000,00,1,3,15,A01
201700034333,1,07,000,00,1,1,01,A01
201700034334,1,07,000,00,2,1,02,A01
201700034334,1,07,000,00,2,4,02,C01
201700034334,1,07,000,00,2,4,02,B01
201700034335,1,07,000,00,1,4,04,A01
201700034336,1,07,000,00,2,3,01,A01
201700034336,1,01,000,00,2,1,01,B01
201700034337,1,07,000,00,1,3,01,A01
201700034338,1,07,000,00,2,1,01,A01
201700034338,1,01,000,00,2,7,01,B01
201700034339,1,07,000,00,1,2,09,A01
201700034340,1,38,000,00,9,5,02,B01
201700034340,1,02,000,00,2,5,02,A01
201700034341,1,10,000,00,2,1,01,A01
201700034341,1,01,000,00,2,7,01,B01
201700034342,1,20,000,00,2,0,01,A01
201700034342,1,07,000,00,2,0,01,B01
201700034343,1,01,000,00,2,3,05,A01
201700034343,1,07,000,00,9,2,15,B01
201700034344,1,07,000,14,2,4,02,B01
201700034344,1,07,000,00,2,1,02,A01
201700034344,1,07,000,00,2,4,02,C01
201700034345,1,07,000,00,1,1,15,A01
201700034346,1,07,000,00,9,3,01,A01
201700034346,2,01,000,00,2,2,19,B01
201700034347,1,07,000,00,2,2,00,A01
201700034347,1,07,000,00,2,2,01,B01
201700034348,1,07,000,00,2,1,01,B01
201700034348,1,07,000,00,2,3,17,A01
201700034349,1,01,000,00,2,7,01,B01
201700034349,1,07,000,00,9,3,15,A01
201700034350,1,07,000,06,0,1,15,Z01
201700034351,2,07,000,00,2,1,02,A01
201700034351,2,07,000,00,2,1,02,C01
201700034351,2,17,000,00,0,4,02,B01
201700034352,2,38,001,00,2,1,01,A01
201700034352,1,07,000,00,2,1,13,B01
201700034353,1,07,000,00,2,6,15,A01
201700034353,1,10,000,00,2,1,01,B01
201700034354,2,02,000,00,2,1,05,A01
201700034354,1,07,000,00,2,3,01,B01
201700034355,0,07,000,02,0,1,00,A01
201700034356,1,10,000,08,0,2,00,A01
201700034357,2,07,000,15,0,2,02,A01
201700034358,1,07,000,00,9,2,02,A01
201700034358,1,01,000,00,2,3,11,B01
201700034359,2,34,000,00,2,1,01,A01
201700034359,1,07,000,00,2,1,01,B01
201700034360,2,07,000,00,2,1,01,A01
201700034360,1,33,000,00,2,8,15,B01
201700034361,2,07,000,13,0,9,15,A01
201700034362,1,33,000,00,2,1,05,A01
201700034362,2,07,000,00,2,6,01,B01
201700034363,2,07,000,02,0,1,13,A01
201700034364,0,07,000,00,2,1,02,B01
201700034364,0,07,000,12,2,4,16,A01
201700034365,0,02,000,00,0,2,06,A01
201700034366,0,07,000,00,1,8,15,A01
201700034367,0,07,000,04,0,7,14,A01
201700034368,0,07,000,00,2,1,01,C01
201700034368,0,10,000,00,2,2,19,A01
201700034368,0,07,000,00,2,9,01,B01
201700034369,0,33,000,00,2,1,01,B01
201700034369,0,07,000,00,2,3,13,A01
201700034370,2,07,000,00,2,3,21,B01
201700034370,1,07,000,00,2,3,17,A01
201700034371,0,13,000,00,0,3,15,A01
201700034372,0,07,000,00,2,3,01,A01
201700034372,0,07,000,00,2,3,13,B01
201700034373,1,07,000,00,2,1,02,B01
201700034373,1,07,000,00,2,4,23,A01
201700034374,0,33,000,00,2,1,01,B01
201700034374,0,07,000,00,2,1,15,A01
201700034375,0,34,000,00,2,1,01,B01
201700034375,0,07,000,00,2,3,13,A01
201700034376,0,33,000,00,2,8,15,B01
201700034376,0,07,000,00,2,2,17,A01
201700034377,0,07,000,00,2,1,01,B01
201700034377,0,07,000,00,2,2,15,A01
201700034378,0,07,000,00,0,0,01,A01
201700034379,1,07,000,00,1,2,01,A01
201700034380,0,07,000,00,2,3,10,A01
201700034380,0,33,000,00,2,1,03,B01
201700034381,0,07,000,00,2,7,10,B01
201700034381,0,33,000,00,2,2,01,A01
201700034382,1,07,000,00,1,3,19,B01
201700034383,0,33,000,15,0,1,01,A01
201700034384,0,07,000,00,2,3,13,A01
201700034384,0,15,000,00,2,1,01,B01
201700034385,0,07,000,00,2,2,01,B01
201700034385,0,07,000,00,2,1,09,A01
201700034386,0,07,000,00,1,1,01,A01
201700034387,0,07,000,00,2,1,02,B01
201700034387,0,07,000,00,2,1,02,C01
201700034387,0,07,000,08,2,1,01,A01
201700034388,1,07,000,00,2,3,01,A01
201700034388,2,01,000,00,2,7,01,B01
201700034389,0,07,000,00,2,1,15,A01
201700034389,0,01,000,00,2,1,05,B01
201700034390,0,33,000,15,0,3,01,A01
201700034391,0,33,000,00,2,1,01,B01
201700034391,0,07,000,00,2,3,10,A01
201700034392,1,07,000,02,0,6,01,A01
201700034393,2,07,000,02,0,1,01,A01
201700034394,2,07,000,02,0,9,01,A01
201700034395,1,07,000,00,1,2,02,A01
201700034396,2,07,000,00,2,4,01,A01
201700034396,2,07,000,00,2,4,01,B01
201700034396,2,07,000,00,2,1,01,C01
201700034397,2,07,000,00,2,3,13,A01
201700034397,1,38,001,00,2,3,01,B01
201700034398,2,07,000,02,0,1,13,A01
201700034399,2,07,000,03,0,4,01,A01
201700034400,2,07,000,00,2,7,01,B01
201700034400,2,02,000,00,2,1,19,A01
201700034401,1,02,000,07,0,1,00,A01
201700034402,1,36,000,13,0,1,01,A01
201700034403,1,07,000,00,2,1,02,A01
201700034403,1,33,000,00,2,4,02,B01
201700034404,1,07,000,06,0,2,01,A01
201700034405,1,01,000,00,2,1,01,A01
201700034405,2,07,000,00,9,3,15,B01
201700034406,1,07,000,07,0,8,01,B01
201700034406,2,07,000,00,2,1,19,A01
201700034407,2,07,000,00,2,3,17,A01
201700034407,1,07,000,00,2,3,01,B01
201700034408,1,30,000,00,0,7,01,A01
201700034409,2,01,000,00,2,1,19,A01
201700034409,1,07,000,00,2,1,01,B01
201700034410,1,07,000,07,1,5,21,A01
201700034411,2,07,000,00,1,1,01,A01
201700034412,1,37,001,00,2,3,15,A01
201700034412,1,30,000,00,2,1,01,B01
201700034413,1,07,000,00,2,3,15,B01
201700034413,2,02,000,00,2,7,17,A01
201700034414,1,07,000,00,2,1,01,A01
201700034414,1,07,000,00,2,7,01,B01
201700034415,1,01,000,00,2,5,01,B01
201700034415,2,07,000,00,9,2,19,A01
201700034416,1,07,000,00,2,1,15,A01
201700034416,2,33,000,00,2,8,01,B01
201700034417,1,07,000,00,2,4,23,A01
201700034417,1,07,000,00,2,1,21,B01
201700034418,1,07,000,00,2,7,16,A01
201700034418,1,32,000,00,2,8,01,B01
201700034419,1,07,000,00,2,1,01,B01
201700034419,1,07,000,00,2,6,16,A01
201700034420,1,07,000,00,1,2,01,A01
201700034421,1,07,000,02,0,9,14,A01
201700034422,1,07,000,00,2,7,01,A01
201700034422,0,01,000,00,2,8,19,B01
201700034423,2,07,000,00,2,7,15,A01
201700034423,2,01,000,00,2,8,15,B01
201700034424,1,07,000,00,1,2,01,Z01
201700034425,1,07,000,00,2,3,01,B01
201700034425,1,07,000,00,2,1,01,A01
201700034426,2,01,000,00,2,4,01,B01
201700034426,2,07,000,00,2,1,09,A01
201700034427,1,01,000,00,2,0,19,B01
201700034427,1,07,000,00,9,1,01,A01
201700034428,1,07,000,00,1,5,04,A01
201700034429,1,07,000,00,2,2,01,B01
201700034429,1,13,000,00,2,1,01,A01
201700034430,0,07,000,00,1,1,01,A01
201700034431,2,07,000,00,2,5,12,A01
201700034431,2,02,000,00,2,1,02,B01
201700034432,1,07,000,00,1,3,15,A01
201700034433,1,07,000,00,1,2,01,A01
201700034434,1,15,000,00,2,8,01,F01
201700034434,1,31,000,00,2,7,03,A01
201700034435,1,33,000,00,2,1,01,A01
201700034435,1,07,000,00,2,8,20,B01
201700034436,1,01,000,00,0,0,23,A01
201700034437,2,07,000,09,0,1,01,A01
201700034438,1,07,000,00,1,3,01,A01
201700034439,2,07,000,00,1,1,16,A01
201700034440,1,07,000,00,1,2,01,A01
201700034441,0,01,000,00,1,0,00,Z01
201700034442,2,07,000,04,2,1,01,B01
201700034442,2,07,000,04,2,6,11,A01
201700034442,2,14,000,00,2,1,01,C01
201700034443,1,07,000,00,2,8,02,B01
201700034443,1,99,000,00,2,1,17,Z01
201700034444,2,07,000,12,0,4,23,A01
201700034444,2,07,000,00,2,1,02,B01
201700034445,2,07,000,00,2,1,01,A01
201700034445,2,07,000,00,2,8,01,B01
201700034446,2,07,000,00,1,3,01,A01
201700034447,0,07,000,00,1,2,15,A01
201700034448,0,07,000,00,0,7,01,A01
201700034448,0,01,000,00,2,1,01,B01
201700034449,2,07,000,00,1,1,15,A01
201700034450,1,07,000,00,1,2,01,A01
201700034451,0,07,000,00,1,1,00,A01
201700034452,1,07,000,00,2,1,01,B01
201700034452,1,07,000,00,1,4,01,A01
201700034453,1,10,000,15,0,1,01,A01
201700034453,2,01,000,00,9,3,01,B01
201700034454,2,01,000,00,2,3,19,B01
201700034454,1,07,000,00,9,1,01,A01
201700034455,0,07,000,00,2,6,10,A01
201700034455,0,02,000,00,2,3,01,B01
201700034456,1,07,000,00,2,2,01,B01
201700034456,1,02,000,00,2,3,00,A01
201700034457,1,01,000,01,0,2,01,B01
201700034457,1,07,000,00,2,3,22,A01
201700034458,1,07,000,01,0,2,01,A01
201700034459,1,07,000,00,1,1,01,A01
201700034460,1,07,000,00,2,1,19,B01
201700034460,1,07,000,00,2,2,01,A01
201700034461,1,07,000,00,1,1,01,A01
201700034462,2,07,000,00,2,3,15,A01
201700034462,1,33,000,00,2,8,01,B01
201700034463,1,99,000,00,1,1,00,A01
201700034464,1,31,000,00,2,1,01,A01
201700034464,1,10,000,00,2,8,15,B01
201700034465,1,14,000,00,2,2,16,A01
201700034465,1,01,000,00,2,7,01,A02
201700034466,2,10,000,00,2,1,02,A01
201700034466,2,07,000,00,2,4,23,B01
201700034467,2,07,000,00,2,2,01,A01
201700034467,2,07,000,01,0,3,20,B01
201700034468,1,07,000,00,1,1,15,A01
201700034469,2,01,000,00,2,6,02,B01
201700034469,2,07,000,01,9,9,14,A01
201700034470,1,07,000,00,2,3,07,A01
201700034470,1,31,000,00,2,4,23,B01
201700034470,1,07,000,00,2,5,23,C01
201700034471,2,31,000,12,2,7,17,A01
201700034471,2,07,000,00,2,8,15,B01
201700034472,0,01,000,00,2,1,01,B01
201700034472,0,07,000,00,2,1,09,A01
201700034473,1,07,000,00,1,2,02,A01
201700034474,1,37,000,00,1,2,01,A01
201700034475,2,07,000,00,1,8,11,A01
201700034476,1,07,000,00,2,2,01,A01
201700034476,1,01,000,00,2,1,19,B01
201700034477,1,07,000,00,2,2,01,B01
201700034477,1,01,000,00,2,1,09,A01
201700034478,2,07,000,00,1,4,20,A01
201700034479,2,10,000,00,1,3,01,A01
201700034480,1,31,000,00,2,4,01,B01
201700034480,1,07,000,00,2,1,09,A01
201700034481,2,07,000,00,1,3,15,A01
201700034482,1,07,000,00,1,5,04,A01
201700034483,1,07,000,00,1,1,02,A01
201700034484,2,07,000,00,1,3,01,A01
201700034485,2,07,000,00,2,3,01,B01
201700034485,2,07,000,00,2,1,01,A01
201700034486,2,01,000,00,1,1,01,A01
201700034487,1,07,000,00,2,3,16,B01
201700034487,1,07,000,00,2,1,01,A01
201700034488,2,07,000,00,1,2,01,A01
201700034489,1,07,000,00,1,1,01,A01
201700034490,1,07,000,00,2,1,01,B01
201700034490,2,07,000,00,2,3,15,A01
201700034491,2,30,000,00,0,7,01,B01
201700034491,0,07,000,00,2,1,01,A01
201700034492,1,07,000,00,2,1,01,A01
201700034492,2,07,000,00,2,1,05,B01
201700034493,2,07,000,00,2,2,01,A01
201700034493,2,07,000,00,2,4,01,B01
201700034494,2,07,000,00,2,7,01,A01
201700034494,2,01,000,00,2,8,01,B01
201700034495,2,34,000,03,0,7,14,A01
201700034496,2,07,000,00,1,1,01,A01
201700034497,2,02,000,00,2,6,01,B01
201700034497,2,07,000,00,2,3,09,A01
201700034498,2,07,000,00,2,5,16,A01
201700034498,2,01,000,00,2,3,02,B01
201700034499,2,07,000,00,2,7,15,A01
201700034499,1,33,000,00,2,1,01,B01
201700034500,1,07,000,00,1,1,01,A01
201700034501,2,01,000,00,2,1,15,B01
201700034501,1,07,000,00,2,2,01,A01
201700034502,1,07,000,00,1,3,01,A01
201700034503,2,07,000,00,2,1,12,A01
201700034503,2,07,000,00,2,4,23,B01
201700034503,2,07,000,00,2,4,23,C01
201700034503,2,07,000,00,2,5,23,D01
201700034504,2,30,000,00,2,1,01,A01
201700034504,0,07,000,00,2,3,01,B01
201700034505,2,07,000,00,1,2,01,A01
201700034506,1,07,000,00,2,1,01,A01
201700034506,1,07,000,00,2,3,10,B01
201700034507,1,07,000,11,2,6,06,A01
201700034507,1,07,000,00,2,7,17,A02
201700034508,2,01,000,00,1,1,01,A01
201700034509,2,07,000,07,0,2,14,A01
201700034510,2,07,000,00,1,3,01,A01
201700034511,2,07,000,00,2,3,16,A01
201700034511,1,07,000,00,2,3,01,B01
201700034512,2,07,000,00,2,7,15,A01
201700034512,1,31,000,00,2,1,01,B01
201700034513,2,07,000,00,1,4,04,A01
201700034514,2,07,000,00,2,3,13,A01
201700034514,1,07,000,01,2,3,21,B01
201700034515,2,01,000,00,2,7,01,B01
201700034515,0,07,000,00,2,1,01,A01
201700034516,1,07,000,00,2,1,09,A01
201700034516,1,01,000,00,2,8,05,B01
201700034517,1,07,000,00,2,2,01,A01
201700034517,1,01,000,00,2,4,19,B01
201700034518,2,07,000,00,1,3,17,A01
201700034519,1,07,000,00,0,0,01,A01
201700034520,2,07,000,02,0,1,14,A01
201700034521,0,07,000,00,2,8,19,A01
201700034521,0,07,000,00,2,1,01,B01
201700034522,0,02,000,00,0,8,01,A01
201700034523,1,33,000,00,2,8,10,A01
201700034523,1,07,000,00,2,1,01,B01
201700034524,1,33,000,00,0,4,15,A01
201700034524,1,07,000,00,2,1,01,B01
201700034525,1,07,000,00,0,7,01,A01
201700034525,1,07,000,00,2,1,01,B01
201700034526,0,07,000,00,2,3,01,C01
201700034526,0,07,000,00,2,3,13,A01
201700034526,0,07,000,00,2,8,01,B01
201700034527,0,07,000,00,1,2,02,A01
201700034528,0,07,000,08,0,0,00,A01
201700034529,2,20,000,00,0,6,02,B01
201700034529,2,07,000,00,2,2,17,A01
201700034530,2,07,000,00,2,3,13,A01
201700034530,1,07,000,00,2,3,01,B01
201700034531,1,07,000,00,2,1,21,A01
201700034531,2,33,000,00,2,3,09,B01
201700034532,1,33,000,00,2,1,01,B01
201700034532,1,07,000,00,0,2,19,A01
201700034533,1,07,000,00,2,2,01,B01
201700034533,2,07,000,00,2,3,15,A01
201700034534,2,07,000,00,2,3,01,B01
201700034534,1,07,000,00,2,3,13,A01
201700034534,2,07,000,00,2,1,01,C01
201700034535,1,33,000,00,2,1,01,B01
201700034535,2,07,000,00,2,7,19,A01
201700034536,1,17,000,00,2,8,21,A01
201700034536,2,17,000,00,2,8,01,C01
201700034537,1,07,000,00,9,8,01,A01
201700034537,2,01,000,00,2,7,01,B01
201700034538,0,07,000,02,0,1,01,A01
201700034539,1,07,000,00,2,3,01,B01
201700034539,2,10,000,00,2,3,13,A01
201700034540,1,10,000,00,2,1,01,A01
201700034540,0,07,000,00,2,8,19,B01
201700034541,1,07,000,00,2,2,13,A01
201700034541,2,07,000,00,2,2,01,B01
201700034542,0,07,000,00,2,2,19,A01
201700034542,0,30,000,00,2,1,01,B01
201700034543,0,07,000,00,1,1,01,A01
201700034544,1,07,000,00,1,1,01,A01
201700034545,2,07,000,00,0,1,01,A01
201700034546,1,07,000,02,0,3,01,A01
201700034547,2,07,000,00,0,6,10,A01
201700034547,2,07,000,00,2,1,01,B01
201700034548,1,07,000,16,0,7,19,A01
201700034548,1,10,000,08,2,1,01,B01
201700034549,1,07,000,02,0,3,15,A01
201700034550,1,07,000,00,2,1,17,A01
201700034550,2,07,000,00,2,1,01,B01
201700034550,1,38,001,00,2,6,01,C01
201700034551,1,07,000,08,0,1,01,A01
201700034552,1,07,000,00,2,7,01,B01
201700034552,2,07,000,14,2,2,15,A01
201700034553,1,07,000,00,0,4,23,B01
201700034553,1,07,000,00,2,1,01,A01
201700034554,2,07,000,00,2,2,17,A01
201700034554,2,07,000,00,0,3,15,B01
201700034555,1,07,000,00,2,2,01,A01
201700034555,1,07,000,00,2,3,01,B01
201700034556,2,07,000,00,1,2,01,A01
201700034557,2,07,000,00,1,0,00,A01
201700034558,1,07,000,00,2,1,19,A01
201700034558,1,07,000,00,2,7,01,B01
201700034559,1,07,000,00,2,2,00,A01
201700034559,1,13,000,00,2,6,00,B01
201700034560,1,07,000,00,2,1,00,C01
201700034560,1,07,000,00,0,4,00,A01
201700034560,1,07,000,00,2,4,01,B01
201700034561,1,07,000,01,2,8,00,C01
201700034561,1,07,000,00,2,9,00,B01
201700034561,1,07,000,00,2,1,17,A01
201700034561,1,07,000,00,2,4,01,D01
201700034562,1,30,000,01,0,1,00,A01
201700034563,1,07,000,00,1,1,01,A01
201700034564,1,07,000,00,1,4,04,A01
201700034565,1,33,000,02,0,9,17,A01
201700034566,2,07,000,00,1,3,00,A01
201700034567,1,07,000,00,1,4,04,A01
201700034568,1,07,000,00,1,4,04,A01
201700034569,1,10,000,00,1,1,01,A01
201700034570,1,30,000,01,0,0,02,A01
201700034571,1,34,000,00,2,1,17,B01
201700034571,1,07,000,00,9,8,15,A01
201700034572,1,33,000,00,2,1,01,B01
201700034572,1,07,000,00,2,3,09,A01
201700034573,1,07,000,08,0,3,13,A01
201700034574,2,15,000,00,0,0,15,A01
201700034574,2,33,000,00,2,4,17,B01
201700034575,2,07,000,00,1,3,02,A01
201700034576,2,10,000,12,1,2,14,A01
201700034577,1,07,000,00,2,1,10,A01
201700034577,1,10,000,00,2,1,09,B01
201700034578,1,01,000,00,2,1,15,B01
201700034579,2,07,000,00,2,2,15,A01
201700034579,2,33,000,00,2,1,01,B01
201700034580,1,10,000,00,2,3,15,B01
201700034580,1,33,000,00,2,1,17,A01
201700034581,1,07,000,00,2,1,09,A01
201700034581,1,01,000,00,2,7,19,B01
201700034582,1,07,000,00,1,2,02,A01
201700034583,1,07,000,00,2,3,15,A01
201700034583,1,10,000,00,2,0,01,T01
201700034583,2,07,000,00,2,1,01,B01
201700034584,1,07,000,00,2,3,01,A01
201700034584,2,07,000,14,0,1,15,B01
201700034585,2,07,000,00,2,3,01,B01
201700034585,1,07,000,00,2,3,13,A01
201700034586,2,07,000,13,0,0,00,A01
201700034587,2,07,000,00,2,4,07,B01
201700034587,1,07,000,00,2,1,02,A01
201700034588,2,07,000,02,0,8,01,A01
201700034589,1,07,000,00,1,2,13,A01
201700034590,1,07,000,00,1,2,09,A01
201700034591,2,07,000,00,2,2,09,A01
201700034591,1,33,000,00,2,2,01,B01
201700034592,1,07,000,00,2,1,02,A01
201700034592,1,07,000,00,2,4,15,B01
201700034593,1,07,000,11,0,3,01,A01
201700034594,1,13,000,00,2,1,01,A01
201700034594,2,07,000,00,2,2,13,B01
201700034595,2,33,000,00,2,8,17,B01
201700034595,1,15,000,00,2,6,15,A01
201700034596,1,07,000,00,2,1,15,A01
201700034596,2,33,000,00,2,1,01,B01
201700034597,1,07,000,01,0,3,02,A01
201700034598,2,33,000,00,2,1,01,B01
201700034598,1,07,000,00,2,6,10,A01
201700034599,1,33,000,00,2,1,17,B01
201700034599,2,07,000,00,2,5,15,A01
201700034600,1,07,000,00,2,7,15,A01
201700034600,2,30,000,00,2,1,01,B01
201700034601,2,07,000,00,1,2,15,A01
201700034602,2,07,000,13,0,3,13,A01
201700034603,1,07,000,00,2,1,02,A01
201700034603,1,07,000,00,2,4,02,C01
201700034603,1,07,000,00,2,4,02,B01
201700034604,1,07,000,00,2,3,19,B01
201700034604,1,07,000,00,2,3,15,A01
201700034605,1,07,000,00,1,1,19,A01
201700034606,2,07,000,00,2,1,02,A01
201700034606,2,07,000,00,2,4,02,B01
201700034607,1,07,000,02,0,3,13,A01
201700034608,1,07,000,00,2,6,15,B01
201700034608,1,07,000,00,2,6,07,A01
201700034609,1,07,000,00,2,4,21,C01
201700034609,1,07,000,00,9,1,00,A01
201700034609,1,07,000,00,2,0,21,B01
201700034610,1,33,000,00,2,0,09,A01
201700034611,2,07,000,00,2,1,01,B01
201700034611,1,07,000,00,2,1,01,A01
201700034612,0,33,000,00,2,3,18,A01
201700034612,0,07,000,00,2,7,16,B01
201700034613,1,01,000,00,2,1,08,B01
201700034613,1,07,000,00,9,1,01,A01
201700034614,1,07,000,00,1,3,09,A01
201700034615,1,07,000,00,2,4,15,B01
201700034615,1,02,000,00,2,1,17,A01
201700034616,1,07,000,00,2,3,01,A01
201700034616,2,07,000,00,2,3,01,B01
201700034617,0,07,000,00,2,3,01,B01
201700034617,0,31,000,00,2,1,01,A01
201700034618,1,07,000,01,0,1,14,A01
201700034619,2,33,000,00,2,2,01,B01
201700034619,2,10,000,00,2,3,09,A01
201700034620,2,07,000,00,0,0,21,B01
201700034620,2,33,000,12,0,1,21,A01
201700034621,1,07,000,00,2,1,01,A01
201700034621,1,07,000,00,2,1,00,B01
201700034622,2,07,000,00,2,1,09,A01
201700034622,2,31,000,00,2,7,19,B01
201700034623,2,07,000,00,2,3,09,A01
201700034623,2,34,000,00,2,2,01,B01
201700034624,1,07,000,00,2,7,01,B01
201700034624,1,07,000,00,2,1,09,A01
201700034625,1,07,000,00,1,7,01,A01
201700034626,2,30,000,00,1,1,01,A01
201700034627,1,07,000,00,1,1,19,A01
201700034628,1,31,000,00,2,1,02,A01
201700034628,1,07,000,00,2,5,23,B01
201700034629,2,07,000,00,2,3,01,B01
201700034629,1,07,000,00,2,2,01,A01
201700034630,1,33,000,00,2,1,01,B01
201700034630,1,10,000,00,2,8,09,A01
201700034631,2,07,000,00,2,3,01,A01
201700034631,1,07,000,00,2,3,16,B01
201700034632,1,07,000,00,2,1,01,B01
201700034632,1,07,000,00,2,4,23,A01
201700034633,1,07,000,00,1,2,17,A01
201700034634,1,07,000,00,1,0,00,A01
201700034635,2,07,000,00,1,4,20,A01
201700034636,1,07,000,00,2,3,09,B01
201700034636,2,34,000,00,2,1,17,A01
201700034637,1,02,000,00,2,1,01,A01
201700034637,2,15,000,00,2,2,15,B01