Num_Acc,senc,catv,occutc,obs,obsm,choc,manv,num_veh
201700034638,2,07,000,00,1,1,01,A01
201700034639,1,07,000,06,1,8,13,A01
201700034640,1,07,000,00,2,4,02,A01
201700034640,1,07,000,00,2,1,02,Z01
201700034640,1,07,000,00,2,1,02,B01
201700034641,1,37,001,00,1,5,01,A01
201700034642,1,07,000,00,2,0,00,Z01
201700034642,1,07,000,00,2,2,01,A01
201700034643,1,07,000,00,1,0,01,A01
201700034644,1,07,000,00,1,1,01,A01
201700034645,2,07,000,00,9,3,09,A01
201700034645,1,01,000,00,2,1,05,B01
201700034646,2,07,000,00,1,1,01,A01
201700034647,1,32,000,00,0,0,00,A01
201700034648,2,07,000,00,1,1,15,A01
201700034649,2,07,000,00,2,6,01,A01
201700034649,1,07,000,14,0,1,02,Z01
201700034650,2,07,000,00,2,6,01,B01
201700034650,2,07,000,00,2,1,01,A01
201700034651,1,07,000,08,0,1,01,A01
201700034652,1,07,000,00,2,1,01,B01
201700034652,1,07,000,08,2,2,15,A01
201700034653,2,07,000,00,2,1,05,A01
201700034653,1,07,000,00,2,2,01,B01
201700034654,1,07,000,00,2,2,02,A01
201700034654,1,07,000,00,2,2,01,B01
201700034655,1,07,000,00,2,2,15,A01
201700034655,2,07,000,00,2,1,01,B01
201700034656,2,07,000,00,2,8,15,A01
201700034656,1,34,000,00,2,1,01,B01
201700034657,1,33,000,06,0,8,02,A01
201700034658,2,07,000,00,1,1,15,A01
201700034659,2,07,000,00,2,1,23,C01
201700034659,1,07,000,00,2,0,23,E01
201700034659,2,07,000,00,2,0,23,G02
201700034659,2,07,000,00,2,1,23,D01
201700034659,2,07,000,00,2,0,23,F02
201700034659,1,07,000,09,2,8,02,A01
201700034659,1,07,000,09,2,8,02,B01
201700034660,2,01,000,00,2,4,19,A01
201700034660,2,07,000,00,2,1,16,Z01
201700034661,1,07,000,00,1,2,01,A01
201700034662,1,07,000,08,0,1,02,A01
201700034663,1,07,000,00,1,3,00,A01
201700034664,2,07,000,00,1,1,01,A01
201700034665,1,07,000,01,0,2,02,A01
201700034666,1,07,000,02,0,3,02,A01
201700034667,1,07,000,00,2,3,18,A01
201700034667,1,07,000,00,2,5,02,B01
201700034667,1,07,000,00,2,4,00,C01
201700034667,1,07,000,00,2,4,02,D01
201700034668,1,02,000,00,2,1,02,A01
201700034668,1,10,000,00,2,5,02,B01
201700034669,1,07,000,00,2,3,15,A01
201700034669,2,33,000,00,2,1,01,B01
201700034670,1,01,000,00,1,0,00,A01
201700034671,1,07,000,00,2,0,15,A01
201700034671,2,01,000,00,2,0,01,B01
201700034672,1,07,000,00,2,1,19,A01
201700034672,2,07,000,00,2,7,00,B01
201700034673,1,10,000,04,0,2,01,A01
201700034674,1,37,000,00,1,2,07,A01
201700034675,1,37,000,00,1,2,02,A01
201700034676,2,07,000,00,1,3,01,A01
201700034677,1,31,000,00,1,7,02,A01
201700034678,1,07,000,00,1,0,00,Z01
201700034679,1,07,000,01,0,3,16,A01
201700034680,1,07,000,00,2,3,15,A01
201700034680,2,07,000,00,2,3,01,B01
201700034681,1,07,000,16,4,5,15,A01
201700034681,1,40,058,00,2,1,19,B01
201700034682,1,33,000,08,0,1,17,A01
201700034683,1,02,000,00,1,1,01,A01
201700034684,1,07,000,00,2,1,01,B01
201700034684,1,07,000,00,1,2,01,A01
201700034685,1,40,000,00,1,2,01,A01
201700034686,1,07,000,01,0,0,00,A01
201700034687,2,31,000,00,1,1,01,A01
201700034688,1,07,000,00,2,1,02,A01
201700034688,2,07,000,00,2,8,15,B01
201700034689,1,07,000,00,2,2,09,A01
201700034689,1,07,000,00,2,5,01,B01
201700034690,1,07,000,00,2,7,15,A01
201700034690,1,33,000,00,2,1,01,B01
201700034691,1,07,000,00,1,2,01,A01
201700034692,1,07,000,00,1,1,15,A01
201700034693,2,07,000,00,2,4,15,B01
201700034693,2,33,000,00,2,1,02,A01
201700034694,1,07,000,00,1,1,02,A01
201700034695,2,30,000,00,1,1,01,A01
201700034696,2,07,000,01,2,2,15,A01
201700034696,1,33,000,16,0,3,01,B01
201700034697,1,07,000,00,1,0,15,A01
201700034698,2,31,000,00,2,1,05,A01
201700034698,1,07,000,00,2,3,16,B01
201700034699,1,07,000,00,1,3,01,A01
201700034700,2,01,000,00,2,4,02,B01
201700034700,2,07,000,01,2,3,02,A01
201700034701,1,07,000,00,2,5,04,B01
201700034701,1,07,000,00,2,1,02,A01
201700034702,1,07,000,00,1,8,15,A01
201700034703,2,07,000,00,2,1,01,A01
201700034703,1,07,000,00,2,3,01,B01
201700034704,1,07,000,08,2,0,01,B01
201700034704,2,07,000,08,2,7,15,A01
201700034705,1,07,000,08,0,1,17,B01
201700034705,1,14,000,00,0,0,13,A01
201700034706,1,07,000,00,2,1,15,A01
201700034706,2,07,000,00,2,3,01,B01
201700034707,1,07,000,00,1,0,00,A01
201700034708,1,07,000,00,2,1,01,A01
201700034708,1,07,000,00,2,4,01,B01
201700034709,1,07,000,00,1,0,00,A01
201700034710,1,07,000,09,1,1,01,A01
201700034710,1,07,000,06,2,3,01,B01
201700034711,2,07,000,00,2,1,01,A01
201700034711,1,03,000,00,2,7,01,B01
201700034712,1,07,000,00,2,0,00,A01
201700034712,1,01,000,00,2,0,00,B01
201700034713,2,01,000,00,2,7,05,B01
201700034713,1,07,000,00,2,2,01,A01
201700034714,1,07,000,00,1,4,04,A01
201700034715,1,07,000,00,1,3,16,A01
201700034716,1,33,000,00,2,1,01,B01
201700034716,2,07,000,00,2,0,10,A01
201700034716,2,10,000,00,2,6,01,C01
201700034717,2,10,000,00,1,3,01,A01
201700034718,1,03,000,00,1,0,00,A01
201700034719,2,07,000,01,2,1,19,A01
201700034719,1,07,000,00,2,3,01,B01
201700034720,1,01,000,00,2,8,16,B01
201700034720,1,14,000,00,2,7,16,A01
201700034721,2,07,000,08,0,1,00,A01
201700034722,1,02,000,00,2,1,19,A01
201700034722,2,07,000,00,2,2,01,B01
201700034723,2,07,000,00,1,1,01,A01
201700034724,2,07,000,06,0,3,09,A01
201700034725,1,07,000,00,2,2,17,A01
201700034725,1,07,000,00,2,3,15,B01
201700034726,1,07,000,00,1,8,01,A01
201700034727,1,07,000,00,1,7,13,Z01
201700034728,1,07,000,00,2,6,15,A01
201700034728,1,01,000,00,2,0,00,B01
201700034729,1,07,000,00,2,3,15,A01
201700034729,2,33,000,00,2,1,01,B01
201700034730,1,01,000,00,2,8,15,B01
201700034730,2,07,000,00,2,1,01,A01
201700034731,2,01,000,00,2,1,15,B01
201700034731,1,07,000,00,2,1,01,A01
201700034732,1,07,000,00,1,2,01,A01
201700034733,1,07,000,00,1,2,01,A01
201700034734,1,07,000,00,2,1,00,A01
201700034734,2,07,000,00,2,3,00,B01
201700034735,2,32,000,00,2,7,02,B01
201700034735,1,30,000,00,2,0,00,A01
201700034736,1,07,000,00,2,6,01,B01
201700034736,1,07,000,00,2,5,01,C01
201700034736,1,07,000,00,2,1,02,A01
201700034737,1,07,000,15,1,2,13,A01
201700034738,2,07,000,00,1,2,01,A01
201700034739,1,07,000,00,1,1,01,A01
201700034740,2,07,000,00,1,3,20,A01
201700034741,2,32,000,00,2,1,17,A01
201700034741,2,07,000,00,2,3,20,B01
201700034742,1,07,000,00,2,4,01,B01
201700034742,1,10,000,00,2,1,11,A01
201700034743,1,07,000,00,2,1,18,B01
201700034743,1,07,000,00,2,1,18,A01
201700034744,1,07,000,00,2,3,15,B01
201700034744,1,32,000,00,2,0,05,Z01
201700034745,1,07,000,00,2,2,01,B01
201700034745,2,07,000,00,2,2,00,A01
201700034746,1,07,000,00,2,3,01,B01
201700034746,2,10,000,00,2,1,15,A01
201700034747,1,07,000,00,1,1,02,A01
201700034748,1,07,000,00,1,2,13,A01
201700034749,1,37,045,00,1,8,01,A01
201700034750,1,07,000,00,2,2,01,B01
201700034750,2,07,000,07,2,5,15,A01
201700034751,2,31,000,00,1,0,01,Z01
201700034752,2,07,000,00,2,1,02,A01
201700034752,2,07,000,00,2,4,02,B01
201700034753,2,07,000,00,1,3,01,A01
201700034754,1,07,000,00,2,0,15,A01
201700034754,2,07,000,00,2,0,01,Z01
201700034755,2,07,000,00,1,1,02,A01
201700034756,2,10,000,00,2,1,01,Z01
201700034756,2,07,000,00,2,4,01,A01
201700034757,1,01,000,00,9,4,02,B01
201700034757,1,30,000,00,9,1,02,Z01
201700034758,1,33,000,00,2,4,01,B01
201700034758,1,07,000,00,2,1,01,A01
201700034759,2,07,000,15,0,1,02,A01
201700034760,2,07,000,01,1,2,22,A01
201700034761,2,07,000,00,2,3,00,A01
201700034761,2,31,000,00,2,2,17,B01
201700034762,1,07,000,00,2,5,19,A01
201700034762,2,33,000,00,2,1,01,B01
201700034763,2,37,035,00,2,1,01,A01
201700034763,2,07,000,00,2,4,23,B01
201700034764,1,01,000,00,2,3,19,B01
201700034764,1,07,000,00,9,2,01,A01
201700034765,1,07,000,00,2,1,05,A01
201700034765,2,07,000,12,2,1,02,B01
201700034766,2,07,000,00,2,4,20,A01
201700034766,2,01,000,00,2,3,01,B01
201700034767,1,07,000,00,1,1,01,A01
201700034768,1,07,000,00,2,5,15,B01
201700034768,1,07,000,00,2,2,01,A01
201700034769,2,07,000,00,2,7,19,B01
201700034769,1,07,000,00,2,1,19,A01
201700034770,1,07,000,00,2,1,02,B01
201700034770,1,07,000,00,2,3,10,A01
201700034771,2,07,000,00,1,1,19,A01
201700034772,2,07,000,00,2,1,09,B01
201700034772,2,07,000,00,2,8,17,A01
201700034773,1,07,000,00,2,1,15,A01
201700034773,2,07,000,00,2,3,01,B01
201700034774,1,07,000,00,2,2,09,A01
201700034774,2,34,000,00,2,7,01,B01
201700034775,1,07,000,00,2,3,01,A01
201700034775,1,07,000,00,2,2,01,B01
201700034776,1,07,000,02,0,1,01,A01
201700034777,1,07,000,00,2,1,15,A01
201700034777,2,07,000,00,2,3,01,B01
201700034778,1,14,000,00,1,2,02,A01
201700034779,1,07,000,09,2,1,01,A01
201700034779,1,07,000,09,2,2,01,B01
201700034780,1,34,000,00,2,2,17,A01
201700034780,1,07,000,00,2,3,15,B01
201700034781,1,07,000,00,2,2,01,B01
201700034781,1,34,000,00,2,8,01,A01
201700034782,2,07,000,00,2,1,21,B01
201700034782,1,07,000,00,9,8,15,A01
201700034783,1,33,000,00,1,1,23,A01
201700034784,1,07,000,00,2,1,01,A01
201700034784,1,31,000,00,2,7,19,B01
201700034785,1,07,000,00,2,3,15,B01
201700034785,1,07,000,00,2,1,01,A01
201700034786,1,07,000,12,2,3,19,A01
201700034786,2,07,000,03,2,1,19,B01
201700034787,2,07,000,00,1,2,02,A01
201700034788,2,07,000,00,1,2,01,A01
201700034789,2,07,000,00,2,3,00,A01
201700034789,1,31,000,00,2,7,00,B01
201700034790,1,34,000,00,2,9,17,A01
201700034790,1,07,000,00,2,3,15,B01
201700034791,1,07,000,00,2,1,01,Z01
201700034791,1,07,000,00,2,4,01,B01
201700034792,2,07,000,00,1,4,10,A01
201700034793,1,07,000,00,2,2,20,A01
201700034793,2,31,000,00,2,1,02,B01
201700034794,1,32,000,00,2,1,01,A01
201700034794,1,07,000,00,2,7,01,B01
201700034795,1,01,000,00,2,7,19,A01
201700034795,1,07,000,00,2,1,01,B01
201700034796,1,07,000,00,1,2,01,A01
201700034797,1,01,000,00,2,1,19,B01
201700034797,1,07,000,00,9,3,19,A01
201700034798,1,07,000,00,2,1,19,A01
201700034798,2,07,000,00,2,2,19,B01
201700034799,2,01,000,00,1,7,01,A01
201700034800,2,07,000,00,1,1,01,A01
201700034801,2,07,000,00,2,3,09,A01
201700034801,1,33,000,00,2,7,19,B01
201700034802,2,10,000,00,1,1,15,A01
201700034803,1,07,000,00,2,1,02,C01
201700034803,1,07,000,00,2,1,02,A01
201700034803,1,07,000,00,2,4,02,B01
201700034804,2,07,000,00,9,2,13,A01
201700034804,1,33,000,00,2,1,21,B01
201700034805,1,37,035,00,2,2,07,B01
201700034805,1,07,000,00,2,3,15,A01
201700034806,2,07,000,00,1,7,01,A01
201700034807,1,34,000,00,2,3,13,A01
201700034807,2,07,000,00,2,8,01,B01
201700034808,1,07,000,00,1,1,02,A01
201700034809,2,01,000,00,2,8,11,B01
201700034809,2,07,000,00,9,2,01,A01
201700034810,1,07,000,00,2,1,01,A01
201700034810,1,07,000,00,2,1,01,C01
201700034810,1,07,000,00,2,4,01,B01
201700034811,1,07,000,00,1,2,01,A01
201700034812,2,07,000,00,1,1,09,A01
201700034813,1,07,000,00,2,2,09,A01
201700034813,1,31,000,00,2,5,00,B01
201700034814,1,07,000,00,9,2,16,A01
201700034814,1,01,000,00,2,1,19,B01
201700034815,1,07,000,00,2,1,01,A01
201700034815,2,07,000,00,2,7,15,B01
201700034816,1,07,000,00,1,3,01,A01
201700034817,1,07,000,00,1,2,01,A01
201700034818,1,07,000,00,1,3,01,A01
201700034819,2,07,000,00,2,3,01,B01
201700034819,1,07,000,00,2,2,01,A01
201700034820,2,07,000,00,2,8,02,B01
201700034820,1,07,000,00,2,2,15,A01
201700034821,2,07,000,08,2,1,21,A01
201700034821,1,07,000,08,2,7,15,B01
201700034822,1,07,000,00,2,1,00,A01
201700034822,1,07,000,06,0,7,01,B01
201700034823,1,07,000,00,1,2,14,A01
201700034824,1,07,000,00,1,4,04,A01
201700034825,1,07,000,00,2,1,01,A01
201700034825,1,07,000,00,2,4,23,B01
201700034826,2,07,000,00,2,4,01,C01
201700034826,2,07,000,00,2,4,01,B01
201700034826,2,07,000,00,2,1,01,A01
201700034827,1,01,000,00,9,1,16,B01
201700034827,1,07,000,00,9,7,16,A01
201700034828,1,99,000,00,2,2,19,B01
201700034828,1,14,000,00,2,3,15,A01
201700034829,2,07,000,00,2,3,19,B01
201700034829,1,31,000,00,2,0,19,A01
201700034830,2,07,000,00,2,1,01,A01
201700034830,1,01,000,00,2,7,19,B01
201700034831,1,01,000,00,2,3,01,B01
201700034831,1,07,000,00,2,5,17,A01
201700034832,1,07,000,00,2,4,01,B01
201700034832,1,07,000,00,2,1,01,A01
201700034833,2,07,000,00,1,7,00,A01
201700034834,1,07,000,00,2,1,13,A01
201700034834,2,07,000,12,2,8,01,B01
201700034835,1,07,000,00,2,1,21,Z01
201700034835,1,10,000,00,2,4,01,B01
201700034836,1,01,000,00,2,2,16,B01
201700034836,1,07,000,00,2,1,09,A01
201700034837,2,07,000,00,2,8,01,B01
201700034837,1,07,000,00,2,3,15,A01
201700034838,2,07,000,00,1,1,19,A01
201700034839,2,07,000,06,0,1,15,A01
201700034840,1,07,000,02,0,2,01,A01
201700034841,1,07,000,09,1,0,15,A01
201700034842,1,07,000,01,0,2,00,Z01
201700034842,1,07,000,00,2,2,24,B01
201700034843,2,37,040,00,2,2,17,A01
201700034843,2,07,000,00,2,3,15,Z01
201700034844,2,07,000,00,2,3,15,A01
201700034844,1,07,000,00,2,1,09,B01
201700034845,1,34,000,00,1,1,01,A01
201700034846,2,33,000,00,2,1,18,B01
201700034846,1,07,000,00,2,1,15,A01
201700034847,2,31,000,00,2,1,01,B01
201700034847,1,07,000,00,2,2,15,A01
201700034848,1,30,000,00,2,1,19,A01
201700034848,2,07,000,00,2,2,19,B01
201700034849,2,01,000,00,2,8,02,B01
201700034849,2,07,000,00,9,1,15,A01
201700034850,1,07,000,00,9,1,01,B01
201700034850,1,07,000,00,2,1,01,A01
201700034851,2,07,000,12,1,7,21,A01
201700034852,2,07,000,15,2,2,19,A01
201700034852,2,33,000,00,2,1,19,B01
201700034853,2,07,000,00,1,3,09,A01
201700034854,1,33,000,00,2,7,15,B01
201700034854,1,07,000,00,2,3,15,A01
201700034855,1,07,000,00,2,8,15,B01
201700034855,1,07,000,00,2,1,01,A01
201700034856,1,37,000,00,2,3,16,B01
201700034856,1,07,000,00,2,2,01,A01
201700034857,2,07,000,00,2,3,14,A01
201700034857,1,07,000,00,2,8,02,B01
201700034858,1,07,000,00,2,3,15,A01
201700034858,1,07,000,00,2,1,01,B01
201700034859,2,07,000,00,2,5,15,A01
201700034859,2,33,000,00,2,3,01,B01
201700034860,2,02,000,00,2,7,01,B01
201700034860,1,07,000,00,2,1,15,Z01
201700034861,1,99,000,00,2,3,01,B01
201700034861,1,07,000,00,2,7,17,A01
201700034862,2,07,000,14,0,2,14,A01
201700034863,1,07,000,00,9,5,15,B01
201700034863,1,32,000,00,9,5,15,A01
201700034864,1,07,000,00,2,1,01,A01
201700034864,1,07,000,00,2,7,01,B01
201700034865,2,07,000,00,2,1,19,A01
201700034865,1,07,000,00,2,7,19,B01
201700034866,2,07,000,00,2,3,21,B01
201700034866,2,33,000,00,2,1,17,A01
201700034867,2,07,000,00,2,6,02,B01
201700034867,2,31,000,00,2,1,02,A01
201700034868,2,33,000,02,0,3,01,A01
201700034869,1,07,000,00,2,1,09,B01
201700034869,1,07,000,00,9,2,01,A01
201700034870,1,07,000,00,2,2,02,A01
201700034870,1,10,000,00,2,6,02,B01
201700034871,1,07,000,00,1,3,01,A01
201700034872,1,07,000,16,0,9,02,A01
201700034872,1,07,000,16,0,1,02,B01
201700034873,2,34,000,00,2,5,17,A01
201700034873,2,07,000,00,2,3,01,B01
201700034874,1,30,000,01,0,3,13,A01
201700034875,1,14,000,00,2,1,02,A01
201700034875,1,07,000,00,9,4,23,B01
201700034876,1,07,000,00,2,0,02,Z01
201700034876,2,07,000,00,2,8,02,B01
201700034877,1,07,000,00,2,2,16,A01
201700034877,1,01,000,00,2,7,19,B01
201700034878,2,15,000,00,0,6,01,B01
201700034878,2,07,000,12,2,9,06,A01
201700034879,2,07,000,00,2,3,01,B01
201700034879,1,07,000,00,2,3,13,A01
201700034880,2,34,000,00,2,4,23,B01
201700034880,2,10,000,00,2,1,02,A01
201700034881,1,37,000,00,2,3,19,B01
201700034881,1,07,000,00,2,1,17,A01
201700034882,2,33,000,00,2,1,16,B01
201700034882,1,07,000,00,2,8,15,A01
201700034883,1,07,000,00,2,2,01,B01
201700034883,2,07,000,00,2,7,19,A01
201700034884,1,99,000,00,2,8,19,B01
201700034884,1,07,000,00,2,3,16,A01
201700034885,2,07,000,00,2,6,01,B01
201700034885,2,07,000,00,2,0,01,A01
201700034886,2,07,000,00,1,2,01,A01
201700034887,1,07,000,00,1,1,15,A01
201700034888,1,07,000,00,2,1,21,A01
201700034889,1,07,000,00,9,7,17,Z01
201700034889,1,01,000,00,2,6,17,B01
201700034890,1,07,000,00,2,1,01,A01
201700034890,1,07,000,00,2,4,01,B01
201700034890,1,07,000,00,2,4,01,C01
201700034891,1,07,000,00,2,2,15,A01
201700034891,1,10,000,09,2,1,19,B01
201700034892,1,07,000,00,2,0,02,Z01
201700034892,2,07,000,00,2,6,02,B01
201700034893,1,07,000,00,2,8,15,B01
201700034893,1,33,000,00,2,2,17,A01
201700034894,1,07,000,00,2,1,01,A01
201700034894,2,07,000,06,0,6,01,B01
201700034895,2,07,000,00,2,1,15,A01
201700034895,1,33,000,00,2,1,01,B01
201700034896,1,07,000,00,1,3,15,A01
201700034897,1,07,000,00,2,8,10,A01
201700034897,2,07,000,00,2,1,13,B01
201700034898,2,40,069,00,1,1,01,A01
201700034899,1,07,000,00,2,1,13,A01
201700034899,2,07,000,00,2,1,01,C01
201700034899,2,07,000,00,2,1,01,B01
201700034900,1,07,000,00,1,1,01,A01
201700034901,2,07,000,00,2,3,10,A01
201700034901,1,34,000,00,2,7,01,B01
201700034902,2,07,000,00,1,3,15,A01
201700034903,2,10,000,16,1,7,16,A01
201700034904,2,07,000,00,2,2,01,A01
201700034904,1,30,000,00,2,1,05,B01
201700034905,1,07,000,02,0,1,13,A01
201700034906,1,07,000,00,2,1,01,A01
201700034906,2,07,000,08,2,7,16,B01
201700034907,1,07,000,00,1,3,19,Z01
201700034908,2,07,000,00,2,1,19,B01
201700034908,2,07,000,08,0,3,19,A01
201700034909,1,07,000,00,1,2,16,A01
201700034910,1,07,000,00,2,5,09,A01
201700034910,1,07,000,00,2,4,15,C01
201700034910,1,07,000,14,2,4,23,B01
201700034911,1,07,000,00,1,2,01,A01
201700034912,2,07,000,00,2,6,10,A01
201700034912,2,33,000,00,2,5,21,B01
201700034913,1,07,000,00,2,1,09,B01
201700034913,1,33,000,00,2,3,17,A01
201700034914,2,02,000,00,2,1,01,B01
201700034914,1,07,000,00,2,3,10,A01
201700034915,1,07,000,00,1,2,01,A01
201700034916,1,07,000,00,1,2,09,A01
201700034917,2,01,000,00,2,1,01,B01
201700034917,2,07,000,00,2,8,23,A01
201700034918,1,07,000,00,2,4,23,B01
201700034918,1,07,000,00,2,5,23,C01
201700034918,1,31,000,00,2,1,17,A01
201700034919,2,07,000,00,2,2,15,A01
201700034919,1,33,000,00,2,5,15,B01
201700034920,2,07,000,00,2,1,01,C01
201700034920,1,07,000,01,2,3,16,A01
201700034920,1,07,000,00,2,1,01,B01
201700034921,1,40,040,00,2,2,19,A01
201700034921,1,01,000,00,4,8,01,B01
201700034922,2,07,000,06,0,2,01,A01
201700034923,1,07,000,00,2,2,16,A01
201700034923,1,07,000,15,1,1,01,B01
201700034924,2,30,000,00,2,8,01,B01
201700034924,2,07,000,00,2,2,16,A01
201700034925,1,07,000,00,1,1,01,A01
201700034926,1,07,000,00,2,1,01,B01
201700034926,1,07,000,00,2,2,15,A01
201700034927,2,07,000,00,2,1,02,A01
201700034927,2,07,000,00,2,4,02,C01
201700034927,2,07,000,00,2,9,02,B01
201700034928,1,07,000,00,1,1,01,A01
201700034929,2,07,000,00,2,3,01,B01
201700034929,1,07,000,00,2,3,13,A01
201700034930,1,07,000,00,1,1,01,A01
201700034931,1,07,000,00,1,0,01,Z01
201700034932,2,07,000,00,1,3,16,A01
201700034933,2,07,000,00,1,3,15,A01
201700034934,2,07,000,00,2,2,01,B01
201700034934,2,07,000,00,2,6,04,A01
201700034935,1,07,000,00,2,1,19,A01
201700034935,2,07,000,00,2,1,01,B01
201700034936,1,07,000,00,2,1,01,B01
201700034936,1,07,000,00,2,3,16,A01
201700034937,1,07,000,00,1,4,20,A01
201700034938,2,07,000,00,2,3,01,A01
201700034938,1,07,000,00,2,6,17,Z01
201700034939,1,99,000,00,2,1,09,B01
201700034939,1,07,000,00,2,1,15,A01
201700034940,2,07,000,00,2,2,01,A01
201700034941,1,10,000,00,1,2,15,A01
201700034942,2,07,000,13,0,3,01,A01
201700034943,2,33,000,13,0,1,14,A01
201700034944,0,07,000,00,2,1,13,A01
201700034944,0,33,000,00,2,3,01,B01
201700034945,2,07,000,00,6,1,01,A01
201700034946,2,07,000,02,0,7,01,A01
201700034947,1,33,000,00,0,0,17,A01
201700034948,0,35,000,00,2,2,13,A01
201700034948,0,16,000,00,2,1,01,B01
201700034949,2,07,000,13,0,8,13,A01
201700034950,0,21,000,00,2,1,01,B01
201700034950,0,07,000,00,2,1,01,A01
201700034951,2,07,000,02,0,3,13,A01
201700034952,0,07,000,00,1,1,01,A01
201700034953,2,07,000,02,0,1,01,A01
201700034954,2,02,000,00,2,1,01,B01
201700034954,1,07,000,00,2,3,17,A01
201700034955,1,07,000,00,2,1,01,B01
201700034955,0,03,000,00,2,7,01,A01
201700034956,0,07,000,00,1,1,01,A01
201700034957,2,07,000,00,2,3,01,B01
201700034957,1,07,000,00,2,3,13,A01
201700034958,1,10,000,02,0,3,13,A01
201700034959,1,07,000,02,0,1,15,A01
201700034960,2,07,000,00,2,3,01,B01
201700034960,2,07,000,00,2,2,17,A01
201700034961,0,07,000,00,1,2,02,A01
201700034962,1,31,000,00,2,2,17,A01
201700034962,1,15,000,00,0,6,15,B01
201700034963,1,33,000,00,2,7,17,B01
201700034963,1,10,000,00,2,3,17,A01
201700034964,1,07,000,00,2,3,13,A01
201700034964,2,15,000,00,2,3,01,C01
201700034964,2,07,000,00,2,3,01,B01
201700034965,1,07,000,00,2,1,01,B01
201700034965,1,10,000,00,2,3,01,A01
201700034966,2,07,000,00,2,3,01,B01
201700034966,1,07,000,00,2,3,13,A01
201700034967,1,07,000,00,2,7,01,B01
201700034967,1,07,000,00,2,1,01,A01
201700034968,1,07,000,00,2,1,01,A01
201700034968,2,07,000,00,2,1,01,B01
201700034969,0,02,000,00,1,1,01,A01
201700034970,1,14,000,00,2,1,01,A01
201700034970,1,14,000,00,2,4,01,C01
201700034970,1,07,000,00,2,9,01,B01
201700034971,2,33,000,00,0,7,16,A01
201700034972,1,07,000,00,2,1,19,B01
201700034972,2,07,000,00,0,7,00,A01
201700034973,1,07,000,00,2,3,15,A01
201700034973,2,01,000,00,2,4,01,B01
201700034974,2,07,000,02,0,8,01,A01
201700034975,1,07,000,00,2,6,13,A01
201700034975,2,07,000,00,2,3,01,B01
201700034976,2,07,000,02,0,1,00,A01
201700034977,2,07,000,00,2,3,00,A01
201700034977,1,07,000,00,2,1,00,B01
201700034978,1,07,000,00,1,1,01,A01
201700034979,1,07,000,08,0,3,01,A01
201700034980,0,07,000,00,2,7,19,A01
201700034980,0,31,000,00,2,1,01,B01
201700034981,2,31,000,00,2,1,01,A01
201700034981,2,01,000,00,2,8,15,B01
201700034982,1,33,000,00,2,7,17,A01
201700034982,1,07,000,00,2,3,01,B01
201700034983,1,33,000,00,2,1,13,A01
201700034983,2,07,000,00,2,2,01,B01
201700034984,1,34,000,01,0,1,01,A01
201700034985,2,33,000,00,6,1,01,A01
201700034986,1,07,000,00,2,3,01,A01
201700034986,2,02,000,00,2,1,01,B01
201700034987,2,02,000,00,2,3,11,A01
201700034987,1,07,000,00,2,3,01,B01
201700034988,1,07,000,00,0,0,19,A01
201700034988,2,01,000,00,0,0,01,B01
201700034989,2,17,000,13,0,0,00,A01
201700034990,2,07,000,00,1,7,00,A01
201700034991,2,10,000,00,2,3,13,A01
201700034991,1,07,000,00,2,3,01,B01
201700034992,1,38,001,00,1,1,01,A01
201700034993,0,07,000,01,0,1,01,A01
201700034994,1,07,000,13,0,9,01,A01
201700034995,1,07,000,00,2,1,17,A01
201700034995,1,07,000,00,2,4,02,B01
201700034996,0,33,000,13,0,0,01,A01
201700034997,1,33,000,00,0,0,01,A01
201700034998,2,07,000,00,2,1,02,A01
201700034998,2,07,000,00,2,4,15,B01
201700034999,0,10,000,00,0,7,20,A01
201700034999,1,33,000,01,0,1,02,B01
201700035000,2,07,000,02,0,3,01,A01
201700035001,0,30,000,00,0,0,00,A01
201700035002,2,15,000,00,2,2,12,A01
201700035002,2,07,000,03,2,6,01,B01
201700035002,1,07,000,00,2,5,01,C01
201700035003,0,07,000,00,1,3,15,A01
201700035004,2,14,000,00,2,5,17,A01
201700035004,2,01,000,00,0,8,02,B01
201700035005,2,15,000,00,2,1,02,A01
201700035005,2,07,000,00,2,4,02,B01
201700035006,2,07,000,00,2,3,13,A01
201700035006,1,07,000,00,2,3,01,B01
201700035007,1,15,000,00,1,2,20,A01
201700035008,2,07,000,16,0,3,01,A01
201700035009,2,10,000,00,1,1,01,A01
201700035010,2,33,000,07,2,7,11,A01
201700035010,1,07,000,00,2,1,01,B01
201700035011,1,07,000,02,0,1,13,A01
201700035012,1,33,000,00,0,0,01,A01
201700035013,2,07,000,00,2,2,15,A01
201700035013,1,02,000,00,2,1,01,B01
201700035014,2,07,000,00,2,7,17,A01
201700035014,2,02,000,00,2,8,02,B01
201700035015,1,07,000,00,2,8,13,A01
201700035015,2,07,000,00,2,3,01,B01
201700035015,2,07,000,00,2,1,01,C01
201700035016,2,07,000,00,1,2,01,A01
201700035017,1,07,000,00,2,1,01,B01
201700035017,1,10,000,00,2,8,05,A01
201700035018,0,07,000,00,1,2,01,A01
201700035019,2,07,000,00,2,3,01,B01
201700035019,0,07,000,00,2,3,01,A01
201700035020,0,07,000,00,1,1,01,A01