Num_Acc,senc,catv,occutc,obs,obsm,choc,manv,num_veh
201700035800,1,07,000,00,2,3,01,B01
201700035801,0,07,000,00,2,1,01,A01
201700035801,0,30,000,00,2,4,23,B01
201700035802,1,07,000,00,2,1,02,A01
201700035802,1,33,000,00,2,4,01,B01
201700035803,2,37,000,00,2,4,23,B01
201700035803,2,30,000,00,2,1,01,A01
201700035804,2,01,000,09,0,7,01,A01
201700035805,2,30,000,00,0,7,00,A01
201700035806,0,07,000,00,2,1,01,A01
201700035806,0,07,000,00,2,7,15,B01
201700035807,2,07,000,00,2,2,01,A01
201700035807,1,30,000,00,2,2,00,B01
201700035808,1,07,000,00,1,2,01,A01
201700035809,0,10,000,00,0,0,00,A01
201700035809,0,33,000,00,0,0,00,B01
201700035810,1,07,000,00,2,3,01,A01
201700035810,2,07,000,00,2,2,01,B01
201700035811,0,07,000,00,1,1,01,A01
201700035812,1,07,000,00,2,1,01,B01
201700035812,2,07,000,00,2,1,17,A01
201700035813,2,07,000,00,2,4,02,C01
201700035813,2,07,000,00,2,1,02,A01
201700035813,2,07,000,00,2,4,02,B01
201700035814,2,30,000,00,0,1,01,A01
201700035815,2,07,000,00,2,2,00,B01
201700035815,1,07,000,00,2,8,00,A01
201700035816,0,32,000,16,0,7,01,A01
201700035817,1,33,000,04,0,0,14,A01
201700035818,1,07,000,00,9,0,16,A01
201700035818,1,01,000,00,2,8,00,B01
201700035819,1,07,000,00,0,0,00,A01
201700035819,2,02,000,00,0,0,21,B01
201700035820,1,07,000,13,0,1,14,A01
201700035821,1,01,000,00,1,1,00,A01
201700035822,2,07,000,07,2,0,00,A01
201700035822,1,07,000,00,2,0,00,B01
201700035823,2,01,000,01,0,0,00,B01
201700035823,2,07,000,00,2,0,22,A01
201700035824,0,07,000,00,2,1,01,B01
201700035824,0,07,000,00,2,2,01,A01
201700035825,1,37,001,00,2,3,23,B01
201700035825,2,16,000,00,2,3,15,A01
201700035826,1,30,000,00,0,0,00,A01
201700035827,0,07,000,11,0,1,13,A01
201700035828,2,07,000,00,2,2,00,A01
201700035828,2,07,000,00,2,6,00,B01
201700035829,2,02,000,00,2,2,01,B01
201700035829,2,07,000,00,2,3,20,A01
201700035830,2,07,000,00,0,0,00,A01
201700035830,0,07,000,00,2,1,01,B01
201700035831,1,01,000,00,2,1,01,A01
201700035831,1,07,000,00,2,1,01,B01
201700035832,0,07,000,00,2,3,01,B01
201700035832,2,07,000,00,2,2,01,A01
201700035833,2,07,000,00,2,8,10,A01
201700035833,1,02,000,00,2,1,01,B01
201700035834,1,07,000,00,2,1,01,B01
201700035834,0,07,000,00,2,7,01,A01
201700035835,0,07,000,00,2,4,23,B01
201700035835,0,07,000,00,2,4,23,C01
201700035835,0,07,000,00,2,1,01,A01
201700035836,1,10,000,00,1,1,00,A01
201700035837,1,33,000,00,0,7,00,A01
201700035838,2,07,000,00,2,1,01,B01
201700035838,2,07,000,00,2,1,19,Z01
201700035839,0,33,000,00,2,7,01,A01
201700035839,0,15,000,00,0,0,00,C01
201700035839,0,07,000,00,2,3,23,B01
201700035840,0,10,000,00,2,2,01,A01
201700035840,0,32,000,00,2,6,01,B01
201700035841,1,07,000,01,0,1,13,A01
201700035842,2,07,000,00,1,1,01,A01
201700035843,0,32,000,00,2,4,23,B01
201700035843,0,07,000,00,2,2,01,A01
201700035844,2,17,000,00,2,8,01,B01
201700035844,1,17,000,00,2,8,01,A01
201700035845,2,07,000,00,2,1,01,A01
201700035845,2,07,000,00,2,4,01,B01
201700035846,1,07,000,00,2,1,01,A01
201700035846,1,32,000,00,2,1,01,B01
201700035847,1,07,000,00,2,2,01,A01
201700035847,2,07,000,00,2,3,01,B01
201700035848,1,34,000,00,1,1,01,A01
201700035849,0,33,000,01,0,3,01,A01
201700035850,1,07,000,00,1,1,01,A01
201700035851,2,33,000,14,0,2,01,A01
201700035852,0,07,000,00,1,3,01,A01
201700035853,1,07,000,00,2,7,15,A01
201700035853,2,33,000,00,2,1,01,B01
201700035854,2,07,000,00,2,6,01,B01
201700035854,2,33,000,00,2,1,01,A01
201700035855,0,33,000,00,0,0,01,A01
201700035856,2,33,000,06,0,1,01,A01
201700035857,1,33,000,16,0,1,00,A01
201700035858,2,30,000,01,0,1,00,A01
201700035859,0,07,000,00,2,2,01,B01
201700035859,0,01,000,00,2,1,05,A01
201700035860,1,07,000,00,2,5,00,A01
201700035860,1,07,000,00,2,1,00,B01
201700035861,2,07,000,13,0,1,00,A01
201700035862,2,01,000,16,0,7,01,A01
201700035863,0,07,000,00,0,0,00,Z01
201700035863,1,07,000,00,2,8,01,A01
201700035864,0,30,000,00,2,1,01,A01
201700035864,0,07,000,00,2,4,23,B01
201700035865,1,07,000,00,2,2,01,A01
201700035865,1,07,000,00,2,1,00,B01
201700035866,1,07,000,00,2,7,16,A01
201700035866,1,32,000,00,2,1,01,B01
201700035867,0,07,000,00,1,1,01,A01
201700035868,1,07,000,00,1,2,00,A01
201700035869,2,30,000,00,0,0,00,A01
201700035870,0,07,000,00,1,1,01,A01
201700035871,1,33,000,00,1,1,01,Z01
201700035872,1,07,000,00,1,7,00,A01
201700035873,1,07,000,00,2,8,00,B01
201700035873,1,07,000,00,2,1,00,A01
201700035874,2,07,000,08,0,1,01,A01
201700035875,2,07,000,00,2,7,19,A01
201700035875,1,33,000,00,2,1,19,B01
201700035876,0,07,000,08,0,1,13,A01
201700035877,1,07,000,01,0,3,13,A01
201700035878,1,07,000,00,1,3,01,A01
201700035879,0,07,000,00,2,8,01,B01
201700035879,0,07,000,00,2,1,01,A01
201700035880,0,01,000,00,0,0,00,A01
201700035881,1,33,000,16,0,7,01,A01
201700035882,1,07,000,00,2,1,17,A01
201700035882,2,07,000,00,2,1,01,B01
201700035883,1,07,000,00,2,1,17,A01
201700035883,2,07,000,00,2,1,01,C01
201700035883,1,07,000,00,2,6,01,B01
201700035884,2,17,000,03,0,8,01,A01
201700035885,2,34,000,00,2,1,17,B01
201700035885,1,07,000,00,2,3,15,A01
201700035886,0,01,000,08,0,1,00,A01
201700035887,0,07,000,08,0,1,13,A01
201700035888,0,01,000,00,2,1,09,A01
201700035888,0,07,000,00,2,4,23,B01
201700035889,0,07,000,00,2,2,16,A01
201700035889,0,32,000,00,2,6,01,B01
201700035890,0,07,000,01,0,2,05,A01
201700035891,0,30,000,00,2,1,01,A01
201700035891,0,07,000,00,2,4,23,B01
201700035892,0,07,000,00,2,1,01,B01
201700035892,0,07,000,00,2,3,15,A01
201700035893,2,07,000,00,2,3,15,B01
201700035893,2,31,000,00,2,1,17,A01
201700035894,0,33,000,00,2,1,01,B01
201700035894,0,07,000,00,2,2,09,A01
201700035895,0,07,000,00,2,4,23,B01
201700035895,0,07,000,00,2,1,01,A01
201700035896,2,03,000,00,2,2,01,A01
201700035896,2,02,000,00,2,1,19,B01
201700035897,1,07,000,00,2,1,01,B01
201700035897,2,07,000,00,2,1,17,A01
201700035898,0,07,000,14,0,2,14,A01
201700035899,0,30,000,16,0,7,01,A01
201700035900,1,07,000,00,2,1,01,A01
201700035900,1,07,000,00,2,4,01,B01
201700035900,1,07,000,00,2,4,01,C01
201700035900,1,07,000,00,2,4,01,D01
201700035901,1,07,000,08,0,1,13,A01
201700035902,1,07,000,00,2,1,01,A01
201700035902,1,07,000,00,2,7,01,B01
201700035903,1,07,000,00,2,0,00,A01
201700035903,2,01,000,00,2,1,19,B01
201700035904,0,07,000,01,0,2,01,A01
201700035905,0,07,000,07,0,1,01,A01
201700035906,2,07,000,00,2,2,01,B01
201700035906,1,07,000,00,2,1,01,Z01
201700035907,1,30,000,00,1,1,01,A01
201700035908,2,07,000,02,0,1,21,A01
201700035908,1,07,000,00,0,0,17,Z01
201700035909,1,07,000,00,1,1,00,Z01
201700035910,1,07,000,00,2,4,01,B01
201700035910,1,31,000,00,2,1,01,A01
201700035911,0,07,000,00,1,1,01,A01
201700035912,2,07,000,00,1,3,01,A01
201700035913,2,07,000,00,2,1,01,A01
201700035913,1,01,000,00,2,1,01,B01
201700035914,2,07,000,00,2,1,01,B01
201700035914,1,07,000,00,2,1,05,A01
201700035915,0,07,000,00,1,1,01,A01
201700035916,1,07,000,00,2,2,15,A01
201700035916,2,30,000,01,2,1,01,B01
201700035917,1,07,000,00,1,2,01,A01
201700035918,1,01,000,00,2,8,01,B01
201700035918,2,07,000,00,2,1,00,A01
201700035919,1,07,000,00,2,8,10,A01
201700035919,1,33,000,00,2,1,17,B01
201700035920,0,01,000,00,2,7,19,A01
201700035920,0,07,000,00,2,1,01,B01
201700035921,0,33,000,00,2,1,01,B01
201700035921,0,07,000,00,2,7,15,A01
201700035922,0,07,000,01,0,1,01,A01
201700035923,2,07,000,00,2,1,01,B01
201700035923,1,07,000,00,2,7,15,A01
201700035924,1,31,000,00,0,0,00,A01
201700035925,2,34,000,00,2,1,17,A01
201700035925,2,07,000,00,2,3,15,B01
201700035926,1,07,000,00,1,1,01,A01
201700035927,1,33,000,00,2,7,17,A01
201700035927,1,07,000,00,2,3,15,B01
201700035928,2,33,000,00,0,0,14,A01
201700035929,2,07,000,00,2,3,21,Z01
201700035929,2,07,000,00,2,3,15,A01
201700035929,1,30,000,00,2,1,01,B01
201700035930,2,07,000,00,1,1,01,A01
201700035931,0,30,000,12,0,1,13,A01
201700035932,0,07,000,00,2,3,10,A01
201700035932,0,01,000,00,2,8,01,B01
201700035933,1,30,000,16,0,7,01,A01
201700035934,2,30,000,00,0,0,01,A01
201700035935,1,33,000,00,2,1,01,A01
201700035935,2,07,000,00,2,5,15,B01
201700035936,2,40,001,00,1,2,01,A01
201700035937,2,07,000,00,2,3,19,B01
201700035937,1,07,000,00,2,1,23,C01
201700035937,2,07,000,00,2,2,19,A01
201700035938,0,07,000,00,2,4,23,B01
201700035938,0,07,000,00,2,1,01,A01
201700035939,1,33,000,14,0,1,01,A01
201700035940,0,07,000,00,1,1,15,A01
201700035941,0,07,000,00,2,1,01,B01
201700035941,0,07,000,00,2,2,01,A01
201700035942,0,30,000,00,0,0,01,A01
201700035943,2,30,000,00,2,1,01,B01
201700035943,1,10,000,00,2,2,15,A01
201700035944,0,07,000,00,2,1,01,C01
201700035944,0,07,000,00,2,4,23,B01
201700035944,0,07,000,00,2,1,01,A01
201700035945,1,34,000,00,2,1,01,A01
201700035945,1,07,000,00,2,4,01,B01
201700035946,2,07,000,01,0,1,13,A01
201700035947,2,07,000,00,1,1,20,Z01
201700035948,2,07,000,00,2,1,02,Z01
201700035948,2,01,000,00,2,4,01,B01
201700035949,0,07,000,00,1,1,01,A01
201700035950,2,07,000,00,2,1,00,B01
201700035950,2,07,000,00,2,2,01,A01
201700035951,0,30,000,00,2,1,01,B01
201700035951,0,07,000,00,2,2,15,A01
201700035952,0,07,000,00,2,6,01,B01
201700035952,0,07,000,00,2,1,01,A01
201700035953,1,07,000,00,2,4,23,C01
201700035953,1,07,000,00,2,4,23,B01
201700035953,1,07,000,00,2,4,23,D01
201700035953,1,07,000,00,2,1,01,A01
201700035954,0,07,000,00,1,3,15,A01
201700035955,1,07,000,00,1,4,04,A01
201700035956,2,37,001,00,1,0,01,A01
201700035957,0,07,000,00,2,1,01,B01
201700035957,0,31,000,00,2,8,11,A01
201700035958,2,33,000,00,0,0,01,A01
201700035959,1,33,000,16,0,0,01,A01
201700035960,1,07,000,00,1,1,01,A01
201700035961,0,13,000,00,0,0,01,A01
201700035961,0,07,000,04,0,9,01,B01
201700035962,0,10,000,00,2,2,15,A01
201700035962,0,30,000,00,2,1,01,B01
201700035963,2,01,000,00,1,1,01,A01
201700035964,1,30,000,00,2,8,19,B01
201700035964,2,07,000,00,2,4,04,A01
201700035965,2,07,000,00,2,1,15,A01
201700035965,2,07,000,00,2,2,01,B01
201700035966,2,07,000,00,2,5,15,A01
201700035966,1,33,000,00,2,1,01,B01
201700035967,1,34,000,00,0,8,01,A01
201700035968,0,10,000,00,2,8,01,B01
201700035968,0,07,000,00,2,1,01,A01
201700035969,2,07,000,00,2,4,02,B01
201700035969,2,07,000,00,2,1,00,A01
201700035970,0,07,000,00,1,3,01,A01
201700035971,0,07,000,00,2,4,02,B01
201700035971,0,07,000,00,2,1,02,A01
201700035972,1,07,000,00,1,1,15,A01
201700035973,1,07,000,00,1,1,01,A01
201700035974,0,07,000,00,1,3,01,A01
201700035975,0,30,000,00,0,0,01,A01
201700035976,2,07,000,08,0,1,14,A01
201700035977,1,01,000,00,1,1,01,A01
201700035978,0,07,000,00,2,1,01,A01
201700035978,0,07,000,00,2,8,01,B01
201700035979,2,07,000,00,2,4,02,B01
201700035979,2,07,000,00,2,4,02,Z01
201700035979,2,07,000,00,2,1,02,A01
201700035980,2,07,000,00,1,0,17,Z01
201700035981,2,07,000,00,1,2,01,A01
201700035982,0,37,001,00,2,3,15,B01
201700035982,0,07,000,00,2,1,01,A01
201700035983,2,07,000,00,1,2,01,A01
201700035984,1,07,000,04,0,3,13,A01
201700035985,0,07,000,00,1,1,01,A01
201700035986,2,33,000,00,0,8,01,A01
201700035987,1,07,000,00,2,1,00,A01
201700035987,2,07,000,00,2,1,00,B01
201700035988,0,07,000,00,1,1,01,A01
201700035989,2,07,000,00,2,0,00,B01
201700035989,1,07,000,00,2,1,00,A01
201700035990,0,02,000,00,2,0,00,B01
201700035990,0,07,000,00,0,0,00,Z01
201700035991,1,07,000,00,1,4,01,B01
201700035991,1,07,000,00,2,1,01,A01
201700035992,1,99,000,00,2,2,00,A01
201700035992,2,07,000,00,2,3,00,B01
201700035993,2,07,000,00,1,8,00,A01
201700035994,0,07,000,00,1,0,00,A01
201700035995,1,07,000,00,2,1,01,B01
201700035995,2,07,000,00,2,2,15,A01
201700035996,0,07,000,04,0,1,00,A01
201700035997,0,07,000,00,1,3,01,A01
201700035998,1,07,000,00,2,1,13,A01
201700035998,1,07,000,00,2,8,19,B01
201700035999,2,07,000,00,2,1,00,A01
201700035999,1,07,000,00,2,7,00,B01
201700035999,1,07,000,00,2,8,01,C01
201700036000,1,07,000,00,1,1,01,A01
201700036001,1,07,000,00,2,1,02,A01
201700036001,1,07,000,00,2,4,02,B01
201700036002,1,07,000,00,1,7,01,A01
201700036003,0,07,000,00,2,1,00,A01
201700036003,0,07,000,00,2,0,00,D01
201700036003,0,07,000,00,2,0,00,C01
201700036003,0,07,000,00,2,0,00,B01
201700036004,0,07,000,00,1,1,16,A01
201700036005,0,07,000,00,1,0,00,A01
201700036006,0,31,000,00,0,0,01,A01
201700036007,1,07,000,00,1,2,00,Z01
201700036008,0,07,000,00,1,3,15,A01
201700036009,0,30,000,00,1,0,01,Z01
201700036010,0,07,000,00,2,0,18,Z01
201700036010,0,01,000,00,0,7,01,A01
201700036011,0,14,000,00,1,0,00,A01
201700036012,1,07,000,00,1,1,01,A01
201700036013,1,07,000,06,2,1,00,A01
201700036013,1,07,000,00,2,3,01,B01
201700036014,2,15,000,00,2,1,01,B01
201700036014,1,07,000,00,2,3,13,A01
201700036015,1,33,000,00,0,0,00,A01
201700036016,0,01,000,00,0,0,00,B01
201700036016,0,07,000,00,0,0,00,A01
201700036017,2,07,000,00,1,0,16,A01
201700036018,2,07,000,00,2,3,01,B01
201700036018,1,07,000,00,2,3,01,A01
201700036019,1,07,000,00,2,1,13,A01
201700036019,2,10,000,00,2,6,01,B01
201700036020,1,15,000,00,0,8,00,A01
201700036021,1,07,000,00,0,1,00,A01
201700036022,2,07,000,00,2,0,01,B01
201700036022,0,01,000,00,2,0,00,A01
201700036023,2,07,000,00,2,4,02,B01
201700036023,2,07,000,00,2,1,02,A01
201700036024,1,07,000,00,2,1,01,B01
201700036024,0,07,000,06,2,7,01,A01
201700036025,0,07,000,00,1,5,04,A01
201700036026,1,07,000,00,2,0,00,B01
201700036026,1,07,000,00,2,4,02,C01
201700036026,1,07,000,00,0,4,02,D01
201700036026,1,07,000,00,2,4,02,A01
201700036027,0,37,001,00,1,2,01,A01
201700036028,1,07,000,00,1,2,01,A01
201700036029,0,37,001,00,1,2,01,A01
201700036030,0,13,000,00,1,8,01,A01
201700036031,0,02,000,00,2,1,09,A01
201700036031,0,07,000,00,2,3,01,B01
201700036032,1,07,000,00,1,2,00,A01
201700036033,1,33,000,00,2,1,02,B01
201700036033,1,07,000,00,2,3,09,A01
201700036034,0,07,000,00,1,0,01,A01
201700036035,1,10,000,09,0,0,14,A01
201700036036,2,07,000,00,2,1,01,A01
201700036036,2,07,000,00,2,4,02,B01
201700036037,2,07,000,00,1,5,01,A01
201700036038,2,30,000,00,2,1,18,A01
201700036038,2,07,000,00,2,2,15,B01
201700036039,1,07,000,00,2,4,02,B01
201700036039,1,07,000,00,2,1,02,A01
201700036040,2,07,000,00,2,1,17,A01
201700036040,2,07,000,00,2,3,15,B01
201700036041,0,07,000,00,1,0,00,A01
201700036042,1,07,000,00,2,2,23,B01
201700036042,0,07,000,00,2,3,13,A01
201700036043,2,07,000,00,2,0,00,A01
201700036043,2,33,000,00,2,0,00,B01
201700036044,1,02,000,00,2,0,00,B01
201700036044,2,07,000,00,2,0,15,A01
201700036045,0,07,000,00,2,5,02,B01
201700036045,0,07,000,00,2,0,00,A01
201700036046,0,07,000,00,1,1,01,A01
201700036047,0,07,000,02,0,3,01,A01
201700036048,0,07,000,00,2,0,00,Z01
201700036048,0,33,000,00,2,0,00,B01
201700036049,0,07,000,00,2,1,01,A01
201700036049,0,37,001,00,2,1,01,B01
201700036050,1,07,000,00,2,7,17,A01
201700036050,2,07,000,00,2,0,00,B01
201700036051,1,07,000,00,2,6,02,B01
201700036051,1,33,000,00,2,1,02,A01
201700036052,2,01,000,00,2,0,19,B01
201700036052,1,07,000,00,2,0,00,A01
201700036053,2,33,000,04,2,0,00,A01
201700036054,0,07,000,00,1,0,01,Z01
201700036055,0,34,000,00,1,0,00,A01
201700036056,1,07,000,00,0,0,01,A01
201700036057,2,31,000,16,0,8,01,A01
201700036058,0,10,000,00,2,1,15,A01
201700036058,1,34,000,00,2,1,01,B01
201700036059,0,07,000,00,2,2,01,A01
201700036059,1,01,000,00,2,8,15,B01
201700036060,0,07,000,00,0,0,00,Z01
201700036060,0,01,000,00,2,1,01,B01
201700036061,2,07,000,00,2,6,09,A01
201700036061,2,30,000,00,2,1,01,B01
201700036062,2,01,000,00,2,0,01,B01
201700036062,2,07,000,00,9,3,10,A01
201700036063,1,37,001,00,2,3,01,B01
201700036063,1,02,000,00,2,1,01,A01
201700036064,1,33,000,00,1,0,21,A01
201700036065,2,07,000,00,2,0,00,B01
201700036065,1,07,000,00,2,0,00,A01
201700036066,2,07,000,00,2,4,02,B01
201700036066,2,07,000,00,2,1,02,A01
201700036067,2,33,000,00,2,0,00,B01
201700036067,2,33,000,00,2,7,00,A01
201700036068,2,07,000,00,1,0,00,A01
201700036069,1,07,000,00,1,3,01,A01
201700036070,2,07,000,00,2,1,02,A01
201700036070,2,07,000,00,2,4,02,B01
201700036070,2,07,000,00,2,0,00,C01
201700036071,0,07,000,00,1,1,17,A01
201700036072,2,07,000,00,1,2,01,A01
201700036073,0,07,000,00,1,4,04,A01
201700036074,2,07,000,00,2,1,10,A01
201700036074,1,33,000,00,2,9,01,B01
201700036075,0,07,000,00,2,8,19,A01
201700036075,0,02,000,00,2,1,01,B01
201700036076,2,07,000,00,2,0,00,A01
201700036076,0,07,000,00,0,0,00,B01
201700036077,1,07,000,00,1,0,00,A01
201700036078,1,37,001,00,1,0,00,A01
201700036079,2,15,000,00,2,0,00,B01
201700036079,2,07,000,00,2,0,00,A01
201700036080,1,33,000,00,2,1,02,A01
201700036080,1,07,000,00,2,6,02,B01
201700036081,2,07,000,04,0,0,00,A01
201700036082,1,07,000,00,0,9,01,A01
201700036083,1,07,000,00,2,1,01,B01
201700036083,0,07,000,00,2,8,15,A01
201700036084,1,36,000,01,0,0,00,A01
201700036085,0,07,000,00,2,6,09,Z01
201700036085,2,33,000,00,2,1,01,A01
201700036086,0,07,000,00,2,1,16,A01
201700036086,0,31,000,00,2,8,01,B01
201700036087,0,07,000,00,2,0,00,B01
201700036087,2,07,000,00,2,0,00,A01
201700036088,2,07,000,00,0,0,00,C01
201700036088,2,07,000,00,2,0,00,B01
201700036088,2,33,000,00,2,0,00,A01
201700036089,1,10,000,00,2,0,00,B01
201700036089,1,33,000,00,2,0,00,A01
201700036090,2,33,000,00,2,1,01,B01
201700036090,1,07,000,00,2,1,15,A01
201700036091,0,07,000,00,2,1,01,A01
201700036091,0,07,000,09,2,7,01,B01
201700036092,2,07,000,00,1,8,18,A01
201700036093,0,31,000,00,2,3,00,A01
201700036093,0,07,000,00,2,2,16,B01
201700036094,1,07,000,15,0,1,00,A01
201700036095,1,07,000,12,0,3,01,A01
201700036096,2,31,000,00,0,0,00,A01
201700036097,0,07,000,00,2,1,02,A01
201700036097,0,01,000,00,2,4,02,B01
201700036098,0,07,000,00,1,0,00,A01
201700036099,0,33,000,00,2,2,00,B01
201700036099,0,37,001,00,2,3,10,A01
201700036100,1,07,000,00,1,0,01,A01
201700036101,2,07,000,00,2,1,02,A01
201700036101,2,33,000,00,2,4,02,B01
201700036102,2,07,000,00,2,3,01,B01
201700036102,1,07,000,00,2,3,17,A01
201700036103,0,07,000,00,2,7,16,B01
201700036103,0,31,000,00,2,1,01,A01
201700036104,2,07,000,00,2,2,12,A01
201700036104,2,07,000,00,2,3,01,B01
201700036105,1,07,000,00,1,3,15,A01
201700036106,1,07,000,00,2,4,02,B01
201700036106,1,07,000,00,2,1,02,A01
201700036107,1,07,000,00,2,3,01,B01
201700036107,1,10,000,00,2,6,15,A01
201700036108,0,07,000,00,2,3,01,B01
201700036108,0,01,000,00,2,1,19,C01
201700036108,0,01,000,00,2,1,19,A01
201700036109,2,07,000,00,2,3,13,A01
201700036109,1,07,000,00,2,3,01,B01
201700036110,0,07,000,00,1,1,09,A01
201700036111,0,07,000,00,2,0,00,A01
201700036111,0,34,000,00,2,6,00,B01
201700036112,2,33,000,00,2,1,01,B01
201700036112,2,07,000,00,2,5,15,A01
201700036113,2,07,000,00,2,7,15,A01
201700036113,1,33,000,00,2,1,01,B01
201700036114,2,07,000,00,2,3,00,A01
201700036114,1,07,000,00,2,1,00,B01
201700036115,0,31,000,00,2,1,01,A01
201700036115,0,07,000,00,2,2,01,B01
201700036116,1,07,000,00,2,7,02,A01
201700036116,1,34,000,00,2,1,02,B01
201700036117,1,07,000,00,2,4,02,C01
201700036117,1,07,000,00,2,4,02,D01
201700036117,1,07,000,00,2,1,02,A01
201700036117,1,07,000,00,2,4,02,B01
201700036118,1,07,000,00,2,2,02,A01
201700036118,1,07,000,00,2,9,02,B01
201700036119,1,31,000,00,0,1,01,A01
201700036120,1,07,000,00,2,3,01,B01
201700036120,1,07,000,00,2,1,05,A01
201700036121,1,37,001,00,1,7,07,A01
201700036122,1,07,000,01,0,1,01,A01
201700036123,1,33,000,00,2,2,12,B01
201700036123,1,07,000,00,2,3,01,A01
201700036124,0,02,000,00,2,1,02,A01
201700036124,0,14,000,00,2,4,02,B01
201700036125,1,07,000,00,2,1,01,B01
201700036125,1,07,000,14,2,1,13,A01
201700036126,1,34,000,00,2,8,01,A01
201700036126,1,07,000,00,2,0,14,B01
201700036127,1,07,000,07,0,1,01,A01
201700036128,0,07,000,00,1,5,01,A01
201700036129,1,15,000,15,0,7,14,A01
201700036130,1,10,000,04,0,0,01,B01
201700036130,1,07,000,00,0,0,14,A01
201700036131,0,07,000,00,2,3,19,A01
201700036131,1,34,000,00,2,1,01,B01
201700036132,1,07,000,00,2,3,15,B01
201700036132,1,31,000,00,2,0,17,A01
201700036133,1,07,000,00,2,6,19,A01
201700036133,1,33,000,00,2,7,01,B01
201700036134,2,07,000,02,0,1,01,A01
201700036135,0,15,000,00,2,3,00,B01
201700036135,0,07,000,00,2,3,00,A01
201700036136,1,07,000,00,2,4,02,C01
201700036136,1,34,000,00,2,4,02,A01
201700036136,1,07,000,00,2,1,02,B01
201700036137,1,07,000,00,1,0,16,A01
201700036138,0,33,000,00,2,0,00,B01
201700036138,0,07,000,00,2,3,00,A01
201700036139,2,33,000,00,0,1,00,A01
201700036140,2,07,000,00,2,1,00,A01
201700036140,0,07,000,00,2,7,00,B01
201700036141,1,33,000,00,2,1,08,A01
201700036141,2,07,000,00,2,2,15,B01
201700036142,2,07,000,00,0,0,00,A01
201700036143,0,07,000,00,1,7,00,A01
201700036144,0,07,000,00,2,1,01,A01
201700036144,0,07,000,00,2,1,05,B01
201700036145,1,07,000,00,2,1,02,A01
201700036145,2,07,000,00,2,4,02,B01
201700036146,2,17,000,00,2,2,02,A01
201700036146,2,07,000,00,2,8,02,B01
201700036147,1,07,000,00,1,1,01,A01
201700036148,1,17,000,00,1,2,01,A01
201700036149,0,01,000,00,2,1,01,B01
201700036149,0,07,000,00,2,5,15,A01
201700036150,0,07,000,00,1,1,01,Z01
201700036151,0,33,000,00,2,1,01,B01
201700036151,0,07,000,00,2,7,15,A01
201700036152,2,07,000,00,2,4,02,D01
201700036152,2,07,000,00,2,4,02,B01
201700036152,2,02,000,00,2,4,02,C01
201700036152,2,07,000,00,2,1,02,A01
201700036153,2,07,000,08,0,1,14,A01
201700036154,2,10,000,00,2,8,15,A01
201700036154,2,33,000,00,2,7,01,B01
201700036155,2,07,000,00,2,1,16,A01
201700036156,2,02,000,00,2,0,00,B01
201700036156,2,07,000,00,2,8,00,A01
201700036157,1,31,000,00,0,1,21,A01
201700036158,1,33,000,00,2,1,18,B01
201700036158,1,07,000,00,2,7,02,A01
201700036159,1,31,000,00,2,1,21,A01
201700036160,1,07,000,00,1,1,01,Z01
201700036161,1,07,000,00,1,3,01,A01
201700036162,1,07,000,00,1,1,01,A01
201700036163,0,33,000,00,2,1,01,B01
201700036163,0,07,000,00,2,2,15,A01
201700036164,1,07,000,00,2,6,09,B01
201700036164,1,33,000,00,2,1,21,A01
201700036165,2,33,000,00,0,8,13,A01
201700036166,0,07,000,00,2,3,10,A01
201700036166,0,34,000,00,2,1,00,B01
201700036167,0,37,001,00,1,2,01,A01
201700036168,1,34,000,00,0,8,00,A01
201700036169,2,30,000,00,2,1,01,A01
201700036169,0,30,000,00,2,1,01,B01
201700036170,0,07,000,13,0,0,00,A01
201700036171,0,07,000,00,2,0,00,A01
201700036171,0,34,000,00,2,0,00,B01
201700036172,2,07,000,00,2,0,12,A01
201700036172,2,34,000,00,2,3,01,B01
201700036173,1,07,000,00,2,4,02,B01
201700036173,1,03,000,00,2,1,02,A01
201700036174,1,37,001,00,2,7,16,A01
201700036174,1,01,000,00,2,1,19,B01
201700036175,1,07,000,00,2,4,02,B01
201700036175,1,10,000,00,2,4,02,C01
201700036175,1,34,000,00,2,1,02,A01
201700036176,1,01,000,00,1,1,00,A01
201700036177,0,07,000,00,1,3,01,A01
201700036178,2,07,000,00,2,4,02,B01
201700036178,2,07,000,00,2,2,02,A01
201700036179,1,07,000,00,2,1,02,A01
201700036179,1,07,000,00,2,4,02,B01
201700036180,1,31,000,00,2,1,19,A01
201700036180,0,07,000,00,2,8,15,B01
201700036181,2,30,000,09,0,1,17,A01
201700036182,2,07,000,00,1,2,01,A01
201700036183,1,07,000,00,2,3,15,A01
201700036183,2,07,000,00,2,3,01,B01
201700036184,0,07,000,00,1,0,15,Z01
201700036185,1,07,000,00,2,4,02,B01
201700036185,2,07,000,00,2,1,02,A01
201700036186,0,07,000,00,1,2,16,A01
201700036187,1,30,000,00,2,1,19,A01
201700036187,0,07,000,00,2,5,01,B01
201700036188,0,07,000,00,2,1,00,A01
201700036188,0,33,000,00,2,1,00,B01
201700036189,0,07,000,00,2,0,00,B01
201700036189,0,33,000,00,2,7,00,A01
201700036190,0,15,000,00,2,4,00,B01