Num_Acc,senc,catv,occutc,obs,obsm,choc,manv,num_veh
201700036190,0,15,000,00,2,1,00,A01
201700036190,0,15,000,00,2,4,00,C01
201700036191,1,07,000,00,1,1,01,A01
201700036192,0,31,000,00,2,8,01,B01
201700036192,0,07,000,00,2,1,15,A01
201700036193,1,07,000,00,1,3,01,A01
201700036194,0,07,000,00,1,3,01,A01
201700036195,0,07,000,00,2,8,10,A01
201700036195,0,07,000,00,2,1,01,B01
201700036196,0,07,000,00,1,1,00,A01
201700036197,0,07,000,00,2,4,00,B01
201700036197,0,01,000,00,2,1,21,A01
201700036198,2,07,000,00,2,1,13,A01
201700036198,2,07,000,00,2,5,23,B01
201700036199,2,07,000,06,0,1,13,A01
201700036200,2,07,000,00,2,9,01,A01
201700036200,2,30,000,00,2,1,23,D01
201700036200,2,07,000,00,2,1,23,C01
201700036200,1,07,000,00,2,1,01,B01
201700036201,0,07,000,00,2,0,00,B01
201700036201,0,14,000,00,2,3,15,A01
201700036202,0,07,000,00,2,0,00,A01
201700036202,0,34,000,00,2,2,00,B01
201700036203,1,07,000,00,1,2,01,A01
201700036203,1,07,000,00,1,6,01,B01
201700036204,1,07,000,00,1,1,01,A01
201700036205,1,13,000,01,0,3,01,A01
201700036205,1,15,000,01,0,7,24,B01
201700036206,2,07,000,00,1,3,23,B01
201700036206,1,07,000,00,1,3,01,A01
201700036207,2,07,000,00,2,1,02,A01
201700036207,1,07,000,00,2,4,09,B01
201700036208,1,10,000,00,1,1,02,A01
201700036209,2,07,000,00,1,2,01,A01
201700036210,1,07,000,00,2,1,00,A01
201700036211,2,07,000,03,0,1,02,A01
201700036212,0,10,000,00,2,0,01,Z01
201700036212,0,01,000,00,2,1,15,A01
201700036213,1,07,000,06,0,1,01,A01
201700036214,2,07,000,00,2,3,01,A01
201700036214,1,07,000,00,2,3,15,B01
201700036215,2,07,000,15,1,2,01,A01
201700036216,1,07,000,14,0,7,15,A01
201700036216,1,33,000,14,0,0,00,B01
201700036217,1,07,000,00,2,1,13,A01
201700036217,2,07,000,00,2,1,01,B01
201700036218,1,07,000,00,1,1,01,A01
201700036219,2,07,000,00,2,3,13,A01
201700036219,2,33,000,00,2,2,17,B01
201700036220,1,10,000,14,2,2,00,A01
201700036220,2,10,000,00,2,7,00,B01
201700036221,0,07,000,00,1,0,19,A01
201700036222,2,07,000,16,6,9,21,A01
201700036223,1,10,000,00,2,1,17,A01
201700036223,2,07,000,00,2,2,01,B01
201700036224,1,07,000,00,2,1,15,A01
201700036224,2,07,000,00,2,8,01,B01
201700036225,2,07,000,09,0,3,13,A01
201700036226,1,07,000,00,2,4,15,A01
201700036226,1,07,000,00,2,1,01,B01
201700036226,2,07,000,00,2,1,01,C01
201700036227,1,07,000,12,1,1,09,A01
201700036228,2,07,000,13,0,0,01,A01
201700036229,1,07,000,00,2,3,11,A01
201700036229,2,07,000,00,2,3,01,B01
201700036230,1,07,000,00,1,2,01,A01
201700036231,1,07,000,00,2,8,01,A01
201700036231,2,07,000,00,2,8,05,B01
201700036232,1,10,000,00,1,1,16,A01
201700036233,1,07,000,00,2,1,02,A01
201700036233,1,07,000,00,2,4,02,B01
201700036233,2,07,000,00,0,3,01,C01
201700036234,1,07,000,00,2,1,13,A01
201700036234,2,07,000,00,2,1,01,B01
201700036235,2,30,000,00,2,1,02,A01
201700036235,2,07,000,00,0,6,23,B01
201700036235,1,10,000,00,2,0,01,Z01
201700036236,2,07,000,00,0,2,05,A01
201700036237,2,07,000,13,0,3,13,A01
201700036238,2,07,000,00,1,2,00,A01
201700036239,1,07,000,00,2,2,05,A01
201700036239,2,07,000,00,2,2,01,B01
201700036240,1,07,000,08,0,9,00,A01
201700036241,1,33,000,00,0,1,14,A01
201700036242,2,07,000,00,2,3,09,B01
201700036242,1,10,000,00,2,1,01,A01
201700036243,2,10,000,08,0,1,15,A01
201700036244,1,07,000,00,2,1,09,A01
201700036244,1,31,000,00,2,1,01,B01
201700036245,2,21,000,00,2,1,01,A01
201700036245,2,07,000,00,2,4,23,B01
201700036246,2,07,000,00,2,2,01,A01
201700036246,1,07,000,00,2,7,15,B01
201700036247,2,38,001,00,1,2,01,A01
201700036248,1,10,000,00,2,3,13,A01
201700036248,2,07,000,00,2,3,01,B01
201700036248,2,07,000,00,2,1,01,C01
201700036249,2,07,000,00,1,8,01,A01
201700036250,1,07,000,02,0,1,00,A01
201700036251,2,07,000,00,1,1,01,A01
201700036252,2,07,000,00,1,1,13,A01
201700036253,2,10,000,00,2,8,19,A01
201700036253,2,10,000,00,2,1,01,B01
201700036254,2,07,000,13,0,0,00,A01
201700036255,2,15,000,00,1,3,02,A01
201700036256,1,02,000,00,0,0,01,A01
201700036257,2,02,000,00,2,2,17,A01
201700036257,2,07,000,00,2,3,15,B01
201700036258,2,07,000,00,2,3,01,A01
201700036258,1,01,000,00,2,8,19,B01
201700036259,1,07,000,02,0,3,01,A01
201700036260,2,33,000,16,0,7,01,A01
201700036261,1,07,000,00,2,1,02,A01
201700036261,1,01,000,00,2,4,02,B01
201700036262,1,07,000,00,1,2,01,A01
201700036263,2,33,000,00,2,6,17,A01
201700036263,2,20,000,00,0,6,15,B01
201700036264,2,02,000,16,0,2,01,A01
201700036265,0,07,000,00,2,1,01,A01
201700036265,0,07,000,00,2,8,01,B01
201700036266,1,07,000,00,2,3,13,A01
201700036266,2,07,000,00,2,3,01,B01
201700036267,2,14,000,00,2,1,02,A01
201700036267,2,07,000,13,2,4,02,B01
201700036267,2,07,000,16,2,4,02,C01
201700036268,2,07,000,15,0,9,09,A01
201700036269,1,01,000,00,0,4,09,F01
201700036269,1,99,000,00,2,2,01,S01
201700036270,2,07,000,02,0,1,11,A01
201700036271,2,07,000,12,0,2,14,A01
201700036272,1,33,000,00,0,9,13,A01
201700036272,2,07,000,00,0,0,01,B01
201700036273,2,07,000,00,2,5,23,A01
201700036273,1,07,000,00,0,0,00,B01
201700036273,2,07,000,00,2,1,02,C01
201700036274,1,33,000,07,0,0,00,A01
201700036275,2,07,000,00,2,7,15,A01
201700036275,1,33,000,00,2,1,01,B01
201700036276,1,34,000,00,2,7,17,A01
201700036276,0,07,000,00,2,2,09,B01
201700036277,1,07,000,00,1,1,01,A01
201700036278,1,31,000,06,0,1,01,A01
201700036279,1,33,000,00,2,6,17,A01
201700036279,1,07,000,00,2,6,01,B01
201700036280,0,07,000,00,1,0,01,A01
201700036281,1,07,000,00,2,1,01,B01
201700036281,2,07,000,00,2,3,09,A01
201700036282,2,07,000,00,9,6,01,A01
201700036283,1,07,000,00,1,1,01,A01
201700036284,1,07,000,00,1,2,19,A01
201700036285,1,07,000,00,0,0,00,A01
201700036285,1,07,000,00,0,0,00,B01
201700036286,1,07,000,00,1,2,01,A01
201700036287,1,07,000,16,0,5,13,A01
201700036287,2,07,000,00,0,3,00,B01
201700036288,1,33,000,12,2,7,17,A01
201700036288,1,07,000,00,0,0,02,B01
201700036288,1,07,000,00,0,0,02,C01
201700036289,1,10,000,00,1,3,01,A01
201700036290,1,07,000,00,1,1,02,A01
201700036291,1,07,000,13,0,1,12,A01
201700036292,2,07,000,00,1,1,01,A01
201700036293,1,07,000,00,2,5,15,A01
201700036293,2,31,000,00,2,1,01,B01
201700036294,1,33,000,07,0,1,06,A01
201700036295,1,37,001,00,1,1,01,A01
201700036296,1,07,000,03,0,1,06,A01
201700036297,1,33,000,00,0,7,17,A01
201700036298,0,15,000,02,0,2,19,A01
201700036299,1,07,000,00,2,4,02,A01
201700036299,1,07,000,00,2,4,02,B01
201700036300,2,07,000,00,2,9,00,B01
201700036300,1,07,000,00,2,1,01,C01
201700036300,0,07,000,00,2,1,16,A01
201700036301,2,07,000,00,1,2,01,A01
201700036302,2,07,000,00,2,8,13,A01
201700036302,1,07,000,00,2,3,01,B01
201700036303,1,07,000,00,1,3,01,A01
201700036304,1,07,000,00,1,1,00,A01
201700036305,1,07,000,00,1,2,02,A01
201700036306,2,10,000,14,0,4,15,A01
201700036306,2,33,000,00,2,1,23,B01
201700036307,1,07,000,00,1,2,01,A01
201700036308,1,07,000,04,2,1,01,A01
201700036308,1,07,000,03,0,6,17,B01
201700036309,1,07,000,15,0,8,15,A01
201700036310,1,10,000,16,2,1,01,A01
201700036310,2,07,000,00,2,1,01,B01
201700036310,2,07,000,00,2,1,01,C01
201700036311,2,07,000,00,1,1,01,A01
201700036312,1,07,000,00,2,1,13,A01
201700036312,2,07,000,00,2,1,01,B01
201700036313,2,07,000,00,2,1,15,A01
201700036313,1,07,000,15,2,1,01,B01
201700036314,2,07,000,00,2,2,13,A01
201700036314,2,07,000,00,2,8,10,B01
201700036315,1,07,000,00,2,9,13,A01
201700036315,1,07,000,00,2,3,21,B01
201700036315,1,07,000,00,2,3,21,C01
201700036315,1,07,000,00,2,6,21,D01
201700036316,1,10,000,00,1,4,04,A01
201700036317,1,07,000,00,2,3,13,A01
201700036317,1,07,000,00,2,3,02,B01
201700036318,1,33,000,00,2,2,08,A01
201700036318,2,07,000,00,2,5,15,B01
201700036319,1,07,000,03,0,2,01,A01
201700036320,2,07,000,00,1,1,02,A01
201700036321,1,07,000,00,1,3,16,A01
201700036322,1,31,000,00,2,1,01,A01
201700036322,2,07,000,00,2,2,15,B01
201700036323,1,07,000,00,1,1,09,A01
201700036324,2,07,000,00,2,8,10,A01
201700036324,2,32,000,00,2,1,01,B01
201700036325,1,07,000,00,1,2,14,A01
201700036326,1,07,000,00,1,1,01,A01
201700036327,0,07,000,00,1,1,07,A01
201700036328,2,07,000,00,2,8,19,A01
201700036328,1,10,000,00,2,3,01,B01
201700036329,1,01,000,00,2,9,01,B01
201700036329,1,07,000,00,2,3,19,A01
201700036330,2,07,000,00,2,8,10,A01
201700036330,2,07,000,00,2,1,01,B01
201700036331,2,07,000,13,2,3,17,A01
201700036331,1,07,000,00,2,1,02,B01
201700036331,1,07,000,00,2,4,02,C01
201700036332,1,07,000,03,2,8,01,B01
201700036332,0,07,000,00,2,3,16,A01
201700036333,1,07,000,01,0,1,15,A01
201700036334,0,07,000,00,2,1,02,A01
201700036334,0,07,000,00,0,4,02,B01
201700036335,2,07,000,00,2,7,15,A01
201700036335,1,33,000,00,2,1,01,B01
201700036336,1,07,000,00,2,3,13,A01
201700036336,2,07,000,00,2,8,01,B01
201700036336,2,07,000,00,2,1,01,C01
201700036337,1,33,000,00,1,2,17,A01
201700036338,2,07,000,00,1,2,02,A01
201700036339,1,07,000,00,2,4,01,A01
201700036339,1,07,000,00,2,1,11,B01
201700036340,0,07,000,00,2,1,01,A01
201700036340,0,30,000,00,2,4,02,B01
201700036341,2,07,000,00,2,3,02,A01
201700036341,2,07,000,00,2,4,02,B01
201700036342,1,07,000,00,1,3,02,A01
201700036343,1,07,000,01,0,9,21,A01
201700036344,1,07,000,00,1,0,00,A01
201700036345,2,07,000,13,2,8,10,A01
201700036345,2,15,000,13,2,1,02,B01
201700036346,1,07,000,00,1,2,01,A01
201700036347,0,33,000,00,0,0,01,A01
201700036347,0,07,000,00,2,3,15,B01
201700036348,1,33,000,00,2,1,05,A01
201700036348,2,07,000,00,2,3,16,B01
201700036349,1,07,000,00,0,2,15,A01
201700036349,2,02,000,00,0,1,01,B01
201700036350,2,10,000,00,1,2,15,A01
201700036351,1,14,000,00,1,0,01,Z01
201700036352,2,07,000,00,0,0,00,A01
201700036352,0,01,000,00,0,0,00,B01
201700036353,1,15,000,00,1,1,01,A01
201700036354,1,07,000,00,9,2,02,A01
201700036354,1,01,000,00,2,4,02,B01
201700036355,1,33,000,09,1,7,21,A01
201700036356,1,07,000,00,9,1,00,A01
201700036356,1,01,000,00,2,0,00,B01
201700036357,1,07,000,00,2,1,13,A01
201700036357,2,07,000,00,2,3,02,B01
201700036357,2,07,000,00,2,0,02,C01
201700036357,2,07,000,00,2,1,02,D01
201700036358,2,07,000,02,0,1,13,A01
201700036359,1,07,000,00,1,0,02,A01
201700036360,1,33,000,00,0,0,17,A01
201700036361,1,07,000,00,1,1,01,A01
201700036362,2,07,000,15,0,9,13,A01
201700036363,1,33,000,00,2,1,00,A01
201700036363,1,07,000,00,2,6,15,B01
201700036364,1,33,000,00,2,1,17,A01
201700036364,1,16,000,00,2,3,15,B01
201700036365,1,07,000,00,2,2,01,A01
201700036365,1,01,000,00,2,4,01,B01
201700036366,2,07,000,00,2,1,13,A01
201700036366,1,37,001,00,2,1,01,B01
201700036367,2,07,000,02,0,6,14,A01
201700036368,2,33,000,00,2,7,01,B01
201700036368,1,07,000,00,2,1,15,A01
201700036369,1,07,000,00,1,0,20,A01
201700036370,2,07,000,00,1,2,21,A01
201700036371,2,07,000,02,0,1,13,A01
201700036372,1,07,000,00,1,1,01,A01
201700036373,1,07,000,02,0,1,13,A01
201700036374,0,07,000,08,2,1,13,A01
201700036375,2,07,000,00,2,3,13,A01
201700036375,1,07,000,00,2,3,01,B01
201700036375,1,07,000,00,2,7,14,C01
201700036376,1,07,000,00,1,2,02,A01
201700036377,1,01,000,00,2,0,00,A01
201700036377,1,07,000,00,2,4,01,B01
201700036378,1,07,000,00,1,1,01,A01
201700036379,2,07,000,01,0,3,00,A01
201700036379,2,30,000,00,2,4,02,B01
201700036380,2,07,000,02,0,1,13,A01
201700036381,2,07,000,00,2,1,13,A01
201700036381,1,07,000,00,2,1,01,B01
201700036382,2,07,000,00,2,3,09,A01
201700036382,2,07,000,00,2,2,01,B01
201700036382,2,33,000,00,2,1,01,C01
201700036383,2,07,000,00,2,4,02,A01
201700036383,2,07,000,00,2,0,02,B01
201700036383,2,07,000,00,2,4,02,C01
201700036384,2,07,000,00,1,1,01,A01
201700036385,2,07,000,13,2,3,17,A01
201700036385,1,07,000,13,2,3,01,B01
201700036385,2,01,000,00,2,4,01,C01
201700036386,1,07,000,00,2,1,01,A01
201700036386,2,30,000,00,2,2,01,B01
201700036387,2,07,000,00,2,8,15,A01
201700036387,1,31,000,00,2,1,01,B01
201700036388,1,07,000,00,2,3,01,A01
201700036388,1,01,000,00,2,4,13,B01
201700036389,1,07,000,00,1,8,00,A01
201700036390,2,07,000,00,2,1,00,A01
201700036390,1,07,000,00,2,1,00,B01
201700036391,2,07,000,12,0,1,01,A01
201700036392,2,07,000,00,1,0,00,A01
201700036393,1,07,000,00,2,3,13,A01
201700036393,2,07,000,00,2,1,01,B01
201700036394,1,33,000,00,2,4,01,A01
201700036394,2,07,000,00,0,0,00,B01
201700036395,1,07,000,00,2,3,15,A01
201700036395,1,30,000,00,2,1,17,B01
201700036396,2,33,000,12,0,1,02,A01
201700036397,1,07,000,00,2,2,15,A01
201700036397,2,33,000,00,2,1,00,B01
201700036398,2,10,000,00,2,3,13,A01
201700036398,1,07,000,00,2,8,01,B01
201700036398,1,07,000,00,2,3,01,C01
201700036399,2,07,000,00,2,4,02,A01
201700036399,2,07,000,00,2,1,02,B01
201700036400,1,07,000,08,0,8,14,A01
201700036401,1,07,000,00,2,2,01,A01
201700036401,2,01,000,00,2,1,19,B01
201700036402,1,07,000,00,1,7,01,A01
201700036403,1,07,000,00,2,4,23,A01
201700036403,1,07,000,00,2,9,02,B01
201700036403,1,07,000,00,2,1,02,C01
201700036404,1,07,000,00,1,3,01,A01
201700036405,1,07,000,00,1,1,01,A01
201700036406,1,07,000,08,2,3,01,A01
201700036406,1,07,000,00,2,5,16,B01
201700036407,2,07,000,00,2,1,01,B01
201700036407,1,07,000,00,2,1,15,P01
201700036408,1,07,000,00,1,1,01,A01
201700036409,1,07,000,01,1,4,20,B01
201700036410,1,07,000,00,2,2,17,A01
201700036410,1,01,000,00,2,6,02,B01
201700036411,1,33,000,00,2,5,01,B01
201700036411,1,07,000,00,2,2,01,A01
201700036412,2,07,000,00,2,1,02,A01
201700036412,2,07,000,00,2,4,02,B01
201700036412,2,07,000,00,2,4,00,C01
201700036413,1,07,000,00,1,3,15,A01
201700036414,2,07,000,00,2,1,02,A01
201700036414,2,07,000,00,2,4,23,B01
201700036415,1,07,000,00,1,1,02,A01
201700036416,2,07,000,00,1,1,01,A01
201700036417,1,07,000,00,2,2,17,A01
201700036417,1,07,000,00,2,6,23,B01
201700036417,1,07,000,00,2,6,23,C01
201700036418,2,07,000,12,0,2,01,A01
201700036419,1,07,000,00,1,3,19,A01
201700036420,1,07,000,00,2,2,15,A01
201700036420,2,07,000,00,2,3,01,B01
201700036421,1,07,000,00,1,3,19,A01
201700036422,1,07,000,00,1,3,01,A01
201700036423,1,07,000,00,1,2,21,L01
201700036424,2,07,000,15,2,1,17,A01
201700036424,2,07,000,02,2,8,00,B01
201700036425,1,07,000,00,0,0,00,B01
201700036425,1,33,000,00,0,0,00,A01
201700036426,1,15,000,03,2,9,13,A01
201700036426,2,07,000,03,2,1,01,B01
201700036426,2,07,000,03,2,3,00,C01
201700036426,2,07,000,00,9,1,01,D01
201700036426,2,07,000,00,9,1,00,E01
201700036427,2,07,000,00,1,2,01,A01
201700036428,2,07,000,00,2,1,17,A01
201700036428,1,07,000,00,2,3,01,B01
201700036428,1,07,000,00,2,3,01,C01
201700036429,2,31,000,00,2,8,01,A01
201700036429,1,07,000,00,2,1,15,B01
201700036430,2,07,000,13,2,2,13,A01
201700036430,1,07,000,00,2,1,01,B01
201700036431,1,07,000,00,2,3,17,B01
201700036431,2,07,000,00,2,8,00,C01
201700036431,1,07,000,00,2,1,00,A01
201700036432,1,07,000,00,9,2,02,A01
201700036432,1,01,000,00,2,4,02,B01
201700036433,2,07,000,00,1,2,02,A01
201700036434,0,07,000,00,1,4,20,A01
201700036435,1,07,000,00,2,3,13,A01
201700036435,2,14,000,03,2,3,01,B01
201700036436,2,07,000,03,2,3,01,A01
201700036436,1,07,000,00,2,3,13,B01
201700036437,1,10,000,00,2,3,15,A01
201700036437,2,33,000,00,2,8,16,B01
201700036438,2,07,000,00,1,1,01,A01
201700036439,1,07,000,11,2,3,13,A01
201700036439,2,07,000,11,2,8,01,B01
201700036440,1,33,000,02,0,2,17,A01
201700036441,2,31,000,00,2,1,17,A01
201700036441,1,07,000,00,9,3,16,B01
201700036442,1,07,000,00,2,3,13,A01
201700036442,2,10,000,00,2,8,01,B01
201700036443,1,07,000,00,1,1,01,A01
201700036444,1,37,000,00,1,2,01,A01
201700036445,1,02,000,00,2,8,15,A01
201700036445,2,07,000,00,2,3,01,B01
201700036446,0,07,000,00,1,0,00,A01
201700036447,2,07,000,00,2,1,09,A01
201700036447,1,33,000,00,2,7,01,B01
201700036448,1,36,000,02,0,1,01,A01
201700036449,1,07,000,00,1,1,01,A01
201700036450,2,07,000,00,1,3,01,A01
201700036451,2,07,000,00,1,1,01,A01
201700036452,2,07,000,00,2,7,15,A01
201700036452,2,32,000,00,2,1,01,B01
201700036453,1,03,000,00,2,0,00,A01
201700036453,1,33,000,00,2,0,00,B01
201700036454,1,07,000,00,1,1,01,A01
201700036455,2,33,000,00,0,8,15,A01
201700036456,2,33,000,00,2,1,02,A01
201700036456,2,07,000,00,2,5,15,B01
201700036457,1,07,000,00,1,1,01,A01
201700036458,1,07,000,00,2,4,04,A01
201700036458,2,01,000,00,2,1,15,B01
201700036459,1,07,000,00,1,3,16,A01
201700036460,2,14,000,00,1,4,04,A01
201700036461,2,33,000,15,0,7,01,A01
201700036462,2,33,000,00,0,0,01,A01
201700036463,1,07,000,00,2,7,15,A01
201700036463,2,33,000,00,2,1,01,B01
201700036464,2,07,000,15,0,1,14,A01
201700036465,1,01,000,00,2,7,01,B01
201700036465,1,07,000,00,2,7,09,A01
201700036466,2,07,000,00,2,1,01,A01
201700036466,2,14,000,00,2,6,01,B01
201700036467,2,07,000,00,2,1,01,B01
201700036467,2,07,000,15,2,7,19,A01
201700036468,2,07,000,00,1,2,01,A01
201700036469,2,07,000,00,1,7,01,A01
201700036470,0,07,000,00,1,3,02,A01
201700036471,2,14,000,00,2,1,02,A01
201700036471,2,13,000,00,2,4,02,B01
201700036472,2,07,000,00,1,2,01,A01
201700036473,2,07,000,00,2,3,09,A01
201700036473,1,07,000,00,2,2,01,B01
201700036474,1,07,000,00,1,2,01,A01
201700036475,2,07,000,00,1,3,01,A01
201700036476,1,07,000,00,1,1,00,A01
201700036477,1,07,000,00,1,3,01,A01
201700036478,1,01,000,00,0,0,00,A01
201700036479,1,07,000,00,1,1,01,A01
201700036480,1,17,000,00,2,1,02,A01
201700036480,1,15,000,00,0,4,02,C01
201700036480,1,07,000,00,2,4,02,T01
201700036481,1,30,000,00,2,1,10,A01
201700036481,2,07,000,00,2,1,01,B01
201700036482,1,07,000,00,2,3,01,A01
201700036482,2,01,000,00,2,2,00,B01
201700036483,2,07,000,00,2,4,23,A01
201700036483,2,07,000,01,0,1,02,B01
201700036484,1,07,000,02,0,8,13,A01
201700036485,1,10,000,00,2,4,00,B01
201700036485,2,02,000,00,2,2,13,A01
201700036486,2,07,000,00,2,3,02,A01
201700036486,2,07,000,00,2,5,02,B01
201700036487,1,02,000,03,2,1,02,A01
201700036487,1,07,000,00,2,,02,Z02
201700036488,1,07,000,00,1,1,02,A01
201700036489,0,07,000,00,1,0,00,A01
201700036490,2,10,000,00,2,1,01,A01
201700036490,1,10,000,00,0,0,00,B01
201700036491,1,07,000,13,0,7,01,A01
201700036492,1,07,000,00,2,0,00,A01
201700036492,1,07,000,00,2,0,00,B01
201700036492,1,07,000,00,0,4,23,C01
201700036493,2,07,000,00,2,3,05,A01
201700036493,1,07,000,04,2,6,00,B01
201700036494,1,07,000,00,2,8,10,A01
201700036494,1,33,000,00,2,1,01,B01
201700036495,1,01,000,00,2,1,19,A01
201700036495,1,07,000,00,2,2,01,B01
201700036496,2,10,000,00,2,4,02,B01
201700036496,2,10,000,00,2,1,02,A01
201700036497,0,31,000,15,1,1,07,A01
201700036498,1,07,000,00,1,1,01,A01
201700036499,2,07,000,00,0,1,14,A01
201700036500,1,07,000,00,2,1,13,A01
201700036500,2,07,000,00,2,3,00,B01
201700036501,1,31,000,00,1,0,19,A01
201700036502,2,07,000,00,1,2,09,A01
201700036503,1,07,000,00,2,2,17,A01
201700036503,1,07,000,00,2,6,01,B01
201700036504,2,07,000,15,1,5,20,A01
201700036505,1,07,000,04,0,8,13,A01
201700036506,1,02,000,00,1,0,01,A01
201700036507,1,33,000,13,0,1,01,A01
201700036508,2,07,000,14,2,1,13,A01
201700036508,1,07,000,00,2,1,21,B01
201700036509,1,07,000,01,1,2,02,A01
201700036510,1,37,001,00,1,2,20,A01
201700036511,2,33,000,00,2,1,02,A01
201700036511,2,07,000,00,0,5,02,B01
201700036511,2,07,000,00,0,6,00,C01
201700036512,1,07,000,00,2,8,13,A01
201700036512,1,07,000,15,2,2,02,B01
201700036513,1,14,000,00,2,2,19,A01
201700036513,1,07,000,00,2,3,19,B01
201700036514,1,37,000,00,1,3,01,A01
201700036515,2,07,000,00,1,3,01,A01
201700036516,1,37,001,00,2,7,01,A01
201700036516,1,01,000,00,2,1,00,B01
201700036517,1,31,000,00,2,1,01,A01
201700036517,2,10,000,00,2,1,23,B01
201700036518,1,15,000,00,2,1,02,A01
201700036518,1,01,000,00,0,8,13,B01
201700036519,2,07,000,00,2,5,02,B01
201700036519,2,15,000,00,2,2,09,A01
201700036520,2,07,000,00,2,4,23,A01
201700036520,1,30,000,00,2,1,21,B01
201700036521,1,07,000,00,2,1,12,A01
201700036521,1,07,000,00,2,4,23,B01
201700036522,2,99,000,00,2,4,23,A01
201700036522,2,02,000,00,2,1,21,B01
201700036523,1,07,000,00,1,3,00,A01
201700036524,1,33,000,00,0,7,14,A01
201700036525,2,10,000,00,2,1,02,A01
201700036525,2,07,000,00,2,4,02,B01
201700036525,2,07,000,00,2,4,02,C01
201700036526,1,10,000,00,2,3,13,A01
201700036526,2,07,000,00,2,3,01,B01
201700036527,1,10,000,00,1,1,01,A01
201700036528,1,07,000,00,0,5,16,A01
201700036529,1,07,000,16,0,0,00,A01
201700036530,1,01,000,00,0,3,02,A01
201700036530,1,07,000,00,0,2,17,B01
201700036531,1,07,000,12,0,2,01,A01
201700036532,1,07,000,00,1,1,01,A01
201700036533,1,07,000,00,1,1,01,A01
201700036534,1,07,000,00,2,1,13,A01
201700036534,1,07,000,00,0,0,00,B01
201700036535,1,07,000,00,2,2,12,A01
201700036535,1,33,000,00,2,3,18,B01
201700036536,2,07,000,00,2,1,01,A01
201700036536,1,07,000,00,2,1,01,B01
201700036537,1,07,000,00,2,2,02,A01
201700036537,2,07,000,00,2,1,02,B01
201700036538,1,07,000,00,2,3,01,B01
201700036538,1,07,000,00,2,1,17,C01
201700036538,1,07,000,00,2,2,11,A01
201700036538,1,07,000,00,2,1,17,D01
201700036539,1,02,000,00,0,7,01,A01
201700036540,1,07,000,00,2,3,02,A01
201700036540,1,10,000,00,0,5,02,B01
201700036541,1,13,000,00,2,1,00,A01
201700036541,2,07,000,00,2,1,00,B01
201700036542,1,07,000,03,2,1,01,B01
201700036542,2,07,000,03,2,1,13,A01
201700036543,2,01,000,00,2,2,12,B01
201700036543,1,07,000,00,9,3,01,A01
201700036544,1,07,000,00,1,2,01,A01
201700036545,1,16,000,00,2,3,15,A01
201700036545,1,32,000,00,2,7,17,B01
201700036546,2,37,001,01,1,2,01,A01
201700036547,1,33,000,13,0,1,13,A01
201700036547,1,33,000,13,0,1,01,B01
201700036547,1,33,000,13,0,1,13,C01
201700036548,2,33,000,13,0,9,01,A01
201700036549,1,07,000,00,1,3,02,A01
201700036550,1,07,000,00,2,3,13,A01
201700036550,2,07,000,00,2,3,00,B01
201700036550,2,07,000,00,2,1,21,C01
201700036551,1,15,000,00,2,1,02,A01
201700036551,1,07,000,00,2,4,02,B01
201700036551,1,07,000,00,0,0,00,C01
201700036551,1,07,000,00,2,7,00,F01
201700036551,1,07,000,00,0,0,00,G01
201700036551,1,10,000,00,0,0,00,D02
201700036551,1,10,000,00,0,0,00,E02
201700036552,2,10,000,00,2,0,01,A01
201700036552,1,07,000,00,2,1,01,B01
201700036553,2,07,000,00,2,1,02,A01
201700036553,2,07,000,00,2,4,02,B01
201700036553,2,07,000,00,0,4,02,C01
201700036554,2,07,000,00,2,1,01,A01
201700036554,2,07,000,00,2,0,00,B01
201700036554,2,07,000,00,9,0,00,C01
201700036555,1,07,000,00,2,8,11,A01
201700036555,1,33,000,00,2,2,17,B01
201700036556,1,37,010,00,2,3,01,B01
201700036556,2,07,000,00,2,2,19,A01
201700036557,1,07,000,00,1,2,01,A01
201700036558,1,07,000,00,1,2,01,A01
201700036559,1,07,000,13,0,1,14,A01
201700036560,1,10,000,00,2,5,01,B01
201700036560,1,07,000,00,2,5,01,A01
201700036561,1,07,000,00,2,1,00,B01
201700036561,2,33,000,00,2,8,00,A01
201700036562,2,07,000,15,0,1,14,A01
201700036563,2,10,000,00,2,1,01,A01
201700036563,2,07,000,00,2,3,01,B01
201700036564,1,07,000,00,1,1,00,A01
201700036565,1,07,000,08,0,1,00,A01
201700036566,0,07,000,00,1,3,09,A01
201700036567,0,99,000,14,0,0,01,A01
201700036568,1,07,000,00,1,1,16,A01
201700036569,2,31,000,00,2,1,01,B01
201700036569,1,07,000,00,2,7,15,A01
201700036570,0,07,000,00,1,8,15,A01
201700036571,0,01,000,00,2,4,01,B01
201700036571,0,07,000,00,2,0,00,A01
201700036572,0,10,000,00,1,4,04,A01
201700036573,0,33,000,00,2,1,17,B01
201700036573,0,07,000,00,2,6,19,A01
201700036574,2,01,000,00,2,1,15,B01
201700036574,1,07,000,00,2,1,01,A01
201700036575,2,07,000,00,2,3,13,A01
201700036575,1,07,000,00,0,0,00,B01
201700036576,0,07,000,05,0,1,16,A01
201700036577,1,30,000,00,0,8,00,A01
201700036578,0,99,000,00,0,8,00,A01
201700036579,1,34,000,00,0,1,21,A01