Num_Acc,senc,catv,occutc,obs,obsm,choc,manv,num_veh
201700036580,2,07,000,00,0,0,10,A01
201700036580,2,07,000,00,2,3,01,C01
201700036580,2,10,000,00,2,1,02,B01
201700036581,2,07,000,01,2,4,02,B01
201700036581,2,07,000,00,2,1,21,A01
201700036582,0,07,000,00,1,1,15,A01
201700036583,1,33,000,00,0,5,16,A01
201700036584,1,07,000,00,1,1,19,A01
201700036585,2,07,000,00,2,8,19,A01
201700036585,1,33,000,00,2,1,19,B01
201700036586,2,07,000,00,2,0,09,A01
201700036586,2,07,000,15,2,1,21,B01
201700036587,1,07,000,00,2,6,02,B01
201700036587,1,07,000,00,2,3,02,A01
201700036588,1,31,000,00,1,1,02,A01
201700036589,2,02,000,03,0,1,14,Z01
201700036590,1,31,000,00,2,2,02,B01
201700036590,1,07,000,00,2,8,09,A01
201700036591,2,07,000,00,1,2,01,A01
201700036592,2,33,000,15,0,1,01,A01
201700036593,1,07,000,00,2,4,24,B01
201700036593,1,10,000,01,0,1,02,A01
201700036594,2,07,000,15,2,1,00,A01
201700036594,1,10,000,00,2,1,00,B01
201700036595,2,07,000,00,2,3,10,A01
201700036595,2,33,000,00,2,1,17,B01
201700036596,2,07,000,00,2,1,14,A01
201700036596,2,33,000,00,2,4,23,B01
201700036597,1,33,000,00,1,1,01,A01
201700036598,1,07,000,00,1,1,00,A01
201700036599,1,07,000,00,2,8,00,A01
201700036599,2,10,000,00,0,8,00,B01
201700036600,1,07,000,00,2,0,00,B01
201700036600,1,07,000,00,2,0,00,A01
201700036601,1,07,000,00,2,1,09,A01
201700036601,1,07,000,00,2,3,02,B01
201700036602,1,34,000,00,2,1,01,A01
201700036602,1,07,000,00,2,3,15,B01
201700036603,0,07,000,00,2,4,15,B01
201700036603,0,07,000,00,2,1,01,A01
201700036604,1,07,000,00,1,1,19,A01
201700036605,1,07,000,00,1,3,15,A01
201700036606,1,37,000,01,2,0,21,B01
201700036606,1,07,000,01,2,0,20,A01
201700036607,1,07,000,00,0,6,23,B01
201700036607,1,07,000,01,0,3,01,A01
201700036608,2,07,000,00,2,0,00,A01
201700036608,0,07,000,00,2,0,00,B01
201700036609,1,07,000,00,1,1,01,A01
201700036610,0,07,000,00,1,3,01,A01
201700036610,0,07,000,00,1,3,01,B01
201700036611,1,07,000,00,2,8,15,B01
201700036611,1,33,000,12,2,1,17,A01
201700036612,1,07,000,00,2,4,01,C01
201700036612,1,07,000,00,2,1,01,A01
201700036612,1,10,000,00,2,4,01,B01
201700036613,1,07,000,00,1,2,01,A01
201700036614,0,07,000,00,1,2,01,A01
201700036615,1,07,000,00,0,0,00,A01
201700036615,1,33,000,00,2,1,01,B01
201700036616,0,07,000,00,1,2,01,A01
201700036617,1,07,000,00,2,1,13,A01
201700036617,1,07,000,00,2,5,11,B01
201700036617,1,07,000,00,2,3,01,C01
201700036618,2,99,000,00,2,1,01,B01
201700036618,1,07,000,00,2,1,17,A01
201700036619,2,07,000,00,1,1,01,A01
201700036620,1,07,000,00,1,5,04,A01
201700036621,1,07,000,00,2,2,01,A01
201700036621,1,32,000,00,2,3,01,B01
201700036622,0,07,000,00,2,8,10,A01
201700036622,0,33,000,00,2,1,01,B01
201700036623,1,07,000,00,2,4,01,B01
201700036623,0,07,000,00,2,1,02,A01
201700036624,1,07,000,00,9,1,01,A01
201700036624,0,01,000,00,2,8,19,B01
201700036625,1,07,000,00,0,8,13,A01
201700036625,2,07,000,00,2,1,01,B01
201700036626,1,07,000,00,0,8,15,A01
201700036626,2,33,000,00,2,8,01,B01
201700036627,2,07,000,00,2,2,13,A01
201700036627,1,33,000,00,2,1,01,B01
201700036628,0,01,000,00,2,0,19,B01
201700036628,1,07,000,00,9,3,01,A01
201700036629,0,33,000,12,0,2,17,A01
201700036630,1,99,000,02,0,1,01,A01
201700036631,1,37,000,00,1,2,01,A01
201700036632,2,07,000,00,1,1,19,A01
201700036633,2,07,000,00,2,1,19,B01
201700036633,1,07,000,03,2,8,19,A01
201700036634,2,07,000,01,0,2,01,A01
201700036635,1,07,000,00,1,7,19,A01
201700036636,2,07,000,00,2,2,14,A01
201700036636,2,07,000,00,2,6,01,B01
201700036637,1,99,000,00,2,1,09,B01
201700036637,1,07,000,00,2,7,15,A01
201700036638,2,33,000,00,2,1,21,B01
201700036638,1,07,000,00,2,2,10,A01
201700036639,2,07,000,12,0,1,09,A01
201700036640,1,07,000,00,1,7,19,A01
201700036641,2,07,000,00,1,3,15,A01
201700036642,1,07,000,02,0,8,17,A01
201700036643,2,07,000,00,2,1,01,A01
201700036643,1,10,000,00,2,1,13,B01
201700036644,1,33,000,00,0,0,01,A01
201700036645,2,07,000,00,0,4,15,C01
201700036645,2,07,000,00,2,4,01,B01
201700036645,2,07,000,00,2,1,01,A01
201700036646,1,07,000,00,1,1,01,A01
201700036647,2,07,000,00,1,1,01,A01
201700036648,0,33,000,00,2,1,01,A01
201700036648,0,07,000,00,2,6,15,B01
201700036649,1,07,000,02,0,1,19,A01
201700036650,1,33,000,00,2,1,10,A01
201700036650,1,33,000,00,2,1,10,B01
201700036651,2,07,000,00,2,1,01,B01
201700036651,1,07,000,00,2,1,05,A01
201700036652,2,03,000,00,1,2,01,A01
201700036653,1,07,000,00,2,7,15,B01
201700036653,2,33,000,00,2,1,01,A01
201700036654,1,07,000,00,2,1,13,A01
201700036654,2,07,000,00,2,1,01,B01
201700036654,2,07,000,00,2,8,21,C01
201700036655,1,33,000,00,2,0,01,A01
201700036655,1,33,000,01,0,1,01,B01
201700036656,2,07,000,00,2,8,10,A01
201700036656,2,07,000,00,2,1,01,B01
201700036657,2,07,000,00,1,2,01,A01
201700036658,2,07,000,00,1,1,01,A01
201700036659,2,07,000,00,9,2,01,B01
201700036659,2,01,000,00,2,8,15,A01
201700036660,1,07,000,00,2,1,15,A01
201700036660,2,10,000,00,2,1,01,B01
201700036661,1,07,000,00,2,3,01,B01
201700036661,1,07,000,00,2,1,01,C01
201700036661,2,10,000,00,2,3,13,A01
201700036662,2,07,000,00,2,3,15,A01
201700036662,1,02,000,00,2,1,01,B01
201700036663,1,07,000,00,2,1,13,A01
201700036663,2,07,000,00,2,1,01,B01
201700036664,1,07,000,00,1,1,00,A01
201700036665,1,07,000,06,2,1,01,A01
201700036665,2,07,000,00,2,1,01,B01
201700036666,1,07,000,00,1,2,01,A01
201700036667,1,07,000,00,1,5,00,A01
201700036668,0,03,000,00,2,3,09,A01
201700036668,0,07,000,00,2,2,15,B01
201700036669,1,10,000,00,2,1,15,Z01
201700036669,1,10,000,00,2,3,01,B01
201700036670,1,34,000,00,2,1,17,A01
201700036670,2,07,000,00,2,3,15,B01
201700036671,1,07,000,00,2,1,00,A01
201700036671,2,10,000,00,2,2,00,C01
201700036671,1,10,000,00,2,3,00,B01
201700036672,1,07,000,00,2,1,01,A01
201700036672,2,07,000,00,2,6,15,B01
201700036673,1,37,000,00,1,3,00,A01
201700036674,1,33,000,00,2,0,17,B01
201700036674,1,07,000,00,0,0,15,A01
201700036675,1,07,000,00,2,1,15,A01
201700036675,2,07,000,00,2,3,01,B01
201700036676,2,07,000,02,0,2,00,A01
201700036677,1,02,000,00,2,1,21,A01
201700036677,1,07,000,00,2,4,21,B01
201700036678,1,07,000,00,1,3,00,A01
201700036679,2,32,000,00,2,2,17,A01
201700036679,2,07,000,00,9,6,02,B01
201700036680,2,07,000,00,0,3,01,B01
201700036680,1,07,000,00,0,3,13,A01
201700036681,1,07,000,00,1,0,00,A01
201700036682,1,07,000,00,2,3,01,A01
201700036682,2,01,000,00,2,3,00,B01
201700036683,0,33,000,00,2,1,01,B01
201700036683,0,07,000,00,2,3,17,A01
201700036683,0,33,000,00,2,0,01,C01
201700036684,1,10,000,00,1,0,00,A01
201700036685,1,30,000,00,2,1,05,A01
201700036685,1,07,000,00,2,7,01,B01
201700036686,1,07,000,00,1,1,15,A01
201700036687,1,07,000,00,2,3,10,A01
201700036687,1,02,000,00,2,1,02,B01
201700036688,1,31,000,00,2,1,09,A01
201700036688,1,07,000,00,2,8,00,B01
201700036689,1,37,000,00,0,0,01,A01
201700036690,1,07,000,00,2,1,19,B01
201700036690,1,01,000,00,2,1,19,A01
201700036691,2,07,000,13,0,9,16,A01
201700036692,2,20,000,00,2,7,00,B01
201700036692,2,10,000,00,2,1,09,A01
201700036693,2,02,000,00,2,1,17,B01
201700036693,1,07,000,00,2,1,15,A01
201700036694,1,10,000,00,2,2,01,B01
201700036694,1,33,000,00,2,3,15,A01
201700036695,1,31,000,00,2,1,13,A01
201700036695,2,07,000,00,2,3,00,B01
201700036696,1,07,000,15,0,1,14,A01
201700036697,1,01,000,00,2,6,00,B01
201700036697,1,07,000,00,9,2,17,A01
201700036698,1,07,000,00,0,9,01,A01
201700036699,1,07,000,06,0,1,13,A01
201700036700,0,31,000,14,0,1,19,A01
201700036701,1,01,000,00,2,7,01,A01
201700036701,1,07,000,00,2,1,15,B01
201700036702,1,07,000,00,1,3,01,A01
201700036703,1,07,000,00,1,0,24,A01
201700036704,2,99,000,00,2,1,16,B01
201700036704,2,07,000,00,9,3,09,A01
201700036705,1,07,000,00,1,1,00,A01
201700036706,2,07,000,00,1,1,16,A01
201700036707,1,07,000,00,1,4,04,A01
201700036708,1,07,000,06,0,3,13,A01
201700036709,1,07,000,00,1,2,21,A01
201700036710,0,07,000,00,1,1,01,A01
201700036711,2,33,000,00,0,0,01,A01
201700036712,0,07,000,00,1,3,01,A01
201700036713,2,07,000,00,0,2,09,B01
201700036713,2,07,000,00,0,2,05,A01
201700036714,2,07,000,00,1,1,15,A01
201700036715,2,33,000,14,0,1,06,A01
201700036716,1,07,000,15,0,2,14,A01
201700036717,1,07,000,00,1,7,19,A01
201700036718,1,99,000,00,2,1,12,B01
201700036718,1,07,000,00,2,3,02,A01
201700036719,1,07,000,00,1,5,01,A01
201700036720,1,31,000,00,2,1,17,A01
201700036720,2,07,000,00,2,1,15,B01
201700036721,1,07,000,00,2,5,15,A01
201700036721,1,33,000,00,2,1,01,B01
201700036722,0,07,000,00,1,2,01,Z01
201700036723,2,07,000,00,1,1,02,A01
201700036724,1,07,000,00,2,1,01,B01
201700036724,1,07,000,00,0,2,10,A01
201700036725,2,07,000,00,1,2,15,A01
201700036726,2,07,000,00,2,1,01,B01
201700036726,1,07,000,00,2,1,13,A01
201700036727,1,07,000,00,1,1,19,A01
201700036728,1,01,000,14,2,1,00,B01
201700036728,1,07,000,00,9,3,19,A01
201700036729,1,07,000,00,2,3,19,A01
201700036729,2,31,000,00,2,8,01,B01
201700036730,1,07,000,00,1,1,01,B01
201700036731,1,33,000,01,2,8,01,B01
201700036731,0,07,000,00,2,2,19,A01
201700036732,1,30,000,01,2,6,23,A01
201700036732,1,07,000,01,0,0,24,B01
201700036733,1,07,000,00,2,1,15,A01
201700036733,2,07,000,00,2,1,01,B01
201700036734,1,07,000,00,1,1,01,A01
201700036735,2,07,000,00,1,3,01,A01
201700036736,1,31,000,08,0,1,01,A01
201700036737,0,07,000,08,0,2,00,A01
201700036738,1,07,000,02,0,1,08,A01
201700036739,1,07,000,01,2,6,02,A01
201700036739,1,07,000,01,2,2,02,B01
201700036740,1,07,000,00,2,4,15,B01
201700036740,1,33,000,00,2,1,03,A01
201700036741,1,07,000,01,0,1,02,A01
201700036741,1,07,000,00,2,4,23,B01
201700036742,1,01,000,00,2,4,01,B01
201700036742,1,07,000,00,9,2,02,A01
201700036743,1,01,000,00,2,4,01,B02
201700036743,1,07,000,00,1,2,02,A01
201700036744,1,07,000,00,2,7,00,B01
201700036744,1,07,000,02,2,1,00,A01
201700036744,1,07,000,00,9,0,00,C01
201700036745,2,33,000,00,2,1,02,B01
201700036745,2,33,000,00,2,1,02,C01
201700036745,2,07,000,00,2,6,11,A01
201700036746,2,15,000,00,1,1,01,A01
201700036747,1,07,000,01,0,2,09,A01
201700036747,2,33,000,00,2,1,01,B01
201700036748,1,07,000,00,2,4,23,B01
201700036748,1,31,000,00,2,1,02,A01
201700036749,0,07,000,00,1,4,04,A01
201700036750,2,20,000,00,1,1,14,A01
201700036751,1,07,000,00,2,6,13,B01
201700036751,1,33,000,00,2,1,01,A01
201700036752,0,07,000,00,2,7,01,A01
201700036752,0,07,000,00,2,1,01,B01
201700036753,1,07,000,00,6,6,13,B01
201700036753,2,07,000,08,0,6,02,A01
201700036754,1,30,000,00,2,2,03,A01
201700036754,1,10,000,00,2,6,13,B01
201700036755,2,07,000,00,2,1,02,B01
201700036755,2,07,000,00,2,8,10,A01
201700036756,2,33,000,00,2,1,21,B01
201700036756,1,07,000,00,2,6,10,A01
201700036757,2,07,000,00,2,3,21,B01
201700036757,2,13,000,00,2,3,19,A01
201700036758,1,33,000,00,2,8,02,C01
201700036758,1,07,000,00,2,2,15,A01
201700036758,1,33,000,00,2,8,02,B01
201700036759,2,07,000,00,1,1,02,A01
201700036760,1,07,000,00,1,1,01,A01
201700036761,0,07,000,00,2,2,01,B01
201700036761,0,07,000,14,0,3,01,A01
201700036762,2,07,000,00,1,1,01,A01
201700036763,2,07,000,00,1,3,15,A01
201700036764,1,07,000,00,1,1,15,A01
201700036765,1,07,000,00,1,1,02,A01
201700036766,1,37,000,00,2,3,01,B01
201700036766,1,30,000,00,2,1,09,A01
201700036767,1,32,000,14,0,3,06,A01
201700036768,2,30,000,00,2,1,01,B01
201700036768,1,07,000,00,2,3,01,A01
201700036769,2,02,000,00,2,5,17,A01
201700036769,2,07,000,00,2,0,15,B01
201700036770,1,07,000,00,2,8,19,B01
201700036770,1,33,000,01,2,7,17,A01
201700036771,1,07,000,01,1,2,21,A01
201700036772,1,07,000,01,0,9,01,A01
201700036773,2,07,000,00,2,1,15,B01
201700036773,1,07,000,00,2,2,01,A01
201700036774,1,33,000,00,2,1,01,B01
201700036774,1,10,000,00,2,1,23,A01
201700036775,1,07,000,00,2,2,13,A01
201700036775,2,31,000,00,2,1,01,B01
201700036776,1,33,000,00,2,2,01,B01
201700036776,2,07,000,00,2,2,15,A01
201700036777,2,34,000,04,0,1,09,A01
201700036778,1,07,000,00,2,3,15,B01
201700036778,1,10,000,00,2,2,01,A01
201700036779,2,07,000,00,1,3,21,A01
201700036780,1,07,000,00,2,6,01,B01
201700036780,1,33,000,00,2,1,02,A01
201700036781,2,07,000,00,9,2,17,A01
201700036781,2,01,000,00,2,3,01,B01
201700036782,1,34,000,00,2,1,01,A01
201700036782,0,07,000,00,2,7,15,B01
201700036783,1,07,000,00,2,3,16,A01
201700036783,1,34,000,00,2,3,01,B01
201700036784,1,33,000,00,2,6,01,A01
201700036784,2,07,000,00,2,3,19,B01
201700036785,1,34,000,00,2,1,13,B01
201700036785,2,07,000,00,2,1,15,A01
201700036786,2,07,000,00,2,3,15,A01
201700036786,2,13,000,00,2,1,01,B01
201700036787,2,30,000,00,2,1,01,A01
201700036787,1,07,000,00,2,3,16,B01
201700036788,2,10,000,00,1,6,04,A01
201700036789,2,30,000,00,2,1,02,A01
201700036789,1,07,000,00,2,7,19,B01
201700036790,1,30,000,15,0,8,01,A01
201700036791,0,33,000,00,1,1,01,A01
201700036792,0,07,000,00,2,1,01,A01
201700036792,0,31,000,00,2,4,01,B01
201700036793,0,14,000,00,1,7,01,A01
201700036794,0,07,000,00,1,1,15,A01
201700036795,0,10,000,00,2,2,01,A01
201700036795,0,33,000,00,2,8,01,B01
201700036796,1,32,000,00,1,1,21,A01
201700036797,2,07,000,00,2,7,00,B01
201700036797,0,33,000,00,2,8,09,A01
201700036798,1,07,000,00,1,1,01,B01
201700036798,1,15,000,00,1,1,01,A01
201700036799,1,07,000,00,2,1,15,A01
201700036799,1,33,000,00,2,6,09,B01
201700036800,1,07,000,00,2,3,01,B01
201700036800,1,30,000,00,2,7,01,A01
201700036801,2,32,000,00,2,1,01,B01
201700036801,1,07,000,00,2,3,15,A01
201700036802,0,33,000,00,2,1,01,B01
201700036802,0,07,000,00,2,2,15,A01
201700036803,0,33,000,00,2,1,01,B01
201700036803,0,07,000,00,2,1,15,A01
201700036803,0,07,000,00,0,4,24,C01
201700036804,0,07,000,00,2,3,01,B01
201700036804,0,32,000,00,2,2,01,A01
201700036805,0,07,000,00,1,1,01,A01
201700036806,0,07,000,00,1,1,01,A01
201700036807,2,34,000,01,0,2,14,A01
201700036808,1,07,000,00,1,1,00,A01
201700036809,0,07,000,00,1,1,01,A01
201700036810,0,07,000,00,2,1,01,A01
201700036810,0,01,000,00,2,8,19,B01
201700036811,0,33,000,00,2,1,01,B01
201700036811,0,07,000,00,2,3,19,A01
201700036812,2,01,000,00,2,1,01,B01
201700036812,1,07,000,00,2,7,15,A01
201700036813,1,07,000,00,1,1,16,A01
201700036814,1,07,000,00,2,4,23,B01
201700036814,1,30,000,00,2,1,02,A01
201700036815,0,07,000,00,2,8,15,A01
201700036815,0,33,000,00,2,1,00,B01
201700036816,0,07,000,00,1,2,01,B01
201700036816,0,10,000,00,0,0,00,C01
201700036817,0,30,000,00,2,1,01,A01
201700036817,0,07,000,00,2,3,01,B01
201700036818,1,33,000,00,2,1,01,A01
201700036818,1,17,000,00,2,6,10,B01
201700036819,0,33,000,00,2,1,01,B01
201700036819,0,10,000,00,2,3,15,A01
201700036819,0,07,000,00,2,8,23,C01
201700036820,0,33,000,00,2,1,01,A01
201700036820,0,07,000,00,2,2,15,B01
201700036821,0,01,000,00,2,8,01,B01
201700036821,0,07,000,00,2,7,01,A01
201700036822,0,33,000,00,1,1,01,A01
201700036823,2,30,000,00,2,8,01,A01
201700036823,1,07,000,00,2,1,15,B01
201700036824,2,33,000,00,2,1,17,B01
201700036824,2,07,000,00,2,8,11,A01
201700036825,0,07,000,00,2,2,09,A01
201700036825,0,02,000,00,2,1,01,B01
201700036826,1,37,000,00,1,3,01,A01
201700036827,0,07,000,00,2,8,15,A01
201700036827,0,31,000,00,2,1,01,B01
201700036828,1,07,000,00,1,1,01,A01
201700036829,0,07,000,00,1,1,01,A01
201700036830,1,07,000,00,1,1,01,A01
201700036831,0,30,000,00,1,1,21,A01
201700036832,0,10,000,00,1,1,15,A01
201700036833,0,30,000,00,2,1,17,A01
201700036833,0,07,000,00,2,3,10,B01
201700036834,0,01,000,00,2,1,01,B01
201700036834,0,07,000,00,2,7,15,A01
201700036835,0,07,000,00,1,1,01,A01
201700036836,0,31,000,00,1,1,17,A01
201700036837,1,31,000,00,2,1,03,A01
201700036837,2,07,000,00,2,3,19,B01
201700036838,1,07,000,00,1,3,01,A01
201700036839,0,07,000,00,2,7,22,A01
201700036839,0,01,000,00,2,1,01,B01
201700036840,0,07,000,00,1,2,16,A01
201700036841,0,07,000,00,1,1,01,A01
201700036842,0,01,000,00,2,0,01,B01
201700036842,0,07,000,00,0,0,10,A01
201700036843,0,01,000,00,2,1,01,B01
201700036843,0,07,000,00,2,7,15,A01
201700036844,0,07,000,00,1,4,04,A01
201700036845,1,38,000,00,1,1,15,A01
201700036846,1,07,000,00,2,1,01,B01
201700036846,2,07,000,00,2,8,15,A01
201700036847,0,33,000,00,2,1,01,B01
201700036847,0,07,000,00,2,3,17,A01
201700036848,0,07,000,00,1,3,01,A01
201700036849,0,07,000,00,1,1,01,A01
201700036850,1,31,000,00,2,1,01,B01
201700036850,2,07,000,00,2,3,17,A01
201700036851,1,07,000,00,1,1,01,A01
201700036852,0,07,000,00,1,1,01,Z01
201700036853,0,07,000,00,1,7,01,Z01
201700036854,1,01,000,00,2,7,02,B01
201700036854,1,07,000,00,2,1,09,A01
201700036855,0,07,000,00,1,3,01,A01
201700036856,0,31,000,00,9,0,01,B01
201700036856,0,01,000,00,2,0,19,A01
201700036857,2,32,000,00,2,1,01,B01
201700036857,1,07,000,00,2,3,19,A01
201700036858,0,07,000,14,1,1,01,A01
201700036859,0,01,000,01,0,2,01,B01
201700036859,0,07,000,00,2,8,24,A01
201700036860,1,07,000,00,2,3,05,A01
201700036860,2,07,000,00,2,3,01,B01
201700036861,1,07,000,00,2,3,15,B01
201700036861,1,33,000,00,2,2,17,A01
201700036862,2,30,000,00,1,2,00,A01
201700036863,0,14,000,00,2,6,01,B01
201700036863,0,07,000,00,2,3,13,A01
201700036864,0,07,000,00,1,0,01,A01
201700036865,2,33,000,00,2,3,01,B01
201700036865,0,07,000,00,2,1,19,A01
201700036866,0,07,000,00,0,0,00,B01
201700036866,,30,000,00,2,1,19,A01
201700036867,1,07,000,00,2,2,15,B01
201700036867,2,01,000,00,2,1,01,A01
201700036868,0,07,000,00,2,1,01,A01
201700036868,0,07,000,14,2,3,01,B01
201700036868,0,07,000,00,2,7,01,C01
201700036869,0,01,000,00,2,1,19,B01
201700036869,0,07,000,00,2,3,01,A01
201700036870,2,07,000,00,2,2,13,A01
201700036870,1,07,000,00,9,2,01,C01
201700036870,1,07,000,00,2,1,01,B01
201700036871,0,07,000,00,2,1,01,A01
201700036871,0,07,000,00,2,4,01,B01
201700036872,0,07,000,00,1,3,13,A01
201700036873,1,02,000,00,2,1,01,B01
201700036873,1,07,000,00,2,3,19,A01
201700036874,2,30,000,00,2,1,01,B01
201700036874,1,07,000,00,2,2,15,A01
201700036875,2,33,000,00,2,1,01,B01
201700036875,0,07,000,00,2,3,15,A01
201700036876,2,01,000,00,2,0,21,B01
201700036876,2,07,000,00,2,8,09,A01
201700036877,0,07,000,00,2,2,15,A01
201700036877,0,33,000,00,2,2,01,B01
201700036878,0,33,000,00,2,1,17,B01
201700036878,0,07,000,00,2,8,15,A01
201700036879,0,07,000,00,2,2,15,A01
201700036879,0,33,000,00,2,1,01,B01
201700036880,0,33,000,15,0,1,14,A01
201700036881,0,33,000,00,2,1,17,A01
201700036881,0,07,000,00,2,2,15,B01
201700036882,0,07,000,00,2,3,24,A01
201700036882,0,01,000,01,0,2,01,B01
201700036883,2,02,000,00,2,1,02,A01
201700036883,2,07,000,00,2,6,15,B01
201700036884,0,30,000,15,0,2,01,A01
201700036885,2,07,000,00,1,1,01,A01
201700036886,2,07,000,02,0,1,01,A01
201700036887,2,07,000,00,1,1,00,A01
201700036888,2,07,000,00,2,1,01,C01
201700036888,0,07,000,00,2,8,01,B01
201700036888,0,07,000,00,2,1,16,A01
201700036889,0,07,000,00,2,3,01,A01
201700036889,0,07,000,00,2,7,01,B01
201700036890,0,07,000,00,1,0,04,A01
201700036891,2,15,000,00,1,1,01,A01
201700036892,0,01,000,00,2,0,01,B01
201700036892,0,07,000,00,2,3,01,A01
201700036893,0,07,000,01,0,3,13,A01
201700036893,0,07,000,00,2,4,24,B01
201700036894,0,07,000,00,1,1,01,A01
201700036895,0,33,000,00,2,1,01,B01
201700036895,0,07,000,00,2,2,01,A01
201700036896,0,30,000,00,2,6,00,A01
201700036896,0,07,000,00,2,2,01,B01
201700036897,1,03,000,00,2,1,14,A01
201700036897,1,02,000,00,2,2,01,B01
201700036898,1,03,000,00,2,3,09,A01
201700036898,2,01,000,00,2,1,01,B01
201700036899,1,10,000,00,2,3,09,A01
201700036899,1,07,000,00,2,2,01,B01
201700036900,2,07,000,02,0,3,19,A01
201700036901,0,01,000,00,2,4,23,A01
201700036901,0,07,000,00,2,1,01,B01
201700036902,0,31,000,00,0,0,01,A01
201700036903,1,07,000,00,2,1,02,A01
201700036903,1,03,000,00,2,4,23,B01
201700036904,1,15,000,00,2,2,01,B01
201700036904,0,07,000,00,2,3,15,A01
201700036905,2,33,000,00,2,1,01,B01
201700036905,1,07,000,00,2,7,15,A01
201700036906,0,07,000,00,2,3,20,A01
201700036906,0,02,000,00,2,1,17,B01
201700036907,0,03,000,00,1,2,01,A01
201700036908,2,07,000,00,1,1,15,A01
201700036909,0,30,000,00,2,1,01,B01
201700036909,0,07,000,00,2,7,15,A01
201700036910,0,07,000,01,0,2,17,A01
201700036911,1,03,000,00,2,4,01,B01
201700036911,1,10,000,00,2,1,02,A01
201700036912,2,07,000,00,2,3,09,A01
201700036912,2,02,000,00,2,1,01,B01
201700036913,1,07,000,00,1,1,01,A01
201700036914,2,07,000,00,1,1,09,A01
201700036915,1,07,000,00,0,0,00,A01
201700036916,1,07,000,00,2,2,09,A01
201700036916,2,31,000,00,2,7,01,B01
201700036917,1,02,000,14,0,1,01,A01
201700036918,1,07,000,00,2,4,17,A01
201700036918,1,02,000,00,2,1,01,B01
201700036919,1,07,000,00,1,1,00,A01
201700036920,1,07,000,15,1,2,15,A01
201700036921,1,33,000,00,2,1,21,A01
201700036921,2,07,000,00,2,3,15,B01
201700036922,1,07,000,00,1,1,07,A01
201700036923,0,07,000,00,1,1,15,A01
201700036924,0,07,000,00,1,3,15,A01
201700036925,0,07,000,00,0,0,00,B01
201700036925,0,07,000,00,2,0,00,A01
201700036926,0,07,000,00,2,1,01,A01
201700036926,0,10,000,00,2,4,01,B01
201700036927,0,07,000,00,2,0,00,B01
201700036927,0,07,000,00,2,1,00,A01
201700036928,0,07,000,00,2,2,01,A01
201700036928,0,02,000,00,2,3,01,B01
201700036929,0,02,000,00,2,1,00,A01
201700036929,0,07,000,00,0,3,00,B01
201700036930,0,07,000,00,2,4,04,A01
201700036930,0,02,000,00,2,1,01,B01
201700036931,0,02,000,00,1,7,00,A01
201700036932,0,01,000,00,2,7,19,A01
201700036932,0,07,000,00,2,1,01,B01
201700036933,0,02,000,00,2,1,00,A01
201700036933,0,07,000,00,2,6,00,B01
201700036934,0,07,000,10,0,1,01,A01
201700036935,0,02,000,01,0,0,00,A01
201700036936,0,07,000,00,2,1,15,A01
201700036936,0,07,000,00,2,7,01,B01
201700036937,0,07,000,00,1,2,00,A01
201700036938,0,33,000,00,2,1,01,A01
201700036938,0,07,000,00,2,4,01,B01
201700036939,0,07,000,00,1,0,00,A01
201700036940,2,33,000,00,2,1,01,A01
201700036940,1,07,000,00,2,1,01,B01
201700036941,0,31,000,00,2,1,00,B01
201700036941,0,07,000,00,2,4,00,A01
201700036942,0,07,000,08,0,1,01,A01
201700036943,1,07,000,00,2,3,00,A01
201700036943,1,07,000,00,2,8,00,B01
201700036944,0,07,000,00,2,2,00,A01
201700036944,0,07,000,00,2,0,00,B01
201700036945,0,07,000,00,1,8,00,A01
201700036946,0,01,000,00,9,0,00,B01
201700036946,0,01,000,00,9,4,00,A01
201700036947,0,07,000,00,1,1,00,A01
201700036948,1,07,000,00,2,1,00,A01
201700036948,2,07,000,00,2,1,00,B01
201700036949,1,07,000,01,0,1,00,A01
201700036950,0,33,000,01,0,1,00,A01
201700036951,0,07,000,00,2,2,00,A01
201700036951,0,07,000,00,2,8,00,B01
201700036952,0,07,000,00,2,2,00,A01
201700036952,0,07,000,00,2,1,00,B01
201700036952,0,07,000,00,2,1,00,C01
201700036952,0,07,000,00,2,4,00,D01
201700036953,2,33,000,00,2,1,00,A01
201700036953,2,07,000,00,2,6,00,B01
201700036953,2,07,000,00,2,5,00,C01
201700036954,0,07,000,00,2,1,00,A01
201700036954,0,07,000,00,2,1,00,B01
201700036955,0,07,000,00,2,2,00,A01
201700036955,0,33,000,00,2,1,00,B01
201700036956,0,07,000,00,2,2,00,A01
201700036956,0,01,000,00,2,0,00,B01
201700036957,0,07,000,09,0,1,00,A01
201700036958,0,02,000,00,2,1,00,B01
201700036958,0,07,000,00,2,7,00,A01
201700036959,0,07,000,00,1,0,00,A01
201700036960,0,07,000,09,0,5,00,A01
201700036960,0,07,000,00,2,1,00,B01
201700036961,0,32,000,00,2,1,00,A01
201700036961,0,07,000,00,2,1,00,B01
201700036962,0,15,000,00,2,0,00,B01
201700036962,0,33,000,00,2,1,00,A01
201700036963,1,02,000,00,2,1,00,A01
201700036963,1,07,000,00,2,5,00,B01
201700036964,1,07,000,14,0,1,00,A01
201700036965,0,07,000,01,2,8,00,B01