Num_Acc,senc,catv,occutc,obs,obsm,choc,manv,num_veh
201700036965,0,07,000,00,2,1,00,A01
201700036966,0,33,000,00,2,1,00,A01
201700036966,0,07,000,00,2,8,00,B01
201700036967,0,07,000,00,1,0,00,A01
201700036968,0,07,000,00,2,3,00,B01
201700036968,0,30,000,00,2,1,00,A01
201700036969,0,07,000,00,1,8,00,A01
201700036970,1,07,000,00,2,1,00,A01
201700036970,1,02,000,00,2,8,00,B01
201700036971,0,07,000,00,2,1,00,A01
201700036971,0,07,000,00,2,1,00,B01
201700036972,1,07,000,00,2,1,00,A01
201700036972,1,07,000,14,0,4,00,B01
201700036973,0,07,000,00,1,1,00,A01
201700036974,0,07,000,00,1,0,00,A01
201700036975,0,07,000,00,1,0,00,A01
201700036976,0,07,000,00,2,3,00,B01
201700036976,0,07,000,00,2,1,00,A01
201700036977,0,03,000,00,1,7,00,A01
201700036978,0,07,000,00,2,1,00,A01
201700036978,0,07,000,00,2,3,00,B01
201700036978,0,07,000,00,2,7,00,C01
201700036979,0,07,000,08,0,1,00,A01
201700036980,0,33,000,00,2,1,00,B01
201700036980,0,07,000,00,2,1,00,A01
201700036981,2,07,000,04,0,0,00,A01
201700036982,0,30,000,00,2,1,00,A01
201700036982,0,07,000,00,2,2,01,B01
201700036983,0,07,000,00,2,1,00,A01
201700036983,0,31,000,00,2,1,00,B01
201700036984,0,01,000,00,1,0,00,A01
201700036985,0,07,000,00,2,1,00,A01
201700036985,0,07,000,00,2,8,00,B01
201700036986,1,07,000,00,2,5,00,A01
201700036986,1,07,000,00,2,0,00,B01
201700036987,0,07,000,08,0,7,00,A01
201700036988,1,02,000,00,2,1,00,A01
201700036988,1,30,000,00,2,4,00,B01
201700036989,0,07,000,06,0,1,00,A01
201700036990,0,33,000,00,1,0,00,A01
201700036991,0,07,000,00,2,1,00,A01
201700036991,0,07,000,00,2,3,00,B01
201700036992,0,34,000,00,1,2,01,A01
201700036993,1,07,000,00,2,1,00,A01
201700036993,0,07,000,00,2,3,00,B01
201700036994,0,02,000,00,2,2,00,A01
201700036994,0,07,000,00,2,2,00,B01
201700036995,0,07,000,00,2,3,00,A01
201700036995,0,33,000,00,2,1,00,B01
201700036996,0,07,000,00,2,6,00,A01
201700036996,0,02,000,00,2,1,00,B01
201700036997,0,07,000,00,1,3,00,A01
201700036998,0,07,000,00,1,0,16,A01
201700036999,0,31,000,00,2,0,09,A01
201700036999,0,07,000,00,2,3,21,B01
201700037000,0,07,000,00,1,1,16,A01
201700037001,0,32,000,00,2,1,19,A01
201700037001,0,07,000,00,2,1,16,B01
201700037002,0,34,000,00,1,0,19,A01
201700037003,0,07,000,00,1,0,19,A01
201700037004,0,07,000,00,2,6,09,A01
201700037004,0,33,000,00,2,8,09,B01
201700037005,0,07,000,00,2,1,19,A01
201700037005,0,07,000,00,2,4,19,B01
201700037006,0,07,000,00,1,1,19,A01
201700037007,0,07,000,09,2,2,19,A01
201700037007,0,07,000,00,2,1,16,B01
201700037008,0,07,000,00,1,0,19,A01
201700037009,0,07,000,00,1,1,09,A01
201700037010,0,34,000,01,2,1,19,A01
201700037010,0,07,000,00,2,1,19,B01
201700037010,0,07,000,00,2,3,19,C01
201700037011,0,34,000,00,0,0,19,A01
201700037011,0,07,000,00,0,0,19,B01
201700037012,0,07,000,00,1,0,19,A01
201700037013,0,07,000,00,2,1,19,B01
201700037013,0,07,000,00,2,7,19,A01
201700037014,0,07,000,00,1,0,19,A01
201700037015,0,07,000,00,2,0,15,A01
201700037015,0,33,000,00,2,0,19,B01
201700037016,0,33,000,00,2,0,19,B01
201700037016,0,07,000,00,2,3,16,A01
201700037017,1,33,000,00,2,1,19,A01
201700037017,1,07,000,00,2,6,19,B01
201700037018,0,07,000,00,1,1,19,A01
201700037019,1,07,000,14,0,0,19,B01
201700037019,0,07,000,00,2,0,19,A01
201700037020,0,07,000,00,2,1,19,A01
201700037020,0,07,000,00,2,1,19,B01
201700037021,1,07,000,00,2,1,19,A01
201700037021,1,07,000,00,2,4,19,B01
201700037021,1,07,000,00,2,4,19,C01
201700037022,0,31,000,00,2,1,19,A01
201700037022,0,07,000,00,2,0,19,B01
201700037023,0,07,000,00,1,2,19,A01
201700037024,0,33,000,00,2,1,19,B01
201700037024,0,07,000,01,2,1,19,A01
201700037025,0,07,000,00,2,5,19,A01
201700037025,0,32,000,00,2,1,19,B01
201700037026,0,34,000,14,2,1,19,A01
201700037027,0,07,000,00,9,3,19,A01
201700037027,0,01,000,00,2,1,19,B01
201700037028,0,07,000,00,2,1,15,A01
201700037028,0,07,000,00,2,3,02,B01
201700037029,0,07,000,00,1,4,04,A01
201700037030,0,33,000,00,2,1,19,A01
201700037030,0,07,000,00,2,3,01,B01
201700037031,0,02,000,00,2,1,17,A01
201700037031,0,07,000,00,2,1,09,B01
201700037032,0,07,000,00,1,3,01,A01
201700037033,0,07,000,00,2,8,01,B01
201700037033,0,07,000,00,2,1,16,A01
201700037034,0,07,000,00,2,1,01,A01
201700037034,0,01,000,00,2,4,01,B01
201700037035,0,07,000,00,1,1,01,A01
201700037036,0,07,000,00,2,2,01,A01
201700037036,0,33,000,00,2,3,01,B01
201700037037,1,30,000,00,2,1,01,A01
201700037037,0,07,000,00,2,8,01,B01
201700037038,0,07,000,00,2,3,01,A01
201700037038,0,30,000,00,2,1,01,B01
201700037039,0,07,000,00,2,1,01,A01
201700037039,0,07,000,00,2,4,01,B01
201700037040,0,33,000,00,2,1,01,A01
201700037040,0,07,000,00,2,8,15,B01
201700037041,0,07,000,00,1,1,01,A01
201700037042,0,07,000,00,2,1,01,A01
201700037042,0,07,000,00,2,4,01,B01
201700037042,0,07,000,00,2,4,01,C01
201700037043,0,07,000,02,0,1,01,A01
201700037044,0,07,000,00,2,3,09,A01
201700037044,0,07,000,00,2,2,01,B01
201700037045,0,30,000,00,2,1,05,A01
201700037045,0,07,000,00,2,1,01,B01
201700037046,0,07,000,00,2,1,15,A01
201700037046,0,30,000,00,2,1,01,B01
201700037047,0,07,000,00,2,3,01,A01
201700037047,0,02,000,00,2,1,15,B01
201700037047,0,07,000,00,2,3,01,C01
201700037048,0,07,000,00,1,1,16,A01
201700037049,0,30,000,01,1,1,01,A01
201700037050,0,07,000,00,2,7,15,A01
201700037050,0,07,000,00,2,1,01,B01
201700037051,0,07,000,00,1,1,01,A01
201700037052,0,01,000,00,2,4,19,A01
201700037052,0,07,000,00,2,2,01,B01
201700037053,0,07,000,00,1,3,01,A01
201700037054,0,07,000,00,2,8,10,A01
201700037054,0,30,000,00,2,1,07,B01
201700037055,1,07,000,00,2,1,17,A01
201700037055,2,07,000,00,2,1,01,B01
201700037056,1,07,000,00,2,2,09,A01
201700037056,2,07,000,00,2,6,09,B01
201700037057,0,10,000,00,2,1,01,A01
201700037057,0,07,000,00,2,4,01,B01
201700037058,0,07,000,00,2,2,01,B01
201700037058,0,07,000,00,2,3,09,A01
201700037059,0,07,000,00,2,7,01,A01
201700037059,0,07,000,00,2,1,01,B01
201700037060,0,07,000,00,1,1,01,A01
201700037061,0,07,000,00,2,1,01,A01
201700037061,0,07,000,00,2,8,16,B01
201700037062,0,01,000,00,2,5,19,A01
201700037062,0,07,000,00,2,1,16,B01
201700037063,0,07,000,00,2,3,01,B01
201700037063,0,30,000,00,2,6,01,A01
201700037064,0,07,000,00,2,5,15,A01
201700037064,0,33,000,00,2,1,01,B01
201700037065,0,07,000,00,2,1,01,A01
201700037065,0,07,000,01,2,1,01,B01
201700037066,0,07,000,00,1,2,00,A01
201700037067,0,07,000,01,1,2,01,A01
201700037068,0,07,000,00,2,3,01,A01
201700037068,0,07,000,00,2,1,01,B01
201700037069,0,07,000,00,2,3,15,A01
201700037069,0,02,000,00,2,1,01,B01
201700037070,0,07,000,00,1,1,01,A01
201700037071,0,07,000,01,0,1,01,A01
201700037072,0,07,000,00,2,1,15,A01
201700037072,0,07,000,00,2,7,01,B01
201700037073,0,10,000,00,2,1,01,A01
201700037073,0,07,000,00,2,4,01,B01
201700037074,0,01,000,00,2,8,01,A01
201700037074,0,07,000,00,2,1,01,B01
201700037075,0,07,000,00,1,1,10,A01
201700037076,0,07,000,00,2,1,01,A01
201700037076,0,07,000,00,2,4,01,C01
201700037076,0,07,000,00,2,4,01,B01
201700037077,0,07,000,00,2,2,01,A01
201700037077,0,07,000,00,2,3,09,B01
201700037077,0,07,000,00,2,3,01,C01
201700037078,1,07,000,10,2,2,01,A01
201700037078,1,10,000,00,2,2,01,B01
201700037078,1,07,000,00,2,7,01,C01
201700037078,1,14,000,00,2,5,01,D01
201700037079,1,07,000,00,2,8,09,A01
201700037079,1,10,000,00,2,2,01,B01
201700037080,0,07,000,00,1,2,01,A01
201700037081,0,10,000,00,2,1,15,A01
201700037081,0,02,000,00,2,6,01,B01
201700037082,0,07,000,00,2,3,15,A01
201700037082,0,07,000,00,2,1,01,B01
201700037083,0,07,000,00,2,1,13,A01
201700037083,0,07,000,00,2,1,01,B01
201700037084,0,07,000,00,1,1,01,A01
201700037085,0,07,000,00,2,3,15,A01
201700037085,0,07,000,00,2,5,01,B01
201700037086,0,07,000,00,2,1,01,A01
201700037086,0,07,000,00,2,3,15,B01
201700037087,0,02,000,00,2,1,15,A01
201700037087,0,07,000,00,2,3,01,B01
201700037088,0,07,000,16,0,1,01,A01
201700037089,0,07,000,00,1,1,01,A01
201700037090,0,07,000,00,2,1,01,A01
201700037090,0,07,000,00,2,1,01,B01
201700037090,0,07,000,00,2,7,01,C01
201700037091,0,01,000,00,2,1,01,A01
201700037091,0,07,000,00,2,4,01,B01
201700037092,0,07,000,01,0,1,01,A01
201700037093,0,07,000,00,2,1,01,A01
201700037093,0,07,000,00,2,4,01,B01
201700037094,0,07,000,00,1,1,15,A01
201700037095,0,07,000,00,2,1,01,A01
201700037095,0,07,000,00,2,5,16,B01
201700037096,0,07,000,00,2,4,01,A01
201700037096,0,07,000,00,2,4,01,B01
201700037096,0,07,000,00,2,4,01,C01
201700037096,0,07,000,00,2,4,01,D01
201700037096,0,07,000,00,2,1,01,E01
201700037097,0,07,000,00,1,1,01,A01
201700037098,1,07,000,00,1,1,20,A01
201700037099,1,03,000,00,1,1,01,A01
201700037100,2,30,000,00,0,0,00,B01
201700037100,1,07,000,00,2,2,15,A01
201700037101,1,07,000,00,1,1,01,A01
201700037102,1,02,000,00,2,2,12,B01
201700037102,1,07,000,00,2,3,13,A01
201700037103,1,07,000,00,2,0,00,C01
201700037103,1,07,000,00,0,0,00,B01
201700037103,1,01,000,00,0,0,00,D01
201700037103,1,07,000,00,2,1,01,A01
201700037104,1,33,000,00,0,0,00,B01
201700037104,1,07,000,00,2,6,15,A01
201700037105,2,07,000,01,2,2,01,A01
201700037105,1,02,000,00,2,7,01,B01
201700037106,0,07,000,00,2,3,01,B01
201700037106,0,01,000,00,2,8,15,A01
201700037107,1,07,000,00,2,5,17,A01
201700037107,1,01,000,00,2,3,02,B01
201700037108,1,07,000,00,2,7,01,A01
201700037108,1,07,000,00,2,1,15,B01
201700037109,1,07,000,01,0,3,13,A01
201700037110,2,33,000,00,2,8,21,B01
201700037110,1,14,000,00,2,3,15,A01
201700037111,1,33,000,00,2,7,21,B01
201700037111,1,10,000,00,2,1,15,A01
201700037112,1,07,000,02,0,8,02,A01
201700037113,1,07,000,00,0,2,05,A01
201700037113,2,07,000,00,0,1,01,B01
201700037114,1,02,000,00,2,1,01,B01
201700037114,2,07,000,00,2,1,05,A01
201700037115,1,07,000,16,2,1,01,A01
201700037115,1,31,000,16,2,1,01,B01
201700037116,1,07,000,00,0,9,13,A01
201700037117,1,07,000,00,1,1,15,A01
201700037118,0,02,000,00,0,0,00,A01
201700037119,1,07,000,13,0,1,00,A01
201700037120,0,07,000,00,2,3,15,A01
201700037120,0,07,000,00,2,3,01,B01
201700037121,1,07,000,00,2,1,02,A01
201700037121,1,07,000,00,2,4,00,B01
201700037122,2,03,000,15,0,1,01,A01
201700037123,1,14,000,00,2,5,16,B01
201700037123,1,33,000,00,2,3,01,A01
201700037124,1,33,000,00,0,3,01,A01
201700037125,0,33,000,00,2,1,01,A01
201700037125,0,07,000,00,0,3,15,B01
201700037126,2,07,000,00,2,3,09,A01
201700037126,1,33,000,00,2,7,01,B01
201700037127,1,07,000,13,0,2,02,A01
201700037128,2,07,000,00,2,1,02,A01
201700037128,2,07,000,00,2,4,02,B01
201700037129,1,07,000,06,2,2,17,A01
201700037129,1,07,000,00,2,3,15,B01
201700037130,1,07,000,06,0,2,14,A01
201700037131,2,15,000,00,2,5,13,A01
201700037131,2,01,000,00,2,3,13,B01
201700037132,2,07,000,09,0,1,19,A01
201700037133,2,07,000,06,0,8,14,A01
201700037134,1,07,000,01,0,1,24,A01
201700037135,1,10,000,00,2,5,09,A01
201700037135,1,33,000,00,2,1,21,B01
201700037136,1,07,000,01,1,3,01,A01
201700037137,0,07,000,07,2,9,00,A01
201700037138,0,07,000,00,1,3,01,A01
201700037139,0,07,000,00,1,3,01,A01
201700037140,2,07,000,00,2,3,09,A01
201700037140,0,01,000,00,2,1,01,B01
201700037141,0,15,000,00,1,7,01,A01
201700037142,2,07,000,00,2,1,13,A01
201700037142,1,07,000,03,2,1,01,B01
201700037143,0,07,000,06,2,1,01,B01
201700037143,0,01,000,00,0,8,19,A01
201700037144,0,33,000,13,0,0,00,A01
201700037145,1,07,000,00,2,3,13,A01
201700037145,2,07,000,00,2,1,01,B01
201700037146,0,07,000,02,0,0,13,A01
201700037147,0,31,000,00,2,0,15,B01
201700037147,0,07,000,00,2,2,16,A01
201700037148,2,07,000,00,1,2,16,A01
201700037149,1,33,000,00,0,8,14,A01
201700037150,2,07,000,00,1,2,01,A01
201700037151,2,10,000,00,2,1,01,A01
201700037151,2,07,000,03,2,9,01,B01
201700037152,2,07,000,11,2,1,13,A01
201700037152,1,07,000,00,2,1,01,B01
201700037153,0,30,000,00,2,8,01,B01
201700037153,0,07,000,00,2,6,19,A01
201700037154,2,07,000,00,2,2,01,A01
201700037154,1,07,000,00,2,1,15,B01
201700037155,2,07,000,00,2,1,01,A01
201700037155,2,07,000,00,2,4,01,B01
201700037155,2,07,000,00,2,4,01,C01
201700037156,1,10,000,00,1,2,01,A01
201700037157,1,02,000,00,0,0,01,A01
201700037158,1,07,000,00,2,3,15,A01
201700037158,2,01,000,12,2,7,01,B01
201700037159,2,07,000,00,2,1,01,A01
201700037159,1,02,000,00,2,8,15,B01
201700037160,1,07,000,00,1,2,15,A01
201700037161,2,07,000,00,1,1,01,A01
201700037162,2,32,000,00,2,1,01,B01
201700037162,1,07,000,00,2,2,15,A01
201700037163,1,07,000,00,2,1,01,B01
201700037163,2,10,000,00,2,1,01,A01
201700037164,0,07,000,00,9,1,02,A01
201700037164,0,01,000,00,0,0,00,B01
201700037165,2,30,000,00,2,2,00,B01
201700037165,2,07,000,00,2,3,00,A01
201700037166,0,07,000,00,0,1,00,B01
201700037166,1,07,000,00,2,1,13,A01
201700037167,2,02,000,02,0,1,01,A01
201700037168,1,07,000,00,0,8,11,A01
201700037168,2,33,000,00,2,0,00,B01
201700037169,1,36,000,00,0,1,13,A01
201700037170,1,07,000,00,0,6,01,B01
201700037170,1,33,000,00,0,1,17,A01
201700037170,2,07,000,00,0,1,01,C01
201700037171,2,07,000,00,2,1,01,B01
201700037171,0,07,000,00,2,3,16,A01
201700037172,1,33,000,00,2,4,23,A01
201700037172,1,07,000,00,2,2,02,B01
201700037173,1,33,000,00,2,7,17,A01
201700037173,1,07,000,00,2,8,11,B01
201700037174,1,34,000,00,0,0,21,A01
201700037175,1,02,000,00,2,0,01,B01
201700037175,0,07,000,00,2,7,16,A01
201700037176,2,07,000,00,9,1,05,C01
201700037176,1,07,000,00,2,6,02,B01
201700037176,1,33,000,00,2,1,02,A01
201700037177,1,07,000,00,1,0,19,A01
201700037178,1,07,000,00,2,1,11,A01
201700037178,2,14,000,00,2,3,21,B01
201700037179,1,01,000,00,2,1,02,A01
201700037179,1,07,000,00,2,3,02,B01
201700037180,0,02,000,00,0,7,00,A01
201700037180,0,07,000,00,0,1,00,B01
201700037181,2,31,000,00,2,1,01,B01
201700037181,1,07,000,00,2,4,04,A01
201700037182,0,01,000,00,1,1,01,A01
201700037183,1,33,000,06,0,1,19,A01
201700037184,2,07,000,00,2,1,01,B01
201700037184,1,03,000,00,2,7,15,A01
201700037185,2,07,000,00,2,1,01,B01
201700037185,1,33,000,00,2,1,00,A01
201700037186,1,07,000,00,2,2,15,A01
201700037186,1,01,000,00,2,3,00,B01
201700037187,1,37,000,00,1,3,00,A01
201700037188,1,07,000,00,2,0,00,B01
201700037188,1,02,000,00,2,7,00,A01
201700037189,1,07,000,00,1,1,01,A01
201700037190,1,33,000,15,2,7,17,A01
201700037190,1,07,000,00,2,8,15,B01
201700037191,1,33,000,00,2,1,01,A01
201700037191,2,10,000,00,2,1,01,B01
201700037192,2,07,000,00,2,6,09,B01
201700037192,2,33,000,00,2,6,01,A01
201700037193,0,33,000,00,1,1,01,A01
201700037194,1,07,000,00,1,3,01,A01
201700037195,2,33,000,10,2,1,01,A01
201700037195,1,33,000,00,2,1,01,B01
201700037196,1,31,000,15,1,1,01,A01
201700037197,1,33,000,00,2,1,21,B01
201700037197,2,03,000,00,2,6,23,A01
201700037198,1,07,000,11,0,2,15,A01
201700037198,1,07,000,05,0,6,09,B01
201700037199,1,33,000,00,2,1,21,B01
201700037199,1,30,000,00,2,8,09,A01
201700037200,1,07,000,00,2,7,02,A01
201700037200,1,34,000,00,2,2,14,B01
201700037201,2,07,000,00,1,1,02,B01
201700037201,2,07,000,00,2,1,02,A01
201700037202,1,07,000,02,0,9,01,A01
201700037203,2,33,000,00,1,2,17,A01
201700037204,2,07,000,00,1,1,01,A01
201700037204,1,07,000,00,1,3,01,B01
201700037205,1,07,000,00,1,4,20,A01
201700037206,2,07,000,00,1,7,16,A01
201700037207,1,01,000,00,2,2,14,B01
201700037207,2,07,000,00,9,3,09,A01
201700037208,1,33,000,16,0,9,01,A01
201700037209,2,07,000,00,1,1,01,A01
201700037210,1,99,000,00,1,0,00,A01
201700037211,2,07,000,00,1,3,21,A01
201700037212,1,07,000,00,2,3,18,A01
201700037212,1,30,000,00,2,5,12,B01
201700037213,1,07,000,00,2,3,13,A01
201700037213,2,07,000,00,2,3,01,B01
201700037214,2,07,000,00,2,0,00,B01
201700037214,1,07,000,00,2,3,00,A01
201700037215,1,07,000,13,0,1,01,A01
201700037216,2,33,000,12,0,1,01,A01
201700037217,1,10,000,00,1,1,01,A01
201700037218,1,07,000,00,2,1,15,A01
201700037218,2,33,000,00,2,3,01,B01
201700037219,2,37,000,09,1,1,14,A01
201700037220,1,02,000,00,2,1,00,B01
201700037220,1,10,000,00,2,6,00,A01
201700037221,1,07,000,00,1,2,01,A01
201700037222,1,07,000,00,1,1,01,A01
201700037223,1,01,000,00,2,1,03,B01
201700037223,1,07,000,00,9,3,15,A01
201700037224,1,07,000,00,1,1,01,A01
201700037225,1,33,000,00,2,4,13,B01
201700037225,1,07,000,00,2,1,02,A01
201700037226,1,07,000,00,1,1,00,A01
201700037227,0,07,000,00,1,1,01,A01
201700037228,1,32,000,00,2,1,17,B01
201700037228,1,07,000,00,2,3,15,A01
201700037229,2,07,000,00,2,0,00,B01
201700037229,2,34,000,00,2,1,02,A01
201700037230,1,31,000,00,2,1,01,A01
201700037230,2,07,000,00,2,3,19,B01
201700037231,2,32,000,00,2,1,02,B01
201700037231,2,07,000,00,2,8,00,A01
201700037232,1,07,000,00,0,0,00,A01
201700037232,2,33,000,00,0,0,00,B01
201700037233,2,07,000,00,1,0,14,A01
201700037234,1,01,000,00,9,1,02,A01
201700037235,1,02,000,00,2,1,13,A01
201700037235,2,07,000,00,2,3,01,B01
201700037236,1,07,000,15,0,9,01,A01
201700037237,1,30,000,01,0,4,13,A01
201700037238,1,07,000,00,2,6,16,B01
201700037238,1,34,000,01,0,1,17,A01
201700037239,1,10,000,00,2,4,00,A01
201700037239,1,02,000,00,2,1,00,B01
201700037240,2,07,000,14,0,4,23,A01
201700037240,2,07,000,14,0,1,01,B01
201700037241,2,30,000,00,2,1,01,A01
201700037241,2,07,000,00,2,3,09,B01
201700037242,1,07,000,00,9,0,00,A01
201700037242,1,33,000,00,0,0,00,B01
201700037243,1,07,000,00,2,3,13,A01
201700037243,2,02,000,00,2,8,16,B01
201700037244,1,33,000,00,2,7,17,B01
201700037244,2,07,000,00,2,3,15,A01
201700037245,2,07,000,00,2,1,21,B01
201700037245,1,07,000,00,2,1,13,A01
201700037246,2,07,000,00,1,1,00,A01
201700037247,2,07,000,00,1,0,09,A01
201700037248,1,07,000,00,1,1,09,A01
201700037249,1,31,000,00,0,1,00,A01
201700037250,2,01,000,00,2,7,19,B01
201700037250,2,07,000,00,2,1,09,A01
201700037251,1,07,000,00,2,4,02,C01
201700037251,1,07,000,00,2,1,02,B01
201700037251,1,07,000,00,2,1,02,A01
201700037252,1,07,000,02,0,1,14,A01
201700037253,1,31,000,00,0,0,21,A01
201700037254,1,34,000,00,0,8,09,A01
201700037255,1,07,000,00,2,4,02,B01
201700037255,1,07,000,00,2,1,02,A01
201700037256,2,33,000,00,2,3,17,A01
201700037256,1,07,000,00,2,3,01,B01
201700037256,1,07,000,00,2,7,01,C01
201700037257,2,33,000,02,0,8,14,A01
201700037258,1,01,000,00,2,2,15,B01
201700037258,1,07,000,12,9,3,09,A01
201700037259,2,33,000,06,0,1,19,A01
201700037260,1,07,000,00,2,7,12,A01
201700037260,1,31,000,00,2,3,21,B01
201700037261,1,07,000,08,0,1,00,A01
201700037262,2,33,000,02,0,1,17,A01
201700037263,1,07,000,00,2,1,13,A01
201700037263,1,07,000,10,9,1,00,B01
201700037264,1,07,000,00,2,8,10,A01
201700037264,1,31,000,00,2,1,01,B01
201700037265,1,07,000,00,1,1,01,A01
201700037266,2,07,000,00,0,0,00,B01
201700037266,1,07,000,00,1,1,01,A01
201700037267,2,07,000,00,1,2,19,A01
201700037268,1,31,000,00,2,1,19,A01
201700037268,1,07,000,00,2,2,19,B01
201700037269,2,07,000,00,2,3,13,A01
201700037269,1,07,000,01,2,9,13,B01
201700037270,2,02,000,00,2,1,01,B01
201700037270,1,07,000,00,2,1,15,A01
201700037271,1,07,000,00,2,1,13,A01
201700037271,2,07,000,00,2,1,01,B01
201700037272,1,07,000,00,2,5,17,A01
201700037272,1,30,000,00,2,8,01,B01
201700037273,2,07,000,00,2,0,19,B01
201700037273,1,07,000,00,2,0,15,A01
201700037274,2,07,000,01,0,2,01,A01
201700037274,2,07,000,00,2,8,22,B01
201700037275,2,15,000,00,1,5,21,A01
201700037276,1,07,000,00,1,1,16,A01
201700037277,2,07,000,00,1,1,15,A01
201700037278,0,30,000,00,2,2,02,A01
201700037278,0,07,000,00,2,6,01,B01
201700037279,1,07,000,00,2,4,02,B01
201700037279,2,07,000,00,2,1,02,A01
201700037280,1,01,000,00,2,1,02,A01
201700037280,1,01,000,00,2,4,02,B01
201700037281,2,31,000,11,0,1,17,A01
201700037282,1,02,000,00,2,4,02,A01
201700037282,1,07,000,00,2,4,02,B01
201700037283,2,10,000,00,1,1,16,A01
201700037284,1,10,000,08,0,1,14,A01
201700037285,1,17,000,00,2,5,17,B01
201700037285,1,30,000,00,2,0,01,A01
201700037286,2,07,000,00,9,6,09,A01
201700037286,1,01,000,00,2,1,01,B01
201700037287,2,13,000,02,9,1,13,A01
201700037288,1,02,000,14,9,3,13,A01
201700037288,2,35,000,14,9,3,13,B01
201700037289,1,07,000,00,9,4,23,A01
201700037289,1,01,000,00,2,1,00,B01
201700037290,2,07,000,00,2,1,14,B01
201700037290,1,07,000,00,2,1,15,A01
201700037291,1,01,000,15,0,1,01,B01
201700037291,2,07,000,00,9,0,23,A01
201700037292,2,07,000,00,2,1,21,A01
201700037292,2,07,000,02,0,8,10,B01
201700037293,2,07,000,00,1,1,01,A01
201700037294,1,10,000,00,2,4,23,C01
201700037294,1,07,000,00,2,1,01,A01
201700037294,1,07,000,00,2,4,23,B01
201700037294,1,07,000,00,2,4,23,D01
201700037295,1,07,000,00,1,1,01,A01
201700037296,1,07,000,00,1,2,01,A01
201700037297,1,07,000,00,2,4,02,B01
201700037297,1,07,000,00,2,1,02,A01
201700037298,1,07,000,00,2,8,10,B01
201700037298,1,38,001,00,2,1,02,A01
201700037299,1,31,000,00,2,3,13,B01
201700037299,1,33,000,00,2,2,17,A01
201700037300,1,31,000,00,2,2,15,B01
201700037300,2,31,000,00,2,1,01,A01
201700037301,1,07,000,00,6,4,23,A01
201700037301,1,10,000,00,2,1,01,B01
201700037302,1,07,000,00,2,3,09,A01
201700037302,1,33,000,00,2,7,21,B01
201700037303,1,07,000,01,0,2,14,A01
201700037304,1,34,000,00,2,1,01,B01
201700037304,2,10,000,00,2,1,15,A01
201700037305,1,07,000,01,0,3,19,A01
201700037306,1,07,000,00,1,2,09,A01
201700037307,1,01,000,00,2,8,01,A01
201700037307,1,07,000,00,2,7,16,B01
201700037308,1,07,000,00,1,1,09,A01
201700037309,1,07,000,00,2,3,01,B01
201700037309,2,07,000,00,2,3,13,A01
201700037310,2,01,000,00,2,7,01,B01
201700037310,2,10,000,00,2,1,16,A01
201700037311,1,07,000,00,1,2,00,A01
201700037312,2,07,000,00,2,4,16,B01
201700037312,2,07,000,00,2,1,02,A01
201700037313,2,07,000,07,2,1,01,B01
201700037313,2,07,000,07,2,8,15,A01
201700037314,2,07,000,00,2,1,01,B01
201700037314,1,33,000,00,2,7,15,A01
201700037315,1,01,000,01,0,7,17,B01
201700037315,1,10,000,00,2,8,24,A01
201700037316,2,33,000,00,2,1,01,B01
201700037316,1,07,000,00,2,7,15,A01
201700037317,1,07,000,00,2,8,01,B01
201700037317,1,33,000,00,2,3,13,A01
201700037318,1,07,000,00,2,2,01,B01
201700037318,2,07,000,00,2,1,15,A01
201700037319,1,07,000,00,2,8,00,A01
201700037319,2,31,000,00,2,3,16,B01
201700037320,1,07,000,00,2,1,01,A01
201700037320,1,30,000,00,2,7,01,B01
201700037321,2,01,000,00,1,0,00,A01
201700037322,1,07,000,00,0,3,15,A01
201700037322,2,30,000,00,2,2,01,B01
201700037323,2,07,000,00,1,2,01,A01
201700037324,0,07,000,00,2,1,01,A01
201700037324,2,07,000,00,2,4,01,B01
201700037324,2,07,000,00,2,0,01,C01
201700037325,2,07,000,00,0,0,10,A01
201700037325,2,33,000,00,0,0,01,B01
201700037326,2,33,000,14,0,1,01,A01
201700037327,2,07,000,00,1,4,04,A01
201700037328,2,30,000,00,2,4,00,B01
201700037328,2,07,000,00,2,1,00,A01
201700037329,2,33,000,00,2,1,01,B01
201700037329,1,07,000,00,2,2,15,A01
201700037330,1,07,000,00,2,1,02,A01
201700037330,1,20,000,00,2,4,02,B01
201700037331,1,33,000,00,2,1,01,A01
201700037331,1,07,000,00,2,3,15,B01
201700037332,2,01,000,00,2,1,13,A01
201700037332,2,07,000,00,2,7,01,B01
201700037333,1,31,000,00,2,2,01,B01
201700037333,1,07,000,00,2,6,20,A01
201700037334,2,07,000,00,2,3,09,A01
201700037334,2,31,000,00,2,9,01,B01
201700037335,2,07,000,00,2,3,01,B01
201700037335,1,07,000,00,2,1,17,A01
201700037336,1,33,000,00,2,1,17,A01
201700037336,1,07,000,00,2,3,13,B01
201700037337,1,34,000,00,2,9,17,A01
201700037337,1,07,000,00,2,3,15,B01
201700037338,1,07,000,00,2,2,21,A01
201700037338,1,33,000,00,1,1,02,B01
201700037339,1,07,000,00,2,4,02,B01
201700037339,1,30,000,00,2,1,02,A01
201700037340,1,07,000,00,2,2,12,B01