Num_Acc,senc,catv,occutc,obs,obsm,choc,manv,num_veh
201700037340,1,07,000,00,2,6,01,A01
201700037341,2,33,000,00,2,7,01,B01
201700037341,2,07,000,00,2,1,15,A01
201700037342,2,07,000,00,2,1,01,A01
201700037342,1,07,000,00,2,7,01,B01
201700037343,1,34,000,00,2,1,01,B01
201700037343,1,07,000,00,2,2,15,A01
201700037344,2,07,000,00,2,8,01,B01
201700037344,1,07,000,00,2,1,13,A01
201700037345,1,07,000,00,1,2,16,A01
201700037346,1,33,000,00,2,1,13,A01
201700037346,2,07,000,00,2,6,01,B01
201700037346,2,07,000,00,2,3,01,C01
201700037347,2,01,000,00,1,1,01,B01
201700037347,2,01,000,00,1,1,01,A01
201700037348,2,31,000,00,2,1,15,A01
201700037348,1,07,000,00,2,1,15,B01
201700037349,1,07,000,00,2,1,02,A01
201700037349,1,33,000,00,2,4,01,B01
201700037350,2,07,000,00,2,3,01,C01
201700037350,1,07,000,00,2,2,01,B01
201700037350,1,07,000,00,2,2,09,A01
201700037351,2,33,000,00,2,4,01,B01
201700037351,0,07,000,00,2,1,02,A01
201700037352,1,31,000,14,0,1,15,A01
201700037353,1,33,000,00,2,1,01,B01
201700037353,2,03,000,00,2,7,15,A01
201700037354,1,33,000,00,2,1,17,A01
201700037354,2,07,000,00,2,3,01,B01
201700037355,1,07,000,00,2,3,13,A01
201700037355,2,07,000,00,2,3,01,B01
201700037356,1,07,000,00,1,1,01,A01
201700037357,2,07,000,00,2,8,19,A01
201700037357,1,31,000,00,2,1,19,B01
201700037358,1,07,000,00,1,8,01,A01
201700037359,2,07,000,00,2,4,15,B01
201700037359,2,34,000,00,2,1,02,A01
201700037360,2,07,000,00,1,3,01,A01
201700037361,1,34,000,00,2,1,01,B01
201700037361,1,07,000,00,2,3,10,A01
201700037362,1,01,000,00,2,8,00,B01
201700037362,1,07,000,00,2,0,01,A01
201700037363,2,01,000,00,2,7,19,B01
201700037363,1,07,000,00,2,1,01,A01
201700037364,1,99,000,00,2,1,07,B01
201700037364,1,07,000,00,2,7,16,A01
201700037365,1,33,000,00,1,1,02,A01
201700037366,1,07,000,00,1,0,00,A01
201700037366,1,07,000,00,2,0,00,B01
201700037367,1,07,000,00,1,1,00,B01
201700037367,1,07,000,01,0,3,15,A01
201700037368,1,02,000,00,0,0,00,A01
201700037369,2,30,000,00,2,3,01,B01
201700037369,1,07,000,00,2,3,00,A01
201700037370,2,07,000,00,1,4,04,A01
201700037371,2,10,000,00,2,3,01,B01
201700037371,1,07,000,00,2,3,13,A01
201700037372,1,33,000,00,0,0,00,B01
201700037372,1,07,000,00,2,3,09,A01
201700037373,1,07,000,00,2,4,04,A01
201700037373,1,02,000,00,2,1,02,B01
201700037374,1,02,000,00,2,1,01,A01
201700037374,1,07,000,00,2,3,01,B01
201700037375,1,07,000,00,2,3,15,A01
201700037375,2,33,000,00,2,1,01,B01
201700037376,1,07,000,00,2,3,02,A01
201700037376,1,30,000,00,2,1,02,B01
201700037377,1,33,000,01,0,1,02,A01
201700037377,1,07,000,10,0,4,00,B01
201700037378,1,07,000,00,1,1,01,A01
201700037379,2,14,000,00,2,7,02,A01
201700037379,2,01,000,00,2,8,02,B01
201700037380,2,33,000,00,2,1,13,A01
201700037380,1,37,000,00,2,1,01,B01
201700037381,1,33,000,00,2,1,01,B01
201700037381,2,07,000,00,2,2,15,A01
201700037382,2,33,000,00,2,3,02,B01
201700037382,1,02,000,00,2,1,15,A01
201700037383,2,07,000,00,2,7,15,A01
201700037383,1,33,000,00,2,1,01,B01
201700037384,1,32,000,00,2,2,01,B01
201700037384,2,07,000,00,2,2,15,A01
201700037385,1,07,000,00,2,1,01,A01
201700037385,1,01,000,00,2,5,01,V01
201700037386,2,07,000,00,1,1,01,A01
201700037387,1,07,000,00,2,3,00,A01
201700037387,2,33,000,00,2,1,00,B01
201700037388,1,03,000,00,2,3,01,B01
201700037388,1,30,000,00,9,2,14,A01
201700037389,2,34,000,00,2,1,01,B01
201700037389,1,07,000,02,2,1,15,A01
201700037390,1,07,000,00,1,1,01,A01
201700037391,1,07,000,00,2,2,15,A01
201700037391,1,33,000,00,2,1,02,B01
201700037392,1,01,000,00,2,7,19,B01
201700037392,2,07,000,00,2,1,01,A01
201700037393,1,07,000,00,2,8,02,C01
201700037393,1,32,000,01,2,3,17,A01
201700037393,1,07,000,00,2,5,00,D01
201700037393,1,07,000,00,2,4,20,B01
201700037394,1,07,000,01,0,1,14,A01
201700037394,1,15,000,01,0,4,24,B01
201700037395,1,07,000,00,2,4,11,A01
201700037395,1,33,000,08,2,3,01,B01
201700037396,1,07,000,00,2,2,02,A01
201700037396,1,07,000,00,2,3,02,B01
201700037397,1,07,000,00,2,4,02,B01
201700037397,1,32,000,00,2,1,02,A01
201700037398,1,32,000,08,0,1,14,A01
201700037399,1,07,000,00,1,3,15,A01
201700037400,2,07,000,00,1,1,01,A01
201700037401,1,07,000,00,1,1,01,A01
201700037402,1,07,000,00,1,1,02,A01
201700037403,0,10,000,00,1,1,16,A01
201700037404,1,07,000,00,1,1,00,A01
201700037405,0,33,000,00,2,7,09,B01
201700037405,0,10,000,00,0,0,00,A01
201700037405,0,07,000,00,2,1,02,C01
201700037406,1,02,000,00,2,8,09,B01
201700037406,1,02,000,00,2,8,19,A01
201700037407,2,33,000,01,2,1,00,A01
201700037407,2,07,000,00,2,2,00,B01
201700037408,1,10,000,01,0,1,01,A01
201700037409,1,33,000,00,2,0,00,A01
201700037409,0,07,000,00,0,0,00,Z01
201700037410,1,07,000,00,2,8,19,A01
201700037410,2,31,000,00,2,1,01,B01
201700037411,2,07,000,15,0,6,19,B01
201700037411,1,07,000,00,2,3,19,A01
201700037412,1,07,000,00,2,3,10,A01
201700037412,1,33,000,00,2,1,01,B01
201700037413,1,30,000,00,2,7,01,B01
201700037413,2,07,000,00,2,1,15,A01
201700037414,1,07,000,00,2,3,01,A01
201700037414,2,07,000,00,2,3,13,Z01
201700037415,2,07,000,00,2,8,09,B01
201700037415,2,07,000,00,2,1,00,A01
201700037416,2,30,000,01,0,1,13,A01
201700037417,1,37,001,00,2,0,00,B01
201700037417,1,07,000,00,2,0,16,A01
201700037418,1,10,000,00,1,6,04,A01
201700037419,2,07,000,00,1,1,15,A01
201700037420,0,07,000,00,1,3,01,A01
201700037421,1,02,000,00,2,1,17,A01
201700037421,1,07,000,00,2,3,15,B01
201700037422,0,01,000,00,2,7,05,A01
201700037422,0,07,000,00,2,1,01,B01
201700037423,1,07,000,00,2,2,09,A01
201700037423,1,33,000,00,2,1,01,C01
201700037423,1,33,000,00,2,1,01,B01
201700037424,2,07,000,00,2,8,02,B01
201700037424,2,33,000,00,2,7,17,A01
201700037425,1,07,000,00,1,1,01,A01
201700037426,1,07,000,00,1,3,18,A01
201700037427,1,02,000,00,2,1,17,A01
201700037427,1,07,000,00,2,3,00,B01
201700037428,0,02,000,00,1,1,01,Z01
201700037429,1,07,000,00,1,1,01,A01
201700037430,2,32,000,00,2,1,00,B01
201700037430,1,07,000,00,2,1,01,C01
201700037430,1,07,000,00,2,3,15,A01
201700037431,0,32,000,00,2,1,13,A01
201700037431,0,07,000,00,0,3,01,B01
201700037432,1,01,000,14,0,1,00,B01
201700037432,1,20,000,00,2,1,00,A01
201700037433,2,07,000,00,2,1,01,A01
201700037433,1,07,000,00,2,3,20,B01
201700037434,0,07,000,00,1,1,01,A01
201700037435,1,07,000,00,1,1,01,A01
201700037436,1,07,000,00,0,4,15,B01
201700037436,1,33,000,00,2,1,02,A01
201700037437,1,07,000,00,2,7,01,A01
201700037437,1,33,000,00,2,1,01,B01
201700037438,2,33,000,00,2,8,00,B01
201700037438,1,10,000,00,2,2,19,A01
201700037439,0,31,000,00,1,1,01,A01
201700037440,1,07,000,14,0,1,01,B01
201700037440,1,30,000,00,2,1,01,A01
201700037440,1,07,000,00,2,1,00,Y01
201700037441,2,07,000,00,2,1,01,B01
201700037441,1,07,000,00,2,2,15,A01
201700037442,1,07,000,01,1,1,00,Z01
201700037443,1,33,000,00,1,3,01,A01
201700037444,1,07,000,00,2,1,01,B01
201700037444,1,07,000,00,2,1,01,A01
201700037445,2,37,000,00,1,1,01,A01
201700037446,2,07,000,00,2,8,02,B01
201700037446,1,07,000,00,2,1,15,A01
201700037447,1,30,000,00,0,0,00,B01
201700037447,1,30,000,00,0,0,00,A01
201700037448,2,02,000,00,2,2,17,A01
201700037448,1,07,000,00,2,0,00,B01
201700037449,1,01,000,01,0,1,02,A01
201700037450,1,03,000,00,1,2,01,A01
201700037451,1,32,000,00,0,0,00,A01
201700037451,1,07,000,00,0,0,00,B01
201700037452,1,07,000,00,2,1,02,A01
201700037452,1,07,000,00,2,4,02,C01
201700037452,1,07,000,00,2,4,02,B01
201700037453,1,07,000,00,2,1,11,A01
201700037453,1,32,000,00,2,1,01,B01
201700037454,1,07,000,00,2,3,15,A01
201700037454,1,02,000,00,2,2,01,B01
201700037455,1,07,000,00,2,3,01,B01
201700037455,1,07,000,00,2,0,16,Z01
201700037456,1,07,000,00,0,6,15,B01
201700037456,1,02,000,00,2,1,02,A01
201700037457,1,07,000,00,2,4,23,B01
201700037457,1,02,000,00,2,1,02,A01
201700037458,1,07,000,00,1,1,00,A01
201700037459,2,07,000,01,2,1,14,A01
201700037460,0,07,000,00,1,3,15,Z01
201700037461,1,07,000,00,2,0,00,C01
201700037461,1,07,000,00,2,1,01,B01
201700037461,1,07,000,00,2,1,11,A01
201700037461,1,07,000,00,2,3,01,D01
201700037462,2,07,000,00,2,5,02,B01
201700037462,2,02,000,00,2,1,02,A01
201700037463,1,07,000,00,2,4,02,D01
201700037463,1,07,000,00,2,6,02,B01
201700037463,1,07,000,00,2,2,02,A01
201700037463,1,07,000,00,2,6,02,C01
201700037464,1,07,000,00,1,1,01,Z01
201700037465,1,33,000,00,2,1,14,A01
201700037465,1,33,000,00,2,7,23,B01
201700037466,1,34,000,01,0,1,01,A01
201700037466,1,07,000,00,2,6,23,B01
201700037467,1,07,000,00,2,1,09,A01
201700037467,1,34,000,00,2,1,01,B01
201700037468,2,07,000,00,1,1,01,A01
201700037469,0,30,000,00,0,0,00,A01
201700037469,0,07,000,00,2,2,01,B01
201700037470,1,33,000,00,2,3,01,B01
201700037470,0,07,000,00,2,0,15,A01
201700037471,0,07,000,00,1,0,00,A01
201700037472,1,32,000,00,0,3,01,A01
201700037473,0,07,000,00,2,7,01,B01
201700037473,1,07,000,00,2,0,19,A01
201700037474,2,07,000,00,2,1,11,A01
201700037474,2,07,000,00,2,3,01,B01
201700037475,2,07,000,00,2,8,10,B01
201700037475,2,02,000,00,2,1,17,A01
201700037476,1,07,000,00,1,2,01,A01
201700037477,1,07,000,00,2,3,15,B01
201700037477,1,32,000,01,2,2,01,A01
201700037478,2,07,000,00,2,8,01,A01
201700037478,2,31,000,00,2,1,01,B01
201700037479,0,31,000,00,2,5,01,B01
201700037479,1,07,000,00,2,2,01,A01
201700037480,1,07,000,00,2,1,15,B01
201700037480,1,07,000,00,2,2,00,A01
201700037481,2,02,000,00,2,3,02,A01
201700037481,1,07,000,00,2,2,02,B01
201700037482,1,02,000,11,2,2,17,A01
201700037482,1,07,000,11,2,3,16,B01
201700037483,2,07,000,00,0,5,15,B01
201700037483,2,30,000,00,2,1,00,A01
201700037484,1,07,000,00,2,2,01,B01
201700037484,1,02,000,00,2,7,00,A01
201700037485,1,31,000,00,2,3,01,B01
201700037485,2,07,000,00,2,1,19,A01
201700037486,2,07,000,00,2,1,21,A01
201700037486,1,07,000,00,2,5,10,B01
201700037487,2,07,000,00,2,1,01,B01
201700037487,1,33,000,00,2,1,13,A01
201700037488,2,33,000,00,2,1,01,B01
201700037488,1,07,000,00,2,2,15,A01
201700037489,1,07,000,00,2,3,15,A01
201700037489,2,07,000,00,2,1,01,B01
201700037490,1,31,000,00,2,1,00,B01
201700037490,1,07,000,00,2,3,15,A01
201700037491,1,07,000,00,2,3,09,A01
201700037491,1,07,000,00,2,2,00,B01
201700037492,1,33,000,00,1,1,01,A01
201700037493,0,33,000,00,1,8,01,Z01
201700037494,1,07,000,01,0,4,23,C01
201700037494,1,07,000,01,0,1,01,A01
201700037494,1,07,000,01,0,4,23,B01
201700037494,1,07,000,00,2,4,23,D01
201700037495,0,07,000,00,1,7,01,A01
201700037496,2,07,000,00,2,6,01,B01
201700037496,2,33,000,00,2,1,02,A01
201700037497,1,31,000,00,2,6,01,B01
201700037497,1,07,000,00,2,1,01,A01
201700037498,1,07,000,00,2,1,00,A01
201700037498,1,07,000,00,1,4,23,B01
201700037499,1,33,000,14,2,8,01,B01
201700037499,1,10,000,00,2,7,12,A01
201700037500,1,07,000,00,2,1,07,B01
201700037500,1,33,000,00,2,1,01,A01
201700037501,2,33,000,00,2,3,16,A01
201700037501,1,07,000,00,2,1,21,B01
201700037502,1,07,000,00,2,7,15,A01
201700037502,2,33,000,15,2,7,21,B01
201700037503,1,07,000,00,2,3,15,B01
201700037503,1,31,000,00,2,1,17,A01
201700037504,1,10,000,00,2,1,01,A01
201700037504,1,07,000,00,2,5,01,B01
201700037505,1,01,000,00,2,8,19,B01
201700037505,1,31,000,00,2,1,17,A01
201700037506,1,31,000,08,0,2,01,A01
201700037507,1,30,000,00,1,1,21,A01
201700037508,1,31,000,00,2,3,13,A01
201700037508,1,31,000,00,2,3,13,B01
201700037509,2,33,000,00,1,7,17,A01
201700037510,1,07,000,00,9,1,01,A01
201700037510,2,01,000,00,2,1,13,B01
201700037511,0,37,001,00,2,8,02,B01
201700037511,1,07,000,00,2,1,19,A01
201700037512,1,33,000,16,0,8,01,A01
201700037512,1,07,000,00,2,8,11,B01
201700037513,1,02,000,00,2,5,01,B01
201700037513,2,07,000,00,2,1,09,Z01
201700037514,1,07,000,00,1,1,15,A01
201700037515,2,33,000,00,2,1,01,B01
201700037515,2,07,000,00,2,5,15,A01
201700037516,2,07,000,00,2,1,16,A01
201700037516,2,01,000,00,2,5,01,B01
201700037517,2,07,000,00,1,1,16,A01
201700037518,1,07,000,00,1,1,02,A01
201700037519,2,07,000,00,1,2,01,A01
201700037520,1,07,000,00,2,3,15,B01
201700037520,1,07,000,00,2,2,02,A01
201700037521,1,07,000,00,2,5,15,A01
201700037521,2,31,000,00,2,1,21,B01
201700037522,1,07,000,00,1,3,01,A01
201700037523,1,34,000,00,2,1,01,Z01
201700037523,1,07,000,00,9,4,01,A01
201700037524,0,07,000,00,1,1,00,A01
201700037525,1,31,000,00,2,1,09,B01
201700037525,2,37,000,00,2,2,07,A01
201700037526,1,34,000,00,2,1,13,B01
201700037526,1,07,000,00,2,3,13,A01
201700037527,1,34,000,00,2,4,23,A01
201700037527,1,07,000,00,2,1,02,Z01
201700037528,2,31,000,00,2,2,17,A01
201700037528,2,07,000,00,2,6,15,B01
201700037529,1,31,000,11,0,1,14,A01
201700037530,2,07,000,00,2,6,20,A01
201700037530,2,07,000,00,2,2,00,B01
201700037531,1,07,000,00,2,3,15,B01
201700037531,1,33,000,00,2,2,17,A01
201700037532,1,07,000,00,1,1,01,A01
201700037533,2,33,000,00,2,1,17,B01
201700037533,1,07,000,00,2,3,19,A01
201700037534,2,07,000,00,2,8,01,B01
201700037534,1,15,000,00,2,1,00,A01
201700037535,2,07,000,,2,3,15,A01
201700037535,2,31,000,00,2,2,01,B01
201700037536,1,07,000,00,0,0,15,B01
201700037536,1,32,000,00,2,0,00,A01
201700037537,1,07,000,00,2,1,02,A01
201700037537,1,07,000,00,2,4,01,B01
201700037537,1,33,000,00,2,4,02,C01
201700037538,1,07,000,00,2,3,15,Z01
201700037538,1,30,000,00,2,3,01,B01
201700037539,1,07,000,00,1,3,02,A01
201700037540,0,07,000,00,2,2,19,A01
201700037540,0,34,000,00,2,1,17,B01
201700037541,2,07,000,00,1,2,00,A01
201700037542,1,07,000,00,1,3,00,A01
201700037543,2,07,000,00,1,1,01,Z01
201700037544,1,01,000,00,1,8,01,A01
201700037545,2,07,000,00,2,2,17,A01
201700037545,2,07,000,00,2,3,09,B01
201700037546,1,07,000,00,2,1,01,A01
201700037546,1,07,000,00,2,4,15,B01
201700037547,2,07,000,00,2,3,09,B01
201700037547,1,07,000,00,2,2,15,A01
201700037548,1,33,000,00,2,4,02,B01
201700037548,1,07,000,00,2,1,02,A01
201700037549,0,07,000,00,9,1,01,B01
201700037549,0,01,000,00,2,1,05,A01
201700037550,1,07,000,08,0,1,13,A01
201700037551,1,07,000,00,1,2,01,A01
201700037552,1,07,000,00,1,1,01,A01
201700037553,2,07,000,00,2,1,02,A01
201700037553,2,07,000,00,2,4,23,B01
201700037554,1,07,000,00,1,8,01,A01
201700037555,2,07,000,00,1,2,01,A01
201700037556,2,34,000,00,2,1,21,B01
201700037556,1,07,000,00,2,1,13,Z01
201700037557,1,33,000,00,2,2,02,B01
201700037557,1,07,000,00,9,3,15,A01
201700037558,0,31,000,01,2,1,19,A01
201700037558,0,31,000,00,2,1,19,B01
201700037559,0,30,000,00,2,7,17,A01
201700037559,0,07,000,00,2,2,19,B01
201700037560,1,07,000,00,2,1,09,A01
201700037560,1,07,000,00,2,5,01,B01
201700037561,2,01,000,00,2,3,01,B01
201700037561,1,07,000,00,2,2,11,A01
201700037562,2,07,000,00,1,1,01,A01
201700037563,1,07,000,00,2,2,21,B01
201700037563,1,07,000,00,2,3,20,A01
201700037564,1,07,000,00,1,2,09,A01
201700037565,2,07,000,00,2,1,00,A01
201700037565,2,07,000,00,0,4,00,B01
201700037566,1,07,000,00,1,2,01,A01
201700037567,2,07,000,00,1,3,01,A01
201700037568,2,07,000,00,1,7,01,A01
201700037569,1,07,000,00,1,3,01,A01
201700037570,1,07,000,00,2,1,05,A01
201700037570,2,07,000,00,2,1,01,B01
201700037571,2,31,000,00,0,9,01,A01
201700037572,1,07,000,00,2,1,00,B01
201700037572,2,07,000,00,2,3,21,A01
201700037573,1,07,000,00,2,8,10,A01
201700037573,1,07,000,00,2,1,01,B01
201700037574,2,31,000,12,2,2,01,B01
201700037574,0,07,000,00,2,2,19,A01
201700037575,2,10,000,00,2,3,02,B01
201700037575,2,34,000,09,2,1,02,A01
201700037576,2,07,000,00,1,2,01,A01
201700037577,1,31,000,00,2,1,01,A01
201700037577,2,07,000,00,2,1,15,Z01
201700037578,0,01,000,00,2,1,05,A01
201700037578,1,07,000,00,2,1,01,B01
201700037579,1,07,000,00,1,2,01,A01
201700037580,1,07,000,00,2,1,02,Z01
201700037580,1,07,000,00,2,4,02,B01
201700037581,1,07,000,00,2,1,02,A01
201700037581,1,07,000,00,2,4,02,B01
201700037582,1,10,000,00,2,3,01,A01
201700037582,1,07,000,00,2,8,19,B01
201700037583,2,33,000,00,2,1,01,B01
201700037583,1,07,000,00,2,2,10,A01
201700037584,1,10,000,00,1,2,01,A01
201700037585,2,07,000,00,2,7,02,A01
201700037585,2,33,000,00,2,3,01,B01
201700037586,1,07,000,00,1,3,01,A01
201700037587,2,07,000,00,1,0,01,A01
201700037588,1,07,000,00,1,1,01,A01
201700037589,1,07,000,00,1,2,01,A01
201700037590,2,37,001,00,1,7,09,A01
201700037591,1,07,000,00,1,0,00,A01
201700037592,2,07,000,00,2,3,01,B01
201700037592,1,07,000,00,2,7,15,A01
201700037593,1,07,000,00,1,3,00,A01
201700037594,1,31,000,06,2,1,01,A01
201700037594,2,07,000,00,2,3,09,B01
201700037595,1,07,000,14,2,2,01,A01
201700037595,2,07,000,00,2,1,01,B01
201700037596,1,07,000,00,2,3,19,A01
201700037596,2,37,002,00,2,2,01,B01
201700037597,1,07,000,00,2,2,02,A01
201700037597,1,01,000,00,2,4,02,B01
201700037598,1,07,000,00,2,7,02,A01
201700037598,0,33,000,00,2,6,02,B01
201700037599,2,07,000,00,2,5,20,B01
201700037599,2,07,000,00,2,1,18,A01
201700037600,2,07,000,03,2,3,13,A01
201700037600,1,10,000,00,2,3,01,B01
201700037601,1,07,000,00,2,5,23,B01
201700037601,1,07,000,00,2,7,23,C01
201700037601,1,07,000,00,2,8,14,A01
201700037602,2,10,000,00,1,4,04,A01
201700037603,2,07,000,00,2,6,10,A01
201700037603,2,33,000,00,2,2,01,B01
201700037604,1,37,000,00,1,2,00,A01
201700037605,1,07,000,00,1,1,01,A01
201700037606,1,07,000,00,1,1,01,A01
201700037607,1,07,000,00,0,0,00,A01
201700037607,1,07,000,00,0,0,00,B01
201700037608,1,38,001,01,0,2,15,A01
201700037608,1,20,000,00,2,8,24,B01
201700037609,1,07,000,00,1,1,01,A01
201700037610,2,07,000,00,9,1,17,A01
201700037610,1,01,000,00,2,1,01,B01
201700037611,1,33,000,06,2,1,01,A01
201700037611,1,34,000,00,2,5,01,B01
201700037612,2,10,000,00,2,4,00,C01
201700037612,2,10,000,00,2,2,02,B01
201700037612,2,10,000,00,2,4,00,D01
201700037612,2,07,000,13,0,1,01,A01
201700037613,1,33,000,00,2,2,01,A01
201700037613,2,07,000,00,2,8,01,B01
201700037614,2,07,000,00,1,1,01,A01
201700037615,1,07,000,00,2,3,02,B01
201700037615,1,07,000,00,2,8,02,A01
201700037615,2,07,000,00,2,1,19,C01
201700037616,1,37,001,00,1,2,16,A01
201700037617,1,10,000,00,2,2,09,A01
201700037617,1,07,000,00,2,1,01,B01
201700037618,1,30,000,00,1,4,14,A01
201700037619,1,07,000,00,1,6,15,A01
201700037620,2,33,000,09,0,1,01,A01
201700037621,1,31,000,00,2,1,01,B01
201700037621,2,07,000,00,2,2,15,A01
201700037622,1,07,000,00,1,1,01,A01
201700037623,2,07,000,00,1,1,01,B01
201700037624,1,07,000,01,0,3,14,A01
201700037625,1,07,000,00,1,8,09,F02
201700037625,1,07,000,03,0,1,09,A01
201700037625,1,07,000,00,1,1,01,E01
201700037625,1,07,000,16,0,4,23,B01
201700037625,1,07,000,01,0,1,02,C01
201700037626,2,07,000,00,1,1,16,A01
201700037627,1,33,000,00,2,1,01,A01
201700037627,2,07,000,00,2,1,02,B01
201700037628,1,07,000,01,0,1,14,A01
201700037628,1,20,000,00,2,6,24,B01
201700037629,2,07,000,00,2,3,15,A01
201700037629,2,07,000,00,2,1,01,B01
201700037630,2,07,000,00,9,1,02,B01
201700037630,2,02,000,00,2,6,02,A01
201700037631,1,33,000,00,2,1,01,B01
201700037631,1,07,000,00,2,1,15,A01
201700037632,2,07,000,00,1,1,01,A01
201700037633,1,07,000,06,0,1,13,A01
201700037634,1,07,000,00,1,2,17,A01
201700037635,2,33,000,00,2,1,01,B01
201700037635,1,07,000,00,2,7,16,A01
201700037636,2,07,000,00,2,7,09,A01
201700037636,1,07,000,00,2,1,01,B01
201700037637,1,07,000,01,0,1,13,A01
201700037638,2,07,000,08,0,8,17,A01
201700037639,1,07,000,00,2,1,19,A01
201700037639,1,07,000,00,2,3,01,B01
201700037640,1,07,000,00,2,7,15,A01
201700037640,2,31,000,00,2,1,01,B01
201700037641,2,31,000,00,2,4,21,B01
201700037641,2,07,000,00,2,2,09,A01
201700037642,1,07,000,00,2,7,15,A01
201700037642,2,31,000,00,2,1,01,B01
201700037643,1,07,000,00,2,5,16,A01
201700037643,1,33,000,00,2,5,16,B01
201700037644,1,07,000,01,0,4,24,A01
201700037644,1,01,000,01,0,4,24,B01
201700037645,2,33,000,00,2,1,01,A01
201700037645,1,07,000,00,2,2,15,B01
201700037646,1,07,000,00,1,1,16,A01
201700037647,1,07,000,00,2,1,02,A01
201700037647,1,07,000,00,2,7,02,B01
201700037648,2,07,000,00,2,1,15,A01
201700037648,1,33,000,00,2,3,01,B01
201700037649,2,33,000,00,2,8,01,A01
201700037649,2,07,000,00,2,2,09,B01
201700037650,1,31,000,00,2,1,01,A01
201700037650,2,07,000,00,2,7,15,B01
201700037651,1,07,000,06,0,1,01,A01
201700037652,1,07,000,00,1,1,01,A01
201700037653,1,07,000,00,2,8,15,A01
201700037653,2,02,000,00,2,1,17,B01
201700037654,1,07,000,00,2,3,09,A01
201700037654,1,31,000,00,2,0,21,B01
201700037655,2,07,000,00,2,3,13,A01
201700037655,1,07,000,00,2,3,01,B01
201700037656,1,33,000,00,2,9,01,B01
201700037656,1,07,000,00,2,1,09,A01
201700037656,2,07,000,00,2,3,01,C01
201700037657,1,01,000,00,2,1,02,A01
201700037657,1,15,000,00,9,5,23,B01
201700037658,1,07,000,00,2,2,01,A01
201700037658,1,01,000,13,2,4,23,B01
201700037659,1,07,000,00,2,2,13,A01
201700037659,2,07,000,00,2,2,01,B01
201700037660,0,07,000,00,1,1,01,A01
201700037661,2,33,000,00,2,1,01,B01
201700037661,2,07,000,00,2,3,15,A01
201700037662,1,07,000,00,9,8,15,A01
201700037662,1,01,000,00,2,3,01,B01
201700037663,1,33,000,14,2,1,01,A01
201700037663,2,07,000,00,2,0,00,B01
201700037664,0,33,000,00,2,3,13,A01
201700037664,0,07,000,00,2,6,01,B01
201700037665,1,07,000,00,2,8,09,B01
201700037665,1,07,000,00,2,3,01,A01
201700037666,1,31,000,00,2,1,01,B01
201700037666,2,07,000,00,2,8,15,A01
201700037667,1,30,000,00,2,1,01,A01
201700037667,1,07,000,00,2,2,01,B01
201700037668,2,07,000,00,2,1,13,A01
201700037668,1,07,000,13,2,3,01,B01
201700037669,2,10,000,06,0,3,00,A01
201700037670,2,07,000,13,0,2,00,A01
201700037671,2,07,000,02,0,1,14,A01
201700037672,2,07,000,15,0,1,14,A01
201700037673,2,07,000,00,2,2,15,A01
201700037673,1,02,000,00,2,1,09,B01
201700037674,1,07,000,00,2,2,15,A01
201700037674,2,07,000,00,2,3,01,B01
201700037675,1,07,000,00,1,3,01,A01
201700037676,1,07,000,00,1,1,00,A01
201700037677,1,07,000,00,0,0,00,A01
201700037678,1,07,000,13,0,9,14,A01
201700037679,1,07,000,00,2,3,15,A01
201700037679,2,31,000,00,2,1,00,B01
201700037680,2,07,000,00,2,2,02,A01
201700037680,2,07,000,00,2,6,02,B01
201700037681,1,07,000,00,2,1,15,A01
201700037681,1,07,000,00,2,8,01,B01
201700037682,1,07,000,00,2,1,01,B01
201700037682,1,07,000,00,2,8,15,A01
201700037683,1,07,000,00,2,0,00,A01
201700037683,1,07,000,00,2,3,01,B01
201700037684,2,33,000,00,2,4,02,B01
201700037684,2,07,000,00,2,2,02,A01
201700037685,1,07,000,00,2,7,15,A01
201700037685,2,34,000,00,2,1,01,B01
201700037686,1,07,000,00,2,4,02,B01
201700037686,1,07,000,00,0,0,00,A01
201700037687,0,07,000,00,2,1,01,B01
201700037687,1,02,000,00,2,7,09,A01
201700037688,2,07,000,00,2,3,01,B01
201700037688,1,07,000,00,2,3,13,A01
201700037689,2,10,000,00,2,8,01,B01
201700037689,1,30,000,06,2,1,18,A01
201700037690,1,07,000,00,2,5,10,A01
201700037690,2,07,000,00,2,1,01,B01
201700037691,1,30,000,00,2,1,02,A01
201700037691,1,07,000,00,2,4,02,B01
201700037692,1,10,000,00,2,1,01,A01
201700037692,1,07,000,00,2,1,13,B01
201700037693,1,07,000,00,2,1,09,B01
201700037693,1,07,000,09,2,3,09,A01
201700037694,1,10,000,00,2,5,15,A01
201700037694,1,02,000,00,2,1,01,B01
201700037695,1,07,000,00,2,3,02,B01
201700037695,1,07,000,00,2,4,23,A01
201700037696,1,33,000,08,0,9,01,A01
201700037697,1,07,000,00,9,1,01,B01
201700037697,2,10,000,00,2,1,13,A01
201700037698,1,07,000,00,2,1,05,A01
201700037698,2,07,000,00,2,1,01,B01
201700037699,1,07,000,00,1,1,01,A01
201700037700,1,07,000,00,0,9,14,A01
201700037701,1,07,000,00,2,1,00,A01
201700037701,1,10,000,00,2,2,01,B01
201700037702,2,01,000,00,2,3,13,B01
201700037702,2,07,000,00,9,2,21,A01
201700037703,1,07,000,00,1,3,00,A01