Num_Acc,senc,catv,occutc,obs,obsm,choc,manv,num_veh
201700038052,2,07,000,00,2,1,02,A01
201700038053,1,07,000,00,1,7,01,A01
201700038054,2,02,000,00,2,1,17,B01
201700038054,2,07,000,00,2,8,15,A01
201700038055,2,30,000,00,2,1,00,A01
201700038055,1,07,000,00,2,3,23,B01
201700038056,2,07,000,01,0,1,01,A01
201700038057,1,02,000,01,2,8,13,A01
201700038057,2,34,000,00,2,8,13,B01
201700038058,1,02,000,00,0,8,01,A01
201700038059,2,02,000,00,0,7,01,A01
201700038060,1,07,000,13,0,1,01,A01
201700038061,2,07,000,00,2,7,01,B01
201700038061,1,07,000,00,2,1,15,A01
201700038062,2,10,000,00,2,1,21,A01
201700038062,1,07,000,00,2,1,01,B01
201700038063,2,07,000,00,1,1,01,A01
201700038064,2,02,000,00,0,0,01,A01
201700038065,1,07,000,00,2,1,02,A01
201700038065,1,10,000,00,2,4,02,B01
201700038066,1,07,000,00,2,8,19,A01
201700038066,2,07,000,00,2,3,01,B01
201700038067,1,30,000,00,0,7,01,A01
201700038068,2,07,000,13,0,9,01,A01
201700038069,2,07,000,00,2,1,02,A01
201700038069,2,07,000,00,2,4,02,B01
201700038070,2,07,000,00,1,3,00,A01
201700038071,2,30,000,00,2,1,01,A01
201700038071,2,07,000,00,2,4,01,B01
201700038072,2,07,000,01,0,8,01,A01
201700038073,2,07,000,00,2,1,02,A01
201700038073,2,07,000,00,1,4,23,B01
201700038074,2,07,000,00,2,4,02,C01
201700038074,2,07,000,00,2,1,02,A01
201700038074,2,07,000,00,2,4,02,B01
201700038075,1,07,000,01,0,2,14,A01
201700038076,1,07,000,00,2,7,15,A01
201700038076,2,02,000,00,2,1,01,B01
201700038077,1,07,000,00,2,1,01,Z01
201700038077,2,07,000,00,2,2,01,B01
201700038078,2,07,000,13,0,1,01,A01
201700038079,1,07,000,13,0,1,14,A01
201700038080,1,07,000,00,1,7,01,A01
201700038081,2,07,000,00,2,4,02,B01
201700038081,2,07,000,00,2,1,02,A01
201700038082,1,07,000,00,2,1,01,B01
201700038082,2,07,000,00,2,2,01,A01
201700038083,1,07,000,00,2,5,16,A01
201700038083,1,01,000,00,2,8,16,B01
201700038084,2,33,000,00,2,7,15,B01
201700038084,2,07,000,00,2,6,15,A01
201700038085,2,07,000,00,2,1,15,A01
201700038085,2,32,000,00,2,3,01,B01
201700038086,1,07,000,00,2,1,01,B01
201700038086,2,07,000,00,2,8,19,A01
201700038087,2,02,000,00,9,0,01,A01
201700038088,1,07,000,00,2,1,09,A01
201700038088,1,10,000,00,2,8,01,B01
201700038089,1,07,000,00,1,4,20,A01
201700038090,2,07,000,00,2,2,09,A01
201700038090,1,07,000,09,2,3,01,B01
201700038091,1,30,000,00,0,8,01,A01
201700038092,2,33,000,00,2,7,01,B01
201700038092,1,07,000,00,2,1,15,A01
201700038093,2,17,000,00,2,1,02,A01
201700038093,2,17,000,00,2,4,02,B01
201700038094,2,07,000,00,2,1,01,B01
201700038094,1,07,000,00,2,5,09,A01
201700038095,1,07,000,00,2,3,15,A01
201700038095,2,33,000,00,2,1,01,B01
201700038096,2,32,000,00,2,3,16,A01
201700038096,1,07,000,00,2,8,01,B01
201700038097,1,31,000,00,2,1,01,A01
201700038097,2,07,000,00,2,8,01,B01
201700038098,2,07,000,00,2,4,02,B01
201700038098,2,07,000,00,2,1,02,A01
201700038099,2,10,000,00,2,1,01,A01
201700038099,2,30,000,00,2,7,01,B01
201700038100,1,07,000,00,2,4,02,D01
201700038100,1,07,000,00,2,1,02,B01
201700038100,1,07,000,00,2,1,02,A01
201700038100,1,07,000,00,2,4,02,C01
201700038101,1,07,000,00,2,6,01,B01
201700038101,1,07,000,00,2,1,02,A01
201700038102,1,07,000,00,2,7,16,B01
201700038102,1,33,000,00,2,8,21,A01
201700038103,2,07,000,00,1,6,04,A01
201700038104,1,07,000,00,2,3,01,B01
201700038104,2,07,000,00,2,3,15,A01
201700038105,2,07,000,00,2,1,01,B01
201700038105,1,07,000,00,2,1,09,A01
201700038106,1,07,000,00,2,3,13,A01
201700038106,2,17,000,00,2,3,01,B01
201700038107,2,07,000,06,0,1,16,A01
201700038108,2,07,000,00,2,8,01,B01
201700038108,1,30,000,00,2,1,13,A01
201700038109,2,07,000,13,0,2,14,A01
201700038110,1,07,000,00,2,5,01,B01
201700038110,2,07,000,00,2,3,09,A01
201700038111,1,07,000,13,0,1,21,A01
201700038112,1,07,000,00,2,3,16,A01
201700038112,1,02,000,00,2,1,01,B01
201700038113,2,07,000,00,2,1,09,Z01
201700038113,1,02,000,00,2,8,01,A01
201700038114,2,07,000,06,0,3,15,A01
201700038114,1,07,000,00,0,0,16,B01
201700038115,0,07,000,00,0,0,00,A01
201700038116,2,33,000,00,0,2,01,A01
201700038117,2,30,000,00,2,8,01,A01
201700038117,1,07,000,00,2,2,01,B01
201700038118,2,07,000,00,2,1,13,A01
201700038118,1,07,000,00,2,7,21,B01
201700038119,1,07,000,00,0,0,09,A01
201700038119,2,30,000,00,0,8,21,B01
201700038120,2,30,000,08,0,1,00,A01
201700038121,2,10,000,00,2,2,09,A01
201700038121,2,07,000,00,2,3,01,B01
201700038122,1,07,000,01,0,2,15,A01
201700038123,1,33,000,13,0,1,00,A01
201700038124,0,07,000,00,1,3,15,A01
201700038125,2,07,000,00,1,3,01,A01
201700038126,2,07,000,00,2,1,01,D01
201700038126,1,07,000,00,2,6,01,E01
201700038126,2,07,000,02,2,4,01,B01
201700038126,2,07,000,00,2,2,14,A01
201700038126,2,07,000,00,2,1,01,C01
201700038127,1,07,000,00,1,2,01,A01
201700038128,1,07,000,02,0,3,14,A01
201700038129,0,30,000,00,0,8,01,A01
201700038130,0,33,000,00,2,1,01,A01
201700038130,0,07,000,00,2,8,01,B01
201700038131,0,32,000,12,0,7,01,A01
201700038132,0,07,000,00,2,6,23,B01
201700038132,0,07,000,00,2,2,02,A01
201700038133,2,07,000,00,2,2,01,A01
201700038133,1,07,000,00,2,3,01,B01
201700038134,2,33,000,00,2,1,18,B01
201700038134,2,07,000,00,2,2,16,A01
201700038135,2,01,000,00,2,1,01,B01
201700038135,2,07,000,00,2,7,15,A01
201700038136,1,07,000,00,1,1,01,A01
201700038137,1,07,000,00,2,3,01,A01
201700038137,1,07,000,00,2,1,01,B01
201700038138,1,07,000,07,1,4,04,A01
201700038139,1,07,000,00,2,5,23,B01
201700038139,1,10,000,00,2,3,21,A01
201700038140,2,07,000,00,2,1,02,A01
201700038140,0,07,000,00,2,4,23,B01
201700038141,2,07,000,00,2,4,23,B01
201700038141,2,07,000,00,2,4,01,C01
201700038141,2,07,000,00,2,1,02,A01
201700038142,2,07,000,15,0,1,13,A01
201700038143,1,07,000,00,2,3,01,B01
201700038143,2,07,000,00,2,2,01,A01
201700038144,0,07,000,00,2,0,10,Z01
201700038144,0,07,000,00,2,6,23,B01
201700038145,2,07,000,13,0,1,01,A01
201700038146,1,30,000,11,0,1,00,A01
201700038147,1,07,000,06,0,1,10,A01
201700038148,1,07,000,00,2,0,16,A01
201700038148,1,30,000,00,2,1,01,B01
201700038149,2,33,000,00,0,8,21,A01
201700038150,2,07,000,06,0,1,00,A01
201700038151,2,10,000,11,0,7,01,A01
201700038152,2,07,000,00,2,1,01,B01
201700038152,1,07,000,00,2,1,15,A01
201700038153,1,07,000,00,2,4,02,B01
201700038153,1,07,000,00,2,1,02,A01
201700038154,1,33,000,16,9,7,01,A01
201700038155,2,07,000,00,2,1,01,A01
201700038155,2,31,000,00,2,7,01,B01
201700038156,2,07,000,06,2,4,02,B01
201700038156,2,10,000,08,2,1,02,A01
201700038157,2,30,000,12,0,0,00,A01
201700038158,0,07,000,00,1,4,04,A01
201700038159,0,07,000,00,2,1,01,B01
201700038159,0,07,000,00,2,1,05,A01
201700038160,2,33,000,00,0,1,01,A01
201700038161,2,07,000,00,2,7,09,B01
201700038161,2,07,000,00,2,1,01,A01
201700038162,2,02,000,00,2,1,15,A01
201700038162,2,07,000,00,2,3,01,B01
201700038163,1,33,000,00,2,1,01,B01
201700038163,2,07,000,00,2,2,16,A01
201700038164,2,33,000,00,0,7,16,A01
201700038165,1,07,000,00,2,4,02,B01
201700038165,1,30,000,00,2,1,02,C01
201700038165,1,10,000,00,2,1,02,A01
201700038166,2,07,000,00,1,3,01,A01
201700038167,2,33,000,06,0,1,14,A01
201700038168,1,07,000,02,0,1,09,A01
201700038169,2,07,000,02,0,3,01,A01
201700038170,1,01,000,01,0,1,14,A01
201700038171,1,07,000,00,1,1,01,Z01
201700038172,1,07,000,06,0,8,16,A01
201700038173,1,30,000,00,0,7,16,A01
201700038174,1,07,000,00,2,4,02,B01
201700038174,1,07,000,00,2,4,02,D01
201700038174,1,10,000,00,2,1,02,A01
201700038174,1,07,000,00,2,4,02,C01
201700038175,1,33,000,00,2,1,02,A01
201700038175,1,07,000,00,2,6,01,B01
201700038176,2,30,000,00,0,8,01,A01
201700038177,2,07,000,00,2,1,02,A01
201700038177,2,07,000,00,2,4,23,B01
201700038178,1,07,000,00,2,8,01,B01
201700038178,0,14,000,00,2,2,12,A01
201700038179,1,07,000,00,1,7,01,A01
201700038180,2,07,000,00,2,1,02,A01
201700038180,2,07,000,00,2,4,02,B01
201700038181,2,33,000,00,2,3,01,B01
201700038181,1,33,000,00,2,1,13,A01
201700038182,2,01,000,00,2,8,01,B01
201700038182,2,07,000,00,2,1,15,A01
201700038183,2,07,000,00,2,3,10,A01
201700038183,1,33,000,00,2,1,01,B01
201700038184,2,07,000,00,2,1,02,A01
201700038184,2,07,000,00,2,4,01,B01
201700038185,1,07,000,00,2,2,01,B01
201700038185,2,30,000,00,2,2,19,A01
201700038186,2,07,000,00,2,1,09,B01
201700038186,1,07,000,08,2,1,09,A01
201700038187,2,07,000,03,2,1,09,A01
201700038187,2,07,000,04,2,1,01,C01
201700038187,2,14,000,03,2,1,01,B01
201700038188,2,07,000,00,2,8,01,C01
201700038188,2,07,000,00,2,2,15,A01
201700038188,1,33,000,00,2,1,01,B01
201700038189,2,02,000,00,0,8,15,A01
201700038190,2,01,000,00,2,2,12,B01
201700038190,2,33,000,00,2,3,11,A01
201700038191,0,01,000,00,2,2,19,A01
201700038191,1,07,000,00,2,3,01,B01
201700038192,2,07,000,00,2,3,13,A01
201700038192,1,07,000,00,2,3,21,B01
201700038193,1,07,000,00,1,3,01,A01
201700038194,1,02,000,00,2,1,02,A01
201700038194,1,07,000,00,2,6,01,B01
201700038195,1,02,000,00,2,1,01,B01
201700038195,2,07,000,00,2,3,09,A01
201700038196,2,07,000,00,1,3,09,A01
201700038197,2,07,000,00,2,1,13,A01
201700038197,1,07,000,00,2,1,01,B01
201700038198,0,07,000,00,2,8,01,B01
201700038198,1,07,000,00,2,1,01,A01
201700038199,2,07,000,00,2,4,23,C01
201700038199,2,07,000,00,2,4,23,B01
201700038199,2,37,007,00,2,1,02,A01
201700038199,2,07,000,00,2,4,23,D01
201700038200,1,07,000,00,2,2,15,A01
201700038200,2,30,000,00,2,1,01,B01
201700038201,1,30,000,00,2,1,01,B01
201700038201,2,07,000,00,2,3,09,A01
201700038202,1,07,000,00,2,1,09,B01
201700038202,2,07,000,00,2,1,09,A01
201700038203,2,30,000,00,0,7,01,A01
201700038204,1,07,000,00,2,1,15,A01
201700038204,2,30,000,00,2,1,01,B01
201700038205,2,33,000,00,2,1,01,B01
201700038205,1,07,000,00,2,6,09,A01
201700038206,1,07,000,00,2,6,02,B01
201700038206,1,30,000,00,2,2,02,A01
201700038207,2,02,000,00,2,1,13,A01
201700038207,1,07,000,01,2,1,01,B01
201700038208,2,07,000,00,1,3,01,A01
201700038209,2,07,000,00,2,1,00,B01
201700038209,2,07,000,00,2,3,09,A01
201700038210,2,07,000,00,1,2,01,A01
201700038211,2,07,000,00,2,3,01,A01
201700038211,1,07,000,00,2,1,01,B01
201700038212,2,10,000,00,2,3,02,B01
201700038212,2,07,000,00,2,1,02,A01
201700038213,1,07,000,12,0,2,01,A01
201700038214,1,07,000,00,2,3,02,A01
201700038214,1,07,000,00,2,5,02,B01
201700038215,1,07,000,00,2,3,01,A01
201700038215,2,32,000,00,2,1,01,B01
201700038216,1,07,000,00,2,7,01,B01
201700038216,2,07,000,00,2,1,09,A01
201700038217,1,10,000,00,2,2,14,A01
201700038217,1,07,000,00,2,3,01,B01
201700038218,1,10,000,00,2,1,09,A01
201700038218,1,07,000,00,2,7,01,B01
201700038219,1,07,000,00,2,6,16,B01
201700038219,1,07,000,00,2,1,02,A01
201700038220,2,07,000,00,0,0,09,Z01
201700038220,1,07,000,01,0,5,13,A01
201700038221,2,30,000,00,2,8,15,A01
201700038221,2,07,000,00,2,7,17,Z01
201700038222,1,02,000,00,0,8,00,A01
201700038223,0,07,000,00,2,1,15,A01
201700038223,1,07,000,00,2,3,01,B01
201700038224,2,07,000,04,0,9,17,A01
201700038225,2,10,000,00,1,3,15,A01
201700038226,2,07,000,13,0,3,01,A01
201700038227,2,07,000,00,2,1,01,A01
201700038227,1,07,000,00,2,8,01,B01
201700038228,1,07,000,06,0,3,16,A01
201700038229,2,07,000,00,2,3,10,A01
201700038229,1,30,000,00,2,1,01,B01
201700038230,2,07,000,00,1,3,15,A01
201700038231,2,07,000,00,2,1,02,A01
201700038231,2,07,000,00,2,4,02,D01
201700038231,2,07,000,00,2,4,02,B01
201700038231,2,07,000,00,2,4,02,C01
201700038232,2,07,000,00,2,8,01,A01
201700038232,2,07,000,03,2,2,01,B01
201700038233,2,07,000,00,0,0,09,B01
201700038233,2,01,000,00,0,0,09,A01
201700038234,2,07,000,00,2,2,15,A01
201700038234,1,01,000,00,2,1,01,B01
201700038235,2,10,000,12,0,1,21,A01
201700038236,2,07,000,00,1,1,01,A01
201700038237,1,37,019,00,2,3,01,B01
201700038237,2,07,000,00,2,1,20,A01
201700038238,1,07,000,00,2,1,02,A01
201700038238,1,07,000,00,2,4,02,C01
201700038238,1,07,000,00,2,4,02,B01
201700038239,1,07,000,00,1,7,01,A01
201700038240,0,33,000,00,2,3,24,B01
201700038240,0,07,000,01,0,5,04,A01
201700038241,2,07,000,00,2,2,01,A01
201700038241,1,10,000,00,2,3,01,B01
201700038242,1,07,000,11,2,3,15,A01
201700038242,2,07,000,00,2,1,01,B01
201700038243,2,07,000,00,2,2,01,B01
201700038243,2,07,000,00,2,3,15,A01
201700038244,1,10,000,00,2,1,15,A01
201700038244,2,33,000,00,2,3,01,B01
201700038245,2,34,000,00,2,7,01,B01
201700038245,2,07,000,00,2,3,15,A01
201700038246,1,07,000,00,2,2,15,B01
201700038246,2,30,000,00,2,3,00,A01
201700038247,2,31,000,00,0,8,01,A01
201700038248,2,07,000,00,2,7,15,A01
201700038248,1,33,000,00,2,1,01,B01
201700038249,2,07,000,00,2,1,12,A01
201700038249,2,07,000,00,2,4,01,B01
201700038250,1,31,000,00,0,8,01,A01
201700038251,1,07,000,00,2,1,02,A01
201700038251,1,07,000,00,2,4,02,B01
201700038252,0,07,000,00,2,4,23,C01
201700038252,0,07,000,00,2,4,23,B01
201700038252,0,07,000,00,2,1,02,A01
201700038253,2,07,000,00,2,3,01,B01
201700038253,2,07,000,00,2,1,09,A01
201700038254,1,10,000,06,2,8,09,A01
201700038254,2,07,000,00,2,1,01,B01
201700038255,2,07,000,00,2,1,15,A01
201700038255,1,07,000,00,2,1,01,B01
201700038256,1,07,000,00,2,8,11,A01
201700038256,1,07,000,00,2,2,01,B01
201700038257,1,07,000,00,1,1,15,A01
201700038258,1,07,000,00,2,3,01,B01
201700038258,2,07,000,00,2,2,15,A01
201700038259,2,07,000,00,2,1,21,A01
201700038259,1,07,000,00,2,1,01,B01
201700038260,1,07,000,00,2,5,01,A01
201700038260,2,10,000,00,2,3,01,B01
201700038261,1,33,000,00,2,1,01,B01
201700038261,0,07,000,00,2,2,19,A01
201700038262,1,33,000,03,2,1,14,A01
201700038262,1,10,000,00,2,5,01,B01
201700038262,1,07,000,00,2,2,01,C01
201700038263,2,07,000,00,2,8,23,C01
201700038263,1,07,000,00,2,1,09,A01
201700038263,2,07,000,00,2,3,01,B01
201700038264,2,02,000,12,0,7,18,A01
201700038265,1,07,000,00,2,3,09,A01
201700038265,1,07,000,00,2,2,01,B01
201700038266,2,07,000,00,1,2,17,A01
201700038267,1,02,000,01,2,2,14,A01
201700038268,1,07,000,00,2,8,01,B01
201700038268,2,07,000,00,2,1,01,A01
201700038269,1,07,000,06,0,1,01,A01
201700038270,2,02,000,00,0,1,01,A01
201700038271,1,07,000,00,2,4,02,C01
201700038271,1,07,000,00,2,1,02,A01
201700038271,1,07,000,00,2,4,02,B01
201700038272,1,07,000,06,0,1,01,A01
201700038273,1,30,000,00,0,7,09,A01
201700038274,2,07,000,00,1,7,01,A01
201700038275,2,07,000,13,0,9,00,A01
201700038276,1,07,000,11,0,1,13,A01
201700038277,1,01,000,00,2,3,00,A01
201700038277,2,01,000,00,2,3,01,B01
201700038278,0,07,000,00,1,4,04,A01
201700038279,1,07,000,00,2,3,10,B01
201700038279,1,07,000,02,2,1,17,A01
201700038280,2,07,000,00,2,3,02,A01
201700038280,2,07,000,03,2,4,01,B01
201700038281,2,10,000,00,1,1,01,A01
201700038282,1,07,000,00,1,2,01,A01
201700038283,1,07,000,00,1,2,01,A01
201700038284,1,07,000,00,1,1,01,A01
201700038285,1,07,000,13,0,1,14,A01
201700038286,2,10,000,01,2,1,09,A01
201700038286,1,07,000,00,2,2,01,B01
201700038287,1,07,000,00,2,2,01,B01
201700038287,2,07,000,00,2,5,15,A01
201700038288,2,07,000,00,2,4,23,C01
201700038288,2,07,000,00,2,4,23,B01
201700038288,2,30,000,00,2,4,23,D01
201700038288,2,07,000,00,2,1,02,A01
201700038289,2,07,000,13,0,1,01,A01
201700038290,2,07,000,00,2,4,02,C01
201700038290,2,10,000,00,2,1,02,A01
201700038290,2,07,000,00,2,4,02,B01
201700038291,1,30,000,12,0,7,00,A01
201700038292,1,07,000,00,2,1,02,A01
201700038292,1,07,000,00,2,4,23,B01
201700038293,1,07,000,00,2,1,02,A01
201700038293,1,07,000,00,2,4,02,B01
201700038294,2,02,000,00,2,7,10,A01
201700038294,1,07,000,00,2,3,01,B01
201700038295,2,07,000,00,2,1,02,A01
201700038295,2,07,000,00,2,4,23,B01
201700038296,2,07,000,00,2,7,15,B01
201700038296,1,32,000,00,2,8,08,A01
201700038297,0,07,000,00,2,8,01,A01
201700038297,1,07,000,00,2,1,01,B01
201700038298,1,07,000,13,0,2,01,A01
201700038299,2,07,000,00,2,1,02,A01
201700038299,2,07,000,00,2,6,02,B01
201700038300,2,07,000,03,0,1,01,A01
201700038301,1,07,000,00,2,8,20,C01
201700038301,1,32,000,00,2,4,23,B01
201700038301,1,07,000,00,2,3,02,A01
201700038302,2,07,000,00,1,1,01,A01
201700038303,2,07,000,03,0,1,14,A01
201700038304,0,37,008,00,1,2,01,A01
201700038305,1,07,000,00,1,2,01,A01
201700038306,2,07,000,00,1,2,01,A01
201700038307,2,07,000,00,2,1,01,A01
201700038307,2,07,000,00,2,3,09,B01
201700038308,2,07,000,00,2,1,02,A01
201700038308,2,07,000,00,2,4,02,B01
201700038309,2,07,000,00,2,6,09,A01
201700038309,2,02,000,00,2,1,01,B01
201700038310,0,07,000,00,1,1,00,A01
201700038311,2,07,000,00,2,4,23,B01
201700038311,2,07,000,00,2,1,02,A01
201700038312,0,33,000,12,0,1,10,A01
201700038313,1,33,000,07,0,1,17,A01
201700038314,1,07,000,00,2,1,02,B01
201700038314,2,07,000,00,2,7,13,A01
201700038315,2,07,000,00,1,1,16,A01
201700038316,1,03,000,00,2,7,01,B01
201700038316,1,07,000,08,0,1,01,A01
201700038317,1,07,000,00,1,1,01,A01
201700038318,1,31,000,00,1,1,17,A01
201700038319,,01,000,,2,1,01,A02
201700038319,1,07,000,00,2,1,01,A01
201700038320,2,07,000,15,0,1,02,A01
201700038321,1,07,000,09,0,9,05,A01
201700038322,1,07,000,00,1,1,15,A01
201700038323,1,07,000,00,1,2,01,A01
201700038324,2,07,000,00,1,1,01,A01
201700038325,1,10,000,12,0,3,13,A01
201700038326,1,07,000,00,1,3,01,A01
201700038327,2,07,000,00,2,2,17,B01
201700038327,1,07,000,00,2,1,05,A01
201700038328,2,07,000,00,2,3,15,A01
201700038328,1,02,000,00,2,0,17,B01
201700038329,2,07,000,00,2,6,19,A01
201700038329,2,17,000,00,2,1,01,B01
201700038330,2,07,000,13,0,9,01,A01
201700038331,2,07,000,00,2,3,01,A01
201700038331,1,07,000,15,2,3,01,B01
201700038332,2,02,000,00,2,1,02,A01
201700038332,0,07,000,00,2,4,16,B01
201700038333,2,07,000,00,1,7,21,A01
201700038334,2,01,000,06,0,3,13,A01
201700038335,2,07,000,00,2,2,02,A01
201700038335,2,01,000,00,2,4,13,B01
201700038336,1,01,000,00,2,4,16,B01
201700038336,1,07,000,00,2,1,15,A01
201700038337,2,31,000,00,1,1,02,A01
201700038338,2,02,000,00,2,1,01,B01
201700038338,2,07,000,00,2,2,15,A01
201700038339,1,31,000,15,0,1,16,A01
201700038340,2,33,000,13,0,2,01,A01
201700038341,2,07,000,14,2,6,02,B01
201700038341,2,33,000,14,2,5,02,A01
201700038342,1,31,000,11,0,1,14,A01
201700038343,2,01,000,00,0,7,00,A01
201700038344,2,07,000,00,0,3,22,C01
201700038344,2,07,000,00,2,3,21,A01
201700038344,2,07,000,00,2,2,19,B01
201700038345,1,07,000,00,2,6,13,A01
201700038345,2,07,000,00,2,6,21,B01
201700038346,2,07,000,14,0,1,16,A01
201700038347,1,07,000,00,2,2,01,A01
201700038347,1,10,000,00,2,3,01,B01
201700038348,1,07,000,00,2,8,09,A01
201700038348,2,01,000,00,2,7,01,B01
201700038349,1,01,000,00,2,0,16,B01
201700038349,2,07,000,00,9,0,15,A01
201700038350,1,07,000,00,2,1,01,B01
201700038350,2,07,000,00,2,1,13,A01
201700038351,2,07,000,00,1,7,01,A01
201700038352,2,07,000,00,2,1,13,A01
201700038352,1,07,000,00,2,1,21,B01
201700038353,2,07,000,00,2,4,02,C01
201700038353,2,07,000,00,2,1,02,A01
201700038353,2,07,000,00,2,4,02,B01
201700038353,2,07,000,00,2,4,02,D01
201700038354,2,07,000,00,1,0,01,Z01
201700038355,1,07,000,00,2,1,15,A01
201700038355,1,01,000,00,2,1,01,B01
201700038356,1,07,000,00,2,8,10,A01
201700038356,1,02,000,00,2,1,01,B01
201700038357,0,03,000,00,1,4,00,A01
201700038358,1,07,000,00,1,1,01,A01
201700038359,1,31,000,00,1,1,01,A01
201700038360,2,07,000,00,1,8,01,A01
201700038361,1,02,000,00,2,1,01,A01
201700038361,1,07,000,00,2,4,23,B01
201700038362,2,07,000,00,1,2,00,A01
201700038363,2,34,000,00,2,1,01,B01
201700038363,2,07,000,00,2,2,15,A01
201700038364,1,07,000,00,1,2,01,A01
201700038365,1,07,000,00,1,1,00,A01
201700038366,1,07,000,00,1,3,01,A01
201700038367,1,07,000,00,1,1,01,A01
201700038368,1,10,000,00,2,1,19,A01
201700038368,2,10,000,00,2,2,01,B01
201700038368,2,07,000,00,2,3,01,C01
201700038369,1,07,000,01,1,1,01,A01
201700038370,2,07,000,00,1,2,16,A01
201700038371,1,07,000,06,0,1,01,A01
201700038372,0,07,000,,2,1,09,A01
201700038372,1,30,000,00,2,5,01,B01
201700038373,2,07,000,00,2,7,01,A01
201700038373,2,07,000,00,2,1,01,B01
201700038374,1,30,000,00,2,0,00,A01
201700038374,1,07,000,00,2,0,00,B01
201700038375,1,07,000,00,1,8,04,A01
201700038376,2,07,000,00,1,1,01,A01
201700038377,1,02,000,00,2,0,00,A01
201700038377,2,07,000,00,2,0,00,B01
201700038378,2,07,000,00,2,2,17,A01
201700038378,2,01,000,00,2,5,13,B01
201700038379,2,02,000,00,2,0,00,B01
201700038379,1,07,000,00,2,0,00,A01
201700038380,1,07,000,00,9,1,01,A01
201700038381,1,31,000,14,0,0,01,A01
201700038381,1,07,000,00,2,3,00,B01
201700038382,1,01,000,00,2,1,01,A01
201700038382,1,07,000,00,2,4,23,B01
201700038383,1,07,000,00,2,1,02,A01
201700038383,1,07,000,00,2,4,02,B01
201700038384,1,07,000,00,2,1,02,A01
201700038384,1,07,000,00,2,0,02,B01
201700038384,1,07,000,00,2,4,02,C01
201700038385,2,07,000,03,0,0,01,A01
201700038386,1,31,000,00,1,0,00,A01
201700038387,1,07,000,00,2,2,00,A01
201700038387,1,07,000,00,2,3,00,B01
201700038388,1,02,000,00,2,1,02,A01
201700038388,1,10,000,00,2,4,02,B01
201700038389,1,01,000,00,2,1,01,A01
201700038389,1,07,000,00,2,3,15,B01
201700038390,1,07,000,00,2,1,13,A01
201700038390,2,33,000,00,2,1,01,B01
201700038391,1,13,000,00,2,1,13,A01
201700038391,1,07,000,00,2,6,01,B01
201700038391,2,07,000,00,2,1,01,C01
201700038392,1,07,000,00,2,7,01,B01
201700038392,1,07,000,00,2,1,09,A01
201700038393,1,07,000,15,0,1,16,A01
201700038394,2,07,000,00,2,8,09,A01
201700038394,2,07,000,00,2,3,01,B01
201700038395,1,07,000,00,2,9,19,A01
201700038395,2,15,000,00,2,8,01,B01
201700038395,2,07,000,00,2,9,01,C01
201700038396,2,10,000,00,9,7,15,B01
201700038396,1,33,000,00,2,1,01,A01
201700038397,2,30,000,00,2,1,02,A01
201700038397,2,07,000,00,2,4,01,B01
201700038398,2,07,000,00,2,7,15,A01
201700038398,1,30,000,00,2,1,05,B01
201700038399,1,31,000,00,2,1,01,A01
201700038399,2,07,000,00,2,2,15,B01
201700038400,1,07,000,00,2,1,02,A01
201700038400,1,07,000,15,2,4,02,B01
201700038401,2,01,000,00,2,7,12,A01
201700038401,0,07,000,00,9,3,01,B01
201700038402,2,07,000,02,1,1,17,A01
201700038403,1,37,001,00,1,2,01,A01
201700038404,0,07,000,00,1,3,16,A01
201700038405,1,07,000,00,2,3,17,A01
201700038405,1,02,000,00,2,1,01,B01
201700038406,0,07,000,00,9,2,15,A01
201700038406,0,01,000,00,2,7,01,B01
201700038407,1,07,000,01,0,2,01,A01
201700038408,0,07,000,01,1,3,01,A01
201700038409,1,07,000,00,2,1,19,A01
201700038409,1,07,000,00,2,7,02,B01
201700038410,2,07,000,00,2,3,00,B01
201700038410,1,30,000,00,2,1,13,A01
201700038411,1,07,000,00,0,1,17,A01
201700038411,1,07,000,00,2,0,00,B01
201700038412,0,07,000,00,1,2,02,A01
201700038413,1,07,000,00,2,0,00,B01
201700038413,1,07,000,00,2,1,01,A01
201700038414,1,30,000,00,2,2,00,A01
201700038414,1,07,000,00,2,7,02,B01
201700038415,0,07,000,00,0,2,16,A01
201700038415,0,01,000,00,2,1,01,B01
201700038416,1,33,000,00,1,1,01,A01
201700038417,1,07,000,00,2,1,00,A01
201700038417,2,07,000,00,2,1,01,B01
201700038418,1,01,000,00,2,1,01,M01
201700038418,0,07,000,00,2,3,15,A01
201700038419,1,07,000,00,1,4,20,A01
201700038420,2,07,000,08,2,1,02,A01
201700038420,2,07,000,00,2,4,02,B01
201700038420,2,07,000,00,2,4,02,C01
201700038421,1,01,000,00,2,4,01,B01
201700038421,1,07,000,00,2,1,00,A01
201700038422,1,32,000,00,2,8,13,A01
201700038422,1,14,000,00,9,2,01,B01
201700038423,0,07,000,00,1,1,15,A01
201700038424,0,07,000,00,0,9,13,A01
201700038425,1,07,000,00,1,3,01,A01
201700038426,1,07,000,00,1,3,15,A01
201700038427,1,07,000,00,9,3,02,C01
201700038427,1,33,000,00,2,3,13,A01
201700038427,1,07,000,00,9,6,02,B01
201700038428,1,07,000,00,1,3,01,A01
201700038429,1,07,000,00,1,2,01,A01