Num_Acc,senc,catv,occutc,obs,obsm,choc,manv,num_veh
201700038430,2,07,000,06,0,3,15,A01
201700038431,1,07,000,04,0,9,15,A01
201700038432,2,07,000,00,1,1,15,A01
201700038433,0,07,000,00,2,4,01,B01
201700038433,0,07,000,00,2,1,01,A01
201700038434,2,07,000,00,2,4,02,C01
201700038434,2,07,000,00,2,4,02,B01
201700038434,2,07,000,00,2,1,01,A01
201700038435,1,07,000,01,0,0,01,A01
201700038436,0,14,000,00,2,4,01,B01
201700038436,0,07,000,00,2,1,01,A01
201700038437,0,07,000,02,0,1,01,A01
201700038438,1,07,000,00,2,4,02,C01
201700038438,1,07,000,00,2,4,02,B01
201700038438,1,31,000,00,2,1,01,A01
201700038439,2,07,000,04,0,3,01,A01
201700038440,1,07,000,00,0,0,00,A01
201700038441,1,01,000,00,2,8,01,A01
201700038441,1,07,000,00,2,7,00,Z01
201700038442,0,33,000,00,2,2,01,A01
201700038442,0,07,000,00,2,4,01,B01
201700038443,0,07,000,00,2,0,00,A01
201700038443,0,33,000,00,2,2,00,B01
201700038444,1,03,000,01,0,1,10,A01
201700038445,0,07,000,00,2,4,01,B01
201700038445,0,30,000,00,2,1,01,A01
201700038446,0,10,000,00,2,1,01,A01
201700038446,0,07,000,14,2,4,01,B01
201700038447,1,07,000,01,0,2,14,A01
201700038448,1,07,000,00,1,1,01,A01
201700038449,1,10,000,00,2,1,02,C01
201700038449,1,07,000,00,2,4,01,A01
201700038449,1,07,000,00,2,1,02,B01
201700038450,2,07,000,00,2,8,01,B01
201700038450,1,07,000,00,2,7,01,A01
201700038451,2,07,000,00,2,5,14,B01
201700038451,2,33,000,00,2,1,03,A01
201700038451,2,15,000,00,2,8,21,Z01
201700038452,1,07,000,04,0,1,01,A01
201700038453,2,33,000,00,0,8,01,A01
201700038454,0,07,000,00,2,4,02,B01
201700038454,0,07,000,00,2,1,01,A01
201700038455,0,07,000,00,1,1,15,A01
201700038456,0,07,000,00,2,4,02,B01
201700038456,0,07,000,00,2,1,01,A01
201700038457,1,07,000,00,2,3,13,A01
201700038457,2,37,001,00,2,7,01,B01
201700038458,1,31,000,11,0,1,06,A01
201700038459,2,07,000,00,2,4,23,B01
201700038459,2,07,000,00,2,1,01,A01
201700038460,0,02,000,00,0,8,00,A01
201700038461,0,07,000,06,2,6,16,B01
201700038461,0,13,000,00,2,2,01,A01
201700038462,0,07,000,00,2,6,01,B01
201700038462,0,02,000,00,2,1,03,A01
201700038463,0,07,000,00,2,3,11,A01
201700038463,0,33,000,00,2,7,03,B01
201700038463,0,07,000,00,2,6,01,C01
201700038464,1,07,000,00,1,3,01,A01
201700038465,0,07,000,00,1,2,01,A01
201700038466,1,07,000,00,2,1,01,B01
201700038466,0,07,000,00,2,1,13,A01
201700038467,0,34,000,00,2,6,02,B01
201700038467,0,07,000,00,2,1,01,A01
201700038468,0,07,000,00,2,1,01,Z01
201700038468,0,01,000,00,2,7,01,A01
201700038469,1,07,000,00,2,1,01,A01
201700038469,1,07,000,00,2,4,02,B01
201700038470,1,10,000,00,1,2,00,Z01
201700038471,0,33,000,01,0,1,01,A01
201700038472,0,07,000,00,0,9,09,A01
201700038473,1,07,000,00,2,1,01,A01
201700038473,1,07,000,00,2,4,02,B01
201700038474,1,37,001,00,0,0,01,A01
201700038475,2,07,000,00,2,1,01,B01
201700038475,1,07,000,00,2,1,01,A01
201700038476,0,07,000,00,2,8,01,C01
201700038476,0,33,000,00,2,1,13,A01
201700038476,0,07,000,00,2,4,01,B01
201700038477,0,03,000,14,0,1,01,A01
201700038478,2,07,000,00,2,7,23,C01
201700038478,2,10,000,00,2,8,22,A01
201700038478,2,07,000,00,2,8,23,D01
201700038478,2,33,000,00,2,1,03,B01
201700038478,2,07,000,00,2,5,23,E01
201700038479,0,07,000,00,2,7,15,A01
201700038479,0,32,000,00,2,1,01,B01
201700038480,1,10,000,00,2,8,15,B01
201700038480,1,32,000,00,2,1,17,A01
201700038481,0,07,000,04,0,3,01,A01
201700038482,1,07,000,00,9,1,01,A01
201700038483,0,07,000,14,0,9,01,A01
201700038484,1,33,000,09,0,3,01,A01
201700038485,1,07,000,00,0,0,00,A01
201700038486,0,07,000,00,2,4,02,B01
201700038486,0,07,000,00,2,4,02,C01
201700038486,0,07,000,00,2,1,01,A01
201700038487,0,07,000,00,0,0,01,A01
201700038488,2,10,000,00,2,3,15,B01
201700038488,2,33,000,00,2,1,01,A01
201700038489,1,07,000,00,1,8,09,A01
201700038490,2,07,000,00,2,4,01,A01
201700038490,2,13,000,00,2,1,02,B01
201700038491,2,07,000,00,2,1,01,A01
201700038491,2,07,000,00,2,4,02,B01
201700038491,2,07,000,00,2,4,02,C01
201700038492,1,33,000,16,0,8,01,A01
201700038493,2,31,000,00,0,0,01,A01
201700038494,1,35,000,00,0,0,01,A01
201700038495,0,07,000,03,0,1,14,A01
201700038496,0,07,000,00,2,4,01,B01
201700038496,0,07,000,00,2,1,01,A01
201700038497,1,31,000,01,0,2,01,A01
201700038498,1,07,000,00,1,1,01,A01
201700038499,2,01,000,00,0,0,01,A01
201700038500,1,34,000,00,2,1,01,A01
201700038500,1,07,000,00,2,4,23,B01
201700038501,1,07,000,00,2,2,01,B01
201700038501,1,07,000,00,2,3,20,A01
201700038502,2,07,000,05,0,9,01,A01
201700038503,1,07,000,00,2,4,02,D01
201700038503,1,07,000,00,2,4,02,C01
201700038503,1,07,000,00,2,4,02,B01
201700038503,1,07,000,00,2,1,01,A01
201700038504,1,07,000,00,2,8,00,B01
201700038504,1,07,000,00,2,7,16,A01
201700038505,1,07,000,00,2,4,02,B01
201700038505,1,07,000,00,2,1,21,A01
201700038505,1,07,000,00,2,4,02,C01
201700038506,1,15,000,00,2,1,01,A01
201700038506,1,07,000,00,2,4,02,B01
201700038507,1,07,000,00,0,9,01,A01
201700038508,1,07,000,00,1,7,01,A01
201700038509,1,07,000,14,0,1,01,A01
201700038510,0,33,000,00,2,2,01,B01
201700038510,0,07,000,00,2,4,04,A01
201700038511,0,07,000,00,2,3,16,A01
201700038511,0,07,000,00,2,8,01,B01
201700038512,0,31,000,06,0,1,15,A01
201700038513,0,07,000,00,2,2,01,B01
201700038513,0,07,000,00,2,5,15,A01
201700038514,1,31,000,00,2,1,01,A01
201700038514,1,07,000,00,2,5,15,B01
201700038515,0,07,000,08,0,1,14,A01
201700038516,2,37,001,00,2,2,01,A01
201700038516,2,07,000,00,2,3,01,B01
201700038517,2,07,000,09,0,1,01,A01
201700038518,1,07,000,00,2,4,01,B01
201700038518,1,07,000,00,2,1,01,A01
201700038519,1,34,000,00,2,6,09,B01
201700038519,1,07,000,00,2,8,09,A01
201700038520,1,07,000,01,0,1,01,A01
201700038521,2,07,000,00,2,4,01,C01
201700038521,2,07,000,00,2,4,01,B01
201700038521,2,07,000,00,2,1,01,A01
201700038522,1,34,000,00,2,1,17,A01
201700038522,1,07,000,00,2,8,15,B01
201700038523,2,07,000,00,2,1,01,B01
201700038523,1,07,000,00,2,1,13,A01
201700038524,1,07,000,00,2,1,09,A01
201700038524,1,33,000,00,2,8,02,B01
201700038525,1,07,000,00,2,8,20,B01
201700038525,1,07,000,01,2,9,01,A01
201700038526,1,07,000,00,1,7,01,B01
201700038527,1,07,000,00,2,1,01,A01
201700038527,1,07,000,00,2,4,02,B01
201700038528,2,10,000,00,2,1,01,A01
201700038528,2,07,000,00,2,4,02,B01
201700038529,1,07,000,00,1,3,01,A01
201700038530,1,07,000,00,2,1,01,A01
201700038530,1,07,000,00,2,4,02,B01
201700038531,1,34,000,16,0,0,01,A01
201700038532,2,07,000,03,0,1,01,A01
201700038533,1,07,000,00,2,4,02,B01
201700038533,1,37,001,00,2,8,01,C01
201700038533,1,07,000,00,2,1,17,A01
201700038534,1,31,000,00,0,0,01,A01
201700038535,2,31,000,01,0,1,01,A01
201700038536,1,07,000,00,1,5,09,A01
201700038537,1,07,000,00,1,7,01,A01
201700038538,1,07,000,00,2,4,21,B01
201700038538,1,31,000,00,2,1,21,A01
201700038539,1,07,000,00,2,4,02,B01
201700038539,1,07,000,00,2,1,01,A01
201700038540,1,07,000,00,2,1,19,B01
201700038540,1,01,000,00,2,1,19,A01
201700038541,2,10,000,00,2,8,15,A01
201700038541,1,31,000,00,2,1,01,B01
201700038542,1,33,000,00,2,1,09,A01
201700038542,1,07,000,00,2,4,01,B01
201700038543,1,07,000,06,0,1,01,A01
201700038544,2,07,000,00,2,1,01,A01
201700038544,2,07,000,00,2,4,12,B01
201700038545,1,07,000,01,0,1,01,A01
201700038546,2,10,000,00,2,8,15,A01
201700038546,2,31,000,00,2,1,17,B01
201700038547,2,07,000,00,2,1,01,B01
201700038547,1,07,000,00,2,1,09,A01
201700038548,2,07,000,00,2,7,12,A01
201700038548,2,31,000,00,2,9,02,B01
201700038549,2,07,000,00,2,7,12,A01
201700038549,2,31,000,00,2,9,02,B01
201700038550,2,07,000,00,2,2,02,B01
201700038550,2,07,000,03,2,9,13,A01
201700038551,1,01,000,00,2,1,01,A01
201700038551,1,07,000,00,2,8,01,B01
201700038552,1,07,000,00,1,1,01,A01
201700038553,1,07,000,00,1,4,20,A01
201700038554,2,07,000,00,2,1,01,A01
201700038554,2,07,000,00,2,4,23,B01
201700038555,1,07,000,00,1,1,01,A01
201700038556,1,07,000,00,2,3,17,A01
201700038556,1,07,000,06,2,1,02,B01
201700038557,1,07,000,04,0,3,01,A01
201700038558,2,07,000,00,2,1,02,B01
201700038558,2,31,000,00,2,1,09,A01
201700038559,2,07,000,00,2,2,09,A01
201700038559,2,37,001,00,2,1,02,B01
201700038560,2,31,000,00,2,1,02,B01
201700038560,2,07,000,00,2,3,15,A01
201700038561,2,07,000,00,2,3,09,A01
201700038561,2,01,000,00,2,7,01,B01
201700038562,1,07,000,00,1,1,01,A01
201700038563,1,31,000,00,2,1,02,B01
201700038563,1,07,000,00,2,1,09,A01
201700038564,2,07,000,00,2,3,15,A01
201700038564,2,34,000,00,2,7,02,B01
201700038565,1,10,000,00,2,8,13,A01
201700038565,0,33,000,00,2,7,01,B01
201700038566,2,34,000,14,2,3,03,A01
201700038566,2,10,000,00,2,3,01,B01
201700038567,2,33,000,00,1,7,17,A01
201700038568,2,07,000,00,1,1,01,A01
201700038569,1,13,000,00,2,2,01,B01
201700038569,2,13,000,00,2,3,23,A01
201700038569,1,99,000,00,2,1,01,C01
201700038570,1,13,000,00,1,1,01,A01
201700038571,1,13,000,02,2,1,01,A01
201700038571,1,13,000,01,2,8,15,B01
201700038572,0,07,000,00,2,2,01,A01
201700038572,0,30,000,00,2,1,01,B01
201700038573,1,07,000,00,2,4,02,B01
201700038573,1,15,000,00,2,2,01,A01
201700038574,0,07,000,00,2,1,02,B01
201700038574,0,07,000,00,2,4,01,A01
201700038575,0,07,000,00,2,4,02,C01
201700038575,0,07,000,00,2,4,02,B01
201700038575,0,07,000,00,2,1,01,A01
201700038576,1,07,000,00,1,3,01,A01
201700038577,2,07,000,00,2,1,01,A01
201700038577,2,07,000,00,2,4,02,B01
201700038578,1,07,000,00,2,1,01,A01
201700038578,1,07,000,00,2,4,02,C01
201700038578,1,07,000,00,2,1,02,Z01
201700038579,1,30,000,00,5,1,01,B01
201700038580,0,07,000,00,2,1,02,B01
201700038580,0,07,000,00,2,4,01,A01
201700038581,1,07,000,01,0,1,01,A01
201700038581,0,07,000,00,2,5,24,B01
201700038582,1,07,000,00,1,3,01,A01
201700038583,1,02,000,01,0,1,01,A01
201700038584,1,07,000,00,1,2,16,A01
201700038585,0,07,000,00,2,1,01,A01
201700038585,0,07,000,00,2,4,02,B01
201700038586,0,32,000,00,2,1,01,B01
201700038586,0,07,000,00,2,1,15,A01
201700038587,1,07,000,00,1,3,01,A01
201700038588,0,07,000,00,2,1,01,C01
201700038588,1,33,000,00,2,1,17,A01
201700038588,2,07,000,00,2,3,21,B01
201700038589,1,33,000,00,2,1,01,B01
201700038589,2,07,000,09,2,2,15,A01
201700038590,0,07,000,00,1,1,01,A01
201700038591,0,33,000,00,2,1,01,B01
201700038591,0,07,000,00,2,3,15,A01
201700038592,1,07,000,00,2,3,01,B01
201700038592,1,30,000,00,2,1,01,A01
201700038593,1,33,000,00,5,1,01,A01
201700038594,0,10,000,00,2,1,13,A01
201700038594,0,07,000,00,2,1,01,B01
201700038595,0,07,000,00,2,8,01,B01
201700038595,0,07,000,00,2,1,19,A01
201700038596,1,07,000,00,2,4,02,B01
201700038596,1,07,000,00,2,1,01,A01
201700038597,0,07,000,00,2,1,01,B01
201700038597,0,01,000,00,2,1,01,A01
201700038598,0,07,000,00,2,1,01,A01
201700038598,0,07,000,00,2,4,02,B01
201700038599,0,07,000,00,2,1,16,A01
201700038599,0,07,000,00,2,7,01,B01
201700038600,0,10,000,00,1,4,04,A01
201700038601,1,07,000,00,2,1,13,A01
201700038601,2,07,000,00,2,1,01,B01
201700038602,1,07,000,02,0,1,01,A01
201700038603,1,07,000,00,2,3,01,B01
201700038603,1,07,000,00,2,4,04,A01
201700038604,1,07,000,02,0,1,01,A01
201700038605,1,36,000,00,0,0,01,A01
201700038606,2,07,000,00,1,1,01,A01
201700038607,1,33,000,11,0,1,01,A01
201700038608,2,07,000,00,2,1,05,B01
201700038608,1,07,000,00,2,2,15,A01
201700038609,1,07,000,00,2,1,02,B01
201700038609,1,07,000,00,2,8,15,A01
201700038610,0,31,000,00,2,1,01,A01
201700038610,0,07,000,00,2,2,09,B01
201700038611,0,07,000,00,2,2,16,A01
201700038611,0,13,000,00,2,1,07,B01
201700038612,0,07,000,00,2,1,09,A01
201700038612,0,31,000,00,2,4,01,B01
201700038613,0,07,000,00,1,1,01,A01
201700038614,2,07,000,00,2,3,09,A01
201700038614,2,02,000,00,2,2,16,B01
201700038615,1,07,000,00,2,1,09,A01
201700038615,1,07,000,00,2,4,23,B01
201700038616,0,07,000,00,1,1,01,A01
201700038617,1,07,000,00,1,7,01,A01
201700038618,0,30,000,00,2,1,01,B01
201700038618,0,07,000,00,2,1,09,A01
201700038619,1,07,000,00,2,3,01,A01
201700038619,1,01,000,00,2,1,19,B01
201700038620,1,07,000,00,1,3,01,A01
201700038621,2,07,000,00,1,1,01,A01
201700038622,0,07,000,00,2,1,01,B01
201700038622,0,07,000,00,2,6,01,A01
201700038623,1,07,000,00,1,1,01,A01
201700038624,0,07,000,00,2,4,01,B01
201700038624,0,10,000,00,2,1,01,A01
201700038625,0,07,000,00,1,1,09,A01
201700038626,1,01,000,00,2,4,01,B01
201700038626,1,35,000,00,2,1,09,A01
201700038627,0,07,000,00,1,1,01,A01
201700038628,2,07,000,00,2,3,13,A01
201700038628,1,07,000,00,2,1,23,C01
201700038628,1,07,000,00,2,8,01,B01
201700038629,1,01,000,00,1,1,01,A01
201700038630,1,07,000,00,1,2,01,A01
201700038631,2,07,000,00,1,1,01,A01
201700038632,1,33,000,08,0,0,00,A01
201700038633,2,07,000,00,2,3,19,A01
201700038633,2,33,000,00,2,1,01,B01
201700038634,1,07,000,00,1,3,01,A01
201700038635,2,07,000,00,2,3,01,B01
201700038635,2,30,000,00,2,1,19,Z01
201700038636,1,07,000,00,2,4,11,A01
201700038636,1,33,000,08,2,1,13,B01
201700038637,2,14,000,00,1,1,09,A01
201700038638,1,07,000,00,2,7,23,B01
201700038638,1,07,000,00,2,3,01,C01
201700038638,2,07,000,01,2,1,13,A01
201700038639,2,10,000,00,2,2,17,A01
201700038639,1,07,000,00,2,3,01,B01
201700038640,1,07,000,14,1,1,01,A01
201700038641,1,07,000,00,2,3,14,B01
201700038641,2,07,000,00,2,2,01,A01
201700038642,1,07,000,00,1,6,01,A01
201700038643,1,07,000,06,0,1,01,A01
201700038644,1,30,000,00,2,1,05,B01
201700038644,1,07,000,00,2,2,05,A01
201700038645,2,07,000,00,1,2,01,A01
201700038646,1,07,000,00,1,2,01,A01
201700038647,1,07,000,00,1,1,01,A01
201700038648,2,07,000,00,1,3,01,A01
201700038649,1,07,000,08,1,1,15,A01
201700038650,2,07,000,09,2,8,01,A01
201700038650,1,07,000,00,2,3,01,B01
201700038651,1,07,000,00,2,3,01,A01
201700038651,1,02,000,00,2,4,02,B01
201700038652,1,07,000,00,1,3,15,A01
201700038653,1,07,000,00,1,4,01,A01
201700038654,1,07,000,00,2,3,09,B01
201700038654,1,07,000,00,2,2,01,A01
201700038655,2,10,000,00,2,6,15,B01
201700038655,2,33,000,00,2,1,17,A01
201700038656,1,33,000,01,0,1,01,A01
201700038657,1,07,000,00,2,1,01,B01
201700038657,2,07,000,00,2,7,01,A01
201700038658,2,02,000,00,2,2,17,A01
201700038658,2,07,000,00,2,3,10,B01
201700038659,1,34,000,06,0,2,14,A01
201700038660,2,07,000,00,2,7,01,A01
201700038660,1,07,000,00,2,1,02,B01
201700038661,1,07,000,00,2,4,23,B01
201700038661,1,07,000,00,2,1,01,A01
201700038662,2,07,000,00,2,4,23,A01
201700038662,2,34,000,00,2,1,02,B01
201700038663,2,33,000,02,2,8,21,B01
201700038663,1,07,000,00,2,2,12,A01
201700038664,1,07,000,00,2,1,09,B01
201700038664,2,33,000,01,2,1,01,A01
201700038665,2,31,000,00,2,1,17,A01
201700038665,2,07,000,00,2,8,15,B01
201700038666,1,10,000,00,2,8,15,A01
201700038666,2,10,000,00,2,1,01,B01
201700038667,1,33,000,00,2,7,15,B01
201700038667,2,07,000,00,2,2,01,A01
201700038668,2,07,000,00,2,3,01,A01
201700038668,1,07,000,00,2,6,09,B01
201700038669,1,07,000,00,2,2,01,B01
201700038669,1,07,000,00,2,1,15,A01
201700038670,2,34,000,00,2,1,01,B01
201700038670,2,33,000,00,2,4,23,A01
201700038671,1,31,000,00,2,1,02,C01
201700038671,2,07,000,00,2,1,15,A01
201700038671,1,34,000,00,2,1,01,B01
201700038672,1,07,000,00,1,1,19,A01
201700038673,2,33,000,00,2,1,17,A01
201700038673,2,07,000,00,2,3,15,B01
201700038674,1,07,000,01,2,1,01,A01
201700038674,0,07,000,01,2,1,01,C01
201700038675,1,14,000,00,2,2,01,A01
201700038675,1,31,000,00,2,4,23,B01
201700038676,2,07,000,00,2,1,01,B01
201700038676,1,07,000,00,2,5,15,A01
201700038677,1,07,000,06,0,1,19,A01
201700038678,2,07,000,14,0,4,00,A01
201700038679,2,07,000,00,1,2,17,A01
201700038680,1,07,000,00,2,1,01,B01
201700038680,2,07,000,00,2,8,10,A01
201700038681,1,07,000,00,1,1,01,A01
201700038682,1,10,000,00,2,1,11,B01
201700038682,1,07,000,00,2,6,15,A01
201700038683,2,07,000,00,1,3,01,A01
201700038684,2,07,000,00,2,3,15,A01
201700038684,2,33,000,00,2,7,15,B01
201700038685,1,07,000,00,2,4,02,B01
201700038685,1,07,000,00,2,1,01,A01
201700038686,1,07,000,00,1,2,01,A01
201700038687,2,07,000,00,2,3,01,Z01
201700038687,2,07,000,00,2,6,01,B01
201700038688,0,07,000,00,2,4,02,C01
201700038688,0,07,000,00,2,1,01,A01
201700038688,0,07,000,00,2,4,02,B01
201700038689,2,07,000,00,2,4,01,B01
201700038689,2,07,000,00,2,7,09,A01
201700038689,2,07,000,00,2,1,01,C01
201700038690,0,07,000,00,1,3,01,A01
201700038691,1,07,000,00,1,1,01,A01
201700038692,0,07,000,00,2,7,01,B01
201700038692,0,07,000,00,2,4,04,A01
201700038693,0,07,000,06,0,9,01,A01
201700038694,0,07,000,08,0,1,01,A01
201700038695,0,07,000,00,2,1,13,A01
201700038695,0,07,000,00,2,1,01,B01
201700038696,0,07,000,00,2,4,01,A01
201700038696,0,07,000,00,2,1,02,B01
201700038697,2,10,000,00,2,4,02,C01
201700038697,2,07,000,00,2,1,01,A01
201700038697,2,07,000,00,2,1,02,B01
201700038698,0,07,000,00,2,4,02,B01
201700038698,2,10,000,00,2,1,01,A01
201700038699,0,07,000,00,0,0,01,A01
201700038700,0,07,000,00,1,1,01,Z01
201700038701,0,07,000,00,2,1,01,B01
201700038701,0,07,000,00,2,5,01,A01
201700038702,1,07,000,00,2,4,02,C01
201700038702,0,07,000,00,2,1,01,A01
201700038702,1,07,000,00,2,1,02,B01
201700038703,1,07,000,09,0,1,01,A01
201700038704,0,07,000,00,1,0,00,A01
201700038705,0,07,000,00,0,0,13,A01
201700038706,0,07,000,04,0,0,09,A01
201700038707,2,34,000,00,2,9,12,A01
201700038707,2,13,000,00,2,8,01,B01
201700038708,0,07,000,00,2,4,02,B01
201700038708,0,07,000,01,2,4,01,A01
201700038709,0,07,000,00,2,4,02,B01
201700038709,0,14,000,00,2,1,01,A01
201700038709,0,07,000,00,2,4,02,C01
201700038710,1,33,000,00,0,0,14,A01
201700038711,0,07,000,00,2,4,02,B01
201700038711,0,07,000,00,2,1,01,A01
201700038712,2,07,000,13,0,9,14,A01
201700038713,2,15,000,00,2,3,01,A01
201700038713,2,07,000,00,2,5,02,B01
201700038714,0,07,000,00,2,4,02,B01
201700038714,0,07,000,00,2,1,01,A01
201700038715,1,33,000,00,2,4,02,B01
201700038715,0,07,000,00,2,1,01,A01
201700038716,0,07,000,00,1,8,01,A01
201700038717,0,07,000,15,0,1,14,A01
201700038718,2,07,000,00,6,3,01,A01
201700038719,0,07,000,16,0,9,14,A01
201700038720,0,07,000,00,2,4,02,B01
201700038720,0,15,000,00,2,1,01,A01
201700038721,1,07,000,00,2,4,20,B01
201700038721,2,07,000,00,2,1,01,Z01
201700038722,2,07,000,00,2,4,02,B01
201700038722,2,07,000,00,2,1,01,A01
201700038723,1,33,000,00,0,8,01,A01
201700038724,0,33,000,16,0,0,01,A01
201700038725,0,07,000,02,0,2,01,A01
201700038726,0,07,000,00,2,2,01,B01
201700038726,0,02,000,00,2,1,05,A01
201700038727,2,07,000,06,0,1,16,A01
201700038728,0,32,000,00,2,1,01,A01
201700038728,0,07,000,00,2,4,02,B01
201700038729,0,35,000,00,0,0,00,A01
201700038730,0,07,000,00,1,2,01,A01
201700038731,2,07,000,16,0,9,01,A01
201700038732,1,07,000,00,2,8,13,A01
201700038732,2,07,000,00,2,9,13,B01
201700038733,0,07,000,00,2,1,01,A01
201700038733,0,07,000,00,2,4,02,B01
201700038734,2,07,000,00,2,4,02,C01
201700038734,2,07,000,00,2,1,02,B01
201700038734,2,07,000,00,2,1,01,A01
201700038735,0,07,000,00,2,3,01,B01
201700038735,0,07,000,00,2,1,15,A01
201700038736,0,07,000,00,2,1,01,B01
201700038736,0,07,000,00,2,4,16,A01
201700038737,1,33,000,00,0,0,15,A01
201700038738,0,10,000,00,2,4,20,A01
201700038738,0,10,000,00,2,4,01,B01
201700038739,2,07,000,00,2,1,01,A01
201700038739,2,07,000,00,2,4,02,B01
201700038739,2,07,000,00,2,4,02,C01
201700038740,1,33,000,00,0,9,01,A01
201700038741,0,30,000,00,2,8,01,B01
201700038741,0,10,000,00,2,2,09,A01
201700038742,1,07,000,03,2,6,12,A01
201700038742,1,07,000,00,2,5,01,B01
201700038743,0,07,000,00,2,4,02,B01
201700038743,0,07,000,00,2,1,01,A01
201700038744,1,07,000,00,0,9,14,A01
201700038745,1,07,000,00,0,9,14,A01
201700038746,0,30,000,00,0,0,01,A01
201700038747,0,31,000,00,0,0,01,A01
201700038748,2,07,000,00,2,1,13,A01
201700038748,2,07,000,00,2,1,01,B01
201700038749,2,07,000,00,0,9,13,A01
201700038750,0,33,000,00,0,0,09,A01
201700038751,0,07,000,00,0,9,10,A01
201700038752,0,07,000,00,2,1,01,B01
201700038752,0,07,000,00,2,3,01,A01
201700038753,1,07,000,00,2,4,02,B01
201700038753,1,37,002,00,2,1,01,A01
201700038754,1,07,000,15,0,2,13,A01
201700038755,2,02,000,00,2,7,11,A01
201700038755,2,10,000,00,2,8,15,B01
201700038756,0,07,000,00,1,1,01,A01
201700038757,2,07,000,00,2,4,02,B01
201700038757,2,07,000,00,2,1,01,A01
201700038758,1,10,000,04,0,1,01,A01
201700038759,1,07,000,02,0,8,13,A01
201700038760,0,07,000,00,1,1,01,A01
201700038761,2,10,000,00,1,6,04,A01
201700038762,0,07,000,00,1,1,01,A01
201700038763,0,07,000,00,1,1,01,A01
201700038764,0,07,000,00,2,1,09,B01
201700038764,0,07,000,00,2,1,09,A01
201700038765,1,07,000,00,2,2,12,B01
201700038765,1,33,000,00,2,3,17,A01
201700038765,1,07,000,00,2,5,01,C01
201700038766,0,07,000,00,1,1,01,A01
201700038766,0,10,000,00,1,1,01,B01
201700038767,1,33,000,00,0,0,01,A01
201700038768,0,03,000,00,2,1,01,A01
201700038768,0,07,000,00,2,1,01,B01
201700038769,0,07,000,16,0,9,01,A01
201700038770,1,07,000,00,2,4,02,B01
201700038770,1,07,000,00,2,1,01,A01
201700038771,0,07,000,00,2,1,01,Z01
201700038771,0,01,000,00,2,4,02,A01
201700038772,0,01,000,00,0,0,00,A01
201700038773,0,33,000,00,0,7,01,A01
201700038774,1,07,000,04,0,3,13,A01
201700038775,0,37,001,00,1,2,01,A01
201700038776,0,07,000,00,1,1,01,A01
201700038777,0,07,000,00,2,1,01,A01
201700038777,0,07,000,00,2,4,02,C01
201700038777,2,07,000,00,2,4,02,B01
201700038778,2,07,000,00,6,2,14,A01
201700038779,2,07,000,00,2,7,14,A01
201700038779,2,33,000,00,2,7,18,B01
201700038780,1,07,000,00,1,1,01,A01
201700038781,0,07,000,00,1,7,01,A01
201700038782,1,10,000,00,0,9,14,A01
201700038783,0,10,000,00,1,4,01,A01
201700038784,1,07,000,02,0,9,13,A01
201700038785,1,31,000,00,0,0,01,A01
201700038786,2,07,000,00,0,9,01,A01
201700038787,0,07,000,00,6,9,21,A01
201700038788,0,07,000,00,2,4,02,B01
201700038788,0,07,000,00,2,1,01,A01
201700038789,0,07,000,00,2,1,02,Z01
201700038789,0,07,000,00,2,4,01,A01
201700038790,0,07,000,00,1,4,01,A01
201700038791,2,07,000,08,0,1,01,A01
201700038792,1,07,000,00,1,3,01,A01
201700038793,1,07,000,00,1,1,01,A01
201700038794,0,07,000,00,1,6,20,A01
201700038795,2,07,000,00,2,1,15,A01
201700038795,1,07,000,00,2,3,02,B01
201700038796,1,33,000,00,2,5,01,B01
201700038796,1,07,000,00,2,1,09,A01
201700038797,1,07,000,00,2,3,01,A01
201700038797,1,01,000,00,2,1,16,B01
201700038798,1,31,000,00,1,1,01,A01
201700038799,1,07,000,00,2,1,01,A01
201700038799,1,07,000,00,2,1,01,B01
201700038800,1,07,000,00,1,1,15,A01
201700038801,0,07,000,00,1,1,01,A01
201700038802,1,07,000,00,1,7,01,A01
201700038803,1,07,000,08,1,1,15,Z01
201700038804,1,34,000,00,2,1,17,A01
201700038804,1,07,000,00,2,6,15,B01
201700038805,1,07,000,00,1,1,19,A01
201700038806,2,07,000,00,2,3,19,A01
201700038806,1,07,000,00,2,2,21,B01
201700038806,1,07,000,00,2,1,21,C01
201700038807,1,07,000,00,1,1,00,A01
201700038808,2,07,000,00,2,3,01,B01
201700038808,1,31,000,00,2,1,01,A01
201700038809,1,31,000,00,1,1,01,Z01
201700038810,1,07,000,00,2,2,01,A01
201700038810,2,07,000,00,2,2,15,B01
201700038811,1,32,000,00,2,2,01,A01
201700038811,2,07,000,00,2,1,15,B01
201700038812,1,07,000,00,2,1,02,B01
201700038812,1,07,000,00,2,3,15,A01
201700038813,1,07,000,00,1,5,04,A01
201700038814,1,07,000,00,1,3,01,A01
201700038815,1,07,000,00,2,3,04,A01
201700038815,1,33,000,00,2,2,21,B01
201700038816,1,07,000,00,1,1,01,A01
201700038817,1,07,000,00,1,1,13,A01
201700038818,1,07,000,00,1,2,15,A01
201700038819,1,10,000,00,2,1,01,A01
201700038819,1,07,000,00,2,4,02,B01
201700038820,1,07,000,00,2,4,01,B01