Num_Acc,senc,catv,occutc,obs,obsm,choc,manv,num_veh
201700039198,0,07,000,00,2,2,15,A01
201700039199,1,37,000,00,2,1,01,B01
201700039199,1,07,000,00,2,8,13,A01
201700039200,2,01,000,00,2,0,01,B01
201700039200,2,07,000,00,2,1,01,A01
201700039201,0,07,000,00,1,5,01,A01
201700039202,0,07,000,00,2,1,09,A01
201700039202,0,33,000,00,2,1,01,B01
201700039203,2,32,000,00,2,1,01,B01
201700039203,1,07,000,00,2,5,15,A01
201700039204,1,07,000,00,2,1,02,A01
201700039204,1,07,000,00,2,4,01,B01
201700039205,0,07,000,00,2,3,09,A01
201700039205,1,01,000,00,2,1,01,B01
201700039206,2,07,000,00,1,1,15,A01
201700039207,2,07,000,00,2,1,00,B01
201700039207,0,07,000,00,2,0,01,C01
201700039207,0,31,000,00,2,1,01,A01
201700039208,1,07,000,01,0,1,14,A01
201700039209,1,37,012,00,2,8,01,B01
201700039209,2,36,000,00,2,1,16,A01
201700039210,2,07,000,00,1,1,01,A01
201700039211,1,01,000,00,2,1,15,A01
201700039211,1,07,000,00,2,0,01,B01
201700039212,0,07,000,00,1,1,01,Z01
201700039213,0,07,000,00,2,1,02,B01
201700039213,0,07,000,00,2,4,02,A01
201700039214,2,07,000,00,1,1,16,A01
201700039215,0,07,000,00,2,7,16,A01
201700039215,0,01,000,00,2,1,01,B01
201700039216,2,07,000,00,1,1,15,A01
201700039217,0,37,001,00,2,3,01,B01
201700039217,0,02,000,00,2,8,05,A01
201700039218,2,33,000,00,2,0,01,C01
201700039218,1,33,000,00,2,1,01,B01
201700039218,1,07,000,00,2,7,15,A01
201700039219,0,07,000,00,1,1,01,A01
201700039220,1,31,000,00,0,1,01,A01
201700039221,0,07,000,00,1,8,01,A01
201700039222,0,07,000,00,1,3,01,A01
201700039223,1,07,000,00,1,2,16,A01
201700039224,0,30,000,00,2,1,01,B01
201700039224,0,07,000,00,2,8,15,A01
201700039225,1,33,000,00,0,1,01,A01
201700039226,0,10,000,00,2,7,01,A01
201700039226,0,34,000,00,2,1,01,B01
201700039227,1,33,000,00,0,9,01,A01
201700039228,0,30,000,00,1,2,21,A01
201700039229,2,07,000,00,1,3,15,A01
201700039230,0,33,000,00,1,7,01,A01
201700039231,0,07,000,00,2,1,00,A01
201700039231,0,30,000,00,2,0,00,B01
201700039232,1,02,000,00,1,1,01,A01
201700039233,0,07,000,00,2,7,12,A01
201700039233,0,33,000,00,2,8,03,B01
201700039234,1,07,000,00,1,1,01,A01
201700039235,0,31,000,00,2,1,01,A01
201700039235,0,07,000,00,2,7,15,B01
201700039236,1,01,000,00,0,0,01,A01
201700039236,1,07,000,00,9,1,00,B01
201700039237,1,33,000,00,2,1,01,A01
201700039238,0,07,000,00,1,3,01,A01
201700039239,1,07,000,00,2,1,01,A01
201700039239,1,07,000,00,2,4,23,B01
201700039240,0,07,000,00,2,6,15,A01
201700039240,0,33,000,00,2,1,00,B01
201700039241,1,34,000,00,2,0,01,B01
201700039241,1,07,000,00,2,1,01,A01
201700039242,0,07,000,00,2,1,01,A01
201700039242,0,01,000,00,2,1,15,B01
201700039243,1,07,000,00,1,1,01,A01
201700039244,0,07,000,00,0,4,01,B01
201700039245,1,07,000,00,1,1,01,A01
201700039246,0,10,000,00,9,1,01,A01
201700039246,0,01,000,00,2,1,01,B01
201700039247,0,31,000,00,0,7,09,A01
201700039248,0,33,000,00,0,8,01,A01
201700039249,1,31,000,00,1,1,01,A01
201700039250,0,33,000,00,1,1,00,A01
201700039251,1,07,000,00,2,2,14,A01
201700039251,1,07,000,00,2,8,13,B01
201700039252,0,31,000,00,0,8,01,A01
201700039252,0,14,000,00,0,0,00,B01
201700039253,0,10,000,00,1,1,01,A01
201700039254,1,07,000,00,2,7,15,A01
201700039254,2,01,000,00,2,1,01,B01
201700039255,0,07,000,00,2,7,00,A01
201700039255,0,32,000,00,2,9,00,B01
201700039256,1,07,000,00,2,8,01,B01
201700039256,1,10,000,00,2,3,01,A01
201700039257,0,07,000,00,1,1,01,A01
201700039258,1,07,000,00,1,4,20,A01
201700039259,0,30,000,00,1,1,01,A01
201700039260,1,33,000,01,0,1,01,A01
201700039261,0,33,000,00,1,1,00,A01
201700039262,1,07,000,00,2,2,01,A01
201700039262,1,31,000,00,1,7,23,B01
201700039263,0,10,000,00,1,2,15,A01
201700039264,0,30,000,00,1,1,00,A01
201700039265,0,37,001,00,1,3,16,A01
201700039266,0,07,000,00,1,1,16,A01
201700039267,0,14,000,00,2,1,01,A01
201700039267,0,07,000,00,2,4,01,B01
201700039268,0,07,000,00,2,7,12,A01
201700039268,0,07,000,00,2,8,01,B01
201700039269,0,07,000,15,1,2,01,A01
201700039270,0,07,000,00,2,1,15,B01
201700039270,0,34,000,00,2,8,01,A01
201700039271,0,33,000,00,2,1,01,B01
201700039271,0,01,000,00,2,1,15,A01
201700039272,0,07,000,00,2,1,00,A01
201700039272,0,33,000,00,2,1,01,B01
201700039273,0,30,000,00,2,4,16,B01
201700039273,0,33,000,00,2,1,01,A01
201700039274,0,07,000,00,1,1,00,A01
201700039275,0,07,000,00,2,6,02,A01
201700039275,0,34,000,00,2,1,02,B01
201700039276,0,33,000,00,0,4,01,B01
201700039276,0,07,000,00,2,1,01,A01
201700039277,2,32,000,00,1,1,01,A01
201700039277,0,34,000,00,1,3,01,B01
201700039278,0,01,000,00,0,4,12,B01
201700039278,0,07,000,00,2,1,02,A01
201700039279,0,07,000,00,1,2,23,A01
201700039280,0,30,000,00,2,5,01,B01
201700039280,0,07,000,00,2,3,10,A01
201700039281,0,33,000,00,2,7,01,A01
201700039281,0,32,000,00,2,6,01,B01
201700039282,0,07,000,00,1,1,01,A01
201700039283,0,30,000,00,2,1,23,C01
201700039283,0,07,000,00,2,2,01,B01
201700039283,0,07,000,00,2,2,05,A01
201700039284,0,07,000,00,1,1,01,A01
201700039285,0,07,000,00,2,1,15,A01
201700039285,0,32,000,00,2,8,01,B01
201700039286,1,99,000,00,2,1,02,A01
201700039286,2,07,000,00,2,4,23,B01
201700039287,1,37,000,00,1,1,01,A01
201700039288,1,31,000,00,9,1,01,A01
201700039289,1,07,000,00,2,2,16,A01
201700039289,1,33,000,00,2,3,16,B01
201700039290,1,07,000,01,0,2,01,A01
201700039291,1,07,000,00,2,8,13,A01
201700039291,1,30,000,00,2,1,03,B01
201700039292,1,07,000,00,1,2,00,A01
201700039293,1,07,000,00,1,1,01,A01
201700039294,0,07,000,00,9,4,12,A01
201700039294,0,33,000,00,2,1,01,B01
201700039295,2,34,000,00,2,3,01,B01
201700039295,1,07,000,00,2,3,15,A01
201700039296,2,14,000,01,2,4,23,A01
201700039296,2,07,000,01,0,1,01,B01
201700039297,2,02,000,00,2,1,02,A01
201700039297,1,02,000,00,2,4,02,B01
201700039298,1,07,000,00,2,2,15,A01
201700039298,2,31,000,00,2,3,01,B01
201700039299,2,13,000,02,0,1,01,A01
201700039300,1,37,000,00,2,8,15,A01
201700039300,1,02,000,00,2,1,01,B01
201700039301,2,07,000,00,1,1,01,A01
201700039302,2,10,000,00,2,1,20,A01
201700039302,1,33,000,00,2,1,01,B01
201700039303,1,14,000,00,2,4,01,A01
201700039303,1,34,000,00,2,1,02,B01
201700039304,2,31,000,00,2,1,01,B01
201700039304,2,07,000,00,2,3,15,A01
201700039305,2,07,000,00,2,1,01,A01
201700039305,1,07,000,00,2,7,01,B01
201700039305,1,07,000,00,2,7,01,C01
201700039306,1,07,000,00,1,1,01,A01
201700039307,1,31,000,00,2,1,01,B01
201700039307,1,07,000,00,2,1,15,A01
201700039308,0,30,000,00,2,1,17,B01
201700039308,2,07,000,00,2,3,15,A01
201700039309,1,07,000,00,1,1,15,A01
201700039310,1,33,000,00,1,1,01,A01
201700039311,2,31,000,00,2,1,01,B01
201700039311,1,07,000,00,2,3,15,A01
201700039312,1,07,000,00,1,6,01,A01
201700039313,2,01,000,00,1,1,01,A01
201700039314,1,07,000,00,1,1,15,A01
201700039315,1,07,000,00,2,8,01,A01
201700039315,1,31,000,00,2,0,03,B01
201700039316,1,10,000,00,2,3,10,A01
201700039316,1,33,000,00,2,1,01,B01
201700039317,2,07,000,00,2,0,01,A01
201700039317,1,07,000,00,2,0,01,B01
201700039318,1,07,000,01,0,0,01,A01
201700039319,1,14,000,00,2,1,01,A01
201700039319,1,07,000,00,2,4,02,B01
201700039320,2,33,000,00,2,1,01,B01
201700039320,1,07,000,00,2,3,10,A01
201700039321,2,07,000,02,0,7,13,A01
201700039322,1,07,000,00,2,4,02,A01
201700039322,1,33,000,00,2,1,02,B01
201700039323,1,07,000,00,2,1,15,A01
201700039323,2,33,000,00,2,3,01,B01
201700039324,1,30,000,00,2,3,01,B01
201700039324,1,07,000,00,2,2,16,A01
201700039325,1,07,000,00,1,1,01,A01
201700039326,1,33,000,00,2,2,01,B01
201700039326,2,07,000,00,2,3,10,A01
201700039327,1,31,000,00,2,8,01,B01
201700039327,1,07,000,00,2,2,15,A01
201700039328,1,10,000,00,2,1,02,A01
201700039328,1,07,000,00,2,4,02,B01
201700039329,1,33,000,00,2,1,01,A01
201700039329,2,31,000,00,2,1,05,B01
201700039330,2,31,000,00,2,2,02,B01
201700039330,1,07,000,00,2,2,01,A01
201700039331,1,07,000,00,2,2,16,A01
201700039331,1,33,000,00,2,3,17,B01
201700039332,1,07,000,00,2,7,16,A01
201700039332,1,33,000,00,2,1,01,B01
201700039333,1,07,000,14,2,4,01,A01
201700039333,1,14,000,14,2,3,01,B01
201700039334,1,34,000,00,1,1,01,A01
201700039335,1,01,000,00,2,1,01,B01
201700039335,2,07,000,00,9,5,15,A01
201700039336,1,07,000,00,1,4,04,A01
201700039337,1,07,000,00,2,7,01,A01
201700039337,1,01,000,00,2,1,01,B01
201700039338,1,07,000,00,2,4,02,B01
201700039338,1,33,000,00,2,0,03,C01
201700039338,1,13,000,00,2,1,02,A01
201700039339,1,07,000,01,0,1,01,A01
201700039340,1,10,000,00,1,7,01,A01
201700039341,1,33,000,00,0,9,00,A01
201700039342,1,31,000,00,0,0,01,A01
201700039343,2,31,000,00,0,0,01,A01
201700039344,1,07,000,00,2,1,01,A01
201700039344,2,07,000,00,2,4,23,B01
201700039345,1,33,000,00,0,0,21,B01
201700039345,2,07,000,00,0,0,00,A01
201700039346,1,07,000,00,9,8,01,A01
201700039347,0,07,000,14,0,1,10,A01
201700039348,0,10,000,00,2,1,09,A01
201700039348,1,07,000,00,2,3,01,B01
201700039349,0,07,000,00,2,3,01,A01
201700039349,0,33,000,00,2,4,01,B01
201700039350,1,10,000,00,2,4,01,D01
201700039350,1,10,000,00,2,1,01,A01
201700039350,1,10,000,00,2,4,01,C01
201700039350,1,38,001,00,2,4,01,B01
201700039351,1,07,000,00,2,6,10,A01
201700039351,1,07,000,00,2,1,01,B01
201700039352,1,07,000,00,2,1,01,B01
201700039352,0,07,000,14,2,6,01,A01
201700039353,2,32,000,00,2,2,01,B01
201700039353,0,10,000,00,2,3,09,A01
201700039354,1,07,000,14,0,1,21,A01
201700039355,2,07,000,00,1,1,01,A01
201700039356,1,07,000,01,0,2,01,A01
201700039357,2,07,000,00,1,7,01,A01
201700039358,1,07,000,14,2,2,01,A01
201700039358,1,07,000,00,2,6,01,B01
201700039358,1,07,000,00,0,0,01,C01
201700039359,2,01,000,00,2,1,01,B01
201700039359,0,07,000,00,2,5,04,A01
201700039360,2,02,000,00,0,0,01,B01
201700039360,1,07,000,00,0,0,09,A01
201700039361,0,07,000,00,2,8,01,A01
201700039361,0,07,000,00,2,1,01,B01
201700039362,1,07,000,00,1,2,16,A01
201700039362,1,01,000,00,2,1,19,B01
201700039363,1,07,000,00,2,7,10,A01
201700039363,1,34,000,00,2,1,01,B01
201700039364,1,07,000,00,1,2,01,A01
201700039365,1,33,000,00,2,1,15,B01
201700039365,2,33,000,00,2,1,01,A01
201700039366,1,37,000,00,2,4,23,B01
201700039366,1,31,000,00,2,1,01,A01
201700039367,1,07,000,00,2,8,09,A01
201700039367,1,31,000,00,2,1,09,B01
201700039368,2,07,000,08,0,1,14,A01
201700039369,2,07,000,00,1,1,01,A01
201700039370,2,07,000,00,1,8,01,A01
201700039371,1,33,000,00,1,1,17,A01
201700039372,1,33,000,00,1,1,02,A01
201700039372,1,07,000,00,2,3,13,B01
201700039373,1,07,000,00,2,1,02,A01
201700039373,1,07,000,00,2,4,02,B01
201700039374,1,07,000,07,2,1,15,B01
201700039374,1,07,000,07,2,1,21,A01
201700039375,1,07,000,09,2,1,21,A01
201700039375,2,07,000,00,0,0,15,B01
201700039376,1,33,000,00,2,1,19,A01
201700039376,1,07,000,00,2,8,15,B01
201700039377,2,33,000,00,1,2,21,A01
201700039378,1,07,000,00,2,2,15,A01
201700039378,1,33,000,00,2,7,15,B01
201700039379,1,33,000,00,1,3,18,A01
201700039379,1,07,000,00,2,5,15,B01
201700039380,2,07,000,00,2,6,15,B01
201700039380,2,33,000,00,2,1,18,A01
201700039381,2,07,000,00,2,1,01,A01
201700039381,1,10,000,00,2,7,15,B01
201700039382,2,07,000,00,2,3,01,B01
201700039382,1,07,000,12,2,3,16,A01
201700039383,2,07,000,00,2,7,12,A01
201700039383,2,31,000,00,2,8,23,B01
201700039384,2,10,000,00,1,4,20,A01
201700039385,2,07,000,01,0,9,01,A01
201700039386,2,34,000,00,1,7,18,A01
201700039387,2,31,000,00,2,8,21,B01
201700039387,1,07,000,00,2,3,15,A01
201700039388,2,07,000,01,0,9,21,A01
201700039389,2,07,000,00,2,1,02,A01
201700039389,2,33,000,00,2,4,02,B01
201700039390,1,30,000,00,0,0,01,A01
201700039391,2,07,000,00,0,9,01,A01
201700039392,1,30,000,00,2,9,01,A01
201700039392,2,07,000,00,2,1,19,B01
201700039393,1,07,000,00,0,0,00,A01
201700039394,1,07,000,00,1,3,15,A01
201700039395,1,34,000,00,0,0,01,A01
201700039396,1,07,000,00,1,7,01,A01
201700039397,2,07,000,00,2,4,02,B01
201700039397,2,07,000,00,2,1,02,A01
201700039398,1,07,000,00,0,2,16,A01
201700039399,1,07,000,00,1,1,01,A01
201700039400,1,34,000,00,2,9,01,A01
201700039401,1,31,000,00,2,7,01,A01
201700039401,1,37,000,00,0,8,01,B01
201700039402,2,07,000,00,2,0,15,A01
201700039402,1,33,000,00,2,9,01,B01
201700039403,2,07,000,01,0,9,01,A01
201700039404,2,07,000,02,2,9,01,A01
201700039404,1,07,000,00,2,0,15,B01
201700039405,2,07,000,00,1,7,01,A01
201700039406,2,33,000,00,2,1,01,A01
201700039406,2,07,000,00,2,8,01,B01
201700039407,1,07,000,00,2,2,10,A01
201700039407,2,30,000,00,2,1,01,B01
201700039408,2,30,000,01,0,1,14,A01
201700039409,1,07,000,00,2,3,11,A01
201700039409,1,30,000,00,2,1,03,B01
201700039410,0,07,000,00,2,3,15,A01
201700039410,0,02,000,00,2,2,17,B01
201700039411,1,07,000,02,0,1,21,A01
201700039412,2,07,000,00,2,4,02,A01
201700039412,2,07,000,00,2,1,02,B01
201700039413,0,33,000,00,2,1,02,A01
201700039413,0,33,000,00,0,8,24,C01
201700039413,0,33,000,00,2,6,24,B01
201700039414,0,32,000,00,2,1,17,A01
201700039414,0,07,000,00,9,3,10,B01
201700039415,0,32,000,00,2,0,02,B01
201700039415,0,07,000,00,9,0,16,A01
201700039416,0,07,000,00,1,4,04,A01
201700039417,0,33,000,00,2,7,01,B01
201700039417,0,07,000,00,2,3,11,A01
201700039418,0,02,000,00,1,1,01,A01
201700039419,0,07,000,00,1,0,01,A01
201700039420,0,07,000,00,1,3,15,A01
201700039421,0,07,000,00,1,0,16,A01
201700039422,0,07,000,00,2,2,15,A01
201700039422,0,30,000,00,2,1,01,B01
201700039423,0,33,000,00,0,0,01,A01
201700039424,0,34,000,00,9,0,01,A01
201700039425,0,31,000,00,1,3,01,A01
201700039426,0,07,000,00,2,1,09,A01
201700039426,0,34,000,00,2,7,00,B01
201700039427,0,30,000,00,1,1,00,A01
201700039428,0,07,000,00,2,3,01,B01
201700039428,0,01,000,00,2,0,05,A01
201700039429,0,07,000,00,2,1,01,A01
201700039429,0,07,000,00,2,4,01,B01
201700039430,0,07,000,00,2,2,16,A01
201700039430,0,01,000,00,2,0,01,B01
201700039431,0,07,000,00,2,6,02,A01
201700039431,0,30,000,00,2,7,17,B01
201700039432,0,07,000,00,2,3,01,A01
201700039432,0,30,000,00,2,1,15,B01
201700039433,0,33,000,00,0,0,01,A01
201700039434,0,01,000,00,2,0,10,A01
201700039434,0,34,000,00,2,0,01,B01
201700039435,0,07,000,00,1,1,01,A01
201700039436,0,30,000,00,2,1,17,A01
201700039436,0,07,000,00,2,3,15,B01
201700039437,0,07,000,00,2,2,10,A01
201700039437,0,33,000,00,2,1,01,B01
201700039438,0,31,000,00,0,0,01,A01
201700039439,0,07,000,00,2,4,02,B01
201700039439,0,07,000,00,2,1,01,A01
201700039440,0,32,000,00,2,3,17,A01
201700039440,0,07,000,00,2,3,01,B01
201700039441,0,07,000,00,2,4,01,C01
201700039441,0,07,000,00,2,1,00,A01
201700039441,0,07,000,00,2,4,01,B01
201700039442,0,07,000,00,2,1,01,A01
201700039442,0,07,000,00,2,5,01,B01
201700039443,0,30,000,00,1,1,01,A01
201700039444,0,30,000,00,2,1,01,A01
201700039444,0,07,000,00,2,3,15,B01
201700039445,0,07,000,00,1,3,01,A01
201700039446,0,07,000,00,2,2,01,A01
201700039446,0,33,000,00,2,1,01,B01
201700039447,0,30,000,00,1,1,01,A01
201700039448,0,07,000,00,2,1,15,A01
201700039448,0,01,000,00,2,0,01,B01
201700039449,0,02,000,00,1,1,01,A01
201700039450,0,30,000,00,1,1,01,A01
201700039451,0,01,000,00,2,0,00,B01
201700039451,0,13,000,00,2,0,01,A01
201700039452,0,07,000,00,1,0,01,A01
201700039453,0,07,000,00,2,6,01,B01
201700039453,0,07,000,00,2,2,01,A01
201700039454,0,33,000,00,2,0,01,B01
201700039454,0,07,000,00,2,1,01,A01
201700039455,0,32,000,00,1,1,16,A01
201700039456,0,07,000,00,1,4,04,A01
201700039457,0,07,000,00,1,2,16,A01
201700039458,0,30,000,00,2,1,01,B01
201700039458,0,07,000,00,2,8,01,A01
201700039459,0,07,000,00,2,4,02,A01
201700039459,0,07,000,00,2,3,02,B01
201700039460,0,07,000,00,2,6,16,B01
201700039460,0,02,000,00,2,1,02,A01
201700039461,0,33,000,00,2,3,01,B01
201700039461,0,07,000,00,2,2,16,A01
201700039462,0,07,000,00,1,2,01,A01
201700039463,0,07,000,00,2,3,15,A01
201700039463,0,33,000,00,2,2,01,B01
201700039464,0,02,000,00,2,7,15,A01
201700039464,0,02,000,00,2,8,01,B01
201700039465,0,07,000,00,2,0,01,C01
201700039465,0,07,000,00,2,0,01,B01
201700039465,0,07,000,00,2,1,01,A01
201700039466,0,30,000,00,2,1,01,B01
201700039466,0,07,000,00,2,2,01,A01
201700039467,0,32,000,00,2,1,01,B01
201700039467,0,07,000,00,2,7,15,A01
201700039468,0,32,000,00,2,2,17,A01
201700039468,0,07,000,00,2,3,15,B01
201700039469,0,07,000,00,1,2,01,A01
201700039470,0,07,000,00,0,3,01,A01
201700039471,0,31,000,00,1,1,01,B01
201700039471,0,07,000,00,2,7,10,A01
201700039472,0,07,000,00,2,4,01,B01
201700039472,0,07,000,00,2,1,01,A01
201700039473,0,33,000,00,1,1,07,A01
201700039474,0,13,000,00,2,2,01,A01
201700039474,0,34,000,00,2,3,01,B01
201700039475,0,33,000,00,1,1,01,A01
201700039476,0,07,000,00,1,4,04,A01
201700039477,0,07,000,00,2,3,11,A01
201700039477,0,33,000,00,2,2,02,B01
201700039478,0,07,000,00,2,3,10,A01
201700039478,0,30,000,00,2,2,01,B01
201700039479,0,07,000,00,1,2,16,A01
201700039480,0,07,000,00,1,5,16,A01
201700039481,0,34,000,00,1,1,01,A01
201700039482,0,07,000,00,2,8,22,A01
201700039482,0,01,000,00,2,1,01,B01
201700039483,0,07,000,00,2,1,01,A01
201700039483,0,07,000,00,2,4,01,B01
201700039484,0,10,000,00,2,6,01,A01
201700039484,0,33,000,00,2,2,11,B01
201700039485,0,34,000,00,2,1,02,A01
201700039485,0,07,000,00,2,6,20,B01
201700039486,0,31,000,00,2,1,01,A01
201700039486,0,07,000,00,2,1,15,B01
201700039487,0,07,000,00,1,3,15,A01
201700039488,0,07,000,00,1,0,00,A01
201700039489,0,02,000,00,2,1,01,A01
201700039489,0,07,000,00,0,4,01,B01
201700039490,0,07,000,00,2,1,01,A01
201700039490,0,32,000,00,2,8,01,B01
201700039491,0,07,000,00,2,2,15,A01
201700039491,0,31,000,00,2,0,01,B01
201700039492,0,07,000,00,1,2,00,A01
201700039493,0,33,000,01,0,1,01,A01
201700039493,0,07,000,00,2,3,20,B01
201700039494,0,07,000,00,2,4,00,B01
201700039494,0,07,000,00,2,1,01,A01
201700039495,1,07,000,00,2,3,15,A01
201700039495,2,30,000,00,2,1,01,B01
201700039496,1,07,000,00,2,1,02,A01
201700039496,0,33,000,00,2,8,01,B01
201700039497,0,31,000,00,2,2,02,A01
201700039497,1,07,000,00,2,2,02,B01
201700039498,1,31,000,00,2,3,01,B01
201700039498,1,07,000,00,2,3,15,A01
201700039499,1,07,000,00,2,3,20,A01
201700039499,1,31,000,00,2,2,01,B01
201700039500,1,07,000,00,2,8,17,A01
201700039500,1,34,000,00,2,1,01,B01
201700039501,1,07,000,01,0,2,01,A01
201700039502,1,07,000,00,9,1,13,A01
201700039502,1,31,000,00,2,4,01,B01
201700039503,1,07,000,00,1,1,15,A01
201700039504,1,07,000,00,1,2,21,A01
201700039504,2,07,000,00,9,0,17,B01
201700039505,1,31,000,00,1,1,01,A01
201700039506,1,33,000,00,1,2,16,A01
201700039507,1,07,000,00,1,1,01,A01
201700039508,2,07,000,00,2,2,15,A01
201700039508,1,33,000,00,2,1,01,B01
201700039509,0,07,000,00,2,6,01,B01
201700039509,0,07,000,00,2,3,09,A01
201700039510,1,33,000,00,2,0,07,A01
201700039510,2,33,000,00,2,1,01,B01
201700039511,1,07,000,00,2,8,11,A01
201700039511,1,33,000,00,2,7,00,B01
201700039512,1,02,000,00,2,1,01,B01
201700039512,1,07,000,00,2,0,00,A01
201700039513,1,02,000,01,0,1,15,A01
201700039513,1,07,000,00,2,6,24,B01
201700039514,2,07,000,00,2,7,17,A01
201700039514,0,02,000,00,2,8,14,B01
201700039515,1,07,000,00,2,4,01,C01
201700039515,1,07,000,00,2,1,01,A01
201700039515,1,07,000,00,2,4,01,B01
201700039516,1,34,000,01,0,2,00,A01
201700039517,1,07,000,00,2,1,02,A01
201700039517,1,33,000,00,2,4,02,B01
201700039518,0,31,000,00,2,7,12,A01
201700039518,0,07,000,00,2,0,01,B01
201700039519,1,07,000,00,1,7,01,A01
201700039520,1,07,000,00,1,8,19,A01
201700039521,1,10,000,00,1,8,19,A01
201700039522,0,07,000,00,2,8,10,A01
201700039522,0,33,000,00,2,1,01,B01
201700039523,2,07,000,00,2,3,15,B01
201700039523,2,31,000,00,2,1,01,A01
201700039524,1,31,000,00,2,1,01,B01
201700039524,2,07,000,00,2,2,15,A01
201700039525,1,07,000,00,1,1,01,A01
201700039526,1,30,000,00,2,1,01,B01
201700039526,2,07,000,00,2,8,15,A01
201700039527,1,07,000,00,2,8,15,B01
201700039527,1,99,000,09,2,2,17,A01
201700039528,2,07,000,00,1,0,01,A01
201700039529,1,02,000,01,0,4,00,B01
201700039529,1,07,000,00,2,1,00,A01
201700039530,1,07,000,00,2,6,15,A01
201700039530,1,33,000,00,2,1,01,B01
201700039531,2,33,000,00,2,8,01,B01
201700039531,1,07,000,00,2,1,15,A01
201700039532,1,34,000,00,2,8,01,B01
201700039532,1,07,000,00,2,2,15,A01
201700039533,1,07,000,01,0,1,14,A01
201700039534,2,07,000,00,2,3,01,B01
201700039534,2,33,000,00,2,1,17,A01
201700039535,2,07,000,00,2,1,09,B01
201700039535,2,07,000,00,2,4,23,A01
201700039536,2,31,000,00,2,1,01,B01
201700039536,1,07,000,00,2,1,15,A01
201700039537,1,30,000,00,2,1,01,A01
201700039537,1,07,000,00,2,3,01,B01
201700039538,1,07,000,00,2,1,15,A01
201700039538,1,33,000,00,2,2,01,B01
201700039539,2,07,000,00,9,5,22,A01
201700039539,2,01,000,01,0,7,01,B01
201700039540,1,07,000,00,1,1,15,A01
201700039541,1,10,000,00,2,0,22,B01
201700039541,1,33,000,00,2,0,20,A01
201700039542,2,07,000,00,1,3,02,A01
201700039543,1,07,000,00,2,8,00,A01
201700039543,1,31,000,00,2,1,01,B01
201700039544,1,33,000,01,1,2,21,A01
201700039545,2,07,000,00,1,1,15,A01
201700039546,1,07,000,04,0,3,01,A01
201700039547,1,10,000,00,2,1,09,A01
201700039547,1,34,000,00,2,8,01,B01
201700039548,2,31,000,00,2,2,01,A01
201700039548,2,07,000,00,2,3,15,B01
201700039549,1,07,000,00,2,1,01,A01
201700039549,1,01,000,00,2,7,01,B01
201700039550,2,07,000,00,2,7,15,B01
201700039550,1,07,000,00,2,1,02,A01
201700039551,2,33,000,00,2,3,01,B01
201700039551,2,07,000,00,2,2,15,A01
201700039552,1,99,000,00,1,2,16,A01
201700039553,1,07,000,00,1,2,16,A01
201700039554,1,07,000,06,0,1,01,A01
201700039555,1,07,000,09,0,3,01,A01
201700039556,1,34,000,00,2,7,18,B01
201700039556,1,07,000,00,2,8,22,A01
201700039557,1,07,000,00,2,4,23,C01
201700039557,1,34,000,01,2,3,02,B01
201700039557,1,07,000,00,2,2,12,A01
201700039558,1,07,000,00,2,1,01,B01
201700039558,1,10,000,00,2,8,01,A01
201700039559,1,07,000,00,1,2,16,A01
201700039560,1,07,000,00,1,6,20,A01
201700039561,1,07,000,00,2,7,01,A01
201700039561,1,07,000,00,2,1,01,B01
201700039562,1,33,000,00,2,1,13,B01
201700039562,1,10,000,00,2,3,13,A01
201700039563,2,07,000,00,2,1,02,A01
201700039563,2,07,000,00,2,4,23,B01
201700039564,2,07,000,00,2,5,15,B01
201700039564,2,33,000,00,2,1,01,A01
201700039565,2,31,000,00,0,0,05,A01
201700039565,1,33,000,00,0,7,21,B01
201700039566,2,10,000,00,9,0,20,A01
201700039566,1,01,000,00,2,3,01,B01
201700039567,1,10,000,00,2,8,13,A01
201700039567,1,33,000,00,2,5,17,B01
201700039568,1,07,000,00,2,1,19,A01
201700039568,2,07,000,00,2,2,01,C01
201700039568,2,07,000,00,2,3,01,B01
201700039569,2,30,000,00,2,1,13,A01
201700039569,1,07,000,00,2,2,15,B01
201700039570,1,07,000,00,2,4,23,B01
201700039570,1,31,000,00,2,1,01,A01
201700039571,1,31,000,00,2,8,01,A01
201700039572,1,34,000,00,2,7,17,A01
201700039572,1,07,000,00,2,2,09,B01
201700039573,1,33,000,00,1,7,17,A01
201700039574,1,07,000,00,2,2,19,A01
201700039574,1,33,000,00,2,8,19,B01
201700039575,1,07,000,00,1,3,01,A01
201700039576,2,31,000,00,2,1,01,A01
201700039576,1,07,000,00,2,1,01,B01
201700039577,1,07,000,00,2,1,00,B01
201700039577,1,07,000,00,2,4,00,A01
201700039578,2,07,000,00,1,0,01,A01
201700039579,2,31,000,00,1,1,01,A01
201700039580,1,07,000,00,2,3,10,A01
201700039580,1,32,000,00,2,0,17,B01
201700039581,1,07,000,00,2,3,16,A01
201700039582,1,07,000,00,2,3,15,B01
201700039582,2,02,000,00,2,1,21,A01
201700039583,1,33,000,00,1,1,21,A01
201700039584,2,07,000,00,1,3,01,A01
201700039585,2,10,000,00,1,1,16,A01
201700039586,2,10,000,00,2,8,17,A01
201700039586,2,31,000,00,2,7,17,B01
201700039587,1,07,000,00,2,1,00,A01