Num_Acc,senc,catv,occutc,obs,obsm,choc,manv,num_veh
201700039969,1,07,000,00,1,1,16,A01
201700039970,1,31,000,00,1,1,01,A01
201700039971,1,07,000,00,2,1,15,A01
201700039971,2,07,000,00,2,6,01,B01
201700039972,2,33,000,00,2,3,00,B01
201700039972,1,07,000,00,2,1,15,A01
201700039973,1,07,000,00,2,6,01,A01
201700039973,1,32,000,00,2,1,17,B01
201700039974,1,07,000,00,1,1,15,A01
201700039975,1,34,000,00,1,1,19,A01
201700039976,1,37,000,00,1,0,01,A01
201700039977,1,33,000,00,1,1,01,A01
201700039978,2,07,000,09,2,1,01,B01
201700039978,1,07,000,00,2,1,01,A01
201700039979,2,07,000,00,1,1,16,A01
201700039980,1,07,000,00,2,3,02,A01
201700039980,1,33,000,00,2,1,01,B01
201700039981,1,33,000,00,1,1,15,A01
201700039982,1,07,000,00,2,1,16,A01
201700039982,1,07,000,00,2,1,01,B01
201700039983,1,31,000,00,2,1,02,A01
201700039983,2,10,000,00,2,1,15,B01
201700039984,1,07,000,00,2,1,15,B01
201700039984,1,30,000,01,2,1,18,A01
201700039985,1,07,000,00,1,1,01,A01
201700039986,2,02,000,00,1,1,01,A01
201700039987,1,31,000,00,2,2,02,B01
201700039987,1,07,000,00,2,1,15,A01
201700039988,1,07,000,00,1,1,01,A01
201700039989,1,07,000,00,2,1,01,B01
201700039989,1,30,000,00,1,1,01,A01
201700039990,1,07,000,00,1,1,16,A01
201700039991,1,31,000,00,2,1,01,B01
201700039991,1,07,000,00,2,1,15,A01
201700039992,1,07,000,00,2,2,01,B01
201700039992,2,32,000,00,2,1,01,A01
201700039993,1,30,000,00,2,1,01,B01
201700039993,1,07,000,00,2,2,15,A01
201700039994,2,07,000,00,1,7,01,A01
201700039995,1,07,000,00,9,4,20,B01
201700039995,1,02,000,00,2,1,01,A01
201700039996,1,02,000,00,2,1,02,A01
201700039996,1,07,000,00,2,4,02,B01
201700039997,1,02,000,15,0,1,01,A01
201700039998,1,30,000,00,2,1,03,A01
201700039998,1,07,000,00,2,8,15,B01
201700039999,1,07,000,01,0,8,22,A01
201700039999,1,01,000,01,0,1,17,B01
201700040000,1,01,000,00,1,1,17,A01
201700040001,2,34,000,00,2,8,17,B01
201700040001,2,07,000,00,2,8,15,A01
201700040002,1,07,000,00,1,3,01,A01
201700040003,1,07,000,00,2,5,15,B01
201700040003,2,07,000,00,2,1,01,A01
201700040004,2,07,000,00,2,8,22,A01
201700040004,2,01,000,01,0,1,21,B01
201700040005,1,33,000,00,1,1,01,A01
201700040006,1,34,000,00,0,3,07,B01
201700040006,1,07,000,00,2,7,07,A01
201700040006,1,01,000,00,2,4,07,C01
201700040007,1,07,000,00,2,1,02,B01
201700040007,1,07,000,00,2,7,01,A01
201700040008,2,10,000,00,1,5,04,A01
201700040009,1,10,000,00,2,4,01,B01
201700040009,1,33,000,00,2,8,18,A01
201700040010,1,34,000,00,2,2,17,B01
201700040010,1,15,000,00,2,0,10,A01
201700040011,2,31,000,00,2,1,17,B01
201700040011,2,07,000,00,2,3,13,A01
201700040012,1,07,000,00,2,2,15,A01
201700040012,1,34,000,00,2,1,01,B01
201700040013,2,07,000,00,2,2,16,A01
201700040013,2,33,000,00,2,1,07,B01
201700040014,2,07,000,14,0,1,09,A01
201700040015,2,33,000,00,2,1,11,A01
201700040015,2,07,000,00,2,4,23,B01
201700040016,2,07,000,04,0,3,13,A01
201700040017,1,34,000,00,2,1,01,B01
201700040017,1,07,000,00,2,2,15,A01
201700040018,1,07,000,00,2,7,15,A01
201700040018,1,34,000,00,2,1,01,B01
201700040019,1,07,000,00,2,5,01,A01
201700040019,1,34,000,00,2,1,01,B01
201700040020,1,37,000,00,2,3,07,B01
201700040020,1,07,000,00,2,2,16,A01
201700040021,2,07,000,00,2,2,15,B01
201700040021,1,33,000,00,2,3,00,A01
201700040022,1,07,000,00,2,6,01,B01
201700040022,2,31,000,00,2,1,01,A01
201700040023,1,31,000,00,2,1,07,A01
201700040023,1,07,000,00,2,5,12,B01
201700040024,2,10,000,00,2,4,02,A01
201700040024,2,10,000,00,2,4,02,B01
201700040025,2,10,000,00,1,4,04,A01
201700040026,2,07,000,00,2,7,19,B01
201700040026,2,07,000,00,2,1,19,A01
201700040027,1,07,000,00,2,2,00,A01
201700040027,2,07,000,00,2,5,15,B01
201700040028,1,33,000,00,2,3,19,B01
201700040028,1,07,000,00,2,2,19,A01
201700040029,0,07,000,00,2,2,16,A01
201700040029,0,31,000,00,2,8,18,B01
201700040030,2,07,000,00,2,6,15,B01
201700040030,2,02,000,00,2,1,02,A01
201700040031,1,07,000,00,2,3,15,A01
201700040031,2,31,000,00,2,1,01,B01
201700040032,1,07,000,00,2,1,23,A01
201700040032,1,37,000,01,0,4,23,B01
201700040033,1,31,000,00,2,1,19,A01
201700040033,1,34,000,00,2,1,19,B01
201700040034,1,07,000,00,1,1,01,A01
201700040035,1,07,000,00,2,8,19,B01
201700040035,2,34,000,14,2,1,19,A01
201700040036,1,07,000,00,2,2,01,A01
201700040036,1,33,000,00,2,1,15,B01
201700040037,1,07,000,00,2,4,16,B01
201700040037,1,31,000,00,2,1,07,A01
201700040038,2,13,000,00,2,5,15,A01
201700040038,2,33,000,00,2,3,15,B01
201700040039,2,07,000,00,1,3,01,A01
201700040040,1,34,000,00,2,1,01,A01
201700040040,1,07,000,00,2,3,01,B01
201700040040,1,34,000,00,2,1,01,C01
201700040041,1,07,000,01,0,7,21,C01
201700040041,1,33,000,01,0,9,09,A01
201700040041,1,07,000,00,0,8,23,B01
201700040042,2,07,000,00,1,2,15,A01
201700040043,1,07,000,00,1,1,00,A01
201700040044,2,07,000,00,9,4,01,B01
201700040044,2,33,000,00,2,4,02,A01
201700040045,2,99,000,00,1,2,01,A01
201700040046,1,07,000,00,1,1,19,A01
201700040047,1,07,000,00,2,2,12,A01
201700040047,1,33,000,00,2,3,01,F01
201700040048,1,01,000,00,2,1,01,A01
201700040048,1,07,000,01,9,3,22,B01
201700040049,2,07,000,00,2,8,15,A01
201700040049,2,01,000,00,2,1,17,B01
201700040050,1,07,000,00,2,6,09,A01
201700040050,1,31,000,00,2,0,21,B01
201700040051,2,07,000,00,2,8,13,A01
201700040051,2,31,000,00,2,2,17,B01
201700040052,1,01,000,00,2,1,01,A01
201700040052,1,07,000,00,2,2,15,B01
201700040053,1,10,000,00,1,7,01,A01
201700040054,2,07,000,00,1,1,01,A01
201700040055,2,07,000,00,2,3,15,A01
201700040055,2,31,000,00,2,3,02,B01
201700040056,1,31,000,08,1,1,14,A01
201700040057,1,07,000,00,2,3,15,A01
201700040057,1,34,000,00,2,1,01,B01
201700040058,1,33,000,00,2,1,17,A01
201700040058,1,07,000,00,2,3,13,B01
201700040059,2,07,000,00,2,3,02,A01
201700040059,2,34,000,00,2,2,21,B01
201700040060,2,32,000,00,2,1,13,A01
201700040060,1,07,000,00,2,2,18,B01
201700040061,1,99,000,00,2,1,02,B01
201700040061,1,33,000,00,2,5,16,A01
201700040062,2,07,000,00,1,1,01,A01
201700040063,0,07,000,08,0,1,00,A01
201700040064,2,07,000,00,1,2,01,A01
201700040065,0,07,000,01,0,8,00,A01
201700040066,0,07,000,00,1,1,09,A01
201700040067,0,31,000,08,2,9,01,B01
201700040067,0,31,000,00,2,1,11,A01
201700040068,0,07,000,00,0,4,01,B01
201700040068,0,07,000,00,2,1,02,A01
201700040069,2,10,000,00,1,1,15,A01
201700040070,0,01,000,12,0,1,00,A01
201700040071,0,31,000,00,1,1,01,A01
201700040072,1,02,000,00,2,8,01,B01
201700040072,1,07,000,00,2,2,14,A01
201700040073,0,30,000,00,2,2,03,A01
201700040073,0,07,000,00,2,2,01,B01
201700040074,0,07,000,00,1,1,15,A01
201700040075,0,31,000,00,2,8,03,B01
201700040075,0,10,000,00,2,8,02,A01
201700040076,2,07,000,00,2,3,10,A01
201700040076,2,34,000,00,2,1,01,B01
201700040077,0,34,000,00,2,0,21,B01
201700040077,0,10,000,00,2,0,10,A01
201700040078,0,07,000,00,2,1,02,A01
201700040078,0,07,000,00,2,4,02,B01
201700040079,0,32,000,00,2,3,01,B01
201700040079,0,31,000,00,2,0,10,A01
201700040080,0,07,000,00,2,1,01,A01
201700040080,0,07,000,00,2,1,19,B01
201700040081,0,34,000,14,0,8,09,A01
201700040082,2,07,000,00,0,6,23,B01
201700040082,2,02,000,00,2,1,01,A01
201700040083,0,31,000,00,2,5,16,A01
201700040083,0,33,000,00,2,1,07,B01
201700040084,0,01,000,00,0,8,00,A01
201700040085,2,07,000,00,2,3,15,B01
201700040085,0,07,000,00,2,1,00,C01
201700040085,1,33,000,00,2,1,17,A01
201700040086,1,07,000,00,2,1,02,A01
201700040086,1,07,000,00,2,4,02,B01
201700040087,0,31,000,00,2,1,09,A01
201700040087,0,07,000,00,2,1,09,B01
201700040088,0,30,000,00,2,3,00,A01
201700040088,0,30,000,00,2,6,09,B01
201700040089,0,07,000,00,2,3,09,A01
201700040089,0,32,000,00,2,1,01,B01
201700040090,2,07,000,00,1,3,01,A01
201700040091,0,33,000,00,2,1,02,A01
201700040091,0,34,000,00,2,4,01,B01
201700040092,0,07,000,00,1,2,01,A01
201700040093,0,30,000,14,0,1,01,A01
201700040094,0,01,000,01,0,1,01,A01
201700040094,0,20,000,00,9,5,23,B01
201700040095,0,07,000,00,2,4,02,C01
201700040095,0,10,000,00,2,4,02,D01
201700040095,0,07,000,00,2,4,02,B01
201700040095,0,07,000,00,2,9,00,A01
201700040096,1,20,000,00,1,2,01,A01
201700040097,1,30,000,00,2,1,01,B01
201700040097,1,07,000,00,2,3,11,A01
201700040098,1,33,000,00,0,7,01,A01
201700040099,1,07,000,00,2,2,01,A01
201700040099,1,10,000,00,2,6,23,B01
201700040100,1,31,000,00,2,1,08,A01
201700040100,1,07,000,00,2,1,01,B01
201700040101,1,02,000,00,0,7,01,A01
201700040102,1,07,000,00,2,2,19,G01
201700040102,1,07,000,00,2,3,19,A01
201700040103,1,33,000,14,0,0,01,A01
201700040104,1,07,000,00,1,4,04,A01
201700040105,1,14,000,10,0,2,14,A01
201700040106,1,34,000,00,2,1,12,A01
201700040106,1,31,000,00,2,4,01,C01
201700040106,1,07,000,00,2,4,23,B01
201700040107,1,07,000,00,1,2,09,A01
201700040108,2,33,000,11,0,2,15,A01
201700040109,1,07,000,00,1,1,15,A01
201700040110,1,07,000,00,1,3,01,A01
201700040111,1,34,000,00,2,1,01,A01
201700040111,1,07,000,00,2,7,01,B01
201700040112,1,31,000,00,1,1,16,A01
201700040113,1,07,000,00,1,2,01,A01
201700040114,1,10,000,00,9,2,16,A01
201700040114,1,01,000,00,2,1,01,B01
201700040115,2,01,000,00,1,1,16,A01
201700040116,1,33,000,00,0,0,16,A01
201700040117,1,07,000,00,2,5,01,A01
201700040117,1,02,000,00,2,1,01,B01
201700040118,2,07,000,00,2,3,15,B01
201700040118,2,32,000,00,2,5,21,A01
201700040119,2,14,000,00,2,8,10,A01
201700040119,2,34,000,00,2,1,01,B01
201700040120,2,07,000,00,2,7,22,A01
201700040120,2,30,000,00,2,3,21,B01
201700040121,1,30,000,00,2,1,16,B01
201700040121,1,07,000,00,2,6,16,A01
201700040122,2,07,000,00,1,3,02,A01
201700040123,1,07,000,00,2,4,23,A01
201700040123,1,07,000,00,2,1,01,B01
201700040124,2,07,000,00,9,5,23,A01
201700040124,2,30,000,00,2,2,21,B01
201700040125,1,07,000,00,2,4,23,B01
201700040125,1,07,000,00,2,1,01,A01
201700040126,1,30,000,00,2,7,17,B01
201700040126,1,07,000,01,0,6,15,A01
201700040127,2,07,000,00,1,1,16,A01
201700040128,1,07,000,00,2,3,20,B01
201700040128,1,07,000,00,2,2,00,A01
201700040129,1,07,000,00,1,7,01,A01
201700040130,1,07,000,00,2,3,15,A01
201700040130,1,30,000,00,2,7,17,B01
201700040131,1,07,000,00,2,3,02,A01
201700040131,2,30,000,00,2,1,01,B01
201700040132,1,10,000,00,2,3,11,A01
201700040132,1,34,000,00,2,2,11,B01
201700040133,2,07,000,00,2,1,15,A01
201700040133,1,01,000,00,2,8,02,B01
201700040134,1,07,000,00,2,2,16,A01
201700040134,1,02,000,00,2,8,02,B01
201700040135,1,33,000,00,1,1,13,A01
201700040136,1,07,000,00,1,3,16,A01
201700040137,1,07,000,00,1,1,01,A01
201700040138,1,07,000,00,1,3,15,A01
201700040139,2,33,000,00,0,5,02,A01
201700040140,1,07,000,00,1,3,01,A01
201700040141,1,07,000,00,1,1,15,A01
201700040142,2,07,000,09,0,1,15,A01
201700040143,2,01,000,00,1,1,01,A01
201700040144,2,02,000,00,2,1,01,A01
201700040144,1,07,000,00,2,3,01,B01
201700040145,1,32,000,00,2,1,01,B01
201700040145,2,07,000,00,2,1,15,A01
201700040146,2,32,000,00,2,8,01,B01
201700040146,1,07,000,00,2,1,15,A01
201700040147,0,07,000,00,2,1,16,A01
201700040147,0,01,000,00,2,8,05,B01
201700040148,1,32,000,00,2,1,01,A01
201700040148,1,07,000,00,2,4,01,B01
201700040149,1,07,000,00,1,3,05,A01
201700040150,1,34,000,00,1,1,01,A01
201700040151,1,07,000,00,2,6,01,B01
201700040151,1,07,000,00,2,2,01,A01
201700040152,0,07,000,00,1,2,00,Z01
201700040153,2,40,000,00,1,2,01,A01
201700040154,0,07,000,00,2,2,15,A01
201700040154,0,07,000,01,1,3,01,B01
201700040155,1,20,000,00,2,1,18,A01
201700040155,1,07,000,00,2,7,15,B01
201700040156,0,07,000,00,1,1,01,A01
201700040157,1,10,000,00,2,4,23,B01
201700040157,1,10,000,00,2,1,02,A01
201700040158,0,31,000,00,1,2,01,A01
201700040159,1,14,000,00,2,1,02,A01
201700040159,1,07,000,00,2,4,23,B01
201700040160,0,30,000,00,1,3,00,A01
201700040160,0,10,000,00,2,5,16,B01
201700040161,1,07,000,00,2,3,01,B01
201700040161,1,32,000,00,2,2,15,A01
201700040162,0,07,000,01,0,2,14,A01
201700040163,1,07,000,04,0,3,00,A01
201700040164,0,07,000,02,0,2,14,A01
201700040165,1,07,000,00,2,1,18,A01
201700040165,1,15,000,00,2,7,16,B01
201700040166,0,07,000,00,1,4,04,A01
201700040167,1,37,000,00,1,3,01,A01
201700040168,0,07,000,00,1,1,01,A01
201700040169,1,07,000,00,2,1,01,A01
201700040169,1,07,000,00,2,3,15,C01
201700040169,1,07,000,00,2,1,15,B01
201700040170,0,01,000,00,2,8,00,B01
201700040170,0,07,000,00,1,1,01,A01
201700040171,1,07,000,00,1,2,16,A01
201700040172,0,14,000,00,1,2,15,A01
201700040173,1,07,000,00,1,8,01,A01
201700040174,0,32,000,00,2,1,01,B01
201700040174,0,07,000,00,2,3,15,A01
201700040175,1,07,000,00,1,8,01,A01
201700040176,0,07,000,00,2,5,16,B01
201700040176,0,33,000,00,2,1,18,A01
201700040177,1,30,000,00,2,3,09,A01
201700040177,1,07,000,00,2,2,01,B01
201700040178,0,07,000,00,9,8,24,A01
201700040178,0,01,000,01,0,1,01,B01
201700040179,1,07,000,12,0,1,21,A01
201700040180,0,07,000,00,2,2,01,A01
201700040181,0,07,000,00,2,1,09,A01
201700040181,0,14,000,00,2,7,01,B01
201700040182,0,13,000,00,2,0,00,Z01
201700040182,0,01,000,00,2,4,01,A01
201700040183,0,10,000,00,2,5,01,B01
201700040183,0,30,000,00,2,1,15,A01
201700040184,0,10,000,00,1,1,13,A01
201700040185,0,07,000,00,1,1,18,Z01
201700040186,0,14,000,00,2,1,02,A01
201700040186,0,07,000,00,2,4,02,B01
201700040187,0,38,002,00,2,1,02,A01
201700040187,0,31,000,00,2,4,02,B01
201700040188,0,34,000,00,0,0,00,A01
201700040189,0,07,000,00,1,2,01,A01
201700040190,0,07,000,00,2,1,01,Z01
201700040190,0,01,000,00,2,2,19,A01
201700040191,0,14,000,00,2,2,01,A01
201700040191,0,07,000,00,2,3,15,B01
201700040192,0,14,000,00,0,0,09,B01
201700040192,0,34,000,09,0,0,00,A01
201700040193,0,07,000,00,2,8,15,A01
201700040193,0,07,000,00,2,2,01,B01
201700040194,0,07,000,00,1,1,01,A01
201700040195,0,30,000,00,2,1,01,A01
201700040195,0,07,000,00,2,3,15,B01
201700040196,0,07,000,00,0,0,01,A01
201700040197,0,07,000,00,2,2,00,B01
201700040197,0,07,000,00,2,8,00,A01
201700040198,0,30,000,00,2,3,18,A01
201700040198,0,07,000,00,2,2,16,B01
201700040199,0,07,000,00,2,3,15,B01
201700040199,0,33,000,00,2,0,21,A01
201700040200,0,01,000,00,2,1,09,B01
201700040200,0,07,000,00,2,3,21,A01
201700040201,0,07,000,00,1,1,01,A01
201700040202,0,33,000,00,2,2,01,B01
201700040202,0,07,000,00,2,6,15,A01
201700040203,0,34,000,00,2,1,01,A01
201700040203,0,07,000,00,2,3,09,B01
201700040204,0,07,000,00,1,5,01,A01
201700040205,1,10,000,00,2,0,06,C01
201700040205,1,07,000,00,2,4,21,B01
201700040205,1,10,000,00,2,1,02,A01
201700040206,1,30,000,00,1,1,01,B01
201700040206,1,07,000,00,2,2,15,A01
201700040207,1,07,000,00,2,2,20,B01
201700040207,1,30,000,01,2,2,18,A01
201700040208,1,10,000,01,0,2,14,A01
201700040209,1,07,000,00,1,2,01,A01
201700040210,1,07,000,00,1,7,01,A01
201700040211,1,07,000,00,2,6,11,A01
201700040211,1,33,000,00,2,7,01,B01
201700040212,1,33,000,00,2,4,01,B01
201700040212,1,07,000,00,2,1,01,A01
201700040213,1,07,000,00,1,4,23,B01
201700040213,1,10,000,00,2,1,02,A01
201700040213,1,07,000,00,2,6,23,C01
201700040214,1,33,000,00,2,1,01,A01
201700040214,1,07,000,00,2,3,09,Z01
201700040215,1,07,000,00,1,5,01,A01
201700040216,1,07,000,00,2,3,10,A01
201700040216,1,02,000,00,2,1,01,B01
201700040217,1,07,000,00,1,2,16,A01
201700040218,1,31,000,00,2,6,15,A01
201700040218,1,07,000,00,2,2,01,B01
201700040219,1,10,000,00,1,1,01,A01
201700040220,1,07,000,00,2,1,02,A01
201700040220,1,07,000,00,2,4,01,B01
201700040221,1,10,000,00,1,1,15,A01
201700040222,2,34,000,00,2,1,18,B01
201700040222,1,07,000,00,2,3,15,A01
201700040223,1,33,000,01,0,0,00,A01
201700040223,1,07,000,00,2,6,24,B01
201700040224,1,01,000,00,2,1,21,B01
201700040224,1,14,000,00,2,5,16,A01
201700040225,1,32,000,00,2,1,01,B01
201700040225,1,07,000,00,2,2,15,A01
201700040226,1,02,000,00,1,1,21,A01
201700040227,1,07,000,00,2,3,16,A01
201700040227,1,01,000,00,2,1,01,B01
201700040228,1,07,000,00,2,3,01,A01
201700040228,1,07,000,00,2,2,15,B01
201700040229,1,40,000,00,2,2,01,A01
201700040229,1,01,000,00,9,0,00,B01
201700040230,1,10,000,00,2,4,02,B01
201700040230,1,10,000,00,2,4,02,C01
201700040230,1,10,000,00,2,1,02,A01
201700040231,1,07,000,00,2,7,23,A01
201700040231,1,01,000,00,2,3,18,B01
201700040232,1,07,000,00,2,2,15,A01
201700040232,1,30,000,00,2,1,18,B01
201700040233,1,37,000,00,2,4,01,B01
201700040233,1,10,000,00,2,3,09,A01
201700040234,1,32,000,00,2,8,01,B01
201700040234,1,07,000,00,2,6,01,C01
201700040234,1,07,000,00,2,2,01,A01
201700040235,1,15,000,00,2,2,01,A01
201700040235,1,15,000,00,2,8,15,B01
201700040236,2,07,000,00,2,3,09,A01
201700040236,1,31,000,00,2,1,17,B01
201700040236,1,07,000,00,2,3,23,C01
201700040236,1,07,000,00,2,2,24,D01
201700040237,1,33,000,00,2,7,01,B01
201700040237,1,07,000,00,2,3,21,A01
201700040238,1,34,000,00,1,5,09,A01
201700040238,1,01,000,00,2,1,01,B01
201700040239,1,10,000,00,2,1,01,B01
201700040239,1,07,000,00,2,5,15,A01
201700040240,1,07,000,00,1,3,01,A01
201700040241,1,10,000,00,2,2,15,A01
201700040241,1,32,000,00,2,2,21,B01
201700040242,1,07,000,00,1,7,01,A01
201700040243,1,31,000,00,2,1,21,A01
201700040243,1,07,000,00,2,6,16,B01
201700040244,1,31,000,00,2,1,01,A01
201700040244,1,07,000,00,2,6,15,Z01
201700040245,1,31,000,00,2,1,01,B01
201700040245,1,07,000,00,2,1,15,A01
201700040246,1,07,000,00,2,4,04,A01
201700040246,1,01,000,00,2,1,01,B01
201700040247,1,07,000,00,2,1,02,A01
201700040247,1,07,000,00,2,4,00,B01
201700040248,1,07,000,00,2,0,15,B01
201700040248,1,34,000,00,2,7,17,Z01
201700040249,1,01,000,00,2,1,00,B01
201700040249,1,15,000,00,2,7,16,A01
201700040250,1,07,000,07,0,1,00,A01
201700040251,1,07,000,00,2,2,09,A01
201700040251,1,01,000,00,1,1,01,B01
201700040252,1,07,000,00,1,3,01,A01
201700040253,1,07,000,00,1,5,01,A01
201700040254,1,07,000,00,2,6,01,A01
201700040254,1,07,000,00,2,2,15,B01
201700040255,1,33,000,00,2,1,01,A01
201700040255,1,07,000,00,2,6,01,B01
201700040256,1,07,000,01,0,9,01,A01
201700040257,1,07,000,00,9,8,15,A01
201700040257,1,01,000,00,2,1,01,P01
201700040258,1,07,000,00,2,1,01,A01
201700040258,1,07,000,00,2,6,15,B01
201700040259,1,07,000,00,2,3,15,A01
201700040259,1,07,000,00,2,6,01,B01
201700040260,2,33,000,00,0,0,02,A01
201700040261,1,33,000,00,2,4,01,A01
201700040261,1,07,000,00,2,8,01,C01
201700040261,1,02,000,00,2,8,01,B01
201700040262,1,07,000,00,2,7,00,A01
201700040262,1,31,000,00,2,8,00,B01
201700040263,1,07,000,00,2,7,00,A01
201700040263,2,34,000,00,2,3,00,B01
201700040264,1,07,000,00,1,1,15,A01
201700040265,1,33,000,00,1,1,01,A01
201700040266,1,33,000,00,2,1,01,A01
201700040266,1,01,000,01,2,8,09,B01
201700040267,1,33,000,00,2,1,01,A01
201700040267,1,07,000,00,2,6,15,B01
201700040268,1,07,000,16,2,7,06,A01
201700040268,1,34,000,00,2,1,02,B01
201700040269,1,07,000,00,2,3,15,A01
201700040269,1,33,000,00,2,1,17,B01
201700040270,1,07,000,01,0,1,01,A01
201700040271,1,33,000,00,1,1,00,A01
201700040272,1,07,000,00,2,7,00,A01
201700040272,2,31,000,00,2,6,00,B01
201700040273,1,07,000,00,2,4,09,A01
201700040273,2,31,000,00,2,5,09,B01
201700040274,0,33,000,00,0,0,01,A01
201700040275,0,07,000,00,2,4,01,B01
201700040275,1,07,000,00,2,1,01,A01
201700040276,0,31,000,00,2,1,01,B01
201700040276,0,07,000,00,2,2,09,A01
201700040277,0,07,000,00,2,1,01,A01
201700040277,0,07,000,00,2,3,01,B01
201700040278,0,31,000,00,0,7,16,A01
201700040279,0,07,000,00,2,7,15,A01
201700040279,0,33,000,00,2,1,01,B01
201700040280,1,07,000,00,1,5,02,A01
201700040281,0,01,000,00,1,1,01,A01
201700040282,0,07,000,00,2,8,01,A01
201700040282,0,31,000,00,2,1,01,B01
201700040283,1,34,000,12,0,1,00,A01
201700040284,1,99,000,00,2,1,00,A01
201700040284,1,07,000,00,2,1,00,B01
201700040285,1,07,000,00,1,1,01,A01
201700040286,1,99,000,00,0,0,01,A01
201700040287,1,34,000,00,1,1,00,Z01
201700040288,1,07,000,00,1,1,01,A01
201700040289,1,07,000,00,1,3,01,A01
201700040290,1,07,000,00,2,7,20,A01
201700040290,2,33,000,00,2,1,01,B01
201700040291,1,10,000,00,1,1,00,A01
201700040292,0,33,000,00,0,2,17,A01
201700040292,0,07,000,00,0,3,15,B01
201700040293,1,31,000,00,1,1,17,A01
201700040294,1,31,000,00,0,0,00,A01
201700040295,2,07,000,00,1,3,15,A01
201700040296,2,07,000,00,2,2,15,A01
201700040296,1,31,000,00,2,1,21,B01
201700040297,2,07,000,00,2,2,19,A01
201700040297,1,34,000,00,2,3,01,B01
201700040298,0,31,000,00,2,3,00,A01
201700040298,0,07,000,00,2,3,00,B01
201700040299,0,07,000,00,1,1,00,A01
201700040300,1,32,000,00,2,1,02,B01
201700040300,0,02,000,00,2,8,10,A01
201700040301,1,02,000,00,2,2,17,A01
201700040301,1,07,000,00,2,3,15,B01
201700040302,1,07,000,00,1,1,02,A01
201700040303,0,07,000,00,2,1,00,A01
201700040303,0,33,000,00,2,1,01,B01
201700040304,1,07,000,00,9,1,02,B01
201700040304,0,01,000,00,2,1,19,A01
201700040305,1,07,000,00,2,3,10,A01
201700040305,1,32,000,00,2,1,01,B01
201700040306,1,07,000,00,2,5,17,A01
201700040306,1,02,000,00,2,3,02,B01
201700040307,0,31,000,00,2,1,00,A01
201700040307,0,07,000,00,2,1,00,B01
201700040308,1,07,000,00,2,7,17,A01
201700040308,1,02,000,00,2,8,02,B01
201700040309,2,07,000,00,1,2,01,A01
201700040310,0,07,000,00,2,3,00,B01
201700040310,0,07,000,00,2,3,00,A01
201700040311,0,07,000,00,2,3,01,A01
201700040311,0,33,000,00,2,3,00,B01
201700040312,1,07,000,00,2,7,10,A01
201700040312,2,33,000,00,2,1,02,B01
201700040313,1,07,000,00,2,4,01,B01
201700040313,1,07,000,00,2,1,01,A01
201700040314,0,01,000,00,2,8,01,B01
201700040314,0,07,000,00,2,2,23,A01
201700040315,0,07,000,00,2,0,05,A01
201700040315,0,31,000,00,2,0,00,B01
201700040316,0,07,000,00,2,1,00,A01
201700040316,0,30,000,00,2,0,00,B01
201700040317,0,07,000,00,2,8,15,B01
201700040317,0,33,000,00,2,8,00,A01
201700040318,1,32,000,02,2,1,01,A01
201700040319,2,07,000,00,2,2,12,A01
201700040319,2,33,000,00,2,6,23,B01
201700040320,0,33,000,00,2,4,00,A01
201700040320,1,07,000,00,2,3,00,B01
201700040321,1,07,000,00,2,4,10,A01
201700040321,1,32,000,00,2,1,01,B01
201700040322,2,07,000,00,2,3,15,A01
201700040322,1,33,000,00,2,2,01,B01
201700040323,0,33,000,00,2,3,00,A01
201700040323,0,07,000,00,2,2,00,B01
201700040324,0,07,000,00,2,1,00,A01
201700040324,0,07,000,00,2,4,00,B01
201700040324,0,10,000,00,2,4,00,C01
201700040325,1,07,000,00,1,1,01,A01
201700040326,1,32,000,00,2,2,01,B01
201700040326,1,07,000,00,2,3,09,A01
201700040327,2,07,000,00,2,6,15,A01
201700040327,1,07,000,00,2,2,15,B01
201700040328,0,07,000,00,1,3,01,A01
201700040329,1,33,000,00,2,2,01,A01
201700040329,1,07,000,00,2,8,15,B01
201700040330,2,07,000,00,2,8,16,B01
201700040330,2,31,000,00,2,7,15,A01
201700040331,1,07,000,00,2,1,01,A01
201700040331,1,07,000,00,2,4,23,B01
201700040331,1,07,000,00,2,4,23,C01
201700040332,1,07,000,00,1,1,01,A01
201700040333,2,07,000,00,1,1,01,A01
201700040334,1,01,000,14,0,1,01,A01
201700040335,1,10,000,00,1,2,01,A01
201700040336,0,10,000,00,1,7,16,A01
201700040337,2,07,000,00,1,1,15,A01
201700040338,1,07,000,00,2,3,15,B01
201700040338,1,07,000,00,2,1,01,A01
201700040339,1,10,000,00,1,1,15,A01
201700040340,1,31,000,01,0,8,00,A01
201700040341,1,31,000,00,2,2,17,A01
201700040341,1,07,000,00,2,3,01,B01
201700040342,1,07,000,00,2,3,01,B01
201700040342,1,07,000,00,2,2,01,A01
201700040343,2,33,000,00,2,7,01,B01
201700040343,2,07,000,00,2,3,15,A01
201700040344,2,13,000,00,1,2,02,A01
201700040345,2,37,000,00,1,7,00,A01
201700040346,1,10,000,00,2,2,01,A01
201700040346,1,30,000,00,2,8,01,B01
201700040347,1,07,000,00,2,2,01,A01
201700040347,1,32,000,00,2,1,01,B01
201700040348,1,02,000,00,2,1,01,B01