Num_Acc,senc,catv,occutc,obs,obsm,choc,manv,num_veh
201700040348,1,07,000,00,2,2,01,A01
201700040349,1,31,000,00,2,1,09,A01
201700040349,1,07,000,00,2,8,01,B01
201700040350,2,07,000,00,2,7,15,A01
201700040350,1,99,000,00,2,1,01,B01
201700040351,1,07,000,00,1,1,15,A01
201700040352,1,07,000,00,1,2,01,A01
201700040353,1,31,000,00,2,4,15,A01
201700040353,1,99,000,00,2,7,17,B01
201700040354,2,33,000,00,2,2,19,B01
201700040354,1,07,000,00,2,7,15,A01
201700040355,2,07,000,00,1,1,01,A01
201700040356,1,07,000,00,9,4,02,C01
201700040356,1,07,000,00,2,1,02,A01
201700040356,1,07,000,00,2,4,02,B01
201700040357,1,07,000,00,1,1,15,A01
201700040358,2,34,000,00,2,2,17,B01
201700040358,2,07,000,00,2,3,15,A01
201700040359,1,07,000,00,2,8,13,A01
201700040359,1,33,000,00,2,7,01,B01
201700040360,1,33,000,00,1,1,01,A01
201700040361,2,07,000,00,1,8,01,A01
201700040362,2,14,000,00,1,4,04,A01
201700040363,1,07,000,00,1,1,15,A01
201700040364,1,07,000,00,2,6,15,A01
201700040364,1,33,000,00,2,1,01,B01
201700040365,1,31,000,01,0,8,01,B01
201700040365,1,07,000,00,2,7,22,A01
201700040366,1,07,000,00,2,3,01,A01
201700040366,2,34,000,00,2,8,19,B01
201700040367,1,33,000,00,2,8,01,B01
201700040367,2,07,000,00,2,2,01,A01
201700040368,1,07,000,00,1,6,04,A01
201700040369,1,30,000,00,1,1,01,A01
201700040370,2,07,000,00,1,1,15,A01
201700040371,2,07,000,00,2,1,00,A01
201700040371,1,30,000,00,2,8,01,B01
201700040372,1,07,000,00,1,1,09,A01
201700040373,1,07,000,00,1,3,15,A01
201700040374,1,33,000,00,2,6,23,B01
201700040374,1,07,000,14,0,2,01,A01
201700040375,1,33,000,00,2,1,21,A01
201700040375,1,07,000,00,2,6,23,B01
201700040376,1,07,000,00,1,4,04,A01
201700040377,1,10,000,00,2,1,01,A01
201700040377,2,32,000,00,2,7,01,B01
201700040378,1,10,000,00,1,1,15,A01
201700040379,1,07,000,00,2,7,23,A01
201700040379,1,01,000,00,2,8,18,B01
201700040380,0,07,000,00,1,1,01,A01
201700040381,0,07,000,00,2,1,01,A01
201700040381,0,07,000,00,2,9,01,B01
201700040382,0,07,000,00,2,7,01,A01
201700040382,0,33,000,00,2,8,01,B01
201700040383,0,07,000,00,2,2,00,A01
201700040383,0,30,000,00,2,8,00,B01
201700040384,0,32,000,00,2,8,01,B01
201700040384,0,07,000,00,2,1,01,A01
201700040385,0,30,000,00,2,8,01,B01
201700040385,0,07,000,00,2,3,01,A01
201700040386,0,33,000,00,0,8,11,A01
201700040386,0,07,000,00,0,2,01,B01
201700040387,0,07,000,00,1,7,01,A01
201700040388,0,07,000,00,1,1,01,A01
201700040389,0,33,000,00,0,2,01,A01
201700040390,0,07,000,00,2,8,01,B01
201700040390,0,07,000,00,2,1,01,A01
201700040391,0,07,000,09,0,1,01,A01
201700040392,0,07,000,00,1,2,01,A01
201700040393,0,37,009,00,1,1,01,A01
201700040394,0,07,000,00,1,7,23,A01
201700040395,0,07,000,00,2,3,15,B01
201700040395,0,07,000,00,2,1,01,A01
201700040396,0,07,000,00,2,2,01,A01
201700040396,0,30,000,00,2,1,01,B01
201700040397,0,02,000,00,2,1,00,B01
201700040397,0,07,000,00,2,2,00,A01
201700040398,0,34,000,00,2,7,01,B01
201700040398,0,07,000,00,2,6,15,A01
201700040399,0,07,000,00,2,1,01,A01
201700040399,0,30,000,00,2,4,16,B01
201700040400,0,30,000,00,0,8,00,A01
201700040401,0,37,001,00,1,2,01,A01
201700040402,0,07,000,00,2,9,02,B01
201700040402,0,07,000,00,2,4,23,C01
201700040402,0,07,000,00,2,1,02,A01
201700040403,0,07,000,00,1,1,16,A01
201700040404,0,07,000,00,2,7,01,A01
201700040404,0,07,000,00,2,1,01,B01
201700040405,0,30,000,00,0,0,16,A01
201700040406,1,33,000,00,2,3,01,B01
201700040406,2,07,000,00,2,1,15,A01
201700040407,0,07,000,00,1,7,01,A01
201700040408,0,07,000,00,1,3,01,A01
201700040409,0,01,000,00,1,1,01,A01
201700040410,0,07,000,15,0,1,15,A01
201700040411,0,34,000,00,2,7,02,A01
201700040411,0,07,000,00,2,8,11,B01
201700040412,0,07,000,00,1,3,15,A01
201700040413,0,07,000,14,0,4,04,A01
201700040413,0,07,000,00,2,7,01,B01
201700040414,1,02,000,00,2,0,01,B01
201700040414,2,30,000,00,2,0,01,A01
201700040415,1,07,000,00,2,2,01,A01
201700040415,2,01,000,00,2,3,19,B01
201700040416,1,07,000,00,2,8,15,A01
201700040416,1,33,000,00,2,1,17,B01
201700040417,1,07,000,00,2,3,20,A01
201700040417,1,33,000,00,2,1,13,B01
201700040417,2,07,000,01,0,8,00,C01
201700040418,2,34,000,08,0,2,14,A01
201700040419,1,07,000,00,2,2,15,A01
201700040419,2,33,000,00,2,2,01,B01
201700040420,2,07,000,02,0,1,01,A01
201700040421,1,01,000,00,0,0,01,A01
201700040422,1,07,000,00,9,3,16,A01
201700040422,1,01,000,00,2,1,01,B01
201700040423,1,34,000,16,0,1,01,A01
201700040424,2,31,000,00,0,0,01,A01
201700040424,1,37,000,00,0,0,15,B01
201700040425,1,07,000,00,1,2,16,A01
201700040426,2,31,000,00,2,1,21,A01
201700040426,2,07,000,00,2,4,23,B01
201700040427,1,02,000,00,0,1,01,A01
201700040428,2,07,000,00,2,3,15,A01
201700040428,2,33,000,00,2,2,17,B01
201700040429,0,07,000,04,0,2,16,A01
201700040430,0,07,000,03,0,2,14,A01
201700040431,1,07,000,01,0,2,01,A01
201700040432,0,07,000,00,2,3,15,A01
201700040432,0,31,000,00,2,8,01,B01
201700040433,1,33,000,00,2,1,01,A01
201700040433,2,07,000,00,2,2,15,B01
201700040434,2,34,000,00,0,1,15,A01
201700040435,1,07,000,00,0,0,09,A01
201700040435,1,33,000,04,0,1,01,B01
201700040436,1,07,000,00,2,5,04,A01
201700040436,2,34,000,00,2,1,01,B01
201700040437,0,10,000,00,1,1,15,Z01
201700040438,0,07,000,00,2,1,01,A01
201700040438,0,07,000,00,2,4,01,B01
201700040439,0,07,000,00,1,1,01,Z01
201700040440,1,07,000,00,1,1,01,A01
201700040441,0,32,000,00,1,1,16,A01
201700040442,0,01,000,00,0,0,01,A01
201700040443,0,07,000,00,1,1,01,A01
201700040444,0,31,000,00,1,1,01,A01
201700040445,2,10,000,00,2,3,01,B01
201700040445,0,07,000,03,2,2,01,A01
201700040446,1,07,000,00,1,2,16,A01
201700040447,0,07,000,00,2,7,01,A01
201700040447,0,10,000,00,2,1,01,B01
201700040448,0,07,000,00,1,7,09,A01
201700040449,1,07,000,00,2,6,15,A01
201700040449,1,33,000,00,2,1,17,B01
201700040450,1,07,000,00,2,1,01,A01
201700040450,1,33,000,00,2,4,23,B01
201700040451,2,02,000,12,0,7,01,A01
201700040452,0,07,000,00,2,1,15,A01
201700040452,0,01,000,00,2,1,01,B01
201700040453,0,01,000,00,2,1,01,B01
201700040453,0,07,000,00,2,8,15,A01
201700040454,0,01,000,00,2,1,01,B01
201700040454,0,07,000,00,2,3,09,A01
201700040455,0,34,000,00,2,1,01,B01
201700040455,0,30,000,00,2,1,15,A01
201700040456,0,33,000,00,0,7,01,A01
201700040457,2,07,000,00,2,1,01,A01
201700040457,2,07,000,00,2,5,01,B01
201700040458,0,07,000,00,2,3,01,B02
201700040458,0,07,000,00,2,1,01,A01
201700040459,2,33,000,11,0,1,01,A01
201700040460,1,33,000,03,0,7,01,A01
201700040461,2,07,000,00,2,1,01,A01
201700040461,2,07,000,00,2,4,23,C01
201700040461,2,07,000,00,2,4,23,B01
201700040461,2,07,000,00,2,4,23,D01
201700040462,2,02,000,00,0,0,01,A01
201700040463,2,07,000,11,0,1,01,A01
201700040464,0,07,000,00,1,1,15,A01
201700040465,0,10,000,00,2,3,09,B01
201700040465,0,07,000,00,2,1,01,C01
201700040465,0,07,000,00,2,3,01,A01
201700040466,0,10,000,00,2,1,01,D01
201700040466,0,07,000,00,2,8,01,B01
201700040466,0,07,000,00,2,8,01,C01
201700040466,0,37,001,00,2,1,15,A01
201700040467,2,30,000,00,2,1,05,A01
201700040467,0,07,000,00,2,2,01,B01
201700040468,0,07,000,00,2,1,09,A01
201700040468,0,01,000,00,2,1,00,B01
201700040469,0,07,000,00,2,3,23,B01
201700040469,0,07,000,00,2,4,23,C01
201700040469,0,07,000,00,2,1,01,A01
201700040470,0,33,000,01,0,7,01,B01
201700040471,0,32,000,00,2,7,17,A01
201700040471,0,07,000,00,2,8,01,B01
201700040472,0,33,000,15,2,8,01,B01
201700040472,0,07,000,00,2,2,16,Z01
201700040473,0,07,000,00,2,8,09,A01
201700040473,0,01,000,00,2,1,07,B01
201700040474,0,07,000,00,4,1,16,A01
201700040474,0,40,000,00,2,2,01,B01
201700040475,0,32,000,00,1,8,21,A01
201700040476,0,07,000,00,2,8,09,A01
201700040476,0,07,000,00,2,1,01,B01
201700040477,0,30,000,00,1,2,01,A01
201700040478,0,30,000,00,2,1,01,B01
201700040478,0,32,000,00,2,8,15,A01
201700040479,0,10,000,00,2,6,01,B01
201700040479,0,32,000,00,2,1,21,A01
201700040480,0,07,000,00,2,3,16,B01
201700040480,0,02,000,00,2,1,13,A01
201700040481,0,30,000,00,0,0,00,A01
201700040482,0,10,000,00,1,2,01,A01
201700040483,0,07,000,00,2,3,01,A01
201700040483,0,07,000,00,2,2,15,B01
201700040484,0,32,000,00,2,1,01,A01
201700040484,0,07,000,00,2,3,10,B01
201700040485,0,07,000,00,2,4,01,B01
201700040485,0,07,000,00,2,1,01,A01
201700040486,0,10,000,00,1,1,15,A01
201700040487,0,01,000,00,2,6,19,B01
201700040487,2,37,050,00,2,2,01,A01
201700040488,0,07,000,00,1,2,01,A01
201700040489,0,07,000,00,2,8,10,A01
201700040489,0,02,000,00,2,1,01,B01
201700040490,0,30,000,00,2,8,21,A01
201700040490,0,07,000,00,2,0,09,Z01
201700040491,0,33,000,00,2,0,13,A01
201700040491,0,07,000,00,2,2,16,B01
201700040492,0,32,000,00,2,1,01,B01
201700040492,2,07,000,00,2,3,09,A01
201700040493,0,10,000,08,2,1,11,A01
201700040493,0,07,000,00,2,2,01,B01
201700040494,0,07,000,00,2,4,01,B01
201700040494,0,07,000,00,2,1,01,A01
201700040495,0,07,000,00,2,2,15,A01
201700040495,0,32,000,00,2,1,01,B01
201700040496,0,07,000,00,1,1,16,A01
201700040497,2,07,000,00,2,1,01,A01
201700040497,2,31,000,00,2,4,23,B01
201700040498,0,07,000,00,1,1,01,A01
201700040499,0,02,000,00,1,1,00,A01
201700040500,0,07,000,00,2,8,11,A01
201700040500,0,31,000,00,2,7,01,B01
201700040501,0,07,000,00,2,6,13,A01
201700040501,0,32,000,00,2,7,01,B01
201700040502,0,32,000,00,1,1,01,A01
201700040503,1,07,000,00,1,7,01,A01
201700040504,2,14,000,00,1,1,01,A01
201700040505,0,07,000,00,2,1,01,A01
201700040505,0,07,000,00,2,4,01,B01
201700040506,0,07,000,00,0,0,01,A01
201700040507,1,07,000,00,1,1,01,A01
201700040508,0,33,000,00,0,7,01,A01
201700040509,0,32,000,14,0,0,01,A01
201700040510,0,33,000,00,2,1,21,A01
201700040510,0,31,000,00,0,0,10,Z01
201700040510,0,07,000,00,2,7,21,C01
201700040511,1,34,000,00,2,1,02,A01
201700040511,1,07,000,00,2,4,23,B01
201700040512,0,10,000,00,2,1,10,A01
201700040512,0,33,000,00,2,2,01,B01
201700040513,0,02,000,00,9,7,21,C01
201700040513,0,07,000,00,2,2,15,A01
201700040513,0,32,000,00,2,1,18,B01
201700040514,2,07,000,00,1,8,01,A01
201700040515,0,02,000,00,2,7,01,A01
201700040515,0,07,000,00,2,0,13,Z01
201700040516,0,02,000,00,2,1,01,B01
201700040516,0,07,000,00,2,2,15,A01
201700040517,0,07,000,00,2,4,01,B01
201700040517,0,07,000,00,2,1,01,A01
201700040518,0,07,000,00,1,1,01,A01
201700040519,2,32,000,01,0,7,00,A01
201700040520,0,07,000,14,0,1,01,A01
201700040521,0,31,000,00,2,8,01,B01
201700040521,0,07,000,00,2,7,15,A01
201700040522,2,01,000,00,1,1,01,A01
201700040523,0,14,000,01,1,1,00,A01
201700040524,0,31,000,00,2,1,01,B01
201700040524,0,07,000,00,2,2,15,A01
201700040525,0,10,000,00,1,4,04,A01
201700040526,0,07,000,00,2,2,10,A01
201700040526,0,31,000,00,2,1,01,B01
201700040527,0,02,000,00,2,1,17,A01
201700040527,0,31,000,00,2,3,15,B01
201700040528,2,32,000,00,2,1,02,A01
201700040528,2,10,000,00,2,4,23,B01
201700040529,1,07,000,00,2,2,15,A01
201700040529,2,33,000,00,2,1,01,B01
201700040530,1,07,000,00,2,2,15,A01
201700040531,1,07,000,00,1,0,09,Z01
201700040532,2,07,000,00,2,1,01,B01
201700040532,1,33,000,00,1,1,01,A01
201700040533,2,01,000,00,2,4,02,B01
201700040533,2,30,000,00,2,1,02,Z01
201700040534,2,07,000,01,0,1,23,A01
201700040535,1,34,000,00,0,0,21,A01
201700040536,1,30,000,00,0,0,21,A01
201700040537,2,10,000,00,2,3,09,A01
201700040537,2,33,000,00,2,7,01,B01
201700040538,1,07,000,00,2,1,01,A01
201700040538,1,07,000,00,2,7,01,B01
201700040539,2,07,000,00,2,2,10,A01
201700040539,2,07,000,00,2,1,01,B01
201700040540,2,33,000,00,2,1,01,B01
201700040540,1,07,000,00,2,7,15,A01
201700040541,2,07,000,00,1,3,01,A01
201700040542,1,07,000,00,2,3,01,B01
201700040542,2,10,000,01,2,1,01,A01
201700040543,1,07,000,00,0,1,01,I01
201700040543,1,01,000,00,0,4,16,B01
201700040544,2,07,000,00,2,1,12,A01
201700040544,2,01,000,00,2,4,01,B01
201700040545,1,07,000,00,2,1,01,A01
201700040545,1,02,000,00,2,7,16,B01
201700040546,1,31,000,00,2,1,01,B01
201700040546,1,10,000,00,2,5,01,A01
201700040547,2,30,000,00,2,4,23,B01
201700040547,2,32,000,00,2,2,02,A01
201700040547,1,07,000,00,2,3,01,C01
201700040548,2,07,000,00,1,1,01,Z01
201700040549,1,14,000,00,1,1,01,A01
201700040550,2,31,000,00,2,3,01,B01
201700040550,2,07,000,00,2,1,09,Z01
201700040551,1,07,000,00,2,2,02,B01
201700040551,1,31,000,00,2,1,09,A01
201700040552,2,07,000,00,1,2,09,A01
201700040553,2,07,000,00,1,2,01,A01
201700040554,1,30,000,00,2,1,02,A01
201700040554,1,07,000,00,2,7,02,B01
201700040555,2,07,000,00,1,1,01,A01
201700040556,2,07,000,00,2,1,01,A01
201700040556,2,07,000,00,2,4,01,B01
201700040557,2,07,000,00,2,3,14,A01
201700040557,1,07,000,00,2,1,01,B01
201700040558,1,07,000,00,2,1,13,A01
201700040558,1,07,000,00,2,4,23,B01
201700040559,1,07,000,00,2,2,16,B01
201700040559,1,33,000,00,2,8,07,A01
201700040560,2,07,000,00,2,1,01,A01
201700040560,2,14,000,00,2,4,01,B01
201700040561,1,07,000,00,1,1,15,A01
201700040562,1,07,000,00,2,6,19,A01
201700040562,1,33,000,00,2,8,01,B01
201700040563,1,07,000,00,1,1,00,A01
201700040564,1,01,000,00,2,0,15,A01
201700040564,1,07,000,00,2,3,01,B01
201700040565,2,34,000,00,2,1,01,B01
201700040565,1,07,000,00,2,1,09,A01
201700040566,1,33,000,00,2,1,01,A01
201700040566,1,07,000,00,2,3,10,B01
201700040567,2,34,000,00,1,8,01,A01
201700040568,1,07,000,00,2,1,02,A01
201700040568,1,07,000,00,2,4,01,B01
201700040569,2,07,000,00,1,3,01,A01
201700040570,1,07,000,00,2,2,15,A01
201700040570,1,01,000,00,2,1,01,B01
201700040571,1,07,000,00,2,1,15,A01
201700040571,1,07,000,00,2,1,01,B01
201700040572,1,07,000,00,2,2,09,A01
201700040572,1,31,000,00,2,1,17,B01
201700040573,1,30,000,00,0,7,16,A01
201700040574,2,07,000,00,2,3,01,B01
201700040574,1,33,000,00,2,2,21,A01
201700040575,2,07,000,00,1,1,01,A01
201700040576,2,10,000,00,2,3,10,A01
201700040576,2,31,000,00,2,2,17,B01
201700040577,2,31,000,00,0,7,16,A01
201700040578,2,33,000,00,2,1,19,B01
201700040578,1,07,000,00,2,2,15,A01
201700040579,1,01,000,00,2,2,15,A01
201700040579,1,10,000,00,2,1,21,B01
201700040580,1,15,000,00,1,5,01,Z01
201700040581,2,07,000,00,2,1,15,A01
201700040581,1,07,000,15,2,3,21,B01
201700040582,1,10,000,00,2,4,23,B01
201700040582,1,31,000,00,2,4,21,A01
201700040583,1,07,000,00,2,5,04,A01
201700040583,1,30,000,00,2,1,01,B01
201700040584,1,10,000,00,2,5,15,A01
201700040584,1,99,000,00,2,6,11,B01
201700040585,1,07,000,00,2,2,15,A01
201700040585,2,34,000,00,2,1,01,B01
201700040586,1,07,000,00,1,2,01,A01
201700040587,1,07,000,00,2,8,01,B01
201700040587,2,10,000,00,2,3,01,C01
201700040587,1,07,000,00,2,2,17,Z01
201700040588,1,34,000,00,2,8,01,B01
201700040588,1,30,000,00,2,7,12,A01
201700040589,1,32,000,00,2,2,12,A01
201700040589,1,07,000,00,2,3,01,B01
201700040590,2,07,000,00,2,0,02,Z01
201700040590,2,32,000,00,2,3,02,B01
201700040591,1,02,000,00,2,1,02,A01
201700040591,1,07,000,00,2,4,02,B01
201700040592,1,10,000,00,1,2,01,A01
201700040593,1,33,000,00,2,1,01,B01
201700040593,2,07,000,00,2,3,15,A01
201700040594,1,07,000,00,1,1,19,A01
201700040595,2,34,000,00,2,7,01,B01
201700040595,1,07,000,00,2,7,17,Z01
201700040596,1,07,000,00,2,8,23,A01
201700040596,1,01,000,01,0,7,02,B01
201700040597,2,33,000,00,1,1,21,A01
201700040598,2,07,000,00,1,1,01,A01
201700040599,2,10,000,00,2,2,10,A01
201700040599,2,33,000,01,2,3,01,B01
201700040600,2,31,000,00,2,5,01,A01
201700040600,2,07,000,00,2,3,15,B01
201700040601,2,30,000,00,0,8,01,A01
201700040602,1,07,000,00,2,1,17,A01
201700040602,1,07,000,00,2,1,01,B01
201700040603,1,07,000,00,2,8,19,A01
201700040603,2,02,000,00,2,1,01,B01
201700040604,1,07,000,00,2,3,15,A01
201700040604,1,34,000,00,2,1,17,B01
201700040605,2,33,000,00,0,1,01,A01
201700040606,2,10,000,00,1,8,01,A01
201700040607,1,07,000,00,1,3,21,A01
201700040608,1,07,000,00,2,2,19,A01
201700040608,2,31,000,00,2,1,01,B01
201700040609,2,07,000,00,2,3,10,A01
201700040609,2,31,000,00,2,1,02,B01
201700040610,1,31,000,00,2,1,01,B01
201700040610,1,13,000,00,2,3,01,A01
201700040611,0,02,000,00,1,1,00,A01
201700040612,0,07,000,00,1,3,15,A01
201700040613,0,07,000,00,1,3,00,A01
201700040614,0,07,000,06,0,1,01,A01
201700040615,0,30,000,00,0,0,01,A01
201700040616,0,07,000,00,0,0,00,Z01
201700040616,0,07,000,00,2,4,01,B01
201700040617,0,07,000,00,0,1,00,A01
201700040618,0,07,000,00,1,0,00,A01
201700040619,0,07,000,00,2,1,00,A01
201700040619,0,07,000,00,0,3,00,B01
201700040620,0,07,000,00,0,0,00,B01
201700040620,0,07,000,00,2,0,00,A01
201700040621,0,37,001,00,0,5,00,A01
201700040622,0,07,000,00,1,3,01,A01
201700040623,0,07,000,00,2,2,15,A01
201700040623,0,30,000,00,2,1,01,B01
201700040624,0,34,000,00,2,1,01,A01
201700040624,0,02,000,00,2,1,01,Z01
201700040625,0,07,000,00,1,2,15,A01
201700040626,0,34,000,00,1,1,01,A01
201700040627,0,32,000,00,2,2,17,A01
201700040627,0,07,000,00,2,3,15,B01
201700040628,0,07,000,00,2,7,12,A01
201700040628,0,33,000,00,2,8,01,B01
201700040629,0,07,000,00,2,4,01,A01
201700040629,0,33,000,00,2,1,18,B01
201700040630,0,30,000,00,2,1,01,B01
201700040630,0,07,000,00,2,3,15,A01
201700040631,0,07,000,00,0,3,00,C01
201700040631,0,07,000,00,0,2,00,A01
201700040631,0,07,000,00,2,6,00,B01
201700040632,0,07,000,00,2,1,02,A01
201700040632,0,07,000,00,2,4,02,B01
201700040633,0,07,000,00,2,2,02,A01
201700040633,0,07,000,00,2,1,16,B01
201700040634,0,07,000,00,0,0,01,A01
201700040634,0,33,000,00,0,0,00,B01
201700040635,0,07,000,00,2,1,01,A01
201700040635,0,02,000,00,2,1,05,B01
201700040636,0,07,000,00,0,6,00,A01
201700040636,0,30,000,00,0,1,00,B01
201700040637,0,01,000,00,0,0,00,B01
201700040637,0,07,000,00,9,3,00,A01
201700040638,0,07,000,00,2,6,01,B01
201700040638,0,07,000,00,2,1,00,A01
201700040639,0,07,000,00,1,6,00,A01
201700040640,0,33,000,00,2,1,00,A01
201700040640,0,07,000,00,0,0,00,B01
201700040641,0,07,000,00,2,4,00,A01
201700040641,0,07,000,00,2,1,00,B01
201700040642,0,33,000,00,0,0,00,A01
201700040643,0,13,000,00,2,1,00,A01
201700040643,0,07,000,00,0,0,00,B01
201700040644,0,34,000,00,2,1,00,A01
201700040644,0,07,000,00,2,4,00,B01
201700040645,0,07,000,00,1,1,00,A01
201700040646,0,07,000,00,2,6,00,B01
201700040646,0,33,000,00,2,1,00,A01
201700040647,0,34,000,00,1,3,00,A01
201700040648,0,33,000,00,0,0,00,A01
201700040649,0,07,000,00,0,5,00,B01
201700040649,0,07,000,00,2,4,00,A01
201700040650,0,07,000,00,2,1,00,A01
201700040651,0,30,000,00,2,4,00,A01
201700040651,0,07,000,00,0,0,00,B01
201700040652,0,33,000,00,0,0,00,A01
201700040653,0,07,000,00,1,8,00,A01
201700040654,0,07,000,00,0,1,00,B01
201700040654,0,02,000,00,2,1,00,A01
201700040655,0,07,000,00,1,2,01,A01
201700040656,0,15,000,00,0,2,00,B01
201700040656,0,07,000,00,2,6,00,A01
201700040657,0,34,000,00,0,0,00,A01
201700040658,0,07,000,00,1,7,01,A01
201700040659,0,07,000,00,2,1,01,Z01
201700040659,0,07,000,00,2,8,01,B01
201700040660,0,01,000,00,0,0,00,A01
201700040660,0,07,000,00,2,0,00,Z01
201700040661,0,34,000,00,1,2,00,A01
201700040662,0,07,000,00,2,1,00,A01
201700040662,0,10,000,00,2,1,00,B01
201700040663,0,33,000,00,1,1,02,A01
201700040664,0,33,000,00,1,1,01,A01
201700040665,2,07,000,00,2,1,02,B01
201700040665,2,07,000,00,2,8,12,A01
201700040666,1,07,000,00,1,1,02,A01
201700040667,1,31,000,00,1,0,00,A01
201700040668,1,07,000,00,0,0,00,Z01
201700040669,1,31,000,00,2,1,01,B01
201700040669,1,10,000,00,2,1,15,A01
201700040670,2,07,000,00,1,1,15,A01
201700040671,1,01,000,00,2,0,21,B01
201700040671,1,07,000,00,9,0,14,A01
201700040672,1,07,000,00,1,1,00,A01
201700040673,1,07,000,00,9,3,18,A01
201700040673,1,01,000,00,2,2,05,B01
201700040674,2,07,000,00,2,6,20,A01
201700040674,2,31,000,00,2,7,23,B01
201700040675,1,07,000,00,2,1,01,A01
201700040675,1,30,000,00,2,7,01,B01
201700040676,1,33,000,00,2,1,01,A01
201700040676,2,10,000,00,2,5,15,B01
201700040677,2,07,000,00,2,2,15,A01
201700040677,2,31,000,00,2,1,19,B01
201700040678,1,07,000,08,0,2,14,A01
201700040679,1,34,000,00,2,2,01,B01
201700040679,1,10,000,00,2,2,01,A01
201700040680,1,33,000,00,1,1,17,A01
201700040681,1,30,000,00,2,1,01,A01
201700040681,1,07,000,00,2,5,16,B01
201700040682,2,07,000,00,1,3,13,A01
201700040683,1,15,000,00,2,4,23,B01
201700040683,1,33,000,01,0,1,17,A01
201700040684,1,07,000,00,2,2,16,B01
201700040684,1,33,000,00,2,8,18,A01
201700040685,1,07,000,00,1,7,01,A01
201700040686,1,07,000,00,1,2,02,A01
201700040687,1,07,000,00,2,3,09,A01
201700040687,2,07,000,00,2,2,12,B01
201700040688,1,07,000,08,0,1,15,A01
201700040689,1,07,000,00,2,3,12,A01
201700040689,1,07,000,00,2,2,15,B01
201700040690,1,07,000,00,2,6,01,A01
201700040690,1,07,000,00,2,2,19,B01
201700040691,2,37,000,00,2,2,01,A01
201700040691,2,07,000,00,2,4,02,B01
201700040692,1,31,000,01,0,1,02,A01
201700040693,1,30,000,00,0,7,01,Z01
201700040694,1,07,000,00,2,1,01,B01
201700040694,2,30,000,00,2,7,16,A01
201700040695,1,33,000,00,2,2,21,B01
201700040695,1,07,000,00,2,2,15,A01
201700040696,1,33,000,00,2,7,01,B01
201700040696,1,07,000,00,2,3,15,A01
201700040697,1,07,000,00,9,4,08,A01
201700040697,1,37,000,00,1,8,07,B01
201700040698,1,31,000,00,2,6,21,A01
201700040698,1,07,000,00,2,4,00,B01
201700040699,2,07,000,00,1,3,01,A01
201700040700,1,07,000,08,0,1,19,A01
201700040701,1,07,000,00,1,8,00,A01
201700040702,2,07,000,00,2,1,02,A01
201700040702,2,07,000,00,2,4,02,B01
201700040703,1,07,000,00,1,7,19,A01
201700040704,1,07,000,00,2,2,19,A01
201700040704,2,31,000,00,2,3,09,B01
201700040705,1,33,000,01,0,2,02,A01
201700040706,2,07,000,00,2,1,17,B01
201700040706,1,07,000,00,2,1,01,A01
201700040707,2,34,000,00,2,3,18,B01
201700040707,2,99,000,00,2,7,14,A01
201700040708,0,07,000,00,9,3,11,A01
201700040708,0,33,000,00,2,2,00,B01
201700040709,2,34,000,00,1,4,14,Z01
201700040710,2,07,000,00,1,0,01,Z01
201700040711,1,07,000,00,1,4,20,Z01
201700040712,1,07,000,00,2,1,02,B01
201700040712,1,07,000,00,2,4,02,A01
201700040713,1,07,000,00,9,6,11,A01
201700040713,1,34,000,00,2,7,01,B01
201700040714,1,07,000,14,2,3,13,A01
201700040714,1,07,000,14,2,2,01,B01
201700040715,1,07,000,00,1,2,01,A01
201700040716,2,07,000,00,2,7,23,B01
201700040716,2,07,000,00,2,5,23,C01
201700040716,2,33,000,00,2,1,21,A01
201700040716,2,07,000,00,2,4,23,D01
201700040717,2,07,000,00,1,2,01,A01
201700040718,1,01,000,00,1,2,16,Z01
201700040719,1,30,000,08,0,1,00,A01
201700040720,2,07,000,00,2,3,10,A01
201700040720,2,33,000,00,2,7,21,B01
201700040721,2,33,000,00,2,1,02,A01
201700040721,2,07,000,00,2,6,01,B01
201700040722,2,07,000,00,2,3,10,A01
201700040722,2,31,000,00,2,1,18,B01
201700040723,1,33,000,00,2,1,01,B01
201700040723,1,07,000,00,2,6,10,A01
201700040724,1,07,000,00,5,4,02,B01
201700040724,1,07,000,00,2,1,02,A01
201700040725,1,07,000,00,2,3,15,B01
201700040725,1,33,000,00,2,3,01,A01
201700040726,2,07,000,00,1,2,15,A01
201700040727,1,07,000,00,2,6,13,B01
201700040727,2,33,000,00,2,7,02,A01
201700040728,1,37,000,00,1,8,15,A01
201700040729,1,07,000,00,1,6,16,A01
201700040730,1,07,000,00,1,8,09,A01
201700040730,2,37,000,00,2,6,09,B01
201700040731,1,32,000,12,0,1,21,A01
201700040732,1,07,000,00,2,8,10,A01
201700040732,1,07,000,00,2,1,17,B01
201700040733,1,07,000,00,1,3,07,A01
201700040734,1,07,000,00,2,4,23,C01
201700040734,1,07,000,00,2,4,23,B01
201700040734,1,07,000,00,2,1,02,A01
201700040735,1,07,000,00,2,2,01,A01
201700040735,1,07,000,00,2,3,16,B01
201700040736,1,07,000,00,1,1,15,A01
201700040737,1,30,000,00,2,4,02,B01
201700040737,1,07,000,00,2,0,01,Z01
201700040738,1,07,000,00,1,3,15,A01
201700040739,1,10,000,00,2,2,16,A01