Num_Acc,senc,catv,occutc,obs,obsm,choc,manv,num_veh
201700040739,1,31,000,00,2,3,01,B01
201700040740,2,07,000,00,2,8,19,B01
201700040740,1,07,000,00,2,3,15,A01
201700040741,1,30,000,00,1,3,13,A01
201700040742,1,07,000,00,2,2,10,A01
201700040742,1,30,000,00,2,1,21,B01
201700040743,1,33,000,00,2,2,17,A01
201700040744,1,07,000,00,1,2,13,A01
201700040745,2,01,000,00,1,0,00,A01
201700040746,1,07,000,00,2,1,02,B01
201700040746,1,07,000,00,2,1,00,C01
201700040746,1,07,000,00,2,1,00,A01
201700040747,1,07,000,00,2,7,01,A01
201700040747,1,07,000,00,2,1,19,B01
201700040748,2,32,000,00,2,1,21,B01
201700040748,1,07,000,00,2,5,15,A01
201700040749,1,07,000,00,2,2,02,A01
201700040749,1,07,000,00,2,4,02,B01
201700040750,1,37,000,00,1,5,02,A01
201700040751,1,07,000,00,1,3,02,A01
201700040752,1,32,000,00,1,1,00,Z01
201700040753,2,02,000,00,2,1,09,B01
201700040753,1,07,000,00,2,5,15,A01
201700040754,1,07,000,00,2,4,04,A01
201700040754,1,30,000,00,2,1,00,B01
201700040755,1,07,000,00,1,8,15,A01
201700040756,1,33,000,01,0,0,01,A01
201700040757,2,10,000,00,1,2,01,Z01
201700040758,2,99,000,00,1,2,17,A01
201700040759,1,07,000,00,2,1,01,A01
201700040759,1,07,000,00,1,1,01,B01
201700040760,1,07,000,00,9,5,01,A01
201700040760,1,31,000,00,2,3,01,B01
201700040761,1,34,000,00,1,1,01,A01
201700040762,1,07,000,00,2,1,01,B01
201700040762,1,07,000,00,2,7,15,A01
201700040763,1,07,000,00,1,1,01,Z01
201700040764,1,07,000,00,1,1,07,A01
201700040765,1,07,000,00,1,1,19,A01
201700040766,1,07,000,00,2,8,15,B01
201700040766,1,31,000,00,2,1,09,A01
201700040767,1,07,000,00,1,1,01,A01
201700040768,2,07,000,00,9,2,00,A01
201700040769,1,07,000,00,2,1,02,A01
201700040769,1,07,000,00,2,4,23,C01
201700040769,1,07,000,00,2,4,23,B01
201700040770,1,01,000,00,2,1,01,B01
201700040770,1,07,000,00,2,8,24,A01
201700040771,1,07,000,00,2,2,15,A01
201700040771,2,31,000,00,2,1,01,B01
201700040772,2,33,000,00,2,3,01,B01
201700040772,2,07,000,00,2,2,16,A01
201700040773,2,31,000,00,2,6,01,A01
201700040773,1,10,000,00,2,1,10,B01
201700040774,1,07,000,00,2,2,17,A01
201700040774,1,31,000,00,2,6,01,B01
201700040775,1,07,000,00,1,4,20,A01
201700040776,2,07,000,00,2,1,01,B01
201700040776,2,07,000,00,2,8,10,A01
201700040777,2,07,000,00,2,1,02,A01
201700040777,2,07,000,00,2,4,02,B01
201700040778,2,31,000,00,2,1,01,B01
201700040778,1,07,000,00,2,5,10,A01
201700040779,1,07,000,00,1,5,16,A01
201700040780,2,10,000,00,2,2,15,A01
201700040780,1,31,000,00,2,1,01,B01
201700040781,1,07,000,00,2,1,02,A01
201700040781,1,33,000,00,2,4,23,B01
201700040782,1,07,000,00,2,1,01,A01
201700040782,1,07,000,00,2,4,23,C01
201700040782,1,07,000,00,2,4,23,B01
201700040783,1,07,000,00,2,7,19,A01
201700040783,1,07,000,00,2,3,19,B01
201700040784,1,31,000,00,2,1,09,B01
201700040784,1,07,000,00,2,2,12,A01
201700040785,2,10,000,00,1,2,16,A01
201700040786,1,07,000,00,2,3,15,B01
201700040786,2,31,000,00,2,2,01,A01
201700040787,1,07,000,00,2,1,09,A01
201700040787,1,31,000,00,0,4,09,B01
201700040788,1,33,000,09,0,1,14,A01
201700040788,1,07,000,09,0,5,14,B01
201700040789,2,07,000,00,2,1,02,A01
201700040789,2,31,000,00,2,8,09,B01
201700040790,1,07,000,00,2,1,02,A01
201700040790,1,07,000,00,2,4,02,B01
201700040791,2,37,000,00,2,6,15,A01
201700040791,2,02,000,00,2,7,17,B01
201700040792,2,02,000,00,0,1,17,B01
201700040792,2,07,000,00,0,3,11,A01
201700040793,1,07,000,01,1,5,23,A01
201700040793,1,34,000,01,0,1,18,B01
201700040794,1,07,000,00,2,2,01,A01
201700040794,1,07,000,00,2,6,00,B01
201700040795,1,07,000,00,1,2,01,A01
201700040796,1,07,000,00,2,1,02,A01
201700040796,1,07,000,00,2,4,02,B01
201700040797,1,07,000,00,1,1,01,A01
201700040798,1,07,000,00,2,1,02,A01
201700040798,1,31,000,00,2,4,02,B01
201700040799,1,07,000,00,2,3,13,A01
201700040799,1,07,000,01,2,1,02,B01
201700040800,1,07,000,00,2,1,01,B01
201700040800,1,07,000,00,2,2,01,A01
201700040801,1,33,000,00,2,1,19,B01
201700040801,1,07,000,00,2,2,15,A01
201700040802,2,34,000,00,1,1,09,A01
201700040803,1,07,000,00,2,3,15,A01
201700040803,1,31,000,00,2,2,17,B01
201700040804,1,34,000,00,1,1,16,A01
201700040805,1,07,000,00,2,1,21,A01
201700040805,1,07,000,00,9,4,21,B01
201700040806,2,07,000,01,0,3,14,A01
201700040807,1,07,000,00,2,3,14,A01
201700040807,1,34,000,00,2,1,21,B01
201700040807,1,07,000,00,2,1,23,C01
201700040808,2,07,000,00,0,0,13,A01
201700040808,2,34,000,00,2,0,21,B01
201700040809,1,33,000,00,2,3,21,B01
201700040809,1,07,000,00,2,2,09,A01
201700040810,2,07,000,00,1,3,19,A01
201700040811,2,07,000,00,2,2,02,A01
201700040811,2,07,000,00,9,4,23,B01
201700040812,1,07,000,01,1,1,13,A01
201700040813,0,07,000,15,1,2,00,A01
201700040814,0,07,000,00,1,1,00,A01
201700040815,0,07,000,00,2,8,10,A01
201700040815,0,33,000,00,2,1,00,B01
201700040816,0,34,000,00,1,2,01,A01
201700040816,0,33,000,00,1,1,01,B01
201700040817,0,01,000,00,1,1,00,A01
201700040818,0,07,000,00,1,5,00,A01
201700040819,0,07,000,00,1,7,16,A01
201700040819,0,30,000,00,2,7,00,B01
201700040820,0,07,000,00,2,1,02,A01
201700040820,0,07,000,00,2,4,00,B01
201700040821,0,32,000,00,2,7,00,B01
201700040821,0,07,000,00,2,8,00,A01
201700040822,0,07,000,00,2,4,23,A01
201700040822,0,07,000,00,2,1,02,B01
201700040823,0,33,000,00,2,1,01,B01
201700040823,0,07,000,00,2,3,10,A01
201700040824,0,07,000,00,1,0,01,A01
201700040825,0,07,000,00,2,3,00,A01
201700040825,0,34,000,00,2,1,01,B01
201700040826,0,07,000,00,2,4,02,B01
201700040826,0,07,000,00,2,1,02,A01
201700040827,0,33,000,00,2,1,03,A01
201700040827,0,07,000,00,2,5,00,B01
201700040828,1,07,000,00,2,1,01,A01
201700040828,0,37,001,00,2,8,01,B01
201700040829,0,31,000,00,2,1,00,B01
201700040829,0,07,000,00,2,2,10,A01
201700040830,0,32,000,00,1,1,01,A01
201700040831,0,07,000,00,1,1,00,A01
201700040832,0,07,000,00,1,3,15,A01
201700040833,0,07,000,00,1,0,04,A01
201700040834,0,30,000,00,1,1,00,A01
201700040835,0,10,000,00,2,8,15,A01
201700040835,0,32,000,00,2,7,00,B01
201700040836,1,07,000,01,0,1,14,A01
201700040837,1,02,000,00,0,7,02,A01
201700040837,1,07,000,00,0,4,00,Z01
201700040838,0,02,000,00,0,7,11,A01
201700040839,0,07,000,00,1,4,16,A01
201700040839,0,07,000,00,2,1,16,C01
201700040839,0,07,000,00,2,9,16,B01
201700040840,2,07,000,00,2,3,11,A01
201700040840,2,34,000,00,2,2,02,B01
201700040841,2,07,000,00,0,4,02,B01
201700040841,2,34,000,00,2,1,02,A01
201700040842,0,07,000,00,2,3,01,B01
201700040842,0,34,000,00,2,7,00,A01
201700040843,0,07,000,00,2,2,01,A01
201700040843,0,07,000,01,2,9,09,B01
201700040844,0,34,000,00,2,1,01,B01
201700040844,0,10,000,00,2,8,10,A01
201700040845,0,07,000,00,2,2,10,A01
201700040845,0,07,000,00,2,1,01,B01
201700040846,2,07,000,00,2,1,00,A01
201700040847,2,07,000,00,2,3,10,A01
201700040847,1,33,000,00,2,7,00,B01
201700040848,2,02,000,00,1,1,01,A01
201700040849,1,07,000,00,1,2,23,A01
201700040850,2,01,000,00,1,1,01,A01
201700040851,1,07,000,00,1,2,01,A01
201700040852,1,07,000,00,2,4,02,B01
201700040852,1,07,000,00,2,1,02,A01
201700040853,0,02,000,00,2,1,02,A01
201700040853,0,07,000,00,2,4,02,B01
201700040854,1,07,000,00,2,6,02,A01
201700040854,1,33,000,00,2,1,02,B01
201700040855,1,07,000,00,2,2,01,B01
201700040855,1,33,000,00,2,1,02,A01
201700040856,1,07,000,00,0,1,01,A01
201700040857,1,31,000,00,2,1,01,A01
201700040857,1,07,000,00,2,8,10,B01
201700040858,1,07,000,00,2,5,01,B01
201700040858,1,02,000,00,2,8,13,A01
201700040859,1,07,000,00,2,4,23,C01
201700040859,1,07,000,00,2,1,01,A01
201700040859,1,07,000,00,2,9,23,B01
201700040860,2,30,000,00,2,1,01,B01
201700040860,1,07,000,00,2,2,15,A01
201700040861,1,33,000,00,2,2,01,B01
201700040861,1,07,000,00,2,3,09,A01
201700040862,2,07,000,00,2,1,02,A01
201700040862,2,07,000,00,2,4,02,C01
201700040862,2,07,000,00,2,1,02,B01
201700040863,1,33,000,00,0,7,09,A01
201700040864,1,07,000,00,2,1,01,A01
201700040864,1,07,000,00,2,4,23,C01
201700040864,1,07,000,00,2,4,23,B01
201700040865,2,31,000,00,2,1,16,A01
201700040866,1,07,000,00,2,1,01,A01
201700040866,1,07,000,00,2,4,01,B01
201700040867,1,33,000,00,1,1,01,A01
201700040868,1,07,000,00,2,2,15,A01
201700040868,1,33,000,00,2,1,01,B01
201700040869,1,07,000,00,2,1,00,A01
201700040869,1,30,000,00,2,4,24,B01
201700040869,1,07,000,00,2,4,23,C01
201700040870,1,07,000,00,1,2,16,A01
201700040871,1,07,000,00,2,6,15,A01
201700040872,1,31,000,00,1,1,01,A01
201700040873,1,31,000,00,2,1,21,A01
201700040873,1,07,000,00,2,5,23,B01
201700040874,2,07,000,00,2,1,01,A01
201700040874,1,37,000,00,2,3,01,B01
201700040875,1,31,000,00,0,7,01,A01
201700040876,1,07,000,00,9,2,21,A01
201700040876,1,99,000,00,2,8,13,B01
201700040877,2,07,000,00,1,2,19,A01
201700040878,2,07,000,00,2,1,15,A01
201700040878,1,34,000,00,2,3,09,B01
201700040879,2,07,000,00,2,2,12,A01
201700040879,1,02,000,00,2,3,01,B01
201700040880,2,34,000,00,1,1,01,A01
201700040881,1,07,000,00,2,6,15,A01
201700040881,1,33,000,00,2,2,02,B01
201700040882,1,07,000,00,1,1,16,A01
201700040883,2,07,000,00,2,8,01,B01
201700040883,1,07,000,12,2,1,01,A01
201700040883,2,07,000,00,2,1,01,C01
201700040884,1,31,000,00,1,1,01,A01
201700040885,1,07,000,00,2,4,23,B01
201700040885,1,07,000,00,2,4,23,D01
201700040885,1,07,000,00,2,4,23,C01
201700040885,1,07,000,00,2,1,02,A01
201700040886,1,07,000,00,2,2,15,A01
201700040886,1,33,000,00,2,3,21,B01
201700040887,0,07,000,00,0,3,10,A01
201700040887,0,02,000,00,2,1,17,B01
201700040888,0,32,000,00,0,8,01,B01
201700040888,0,30,000,00,0,1,01,A01
201700040889,0,37,001,00,2,4,00,B01
201700040889,1,33,000,00,1,1,01,A01
201700040890,0,10,000,00,0,4,01,B01
201700040890,0,07,000,00,2,1,02,A01
201700040891,1,34,000,16,0,7,03,A01
201700040892,0,02,000,00,1,1,17,A01
201700040893,0,32,000,00,0,0,00,B01
201700040893,0,02,000,00,0,1,02,A01
201700040894,0,07,000,00,0,1,02,A01
201700040894,0,07,000,00,0,4,02,B01
201700040895,0,30,000,00,2,1,01,B01
201700040895,0,07,000,00,2,6,09,A01
201700040896,0,07,000,00,2,1,00,A01
201700040896,0,34,000,00,2,7,01,B01
201700040897,0,02,000,00,2,1,01,B01
201700040897,0,07,000,00,2,3,11,A01
201700040898,0,07,000,00,0,4,01,B01
201700040898,0,31,000,00,2,1,02,A01
201700040899,0,07,000,00,2,4,02,B01
201700040899,0,33,000,00,2,1,02,A01
201700040900,0,07,000,00,0,0,02,A01
201700040900,0,33,000,00,0,8,02,B01
201700040901,1,07,000,00,2,2,11,A01
201700040901,2,33,000,00,2,1,01,B01
201700040902,0,33,000,00,2,1,13,A01
201700040903,0,07,000,00,1,3,17,A01
201700040904,0,30,000,08,0,1,09,A01
201700040905,0,07,000,00,1,2,01,A01
201700040906,0,14,000,00,0,1,02,A01
201700040906,0,07,000,00,0,4,01,B01
201700040907,0,33,000,00,2,1,01,B01
201700040907,0,07,000,00,2,5,10,A01
201700040908,0,07,000,00,2,1,02,A01
201700040908,0,07,000,00,2,4,01,B01
201700040909,0,07,000,00,2,4,01,B01
201700040909,0,07,000,00,2,1,01,A01
201700040910,0,07,000,00,2,1,01,A01
201700040910,0,07,000,00,2,1,01,B01
201700040911,1,34,000,00,2,1,02,A01
201700040911,1,31,000,00,2,4,02,B01
201700040912,2,33,000,00,2,1,01,B01
201700040912,1,07,000,00,2,7,15,A01
201700040913,1,07,000,00,2,4,11,A01
201700040913,1,14,000,00,2,1,01,B01
201700040914,1,07,000,00,1,3,15,A01
201700040915,1,07,000,00,2,4,02,A01
201700040915,1,07,000,00,2,1,02,B01
201700040916,1,07,000,00,1,2,01,A01
201700040917,2,33,000,00,2,1,02,A01
201700040917,2,10,000,00,2,4,02,B01
201700040918,1,32,000,00,2,1,01,C01
201700040918,1,07,000,00,2,2,01,A01
201700040918,1,07,000,08,2,4,01,B01
201700040919,2,07,000,00,2,1,01,A01
201700040919,2,20,000,00,2,5,01,B01
201700040920,2,01,000,00,2,1,16,A01
201700040920,2,34,000,00,2,1,01,B01
201700040921,1,33,000,00,2,1,02,A01
201700040921,1,07,000,00,2,3,02,B01
201700040922,1,07,000,01,0,1,01,A01
201700040923,1,07,000,00,2,1,15,A01
201700040923,2,01,000,00,2,1,01,B01
201700040924,2,07,000,00,2,4,02,B01
201700040924,2,30,000,00,2,1,02,A01
201700040925,1,07,000,00,2,7,01,A01
201700040925,1,30,000,00,2,8,11,B01
201700040926,1,07,000,06,2,1,01,A01
201700040926,1,07,000,00,2,2,01,B01
201700040927,1,07,000,00,2,8,15,A01
201700040927,1,33,000,00,2,2,17,B01
201700040928,2,07,000,00,2,1,02,A01
201700040928,2,07,000,00,2,4,02,B01
201700040929,2,30,000,00,2,2,17,A01
201700040929,2,07,000,00,2,3,15,B01
201700040930,1,07,000,00,2,4,02,A01
201700040930,1,07,000,00,2,1,02,B01
201700040931,1,33,000,00,2,1,14,A01
201700040931,1,01,000,00,2,4,01,B01
201700040932,0,07,000,00,1,0,04,A01
201700040933,1,07,000,00,2,1,02,A01
201700040933,1,07,000,00,2,4,23,B01
201700040934,0,07,000,00,2,3,01,B01
201700040934,0,30,000,00,2,1,01,A01
201700040935,1,07,000,00,1,1,15,A01
201700040936,2,32,000,00,2,4,02,B01
201700040936,2,07,000,00,2,4,02,C01
201700040936,2,07,000,00,2,1,02,A01
201700040937,2,07,000,01,0,1,14,A01
201700040938,1,07,000,00,2,8,09,Z01
201700040938,1,30,000,00,2,7,02,B01
201700040939,2,07,000,00,1,2,01,A01
201700040940,1,01,000,00,2,1,02,A01
201700040940,1,07,000,00,2,4,02,B01
201700040941,2,01,000,00,2,1,05,B01
201700040941,1,07,000,00,2,1,01,Z01
201700040942,2,07,000,00,1,1,01,A01
201700040943,2,07,000,04,0,2,13,A01
201700040944,1,30,000,00,1,8,01,A01
201700040945,1,07,000,00,2,4,01,B01
201700040945,1,07,000,00,2,1,11,A01
201700040946,2,01,000,00,2,1,01,B01
201700040946,1,07,000,00,2,7,15,A01
201700040947,1,30,000,00,1,1,01,A01
201700040948,1,07,000,00,2,8,02,A01
201700040948,1,01,000,00,2,7,02,B01
201700040949,1,07,000,00,1,1,14,A01
201700040950,2,07,000,00,1,2,01,A01
201700040951,2,07,000,00,2,1,01,A01
201700040951,1,01,000,00,2,3,19,B01
201700040952,2,10,000,00,1,1,01,A01
201700040953,1,07,000,01,0,8,13,A01
201700040954,0,07,000,00,1,4,04,A01
201700040955,1,32,000,01,0,1,13,A01
201700040956,2,30,000,12,0,2,01,A01
201700040957,2,10,000,00,2,1,02,A01
201700040957,2,07,000,00,2,4,23,B01
201700040958,1,32,000,00,2,4,02,A01
201700040958,1,07,000,00,2,1,02,B01
201700040959,1,07,000,00,1,1,01,A01
201700040960,1,07,000,14,0,2,01,A01
201700040961,1,30,000,00,2,1,01,A01
201700040961,2,07,000,00,2,3,01,B01
201700040962,2,37,002,00,1,2,01,A01
201700040963,2,07,000,00,2,3,01,B01
201700040963,2,30,000,00,2,1,01,A01
201700040964,2,07,000,00,2,4,02,B01
201700040964,2,10,000,00,2,1,02,A01
201700040965,1,07,000,00,1,2,01,A01
201700040966,1,07,000,00,1,4,04,A01
201700040967,0,07,000,06,0,1,01,A01
201700040968,1,30,000,04,0,8,01,A01
201700040969,1,07,000,00,2,7,16,B01
201700040969,1,02,000,00,2,2,18,A01
201700040970,2,07,000,00,2,1,01,B01
201700040970,2,07,000,00,2,7,15,A01
201700040971,1,33,000,06,0,2,01,A01
201700040972,2,07,000,00,1,7,01,A01
201700040973,1,07,000,00,2,1,02,A01
201700040973,1,07,000,00,2,4,02,B01
201700040974,1,07,000,00,2,2,01,A01
201700040974,1,07,000,10,2,6,11,B01
201700040975,2,07,000,01,0,1,01,A01
201700040976,1,07,000,00,1,2,01,A01
201700040977,2,34,000,08,2,8,01,B01
201700040977,2,07,000,00,2,7,12,A01
201700040978,1,07,000,00,1,1,16,A01
201700040979,2,07,000,00,2,1,02,A01
201700040979,2,37,000,00,2,6,23,B01
201700040980,2,07,000,00,2,3,01,B01
201700040980,2,01,000,00,2,3,01,A01
201700040981,1,07,000,00,1,2,01,A01
201700040982,2,37,000,01,0,2,01,A01
201700040982,2,07,000,00,2,8,24,B01
201700040983,1,14,000,00,2,7,24,A01
201700040983,1,01,000,01,0,8,01,B01
201700040984,2,07,000,14,0,1,13,A01
201700040985,1,07,000,00,2,8,01,B01
201700040985,1,07,000,00,2,7,12,A01
201700040986,2,07,000,00,2,4,02,B01
201700040986,1,07,000,00,2,1,05,C01
201700040986,2,30,000,00,2,1,02,A01
201700040987,1,07,000,01,2,4,02,B01
201700040987,1,07,000,02,2,1,02,A01
201700040988,2,30,000,00,2,1,02,A01
201700040988,2,34,000,00,2,8,15,B01
201700040989,1,34,000,00,2,1,01,A01
201700040989,2,07,000,00,2,1,15,B01
201700040990,2,30,000,00,2,1,02,A01
201700040990,2,07,000,00,2,4,02,B01
201700040991,1,30,000,00,2,1,01,B01
201700040991,1,07,000,00,2,3,23,A01
201700040992,2,07,000,01,0,1,01,A01
201700040993,2,10,000,00,2,7,10,A01
201700040993,1,34,000,00,2,2,01,B01
201700040994,1,37,000,00,2,2,01,A01
201700040994,1,07,000,00,2,6,16,B01
201700040995,2,33,000,00,2,2,01,B01
201700040995,1,07,000,00,2,3,15,A01
201700040996,0,07,000,00,2,5,12,A01
201700040996,0,31,000,00,2,8,01,B01
201700040997,0,33,000,00,2,1,01,A01
201700040997,0,07,000,00,2,4,01,B01
201700040998,0,07,000,00,1,1,01,A01
201700040999,0,07,000,00,2,1,01,A01
201700040999,0,07,000,00,2,9,02,B01
201700040999,0,07,000,00,2,0,02,D01
201700040999,0,07,000,00,2,4,02,E01
201700040999,0,07,000,00,2,9,02,C01
201700041000,0,02,000,00,0,9,15,A01
201700041001,0,37,010,14,0,6,01,A01
201700041002,0,07,000,00,2,1,01,A01
201700041002,0,07,000,00,2,9,01,B01
201700041002,0,07,000,00,2,9,01,C01
201700041002,0,07,000,00,2,4,23,D01
201700041003,0,07,000,00,2,1,01,B01
201700041003,0,07,000,00,2,4,04,A01
201700041004,0,02,000,01,0,1,01,A01
201700041005,0,07,000,00,1,1,02,A01
201700041006,0,07,000,01,0,9,01,A01
201700041007,0,07,000,00,2,1,01,A01
201700041007,0,07,000,00,2,6,01,B01
201700041008,0,01,000,01,0,1,00,A01
201700041009,0,07,000,07,0,9,01,A01
201700041010,0,07,000,00,2,1,01,C01
201700041010,0,07,000,00,2,1,01,A01
201700041010,0,07,000,00,2,9,01,B01
201700041011,0,37,001,00,2,9,01,B01
201700041011,0,07,000,00,0,4,20,A01
201700041011,0,37,001,00,2,1,01,C01
201700041012,0,32,000,00,2,7,01,D01
201700041012,0,07,000,00,0,1,09,A01
201700041012,0,30,000,00,2,1,01,C01
201700041012,0,07,000,00,2,8,02,B01
201700041013,0,31,000,00,2,1,01,A01
201700041013,0,07,000,00,2,7,15,B01
201700041014,0,33,000,00,2,1,17,A01
201700041014,0,33,000,00,2,7,15,B01
201700041015,0,07,000,00,2,8,24,B01
201700041015,0,07,000,01,1,7,01,A01
201700041016,0,33,000,00,2,1,01,A01
201700041016,0,31,000,00,2,8,01,C01
201700041016,0,07,000,01,2,4,15,B01
201700041017,0,07,000,00,2,4,01,B01
201700041017,0,07,000,00,2,1,00,A01
201700041018,0,33,000,00,2,1,01,A01
201700041018,0,07,000,00,2,4,01,B01
201700041019,0,30,000,00,0,8,14,A01
201700041019,0,07,000,00,2,0,00,B01
201700041020,0,07,000,00,2,3,15,A01
201700041020,0,30,000,00,2,2,17,B01
201700041021,0,33,000,00,2,1,01,A01
201700041021,0,07,000,00,2,4,01,B01
201700041022,0,33,000,04,0,9,01,A01
201700041023,0,07,000,00,2,2,01,A01
201700041023,0,33,000,00,2,8,01,B01
201700041024,0,31,000,00,2,8,01,B01
201700041024,0,99,000,00,2,1,15,A01
201700041025,0,07,000,00,2,3,01,A01
201700041025,0,01,000,00,2,1,01,B01
201700041026,0,31,000,00,2,8,01,B01
201700041026,0,07,000,00,2,7,15,A01
201700041027,0,31,000,00,1,1,01,A01
201700041028,0,07,000,00,9,8,22,A01
201700041028,0,01,000,00,2,0,01,B01
201700041029,0,07,000,00,2,3,15,B01
201700041029,0,02,000,00,2,7,17,A01
201700041030,0,01,000,00,2,8,01,B01
201700041030,0,07,000,00,2,1,01,A01
201700041031,0,07,000,00,2,8,11,A01
201700041031,0,33,000,00,2,1,17,B01
201700041032,0,33,000,00,0,7,01,A01
201700041033,1,30,000,00,2,1,01,A01
201700041033,1,07,000,00,2,4,01,B01
201700041034,1,07,000,00,2,8,09,A01
201700041034,1,34,000,00,2,1,17,B01
201700041035,2,07,000,00,2,4,02,A01
201700041035,2,07,000,00,2,5,02,B01
201700041036,1,34,000,00,2,1,02,A01
201700041036,1,07,000,00,1,6,01,B01
201700041037,1,07,000,00,2,8,15,A01
201700041037,1,07,000,00,2,1,01,B01
201700041038,1,07,000,00,2,3,15,B01
201700041038,1,30,000,00,2,1,02,A01
201700041039,1,07,000,00,2,1,01,B01
201700041039,1,07,000,00,2,4,01,C01
201700041039,1,07,000,00,2,1,01,A01
201700041040,1,33,000,00,0,0,13,B01
201700041040,1,07,000,00,2,0,19,A01
201700041041,1,14,000,00,2,4,23,B01
201700041041,1,07,000,00,2,1,02,A01
201700041042,1,34,000,12,0,7,01,A01
201700041043,1,02,000,14,0,1,01,A01
201700041044,2,07,000,00,2,2,13,A01
201700041044,1,07,000,00,2,2,13,B01
201700041045,1,07,000,00,2,1,02,C01
201700041045,1,07,000,00,2,4,01,A01
201700041045,1,07,000,00,2,4,02,B01
201700041046,1,10,000,00,2,3,15,A01
201700041046,1,10,000,00,2,3,02,C01
201700041046,1,33,000,00,2,1,02,B01
201700041047,1,30,000,00,2,1,19,A01
201700041047,1,07,000,00,2,4,23,B01
201700041047,1,07,000,00,2,3,23,C01
201700041048,1,02,000,00,2,1,01,B01
201700041048,1,10,000,00,2,6,20,A01
201700041049,1,07,000,00,1,1,15,A01
201700041050,2,07,000,00,2,3,01,B01
201700041050,1,07,000,00,2,3,01,A01
201700041051,2,07,000,00,1,3,15,A01
201700041052,1,07,000,00,2,1,19,A01
201700041052,1,07,000,00,2,8,19,B01
201700041053,1,07,000,14,2,1,01,B01
201700041054,1,07,000,08,0,3,19,A01
201700041055,0,07,000,12,0,1,13,A01
201700041056,2,07,000,06,0,1,15,A01
201700041057,1,07,000,00,2,8,10,B01
201700041057,1,31,000,00,2,1,01,A01
201700041058,1,32,000,00,2,2,17,B01
201700041058,1,10,000,00,2,3,15,A01
201700041059,1,31,000,00,5,1,01,A01
201700041060,1,07,000,00,1,1,19,B01
201700041061,1,07,000,00,2,3,10,A01
201700041061,1,33,000,00,2,1,01,B01
201700041062,1,07,000,00,2,2,01,B01
201700041062,1,07,000,00,2,1,01,A01
201700041063,1,07,000,00,2,2,19,A01
201700041063,1,33,000,00,2,8,19,B01
201700041064,2,99,000,00,0,8,01,A01
201700041065,2,07,000,00,2,8,15,A01
201700041065,2,33,000,00,2,2,13,B01
201700041066,1,30,000,00,2,3,13,A01
201700041066,1,07,000,00,2,3,01,B01
201700041067,1,33,000,00,0,6,01,A01
201700041068,1,33,000,00,2,7,00,B01
201700041068,2,07,000,00,2,1,15,A01
201700041069,1,07,000,00,9,7,16,A01
201700041069,1,01,000,00,2,1,18,B01
201700041070,1,07,000,00,2,8,15,A01
201700041070,1,33,000,00,2,1,02,B01
201700041071,1,07,000,00,2,5,02,B01
201700041071,1,07,000,00,2,3,02,A01
201700041072,1,07,000,00,2,3,15,A01
201700041072,1,07,000,00,2,2,01,B01
201700041073,1,07,000,00,1,3,15,A01
201700041074,1,07,000,15,0,1,02,A01
201700041075,2,33,000,00,2,2,17,B01
201700041075,1,07,000,00,2,1,19,A01
201700041076,2,33,000,11,0,1,21,A01
201700041077,1,07,000,00,2,4,02,B01
201700041077,1,07,000,00,2,1,02,A01
201700041078,1,07,000,00,0,0,13,B01
201700041078,1,34,000,00,2,3,13,A01
201700041079,1,30,000,00,0,0,09,A01
201700041080,2,34,000,00,0,8,21,A01
201700041081,1,07,000,01,0,2,14,A01
201700041082,1,07,000,00,2,1,02,A01
201700041082,1,07,000,00,2,4,02,B01
201700041083,1,07,000,00,9,3,13,A01
201700041083,1,01,000,00,2,2,17,B01
201700041084,1,07,000,00,2,4,07,A01
201700041084,1,07,000,00,2,1,07,B01
201700041085,2,07,000,00,2,7,12,A01
201700041085,2,30,000,00,2,8,03,B01
201700041086,2,10,000,00,1,4,04,A01
201700041087,1,07,000,00,2,1,01,A01
201700041087,1,07,000,00,2,4,01,B01
201700041088,1,07,000,00,1,1,01,A01
201700041089,2,07,000,00,2,4,01,B01
201700041089,2,14,000,00,2,1,01,A01
201700041090,1,33,000,00,2,1,01,B01
201700041090,1,07,000,00,2,8,10,A01
201700041091,2,07,000,00,2,1,01,A01
201700041091,1,01,000,00,2,8,19,B01
201700041092,2,33,000,01,2,8,09,A01
201700041092,2,07,000,00,2,2,01,B01
201700041092,2,07,000,00,2,4,24,C01
201700041093,1,07,000,00,2,2,10,A01
201700041093,1,31,000,00,2,1,01,B01
201700041094,2,07,000,00,2,1,01,B01
201700041094,1,07,000,00,2,1,13,A01
201700041095,1,31,000,00,0,0,01,A01
201700041096,2,07,000,00,1,4,04,A01
201700041097,1,33,000,14,0,0,01,A01
201700041098,2,07,000,00,2,8,09,B01
201700041098,1,34,000,00,2,1,01,A01
201700041099,2,33,000,00,2,1,18,B01
201700041099,1,07,000,00,2,3,09,A01
201700041100,1,31,000,00,2,1,01,B01
201700041100,2,10,000,00,2,7,15,A01
201700041101,2,07,000,00,2,4,02,B01
201700041101,2,07,000,00,2,1,02,A01
201700041102,1,07,000,00,2,3,09,A01
201700041102,1,01,000,00,2,1,01,B01
201700041103,1,07,000,08,0,1,01,A01
201700041104,1,14,000,00,2,1,17,A01
201700041104,1,03,000,00,2,8,15,B01