Num_Acc,senc,catv,occutc,obs,obsm,choc,manv,num_veh
201700041105,2,07,000,00,1,1,17,A01
201700041106,1,01,000,00,2,1,18,B01
201700041106,1,07,000,00,2,2,22,A01
201700041107,2,30,000,00,0,0,01,A01
201700041108,2,07,000,00,2,3,15,A01
201700041108,2,33,000,00,2,1,01,B01
201700041109,2,32,000,00,0,0,01,A01
201700041110,1,30,000,01,0,1,01,A01
201700041111,1,33,000,14,0,7,01,A01
201700041112,2,07,000,01,0,1,16,A01
201700041113,1,01,000,00,2,1,01,A01
201700041113,2,07,000,00,2,1,01,B01
201700041114,1,07,000,04,0,2,12,A01
201700041115,2,07,000,00,1,2,16,A01
201700041116,2,31,000,11,0,7,14,A01
201700041117,1,01,000,00,2,8,19,A01
201700041117,1,07,000,00,2,2,01,B01
201700041118,2,07,000,01,2,6,23,B01
201700041118,2,10,000,00,2,2,01,A01
201700041119,2,07,000,01,1,2,17,A01
201700041120,2,07,000,00,1,2,01,A01
201700041121,2,10,000,01,0,2,14,A01
201700041122,1,07,000,00,2,8,15,A01
201700041122,1,33,000,00,2,1,17,B01
201700041123,2,10,000,00,1,4,04,A01
201700041124,2,07,000,08,0,0,01,A01
201700041125,1,07,000,00,2,1,15,A01
201700041125,1,31,000,00,2,1,01,B01
201700041126,1,07,000,00,2,8,01,B01
201700041126,1,14,000,00,2,2,14,A01
201700041127,1,07,000,00,2,8,01,B01
201700041127,2,07,000,00,2,1,15,A01
201700041128,2,34,000,00,1,7,17,A01
201700041129,1,34,000,00,0,8,01,A01
201700041130,2,30,000,00,0,0,21,A01
201700041131,1,07,000,00,1,1,15,A01
201700041131,1,07,000,00,2,7,24,C01
201700041131,1,13,000,00,2,4,24,D01
201700041131,1,07,000,00,2,4,24,E01
201700041131,1,07,000,00,2,4,24,B01
201700041132,0,32,000,00,0,0,01,A01
201700041133,0,07,000,00,1,1,01,A01
201700041134,0,07,000,00,2,7,14,A01
201700041134,0,34,000,00,2,1,01,B01
201700041135,0,07,000,00,2,1,01,A01
201700041135,0,07,000,00,2,4,01,B01
201700041136,0,10,000,00,1,1,01,A01
201700041137,0,07,000,00,1,6,09,A01
201700041138,0,07,000,00,2,3,00,A01
201700041138,0,01,000,00,2,1,09,B01
201700041139,0,07,000,00,1,1,01,A01
201700041140,0,07,000,00,2,7,01,B01
201700041140,0,07,000,00,2,8,13,A01
201700041141,0,07,000,00,1,1,01,A01
201700041142,0,07,000,00,1,3,15,A01
201700041143,0,07,000,00,1,1,01,A01
201700041144,0,01,000,00,1,1,01,A01
201700041145,0,07,000,00,1,1,01,A01
201700041146,0,07,000,00,1,1,01,A01
201700041147,0,31,000,00,2,4,23,B01
201700041147,0,07,000,00,2,1,01,A01
201700041148,0,33,000,00,0,0,16,A01
201700041149,0,07,000,00,2,7,15,A01
201700041149,0,33,000,00,2,1,01,B01
201700041150,0,07,000,00,2,4,23,C01
201700041150,0,37,001,00,2,1,01,A01
201700041150,0,07,000,00,2,4,23,B01
201700041151,0,07,000,15,0,2,01,A01
201700041152,0,33,000,12,0,8,01,A01
201700041153,0,37,005,00,2,3,01,B01
201700041153,0,07,000,00,2,6,09,A01
201700041154,0,07,000,02,0,1,01,A01
201700041155,0,07,000,00,2,3,11,A01
201700041155,0,33,000,00,2,4,01,B01
201700041156,0,32,000,00,0,0,01,A01
201700041157,0,30,000,00,2,3,01,B01
201700041157,0,07,000,00,2,1,15,A01
201700041158,0,07,000,00,2,2,15,A01
201700041158,0,01,000,00,2,1,01,B01
201700041159,0,07,000,00,2,2,01,A01
201700041159,0,01,000,00,2,1,01,B01
201700041160,0,10,000,00,1,4,04,A01
201700041161,0,07,000,01,0,2,14,A01
201700041162,0,33,000,00,0,0,01,A01
201700041163,0,07,000,00,0,8,00,A01
201700041164,0,14,000,00,1,2,01,A01
201700041165,0,07,000,00,0,1,00,B01
201700041165,0,07,000,00,0,1,00,A01
201700041165,0,07,000,00,0,1,00,C01
201700041166,0,30,000,00,1,0,00,Z01
201700041167,0,07,000,00,0,7,00,A01
201700041168,0,30,000,00,0,1,21,A01
201700041169,0,07,000,00,1,1,00,A01
201700041170,0,07,000,00,2,8,01,B01
201700041170,0,33,000,00,2,8,06,A01
201700041171,0,02,000,00,0,0,00,A01
201700041172,0,07,000,00,2,4,00,A01
201700041173,0,07,000,00,0,1,00,C01
201700041173,0,37,001,00,0,3,00,B01
201700041173,0,33,000,00,0,2,02,A01
201700041174,0,07,000,08,0,1,06,A01
201700041175,0,32,000,00,0,3,00,B01
201700041175,0,07,000,00,0,3,00,A01
201700041176,0,31,000,12,0,8,02,A01
201700041177,0,33,000,00,0,0,02,A01
201700041177,0,07,000,00,0,4,02,B01
201700041178,0,32,000,00,0,0,00,A01
201700041179,0,32,000,00,0,0,01,A01
201700041180,0,10,000,00,2,7,12,A01
201700041180,0,31,000,00,2,8,00,B01
201700041181,0,30,000,01,2,4,02,A01
201700041182,0,10,000,00,2,7,01,B01
201700041182,1,30,000,00,2,8,00,A01
201700041183,0,37,000,00,2,1,07,A01
201700041184,0,33,000,00,2,8,02,B01
201700041184,0,10,000,00,2,2,19,A01
201700041185,1,07,000,00,0,3,15,A01
201700041186,1,10,000,00,2,4,23,A01
201700041186,1,07,000,00,2,1,02,B01
201700041187,1,01,000,00,2,9,02,B01
201700041187,1,07,000,00,2,1,12,A01
201700041188,1,07,000,00,2,3,21,A01
201700041188,1,33,000,00,2,7,01,B01
201700041189,1,01,000,01,0,1,17,B01
201700041189,1,07,000,00,2,8,22,A01
201700041190,1,07,000,00,2,5,01,A01
201700041190,1,10,000,00,2,8,07,B01
201700041191,1,07,000,05,0,1,21,A01
201700041192,1,07,000,16,0,0,15,A01
201700041192,2,07,000,16,0,0,15,B01
201700041193,1,13,000,00,2,2,02,A01
201700041193,1,10,000,15,2,4,15,B01
201700041194,2,10,000,00,2,3,11,A01
201700041194,2,33,000,00,2,7,01,B01
201700041194,1,07,000,00,9,3,01,C01
201700041195,1,33,000,00,2,1,17,B01
201700041195,1,07,000,00,2,1,15,A01
201700041196,1,07,000,00,2,4,23,B01
201700041196,1,07,000,00,2,1,02,A01
201700041197,2,07,000,00,9,5,16,B01
201700041197,1,07,000,00,9,3,15,A01
201700041198,1,07,000,00,2,4,02,B01
201700041198,1,10,000,00,2,1,02,A01
201700041199,1,10,000,00,2,4,20,A01
201700041199,1,33,000,00,2,1,23,B01
201700041200,1,07,000,00,2,6,23,B01
201700041200,1,13,000,00,2,1,21,A01
201700041201,1,31,000,00,2,1,19,A01
201700041201,1,33,000,00,2,6,16,B01
201700041202,1,07,000,01,0,2,14,A01
201700041203,2,07,000,00,2,6,15,A01
201700041203,1,34,000,00,2,1,19,B01
201700041204,1,07,000,00,1,2,01,A01
201700041205,2,07,000,00,2,7,15,A01
201700041205,2,33,000,00,2,1,19,B01
201700041206,1,07,000,00,0,6,22,A01
201700041207,1,07,000,00,2,8,02,B01
201700041207,1,07,000,00,2,4,02,C01
201700041207,1,34,000,00,2,1,09,A01
201700041208,1,33,000,01,0,7,21,A01
201700041209,2,33,000,16,0,4,23,A01
201700041209,1,07,000,00,0,4,23,B01
201700041210,2,07,000,00,2,8,23,A01
201700041210,2,30,000,01,0,1,01,B01
201700041211,1,07,000,00,2,2,01,B01
201700041211,1,07,000,00,2,1,01,A01
201700041212,1,37,000,00,1,1,01,A01
201700041213,1,01,000,00,1,1,01,A01
201700041214,2,14,000,00,2,5,23,A01
201700041214,2,33,000,01,0,1,18,B01
201700041215,1,07,000,00,2,1,01,A01
201700041215,2,01,000,00,2,1,15,B01
201700041216,1,07,000,00,1,1,16,A01
201700041217,1,01,000,00,0,1,01,A01
201700041218,1,07,000,00,2,3,07,A01
201700041218,1,31,000,00,2,2,17,B01
201700041219,1,30,000,00,0,1,01,A01
201700041220,1,01,000,00,2,3,15,A01
201700041220,1,33,000,00,2,2,18,B01
201700041221,1,33,000,00,2,1,02,A01
201700041221,1,07,000,00,2,5,14,B01
201700041222,1,07,000,00,1,1,01,A01
201700041223,2,07,000,00,2,1,01,A01
201700041223,2,07,000,00,2,4,23,B01
201700041223,2,07,000,00,2,4,23,C01
201700041224,1,02,000,00,2,8,15,A01
201700041224,1,07,000,00,2,7,01,B01
201700041225,1,10,000,00,2,2,17,A01
201700041225,1,31,000,00,2,2,18,B01
201700041226,1,07,000,00,2,8,15,A01
201700041226,1,33,000,00,2,1,01,B01
201700041227,1,33,000,00,1,1,01,A01
201700041228,1,07,000,00,1,1,01,Z01
201700041229,1,07,000,14,0,1,01,A01
201700041230,1,14,000,00,1,2,16,A01
201700041231,2,31,000,00,1,1,01,A01
201700041232,1,34,000,00,2,1,16,A01
201700041232,1,07,000,00,2,1,01,B01
201700041233,1,07,000,00,2,1,01,A01
201700041233,1,01,000,00,2,1,01,B01
201700041234,1,02,000,00,1,1,01,A01
201700041235,1,07,000,08,2,3,01,A01
201700041235,2,33,000,00,2,1,01,B01
201700041236,1,07,000,00,2,8,22,A01
201700041236,1,30,000,00,2,1,01,B01
201700041237,2,34,000,00,1,1,01,Z01
201700041238,1,07,000,00,2,2,15,A01
201700041238,1,34,000,00,2,1,01,B01
201700041239,1,14,000,00,2,5,24,B01
201700041239,1,10,000,00,2,7,01,C01
201700041239,1,33,000,01,2,2,18,A01
201700041240,1,07,000,00,2,4,01,B01
201700041241,1,30,000,00,0,0,01,A01
201700041242,1,10,000,00,2,2,15,A01
201700041242,1,30,000,00,2,1,01,B01
201700041243,0,07,000,00,2,3,09,A01
201700041243,0,33,000,00,2,1,21,B01
201700041244,1,07,000,00,1,3,01,A01
201700041245,1,07,000,12,0,1,01,A01
201700041246,1,31,000,02,0,1,01,A01
201700041247,2,01,000,12,0,1,01,A01
201700041248,1,30,000,00,2,1,15,A01
201700041248,1,07,000,00,2,3,01,B01
201700041249,0,34,000,00,0,0,01,A01
201700041250,0,07,000,00,1,1,01,A01
201700041251,0,07,000,00,2,3,01,B01
201700041251,0,34,000,00,2,1,01,A01
201700041252,0,34,000,00,1,1,01,A01
201700041253,0,07,000,11,0,1,01,A01
201700041254,0,07,000,00,0,4,10,A01
201700041254,0,33,000,00,2,1,01,B01
201700041255,0,07,000,00,1,1,15,A01
201700041256,0,07,000,00,2,1,01,B01
201700041256,0,14,000,00,2,4,04,A01
201700041257,0,33,000,01,0,1,01,A01
201700041257,0,15,000,00,2,4,23,B01
201700041258,0,07,000,00,2,2,01,A01
201700041258,0,01,000,00,2,3,02,B01
201700041259,0,07,000,00,1,1,01,A01
201700041260,0,02,000,00,0,0,01,A01
201700041260,0,01,000,00,2,1,01,B01
201700041261,0,01,000,00,2,1,00,A01
201700041261,0,07,000,00,2,8,09,B01
201700041262,0,07,000,00,2,1,01,A01
201700041262,0,07,000,00,2,4,01,B01
201700041262,0,07,000,00,2,4,01,C01
201700041263,0,32,000,00,0,1,01,A01
201700041264,0,07,000,00,1,5,04,A01
201700041265,0,01,000,00,2,8,01,B01
201700041265,0,07,000,00,2,1,01,A01
201700041266,0,01,000,00,1,1,00,A01
201700041267,0,07,000,00,2,4,04,A01
201700041267,0,07,000,00,2,1,01,B01
201700041268,0,07,000,00,2,1,01,A01
201700041268,0,07,000,00,2,7,15,B01
201700041269,0,10,000,00,2,1,02,A01
201700041269,0,07,000,00,2,4,23,B01
201700041270,0,07,000,12,0,1,00,A01
201700041271,0,07,000,00,0,1,01,A01
201700041271,0,07,000,00,0,4,23,C01
201700041271,0,07,000,00,0,4,23,D01
201700041271,0,07,000,00,0,4,23,B01
201700041272,0,33,000,00,2,1,02,A01
201700041272,0,10,000,00,2,4,02,B01
201700041273,0,10,000,00,1,1,00,A01
201700041274,0,07,000,00,1,1,01,A01
201700041275,0,33,000,00,2,7,00,A01
201700041275,0,07,000,00,2,7,00,B01
201700041276,0,01,000,00,2,8,19,A01
201700041276,0,07,000,00,2,1,01,B01
201700041277,0,33,000,00,2,1,02,A01
201700041277,0,07,000,00,2,4,02,B01
201700041278,0,07,000,00,2,5,15,A01
201700041278,0,34,000,00,2,1,01,B01
201700041279,0,33,000,09,0,8,00,A01
201700041280,0,01,000,00,2,8,21,A01
201700041280,0,07,000,00,2,2,01,B01
201700041281,0,07,000,00,2,2,15,A01
201700041281,0,07,000,00,2,1,01,B01
201700041282,1,07,000,00,2,2,01,B01
201700041282,1,07,000,00,2,3,09,A01
201700041283,2,07,000,00,1,3,00,A01
201700041284,1,07,000,00,2,6,10,A01
201700041284,1,07,000,00,2,1,01,B01
201700041285,1,07,000,00,1,1,01,A01
201700041286,2,30,000,00,2,1,02,B01
201700041286,1,07,000,00,2,4,23,A01
201700041287,1,07,000,00,1,3,01,A01
201700041288,1,07,000,00,2,1,01,B01
201700041288,1,07,000,00,2,4,01,A01
201700041289,1,07,000,00,1,4,04,A01
201700041290,0,30,000,00,2,1,01,A01
201700041290,0,07,000,00,2,2,16,B01
201700041291,1,07,000,00,2,8,15,A01
201700041291,1,07,000,00,2,1,01,B01
201700041292,0,07,000,00,2,3,10,A01
201700041292,0,33,000,00,2,8,01,B01
201700041293,1,07,000,00,2,8,22,A01
201700041293,1,99,000,01,0,8,01,B01
201700041294,0,07,000,00,1,1,01,A01
201700041295,1,07,000,00,1,1,01,A01
201700041296,0,33,000,00,1,1,01,A01
201700041297,1,07,000,00,2,7,15,A01
201700041297,2,07,000,00,2,1,01,B01
201700041298,0,07,000,00,2,1,01,B01
201700041298,0,07,000,00,2,1,15,A01
201700041299,1,07,000,00,1,1,01,A01
201700041300,0,07,000,00,2,1,15,A01
201700041300,0,33,000,00,2,1,01,B01
201700041301,1,07,000,00,2,4,01,C01
201700041301,1,07,000,00,2,4,02,B01
201700041301,1,07,000,00,2,1,02,A01
201700041302,0,07,000,00,1,2,01,A01
201700041303,1,02,000,00,1,8,02,A01
201700041304,1,10,000,00,1,4,04,A01
201700041305,1,32,000,00,9,1,01,A01
201700041306,2,33,000,00,2,1,01,B01
201700041306,2,07,000,00,2,3,11,A01
201700041307,1,32,000,00,2,7,01,A01
201700041307,1,07,000,00,2,1,01,B01
201700041308,1,30,000,00,2,1,02,A01
201700041308,1,37,001,00,2,5,02,B01
201700041309,1,32,000,00,2,0,17,A01
201700041309,1,07,000,00,2,0,15,Z01
201700041310,2,15,000,00,2,2,01,A01
201700041310,2,07,000,00,2,4,00,B01
201700041310,0,07,000,00,2,3,09,C01
201700041310,1,07,000,00,2,6,01,D01
201700041311,1,32,000,00,2,2,02,A01
201700041311,1,10,000,00,2,3,02,B01
201700041312,0,07,000,15,2,9,01,A01
201700041312,0,07,000,00,2,1,01,B01
201700041313,2,07,000,00,1,2,01,A01
201700041314,0,07,000,00,1,3,00,A01
201700041315,1,07,000,00,1,3,00,A01
201700041316,0,07,000,00,1,3,01,A01
201700041317,0,07,000,00,1,6,01,A01
201700041318,0,07,000,00,1,1,01,A01
201700041319,1,30,000,15,2,1,19,B01
201700041319,1,07,000,15,2,3,09,A01
201700041320,2,07,000,00,2,6,10,A01
201700041320,2,32,000,00,2,1,01,B01
201700041321,1,99,000,00,1,5,04,A01
201700041322,2,07,000,00,2,8,01,A01
201700041322,0,07,000,00,2,1,00,Z01
201700041323,0,07,000,00,1,4,04,A01
201700041324,1,34,000,00,0,8,14,B01
201700041324,1,07,000,00,0,8,01,C01
201700041324,1,07,000,00,0,1,19,A01
201700041325,1,07,000,00,2,2,01,A01
201700041325,2,33,000,00,2,1,01,B01
201700041326,1,02,000,00,1,1,09,A01
201700041327,0,02,000,00,2,1,01,A01
201700041327,0,07,000,00,2,3,01,B01
201700041328,2,07,000,00,1,1,02,Z01
201700041329,0,32,000,00,0,8,16,B01
201700041329,0,07,000,00,0,1,15,A01
201700041330,1,30,000,00,2,1,02,B01
201700041330,1,07,000,00,2,0,00,Z01
201700041331,0,07,000,00,1,2,01,A01
201700041332,1,07,000,00,2,5,09,A01
201700041332,1,37,000,00,2,3,02,B01
201700041333,1,07,000,00,1,8,01,A01
201700041334,0,35,000,00,1,0,00,Z01
201700041335,1,14,000,00,1,1,02,A01
201700041336,0,02,000,00,2,1,10,A01
201700041336,2,07,000,00,2,3,00,B01
201700041337,2,33,000,00,2,4,02,A01
201700041337,2,07,000,00,2,6,02,B01
201700041338,2,07,000,00,2,1,09,A01
201700041338,2,01,000,00,2,6,01,B01
201700041339,1,07,000,00,2,3,00,A01
201700041339,2,07,000,00,2,2,19,B01
201700041340,2,07,000,00,1,1,01,Z01
201700041341,1,07,000,00,2,2,15,A01
201700041341,1,33,000,00,2,1,01,B01
201700041342,2,07,000,00,0,3,02,A01
201700041342,2,31,000,00,2,1,21,B01
201700041342,1,07,000,00,2,3,21,C01
201700041343,1,07,000,09,1,8,20,A01
201700041344,2,07,000,00,2,3,20,A01
201700041344,2,33,000,00,2,2,21,B01
201700041345,1,07,000,00,1,1,02,A01
201700041346,1,07,000,00,2,6,01,A01
201700041346,1,31,000,00,2,1,01,B01
201700041347,1,07,000,00,1,1,19,A01
201700041348,1,07,000,00,1,0,02,Z01
201700041349,2,07,000,00,2,2,11,A01
201700041349,2,31,000,00,2,7,17,B01
201700041350,1,07,000,00,1,4,04,Z01
201700041351,0,07,000,00,1,1,16,A01
201700041352,1,07,000,00,2,8,13,A01
201700041352,1,31,000,00,2,2,02,B01
201700041353,1,33,000,00,2,7,17,B01
201700041353,1,07,000,00,2,2,09,A01
201700041354,2,07,000,00,1,4,04,A01
201700041355,2,07,000,00,1,2,01,A01
201700041356,2,07,000,00,2,7,19,A01
201700041356,1,07,000,00,2,1,19,B01
201700041356,1,07,000,01,0,6,00,C01
201700041357,1,07,000,00,0,1,00,A01
201700041358,1,07,000,00,1,3,01,A01
201700041359,1,07,000,00,1,2,21,A01
201700041360,1,02,000,00,2,1,01,A01
201700041360,1,07,000,00,2,8,01,B01
201700041361,1,07,000,15,1,8,21,A01
201700041362,1,07,000,00,1,1,01,A01
201700041363,1,31,000,00,1,0,00,Z01
201700041364,1,99,000,00,2,1,09,B01
201700041364,2,07,000,00,0,2,11,Z01
201700041365,1,34,000,00,1,1,17,A01
201700041366,1,07,000,00,2,2,11,A01
201700041366,2,31,000,00,2,1,01,B01
201700041367,1,07,000,00,2,2,09,A01
201700041367,1,37,000,00,2,3,07,B01
201700041368,2,33,000,08,0,1,02,A01
201700041368,2,07,000,00,2,5,02,B01
201700041369,1,07,000,00,2,3,19,A01
201700041369,1,33,000,00,2,2,19,B01
201700041370,2,13,000,00,2,2,14,A01
201700041370,2,07,000,00,2,6,01,B01
201700041371,1,07,000,00,2,1,02,A01
201700041371,1,07,000,00,2,9,02,B01
201700041371,1,07,000,00,2,4,02,C01
201700041372,1,07,000,00,1,1,01,A01
201700041373,1,07,000,00,2,2,16,A01
201700041373,1,31,000,00,2,2,16,B01
201700041374,2,31,000,00,2,1,07,A01
201700041374,2,07,000,00,0,2,23,B01
201700041375,1,31,000,00,2,3,18,A01
201700041375,1,07,000,00,2,7,12,B01
201700041376,2,07,000,00,2,1,11,A01
201700041376,1,31,000,00,2,1,01,B01
201700041377,2,07,000,00,1,2,17,A01
201700041378,1,07,000,00,2,2,01,A01
201700041378,1,07,000,00,2,5,11,B01
201700041379,2,07,000,00,1,2,01,A01
201700041380,1,07,000,00,2,1,02,A01
201700041380,1,07,000,00,9,4,02,B01
201700041381,1,07,000,00,1,1,00,Z01
201700041382,2,01,000,00,2,1,05,B01
201700041382,1,07,000,00,9,2,09,A01
201700041383,2,07,000,00,1,1,02,A01
201700041384,1,31,000,00,1,1,00,A01
201700041385,1,01,000,00,2,8,02,B01
201700041385,2,07,000,00,2,1,15,Z01
201700041386,1,07,000,00,2,1,15,A01
201700041386,2,07,000,00,2,1,01,B01
201700041387,1,31,000,00,1,0,02,A01
201700041388,1,07,000,00,1,2,01,A01
201700041389,0,10,000,00,1,4,20,A01
201700041390,1,07,000,00,2,5,02,A01
201700041390,1,07,000,01,0,1,02,B01
201700041391,1,07,000,00,2,2,02,A01
201700041391,1,07,000,00,2,3,09,B01
201700041392,1,07,000,00,2,1,15,A01
201700041392,2,07,000,00,2,1,01,B01
201700041393,1,07,000,00,1,1,14,A01
201700041394,2,07,000,00,2,1,02,A01
201700041394,2,07,000,06,1,4,14,B01
201700041395,2,34,000,00,2,8,01,A01
201700041395,2,07,000,00,2,5,04,B01
201700041396,2,34,000,00,0,0,00,A01
201700041397,2,07,000,00,1,3,21,A01
201700041398,2,07,000,00,2,2,20,A01
201700041398,2,32,000,00,2,6,01,B01
201700041399,2,07,000,00,2,1,15,A01
201700041399,1,07,000,00,2,3,01,B01
201700041399,2,07,000,00,2,1,02,C01
201700041400,2,07,000,01,9,0,22,A01
201700041400,2,01,000,01,0,0,09,B01
201700041400,2,07,000,14,0,1,09,C01
201700041401,1,07,000,00,2,3,10,A01
201700041401,1,34,000,00,2,9,10,B01
201700041402,1,30,000,00,1,1,09,Z01
201700041403,1,07,000,00,1,1,00,A01
201700041404,2,07,000,00,1,4,02,B01
201700041405,1,07,000,00,1,2,01,A01
201700041406,2,07,000,00,2,3,09,A01
201700041406,1,01,000,00,2,1,02,B01
201700041407,1,07,000,00,2,3,15,A01
201700041407,2,33,000,00,2,6,01,B01
201700041408,1,10,000,00,2,1,01,A01
201700041408,1,33,000,00,2,4,01,B01
201700041409,1,07,000,00,9,1,01,A01
201700041409,1,01,000,00,2,4,19,B01
201700041410,2,34,000,00,2,1,01,A01
201700041410,2,07,000,00,2,4,01,B01
201700041411,1,07,000,00,1,2,01,A01
201700041412,1,07,000,00,1,0,21,Z01
201700041413,1,07,000,00,2,1,02,A01
201700041413,1,07,000,00,2,9,02,B01
201700041413,1,07,000,00,2,4,02,C01
201700041414,1,33,000,00,2,1,07,A01
201700041414,1,10,000,00,2,4,10,B01
201700041415,1,33,000,06,2,2,17,A01
201700041415,1,07,000,00,2,3,15,B01
201700041416,1,02,000,00,2,4,01,A01
201700041416,1,07,000,00,2,2,02,Z01
201700041417,1,99,000,00,2,8,15,A01
201700041417,1,31,000,00,2,7,17,B01
201700041418,1,07,000,00,1,3,01,A01
201700041419,2,07,000,00,2,3,10,A01
201700041419,2,07,000,00,2,1,02,B01
201700041420,1,07,000,00,2,1,02,A01
201700041420,1,30,000,00,2,6,02,B01
201700041421,2,07,000,00,0,0,09,A01
201700041421,2,34,000,00,0,0,09,B01
201700041422,1,10,000,00,2,3,09,A01
201700041422,2,34,000,00,2,2,11,B01
201700041423,2,07,000,00,2,1,01,A01
201700041423,2,34,000,00,2,4,01,B01
201700041424,2,07,000,00,1,2,00,A01
201700041425,1,07,000,00,1,3,21,A01
201700041426,2,07,000,00,2,3,14,A01
201700041426,1,01,000,00,2,7,02,B01
201700041427,2,07,000,00,2,8,22,A01
201700041427,2,34,000,00,2,1,01,B01
201700041428,1,02,000,00,1,1,09,A01
201700041429,2,03,000,00,2,2,01,A01
201700041429,2,07,000,00,2,1,01,B01
201700041430,2,33,000,00,2,7,01,A01
201700041431,1,07,000,00,1,2,16,A01
201700041432,2,07,000,00,1,2,01,A01
201700041433,1,34,000,00,1,0,17,A01
201700041434,2,10,000,00,2,3,15,A01
201700041434,2,02,000,00,2,5,17,B01
201700041435,2,10,000,00,2,1,02,A01
201700041435,2,07,000,00,2,4,01,B01
201700041435,2,07,000,00,2,4,01,C01
201700041436,2,07,000,00,1,2,16,A01
201700041437,1,07,000,00,2,3,11,A01
201700041437,1,31,000,00,2,7,01,B01
201700041438,2,07,000,00,1,2,11,A01
201700041439,2,01,000,00,2,8,19,A01
201700041439,2,10,000,00,2,1,09,Z01
201700041440,2,07,000,00,1,1,02,A01
201700041441,2,07,000,15,1,2,01,A01
201700041442,1,07,000,09,2,1,00,A01
201700041442,1,07,000,00,2,1,00,B01
201700041443,2,07,000,00,2,7,12,A01
201700041443,2,33,000,00,2,1,03,B01
201700041444,1,07,000,00,1,1,01,A01
201700041445,1,10,000,00,1,2,16,A01
201700041446,0,07,000,00,1,1,00,A01
201700041447,0,07,000,00,0,5,12,A01
201700041447,0,07,000,00,0,0,00,Z01
201700041448,0,07,000,00,0,0,00,A01
201700041448,0,01,000,00,2,1,00,B01
201700041449,0,07,000,00,2,2,02,A01
201700041449,0,07,000,00,2,1,02,B01
201700041450,0,07,000,00,1,3,02,A01
201700041451,0,10,000,00,1,0,00,A01
201700041452,0,07,000,00,0,4,02,A01
201700041452,0,10,000,00,2,1,02,B01
201700041453,0,07,000,00,0,4,01,A01
201700041453,0,07,000,00,0,1,00,B01
201700041454,0,10,000,00,2,0,00,Z01
201700041454,0,07,000,00,0,0,00,A01
201700041455,2,07,000,00,1,0,00,A01
201700041456,0,07,000,00,2,1,16,A01
201700041456,0,07,000,01,2,2,02,B01
201700041457,0,10,000,00,1,1,01,A01
201700041458,0,30,000,00,2,8,02,A01
201700041458,0,10,000,00,2,0,00,B01
201700041459,0,07,000,00,2,1,05,A01
201700041459,0,07,000,00,2,1,01,B01
201700041460,0,07,000,00,0,1,00,A01
201700041461,0,07,000,00,1,0,00,A01
201700041462,0,07,000,00,1,0,00,Z01
201700041463,0,07,000,00,0,7,01,A01
201700041463,0,07,000,00,0,1,01,B01
201700041464,0,07,000,00,1,2,01,A01
201700041465,0,07,000,00,2,1,16,A01
201700041465,0,07,000,00,2,3,01,B01
201700041466,0,07,000,02,0,8,00,A01
201700041467,0,07,000,00,2,1,01,B01
201700041467,0,07,000,00,2,1,01,A01
201700041468,0,07,000,00,2,1,01,A01
201700041468,0,07,000,00,2,1,01,B01
201700041469,0,07,000,00,2,1,01,A01
201700041469,0,07,000,00,0,4,23,B01
201700041470,0,07,000,00,1,2,16,A01
201700041471,0,07,000,00,2,2,01,A01
201700041471,0,31,000,00,0,4,02,B01
201700041472,0,07,000,00,2,1,02,A01
201700041472,0,07,000,00,2,4,02,B01
201700041473,2,07,000,00,1,1,01,A01
201700041474,0,07,000,00,1,0,01,A01
201700041475,0,07,000,00,0,5,02,B01
201700041475,0,07,000,01,0,2,02,A01
201700041476,1,07,000,00,2,6,01,A01
201700041476,1,07,000,00,2,3,01,B01
201700041477,1,07,000,00,2,1,01,B01
201700041477,2,07,000,00,2,2,15,A01
201700041478,1,10,000,06,2,1,01,A01
201700041478,1,10,000,00,2,1,05,B01
201700041479,1,07,000,00,2,2,01,A01
201700041479,1,07,000,00,2,2,15,B01
201700041480,0,07,000,01,0,1,00,A01
201700041480,0,07,000,00,2,1,02,Z01
201700041481,1,07,000,00,2,1,02,A01
201700041481,1,07,000,00,2,9,02,B01
201700041481,1,07,000,00,2,4,02,C01
201700041482,0,07,000,00,1,3,19,A01
201700041483,1,07,000,00,1,1,00,A01
201700041484,2,07,000,00,2,1,15,B01
201700041484,1,07,000,08,2,1,01,A01
201700041485,1,07,000,00,2,1,19,A01
201700041485,2,34,000,00,2,9,19,B01
201700041486,1,07,000,00,2,4,02,A01
201700041486,1,07,000,00,2,4,02,B01
201700041486,1,07,000,00,2,1,02,C01
201700041487,1,07,000,00,1,4,04,A01
201700041488,,07,000,,,,,A01
201700041488,1,33,000,00,2,2,01,B01
201700041489,1,37,000,00,2,1,01,B01
201700041489,1,07,000,00,2,7,00,A01
201700041490,1,07,000,01,2,2,17,A01
201700041490,1,99,000,01,0,5,02,Y01
201700041491,1,07,000,00,1,6,05,A01
201700041492,1,07,000,00,2,4,01,A01
201700041492,1,07,000,00,2,1,02,B01
201700041493,1,07,000,00,2,2,05,A01
201700041493,1,07,000,00,2,2,02,B01
201700041494,2,07,000,00,2,2,01,B01
201700041494,1,07,000,00,2,3,01,A01
201700041495,2,07,000,00,9,4,02,A01
201700041495,1,10,000,00,2,1,00,B01
201700041496,1,07,000,02,2,2,01,B01
201700041496,1,07,000,00,2,3,01,A01