Num_Acc,senc,catv,occutc,obs,obsm,choc,manv,num_veh
201700041497,2,07,000,00,1,3,15,A01
201700041498,1,07,000,00,2,5,15,A01
201700041498,2,99,000,00,2,1,00,B01
201700041499,2,07,000,00,2,4,23,A01
201700041499,2,07,000,00,2,1,17,B01
201700041500,1,07,000,00,0,7,02,A01
201700041501,1,07,000,00,2,3,16,A01
201700041501,1,33,000,00,2,3,13,B01
201700041502,1,07,000,00,2,4,02,A01
201700041502,1,20,000,00,2,1,02,B01
201700041502,1,07,000,00,2,4,02,C01
201700041503,1,07,000,00,2,1,01,A01
201700041503,1,07,000,00,2,8,16,B01
201700041504,0,07,000,00,2,3,17,A01
201700041504,1,31,000,00,2,8,01,B01
201700041505,1,07,000,00,1,1,01,A01
201700041506,1,07,000,00,2,1,01,A01
201700041506,1,07,000,00,2,4,02,B01
201700041507,1,10,000,00,1,2,04,A01
201700041507,2,07,000,00,2,0,24,B01
201700041508,1,07,000,14,0,0,14,A01
201700041508,1,31,000,00,2,7,01,B01
201700041509,2,20,000,00,1,0,04,A01
201700041509,1,01,000,00,2,0,02,B01
201700041510,2,20,000,00,2,1,01,B01
201700041510,1,07,000,00,2,5,15,A01
201700041511,1,07,000,00,2,6,19,A01
201700041511,1,07,000,00,2,3,15,B01
201700041512,1,07,000,00,1,0,15,A01
201700041513,2,34,000,00,1,2,01,A01
201700041514,0,07,000,08,0,1,06,A01
201700041515,1,07,000,08,0,1,14,A01
201700041516,1,07,000,00,9,2,15,A01
201700041516,1,01,000,00,2,3,16,B01
201700041517,1,33,000,00,1,1,17,A01
201700041518,1,07,000,00,2,1,02,A01
201700041518,1,07,000,00,2,4,02,B01
201700041518,1,07,000,00,2,4,02,C01
201700041518,1,07,000,00,9,4,02,D01
201700041519,1,07,000,00,2,1,01,B01
201700041519,1,07,000,01,2,5,01,A01
201700041520,1,33,000,00,2,0,17,A01
201700041521,1,07,000,00,2,4,01,A01
201700041521,1,07,000,00,2,1,01,B01
201700041522,1,07,000,00,2,4,23,A01
201700041522,1,07,000,00,2,1,02,B01
201700041523,1,07,000,00,2,2,17,A01
201700041523,1,07,000,00,2,1,00,B01
201700041524,1,99,000,00,2,0,01,A01
201700041525,1,07,000,00,2,7,19,A01
201700041525,1,07,000,00,2,1,19,B01
201700041526,1,31,000,12,0,0,15,A01
201700041527,1,07,000,00,2,6,01,A01
201700041527,1,07,000,00,2,2,12,B01
201700041528,1,07,000,00,2,7,19,A01
201700041528,2,07,000,00,2,2,24,B01
201700041529,1,07,000,00,2,7,19,A01
201700041529,1,10,000,00,2,1,09,B01
201700041530,2,07,000,00,2,8,15,A01
201700041530,2,10,000,00,2,1,01,B01
201700041531,1,30,000,01,0,6,01,A01
201700041531,1,07,000,00,2,6,01,B01
201700041532,1,34,000,00,2,8,21,B01
201700041532,1,07,000,00,2,2,21,A01
201700041533,0,37,000,00,1,1,09,A01
201700041534,1,07,000,02,2,1,05,A01
201700041534,1,07,000,00,2,1,01,B01
201700041535,1,07,000,00,2,1,02,A01
201700041535,1,07,000,00,2,1,00,B01
201700041536,0,07,000,00,2,3,13,A01
201700041536,0,07,000,00,2,8,01,B01
201700041537,1,33,000,00,2,7,01,A01
201700041537,1,07,000,00,2,3,02,B01
201700041538,1,10,000,00,1,8,19,B01
201700041539,1,33,000,00,2,1,01,A01
201700041539,1,07,000,00,2,5,01,B01
201700041540,1,31,000,00,2,3,01,A01
201700041540,1,07,000,00,9,3,01,B01
201700041541,1,07,000,00,1,1,13,A01
201700041542,1,07,000,00,2,1,07,A01
201700041542,1,07,000,00,2,4,07,B01
201700041543,1,07,000,00,2,3,16,A01
201700041543,1,07,000,08,2,1,19,B01
201700041544,1,07,000,00,2,3,19,A01
201700041544,1,07,000,00,2,6,19,B01
201700041545,1,07,000,00,2,1,09,A01
201700041545,1,07,000,00,2,4,09,B01
201700041546,2,07,000,15,0,4,20,A01
201700041547,1,07,000,00,1,8,09,A01
201700041548,1,07,000,00,1,3,21,A01
201700041549,1,07,000,00,2,7,15,A01
201700041549,1,32,000,00,2,1,01,B01
201700041550,1,07,000,00,1,1,02,A01
201700041551,1,07,000,08,0,1,13,A01
201700041552,1,07,000,00,2,3,15,A01
201700041552,2,32,000,00,2,3,19,B01
201700041553,1,07,000,00,2,3,15,A01
201700041553,2,32,000,00,2,3,19,B01
201700041554,2,07,000,00,2,2,10,A01
201700041554,2,07,000,00,2,3,11,B01
201700041555,1,07,000,01,0,1,01,A01
201700041556,1,07,000,00,2,1,10,A01
201700041556,1,07,000,00,2,7,07,B01
201700041557,1,07,000,00,2,3,09,A01
201700041557,1,31,000,00,2,2,01,B01
201700041558,2,07,000,00,2,4,02,A01
201700041558,2,07,000,00,2,1,02,Z01
201700041559,1,07,000,00,2,6,02,A01
201700041559,1,07,000,00,2,0,00,Z01
201700041560,1,07,000,00,2,4,23,A01
201700041560,1,10,000,00,2,1,02,Z01
201700041561,1,07,000,00,2,2,09,A01
201700041561,1,13,000,00,2,6,21,B01
201700041562,1,37,000,00,2,5,14,A01
201700041562,1,33,000,00,2,1,21,B01
201700041563,1,07,000,06,0,1,00,A01
201700041564,1,37,000,00,1,2,07,A01
201700041565,1,07,000,00,0,1,13,A01
201700041566,2,31,000,00,2,2,17,A01
201700041566,2,07,000,00,2,3,15,B01
201700041567,1,07,000,00,2,1,02,A01
201700041567,1,07,000,00,2,4,23,B01
201700041568,1,07,000,00,1,1,01,A01
201700041569,1,07,000,00,1,1,19,A01
201700041570,1,07,000,00,1,1,02,A01
201700041571,1,07,000,00,2,1,01,A01
201700041571,1,07,000,00,2,7,01,B01
201700041572,1,07,000,00,2,1,01,A01
201700041572,2,07,000,00,2,1,13,B01
201700041573,1,07,000,00,1,4,04,A01
201700041574,1,07,000,00,2,7,05,A01
201700041574,1,10,000,00,2,1,01,B01
201700041575,0,32,000,00,0,0,21,A01
201700041576,0,02,000,00,2,1,17,B01
201700041576,0,07,000,00,2,3,15,A01
201700041577,0,07,000,00,1,3,01,A01
201700041578,1,07,000,00,1,1,21,A01
201700041578,1,07,000,00,2,4,01,B01
201700041579,0,07,000,00,2,1,01,A01
201700041579,0,07,000,00,0,4,02,B01
201700041580,0,07,000,00,2,3,02,A01
201700041580,0,07,000,00,0,6,02,B01
201700041581,0,07,000,00,2,3,11,A01
201700041581,0,30,000,00,2,1,01,B01
201700041582,1,07,000,00,2,1,09,A01
201700041582,1,34,000,00,2,7,01,B01
201700041583,1,07,000,01,0,0,20,A01
201700041584,1,07,000,00,1,1,01,A01
201700041585,2,07,000,15,1,2,01,A01
201700041586,1,07,000,00,2,1,15,A01
201700041586,1,07,000,00,2,3,01,B01
201700041587,1,02,000,00,2,8,15,A01
201700041588,1,07,000,00,2,2,00,B01
201700041588,1,30,000,00,2,8,15,A01
201700041589,1,07,000,00,1,1,02,A01
201700041590,2,33,000,00,1,1,02,A01
201700041591,2,07,000,00,1,2,01,A01
201700041592,1,15,000,00,0,0,23,A01
201700041592,1,34,000,01,0,0,24,B01
201700041593,2,99,000,00,2,2,16,B01
201700041593,1,07,000,00,9,3,15,A01
201700041594,1,07,000,00,2,3,19,B01
201700041594,1,07,000,00,2,1,19,A01
201700041595,1,07,000,00,2,3,16,A01
201700041595,1,31,000,00,2,2,01,B01
201700041596,2,07,000,00,1,1,19,A01
201700041597,1,07,000,00,2,1,15,A01
201700041597,1,34,000,00,2,3,01,B01
201700041598,1,07,000,00,1,4,15,A01
201700041599,2,33,000,00,2,7,17,A01
201700041599,2,07,000,00,2,1,10,B01
201700041600,1,31,000,00,9,1,01,A01
201700041600,1,01,000,00,2,8,19,B01
201700041601,1,07,000,00,2,6,02,A01
201700041601,1,07,000,00,2,1,02,B01
201700041602,2,37,000,00,2,1,01,A01
201700041602,2,07,000,01,2,8,09,B01
201700041603,1,07,000,00,1,2,01,A01
201700041604,1,07,000,01,0,2,14,A01
201700041605,1,07,000,00,2,4,02,A01
201700041605,1,07,000,00,2,1,02,B01
201700041606,2,07,000,00,2,3,15,A01
201700041606,2,34,000,00,2,7,17,B01
201700041607,0,07,000,00,2,2,15,A01
201700041607,1,07,000,00,2,3,09,B01
201700041608,1,07,000,00,2,3,07,A01
201700041608,1,07,000,00,2,1,01,B01
201700041609,2,07,000,00,2,5,01,A01
201700041609,2,07,000,00,2,3,15,B01
201700041610,1,07,000,00,2,3,01,A01
201700041610,1,33,000,00,0,1,17,B01
201700041611,2,07,000,00,1,1,01,A01
201700041612,1,07,000,00,2,2,15,A01
201700041612,1,33,000,00,2,1,09,B01
201700041613,1,07,000,00,2,3,13,A01
201700041613,2,07,000,00,2,3,23,B01
201700041613,2,07,000,00,2,3,23,C01
201700041614,1,07,000,00,2,1,15,A01
201700041615,1,99,000,00,1,1,01,A01
201700041616,1,07,000,00,2,3,15,A01
201700041616,1,34,000,00,2,1,17,B01
201700041617,1,07,000,00,2,2,15,A01
201700041617,1,33,000,00,2,1,01,B01
201700041618,1,07,000,00,2,4,13,A01
201700041618,1,33,000,00,2,1,17,B01
201700041619,1,07,000,00,2,9,21,A01
201700041619,1,07,000,00,2,1,21,B01
201700041620,1,07,000,02,0,1,13,A01
201700041621,1,07,000,00,2,3,13,A01
201700041621,2,37,000,00,2,3,13,B01
201700041622,2,07,000,00,2,7,17,A01
201700041622,2,37,000,00,2,8,17,B01
201700041623,1,07,000,00,2,2,15,A01
201700041623,2,33,000,00,2,1,08,B01
201700041624,1,07,000,00,2,8,10,A01
201700041624,1,07,000,00,2,2,01,B01
201700041624,1,07,000,00,2,3,21,C01
201700041625,1,07,000,00,1,1,09,A01
201700041626,1,07,000,02,0,1,15,A01
201700041627,1,07,000,00,2,2,16,A01
201700041627,1,33,000,00,2,1,18,B01
201700041628,2,07,000,00,2,1,15,A01
201700041628,1,33,000,00,2,8,01,B01
201700041629,1,07,000,00,1,1,19,A01
201700041630,1,07,000,00,1,2,01,A01
201700041631,2,07,000,00,1,1,01,A01
201700041632,1,07,000,14,0,4,13,A01
201700041632,1,07,000,00,2,1,02,B01
201700041633,1,07,000,00,1,1,15,A01
201700041634,1,10,000,00,1,3,16,A01
201700041635,1,10,000,00,1,3,15,A01
201700041636,1,07,000,00,2,3,16,A01
201700041636,2,07,000,00,2,8,09,B01
201700041636,1,07,000,00,2,4,23,C01
201700041637,0,07,000,00,0,3,20,A01
201700041637,0,07,000,00,0,2,02,B01
201700041638,0,07,000,00,0,3,11,A01
201700041638,0,33,000,00,2,1,01,B01
201700041639,0,15,000,00,2,1,02,A01
201700041639,0,07,000,00,2,4,23,B01
201700041640,0,07,000,00,2,3,01,B01
201700041640,0,07,000,00,2,3,15,A01
201700041641,0,07,000,14,0,3,06,A01
201700041642,0,07,000,00,1,8,01,A01
201700041643,0,07,000,00,1,3,15,A01
201700041644,0,07,000,00,1,2,01,A01
201700041645,0,07,000,00,2,2,01,B01
201700041645,0,07,000,00,2,1,01,A01
201700041646,0,32,000,00,1,1,01,A01
201700041647,0,07,000,00,2,2,16,A01
201700041647,0,07,000,08,2,3,01,B01
201700041647,0,07,000,00,2,2,01,C01
201700041648,0,07,000,01,2,2,00,B01
201700041648,0,07,000,01,2,1,01,A01
201700041649,0,07,000,00,0,1,01,A01
201700041649,0,33,000,00,0,4,01,B01
201700041650,1,33,000,00,2,3,01,B01
201700041650,2,07,000,00,2,3,10,A01
201700041651,1,30,000,00,2,8,01,A01
201700041651,1,07,000,00,2,7,02,B01
201700041652,0,34,000,00,0,2,00,B01
201700041652,0,07,000,00,0,2,00,A01
201700041653,1,03,000,00,0,4,00,B01
201700041653,1,03,000,00,2,1,00,A01
201700041654,0,07,000,00,2,7,12,A01
201700041654,0,07,000,00,2,3,01,B01
201700041654,0,07,000,00,2,1,01,C01
201700041655,0,07,000,00,2,8,19,A01
201700041655,0,07,000,00,2,2,19,B01
201700041656,0,10,000,00,0,3,10,A01
201700041656,0,33,000,00,2,1,00,B01
201700041657,0,07,000,00,1,3,15,A01
201700041658,0,07,000,00,0,4,23,A01
201700041658,0,07,000,00,2,1,01,B01
201700041659,0,07,000,00,2,1,15,A01
201700041659,0,34,000,00,2,8,01,B01
201700041660,2,07,000,00,1,2,01,A01
201700041661,1,07,000,00,1,2,01,A01
201700041662,1,07,000,00,1,0,00,A01
201700041663,2,07,000,00,1,2,01,A01
201700041664,1,07,000,00,2,1,01,A01
201700041664,1,07,000,14,2,7,01,B01
201700041665,2,37,000,00,1,3,07,A01
201700041666,2,07,000,00,1,0,09,A01
201700041667,1,07,000,00,1,0,02,A01
201700041668,1,33,000,00,1,2,00,A01
201700041669,1,07,000,00,2,1,01,A01
201700041669,1,14,000,00,2,8,09,B01
201700041670,1,07,000,00,9,1,01,A01
201700041670,1,01,000,00,2,4,01,B01
201700041671,1,15,000,00,1,7,19,A01
201700041672,2,07,000,00,0,8,22,A01
201700041673,1,31,000,01,0,2,01,A01
201700041673,1,07,000,01,0,3,09,B01
201700041674,1,07,000,00,1,1,11,A01
201700041675,1,07,000,00,2,2,15,A01
201700041675,2,07,000,00,2,3,01,B01
201700041676,0,07,000,00,1,7,19,A01
201700041677,1,07,000,00,2,1,13,A01
201700041677,2,07,000,00,2,8,01,B01
201700041678,1,07,000,00,1,2,01,A01
201700041679,2,07,000,00,2,2,19,A01
201700041679,1,07,000,00,2,3,15,B01
201700041680,1,10,000,00,2,1,02,A01
201700041680,1,07,000,00,2,4,23,B01
201700041681,2,07,000,00,2,0,23,A01
201700041681,2,34,000,00,2,1,01,B01
201700041681,2,15,000,00,2,6,01,C01
201700041682,1,07,000,00,2,4,23,A01
201700041682,1,07,000,00,2,1,02,B01
201700041683,1,07,000,14,2,1,09,A01
201700041683,1,07,000,00,2,7,10,B01
201700041684,2,07,000,00,2,1,09,A01
201700041684,2,07,000,00,2,7,01,B01
201700041685,1,07,000,01,1,1,09,A01
201700041686,1,10,000,00,0,0,15,A01
201700041686,1,32,000,00,0,3,15,B01
201700041687,2,10,000,00,2,2,12,A01
201700041687,2,37,000,00,2,3,07,B01
201700041688,1,07,000,00,2,1,02,A01
201700041688,1,07,000,00,2,4,02,B01
201700041688,1,07,000,00,9,4,02,C01
201700041689,2,07,000,00,9,2,01,A01
201700041690,1,37,000,00,0,7,07,A01
201700041691,2,99,000,00,2,3,10,A01
201700041691,2,33,000,00,2,9,21,B01
201700041691,2,33,000,00,2,5,21,C01
201700041692,1,07,000,00,1,2,00,A01
201700041693,1,31,000,00,2,2,17,A01
201700041693,1,07,000,00,2,6,15,B01
201700041694,1,07,000,00,1,3,15,A01
201700041695,1,34,000,00,2,1,18,A01
201700041695,1,07,000,00,2,2,16,B01
201700041696,0,33,000,00,2,7,16,A01
201700041696,0,07,000,00,2,3,01,B01
201700041697,1,07,000,00,2,4,01,A01
201700041698,1,07,000,00,2,4,23,A01
201700041698,1,31,000,14,2,3,09,B01
201700041699,1,07,000,00,1,3,12,A01
201700041700,1,07,000,00,2,3,15,A01
201700041700,1,07,000,00,2,2,17,B01
201700041701,1,07,000,00,2,1,02,A01
201700041701,1,07,000,00,2,4,01,B01
201700041701,1,07,000,00,2,4,02,C01
201700041701,1,07,000,00,2,4,02,D01
201700041702,1,07,000,14,0,1,13,A01
201700041702,2,07,000,14,0,8,01,B01
201700041702,2,10,000,14,9,8,01,C01
201700041702,2,07,000,14,0,1,01,D01
201700041703,1,07,000,00,1,2,15,A01
201700041704,0,33,000,00,2,1,02,A01
201700041704,0,07,000,00,2,7,16,B01
201700041705,1,31,000,00,2,4,23,A01
201700041705,1,07,000,14,0,1,02,B01
201700041706,1,07,000,00,1,1,01,A01
201700041707,1,07,000,00,2,1,02,A01
201700041707,1,07,000,00,0,4,02,B01
201700041708,0,07,000,00,0,8,09,A01
201700041708,0,07,000,00,2,1,09,B01
201700041709,1,07,000,12,2,3,06,A01
201700041709,2,07,000,00,2,8,01,B01
201700041710,0,07,000,00,1,1,02,A01
201700041711,2,07,000,00,2,1,02,A01
201700041711,2,07,000,00,2,4,01,B01
201700041712,1,07,000,00,2,1,24,A01
201700041712,1,07,000,01,0,1,01,B01
201700041713,1,07,000,00,2,1,01,A01
201700041713,1,07,000,00,2,1,13,B01
201700041714,1,07,000,00,2,3,19,B01
201700041714,1,34,000,16,2,3,16,A01
201700041715,0,10,000,00,1,4,04,A01
201700041716,1,33,000,00,2,7,02,A01
201700041716,1,07,000,00,2,6,09,B01
201700041717,2,07,000,00,1,1,09,A01
201700041718,0,07,000,00,0,0,00,A01
201700041719,1,07,000,08,2,7,01,A01
201700041719,1,07,000,01,2,1,16,B01
201700041720,0,07,000,02,0,1,16,A01
201700041721,1,07,000,00,1,3,19,A01
201700041722,2,07,000,00,1,2,01,A01
201700041723,1,07,000,00,1,2,19,A01
201700041724,1,07,000,00,1,3,01,A01
201700041725,1,07,000,00,2,8,15,A01
201700041725,1,33,000,00,2,7,17,B01
201700041726,2,33,000,09,2,1,17,A01
201700041726,2,99,000,00,2,3,15,B01
201700041727,2,07,000,00,1,2,01,A01
201700041728,0,07,000,04,2,9,09,A01
201700041728,0,07,000,00,2,3,01,B01
201700041729,2,33,000,00,2,8,07,B01
201700041729,2,07,000,00,2,2,09,A01
201700041730,2,01,000,00,2,4,01,A01
201700041730,2,14,000,00,2,7,01,B01
201700041731,0,07,000,00,2,1,02,A01
201700041731,0,07,000,00,2,4,02,B01
201700041732,0,31,000,00,0,1,02,A01
201700041732,0,07,000,00,0,4,02,B01
201700041733,1,17,000,00,1,0,02,A01
201700041734,1,07,000,00,1,1,01,A01
201700041735,1,07,000,00,2,1,02,A01
201700041735,1,07,000,00,2,4,02,B01
201700041736,1,07,000,00,4,3,19,A01
201700041736,1,40,000,00,2,2,19,B01
201700041737,1,07,000,00,1,2,01,A01
201700041738,1,30,000,00,2,1,15,A01
201700041738,1,33,000,00,2,1,02,B01
201700041739,2,07,000,00,2,1,00,A01
201700041739,1,07,000,00,2,2,17,B01
201700041740,2,33,000,00,2,2,01,A01
201700041740,2,07,000,00,2,1,15,B01
201700041741,2,07,000,00,2,1,00,B01
201700041741,2,07,000,00,2,8,00,A01
201700041742,2,07,000,00,2,2,16,A01
201700041742,2,30,000,00,2,3,01,B01
201700041743,0,07,000,00,9,1,15,A01
201700041743,0,34,000,00,2,8,00,B01
201700041744,0,07,000,00,1,2,17,A01
201700041745,2,07,000,00,2,3,11,A01
201700041745,2,34,000,00,2,1,02,B01
201700041746,1,07,000,00,2,4,02,A01
201700041746,1,07,000,00,2,1,02,B01
201700041747,1,07,000,00,2,7,01,A01
201700041747,1,07,000,00,2,2,15,B01
201700041748,0,07,000,00,0,0,23,A01
201700041748,0,07,000,00,0,1,00,B01
201700041749,1,01,000,00,2,1,01,B01
201700041749,1,13,000,00,9,3,15,A01
201700041750,1,07,000,15,2,1,17,A01
201700041750,2,37,000,00,2,1,01,B01
201700041751,1,07,000,00,2,2,02,A01
201700041751,2,07,000,00,2,5,15,B01
201700041752,1,07,000,00,0,2,14,A01
201700041753,1,31,000,00,2,1,09,A01
201700041753,1,07,000,00,2,2,09,B01
201700041753,1,07,000,00,2,2,09,C01
201700041754,2,31,000,00,2,1,05,A01
201700041754,1,07,000,00,2,1,16,B01
201700041755,1,37,000,00,2,1,02,A01
201700041755,1,07,000,00,2,4,02,B01
201700041755,1,07,000,00,2,4,02,C01
201700041756,2,10,000,00,1,1,09,A01
201700041757,1,33,000,00,2,1,01,A01
201700041757,2,07,000,00,2,6,19,B01
201700041758,1,31,000,03,2,7,01,A01
201700041758,1,07,000,00,2,0,00,B01
201700041759,1,07,000,00,2,1,23,A01
201700041759,1,33,000,00,0,4,23,B01
201700041760,1,07,000,14,0,2,06,A01
201700041761,0,07,000,00,2,1,01,A01
201700041761,0,07,000,00,2,7,01,B01
201700041762,1,07,000,00,1,3,01,A01
201700041763,2,07,000,00,2,4,23,A01
201700041763,2,07,000,00,2,1,13,B01
201700041763,1,07,000,00,2,0,02,C01
201700041764,1,07,000,00,2,1,21,A01
201700041764,2,07,000,00,2,4,09,B01
201700041765,1,07,000,00,2,3,00,B01
201700041765,1,31,000,00,2,3,00,A01
201700041766,1,31,000,00,2,1,00,B01
201700041766,1,07,000,00,2,3,00,A01
201700041767,2,07,000,00,2,8,02,B01
201700041767,2,07,000,00,2,1,09,A01
201700041768,1,31,000,00,2,0,01,A01
201700041768,1,07,000,00,2,6,01,B01
201700041769,1,07,000,08,0,3,07,A01
201700041769,1,33,000,08,0,3,07,B01
201700041770,2,07,000,00,9,4,23,A01
201700041770,2,07,000,00,2,9,13,B01
201700041770,2,33,000,00,2,1,21,C01
201700041771,0,10,000,00,0,1,01,A01
201700041771,0,10,000,00,0,1,15,B01
201700041772,2,34,000,00,1,1,21,A01
201700041773,1,07,000,01,0,0,00,A01
201700041773,1,31,000,01,0,0,00,B01
201700041774,0,33,000,00,2,1,02,A01
201700041774,0,07,000,00,2,4,02,B01
201700041775,1,07,000,00,1,1,00,A01
201700041776,1,07,000,00,2,1,02,A01
201700041776,0,07,000,00,2,4,02,B01
201700041777,1,07,000,00,2,1,01,A01
201700041777,1,33,000,00,2,4,01,B01
201700041778,1,07,000,00,2,6,09,A01
201700041778,1,10,000,00,2,2,02,B01
201700041779,1,07,000,00,2,0,11,A01
201700041779,1,33,000,00,2,3,21,B01
201700041779,1,07,000,01,0,5,23,C01
201700041780,1,10,000,00,2,0,12,A01
201700041780,1,07,000,00,2,8,00,B01
201700041781,1,10,000,00,2,3,13,A01
201700041781,1,35,000,00,2,1,11,B01
201700041782,2,07,000,12,0,5,14,A01
201700041783,1,33,000,00,2,1,21,A01
201700041783,1,07,000,00,9,6,23,B01
201700041784,1,07,000,00,2,4,23,A01
201700041784,1,07,000,00,2,1,09,B01
201700041785,1,07,000,00,2,2,15,A01
201700041785,0,34,000,00,2,1,01,B01
201700041786,1,07,000,09,0,5,23,A01
201700041786,1,07,000,09,0,1,09,B01
201700041787,0,37,000,01,1,1,22,A01
201700041788,1,37,000,00,1,7,07,A01
201700041789,1,07,000,08,2,1,15,A01
201700041789,1,31,000,08,0,1,09,B01
201700041790,1,07,000,00,1,6,20,A01
201700041791,1,14,000,01,0,2,21,A01
201700041791,1,07,000,00,2,4,23,B01
201700041792,1,07,000,00,2,2,01,A01
201700041792,1,07,000,00,2,1,19,B01
201700041793,1,07,000,00,1,1,16,A01
201700041794,0,07,000,00,2,1,01,B01
201700041794,1,07,000,00,2,1,15,F01
201700041795,1,10,000,00,2,1,02,A01
201700041795,1,07,000,00,2,3,16,B01
201700041796,1,07,000,00,1,2,16,A01
201700041797,1,07,000,00,2,3,07,A01
201700041797,1,07,000,09,2,7,16,B01
201700041798,1,10,000,00,1,2,01,A01
201700041799,1,31,000,00,2,6,16,A01
201700041799,1,07,000,00,2,2,16,B01
201700041800,2,07,000,08,1,2,21,A01
201700041801,1,07,000,08,0,0,21,A01
201700041802,1,07,000,00,2,2,00,A01
201700041802,1,07,000,00,2,6,00,B01
201700041803,2,33,000,00,2,3,00,A01
201700041803,1,07,000,00,2,7,10,B01
201700041804,1,31,000,00,9,1,21,A01
201700041804,1,07,000,00,9,4,23,B01
201700041805,1,07,000,00,1,2,02,A01
201700041806,1,07,000,12,0,1,01,A01
201700041807,1,07,000,03,0,1,13,A01
201700041808,1,07,000,00,1,1,15,A01
201700041809,1,07,000,00,2,1,15,A01
201700041809,2,33,000,00,2,8,21,B01
201700041810,1,07,000,09,0,3,21,A01
201700041811,1,07,000,00,2,0,00,A01
201700041811,1,07,000,00,2,0,00,B01
201700041812,1,07,000,01,1,2,19,A01
201700041813,1,07,000,01,0,1,14,A01
201700041814,1,07,000,00,1,4,04,A01
201700041815,1,33,000,00,2,1,01,A01
201700041815,2,07,000,00,0,5,10,B01
201700041816,1,33,000,00,1,3,16,A01
201700041817,1,07,000,00,2,1,19,A01
201700041817,2,07,000,00,2,2,15,B01
201700041818,2,32,000,00,1,1,01,A01
201700041819,0,07,000,00,0,8,01,A01
201700041819,0,07,000,00,0,1,00,B01
201700041820,0,07,000,00,2,3,01,A01
201700041820,0,07,000,08,2,7,01,B01
201700041821,0,07,000,00,0,4,01,A01
201700041821,0,07,000,00,0,1,01,B01
201700041822,0,07,000,00,1,3,01,A01
201700041823,0,34,000,00,2,4,23,A01
201700041823,0,03,000,00,2,1,02,B01
201700041824,0,07,000,00,2,7,10,A01
201700041824,1,33,000,01,2,1,01,B01
201700041825,0,07,000,00,0,0,00,A01
201700041826,0,07,000,00,1,1,00,A01
201700041827,2,33,000,00,2,1,02,A01
201700041827,2,14,000,00,0,4,00,B01
201700041828,0,07,000,00,1,5,04,A01
201700041829,0,07,000,00,2,1,01,A01
201700041829,0,07,000,00,2,3,19,B01
201700041830,0,07,000,00,1,3,16,A01
201700041831,0,07,000,00,0,4,02,A01
201700041831,0,07,000,00,0,0,02,B01
201700041832,0,07,000,00,1,1,10,A01
201700041833,0,02,000,00,1,1,03,A01
201700041834,0,07,000,00,0,0,00,A01
201700041835,0,07,000,00,2,6,01,A01
201700041835,0,33,000,00,2,3,01,B01
201700041836,0,30,000,00,9,7,02,A01
201700041836,0,33,000,00,9,1,00,Z01
201700041837,0,30,000,00,0,8,01,A01
201700041838,0,31,000,01,2,1,05,A01
201700041838,0,07,000,00,2,1,00,B01
201700041839,0,31,000,00,1,1,00,A01
201700041840,0,07,000,00,0,0,04,A01
201700041840,0,34,000,00,0,1,00,B01
201700041841,0,10,000,00,1,1,00,A01
201700041842,1,07,000,08,0,1,00,A01
201700041843,1,07,000,00,2,1,00,A01
201700041843,0,07,000,00,2,1,00,B01
201700041844,0,07,000,03,0,1,02,A01
201700041845,1,07,000,06,2,1,00,B01
201700041845,0,07,000,00,2,3,00,A01
201700041846,0,32,000,00,1,1,01,A01
201700041847,0,07,000,00,1,3,01,A01
201700041848,2,07,000,00,2,1,02,A01
201700041848,2,07,000,00,0,4,02,B01
201700041849,0,07,000,00,0,1,00,A01
201700041850,0,07,000,00,0,1,02,A01
201700041850,0,07,000,00,0,4,02,B01
201700041851,0,07,000,00,2,3,00,B01
201700041851,0,01,000,00,2,2,00,A01
201700041852,1,03,000,01,0,2,02,A01
201700041853,0,07,000,00,2,1,11,A01
201700041853,0,07,000,00,0,5,00,B01
201700041854,2,07,000,00,2,3,01,A01
201700041854,1,07,000,00,2,3,01,B01
201700041855,2,07,000,00,1,7,02,A01
201700041856,0,07,000,00,2,5,02,B01
201700041856,0,10,000,00,2,1,09,A01
201700041857,0,07,000,00,2,1,02,A01
201700041857,0,07,000,00,2,4,23,B01
201700041857,0,07,000,00,0,4,23,C01
201700041858,0,07,000,00,2,2,20,A01
201700041858,0,01,000,00,2,8,09,B01
201700041859,0,02,000,00,2,1,01,A01
201700041859,0,03,000,00,2,1,01,B01
201700041860,0,07,000,00,2,7,02,B01
201700041860,0,07,000,00,2,3,01,A01
201700041861,0,33,000,00,2,1,01,A01
201700041861,0,07,000,00,2,3,15,B01
201700041862,1,07,000,00,1,1,02,A01
201700041863,1,07,000,00,2,8,15,A01
201700041863,1,37,000,00,2,1,00,B01
201700041864,0,07,000,00,2,3,15,A01
201700041864,0,34,000,00,2,7,17,B01
201700041865,1,07,000,00,2,1,00,B01
201700041865,2,07,000,00,2,1,17,A01
201700041865,1,07,000,00,2,1,02,C01
201700041866,1,07,000,00,2,8,09,B01
201700041866,1,10,000,01,0,2,09,A01
201700041867,1,01,000,00,0,1,00,A01
201700041868,2,07,000,00,2,2,17,A01
201700041868,2,07,000,00,2,3,15,B01
201700041869,1,31,000,00,2,1,02,A01
201700041869,1,07,000,00,2,4,02,B01
201700041870,1,10,000,00,2,3,00,A01
201700041870,2,01,000,00,2,1,09,B01
201700041871,1,07,000,00,2,1,02,A01