Num_Acc,senc,catv,occutc,obs,obsm,choc,manv,num_veh
201700042602,2,03,000,00,1,2,02,A01
201700042603,1,07,000,02,0,5,14,A01
201700042604,1,34,000,00,2,1,02,A01
201700042604,1,07,000,00,2,1,15,B01
201700042605,1,10,000,00,1,2,02,A01
201700042606,1,07,000,00,1,3,01,A01
201700042607,1,07,000,00,2,1,19,A01
201700042607,2,07,000,00,2,2,01,B01
201700042608,1,07,000,01,0,2,09,A01
201700042608,1,34,000,01,0,1,21,B01
201700042609,1,07,000,00,9,2,15,A01
201700042609,2,01,000,00,2,1,05,B01
201700042610,1,07,000,00,1,3,01,A01
201700042610,2,07,000,00,1,6,01,B01
201700042611,1,07,000,00,2,2,19,B01
201700042611,1,31,000,00,2,1,19,A01
201700042612,2,07,000,00,9,4,10,B01
201700042612,2,07,000,00,2,1,02,A01
201700042613,1,07,000,00,2,8,01,A01
201700042613,1,07,000,00,2,3,02,B01
201700042614,1,07,000,14,0,1,14,A01
201700042615,1,07,000,00,1,3,01,A01
201700042616,1,07,000,00,1,1,01,A01
201700042617,1,31,000,00,2,1,19,A01
201700042617,1,07,000,00,0,8,19,B01
201700042618,1,07,000,00,1,2,01,A01
201700042619,1,07,000,00,2,1,12,B01
201700042619,1,10,000,00,2,2,16,A01
201700042620,1,33,000,00,2,3,23,B01
201700042620,2,07,000,00,2,3,15,A01
201700042621,1,07,000,00,2,1,13,A01
201700042621,2,07,000,00,2,2,01,B01
201700042622,2,37,000,00,1,2,16,A01
201700042623,1,07,000,00,2,1,02,A01
201700042623,1,07,000,00,2,4,23,B01
201700042624,1,31,000,00,1,1,01,A01
201700042625,1,33,000,00,2,7,17,A01
201700042625,1,07,000,00,2,8,15,B01
201700042626,1,07,000,00,2,7,19,A01
201700042626,1,33,000,00,2,1,01,B01
201700042627,1,07,000,00,1,8,01,A01
201700042628,2,07,000,00,1,1,01,A01
201700042629,1,07,000,00,2,2,15,A01
201700042629,2,33,000,00,2,1,01,B01
201700042630,2,07,000,00,1,2,01,A01
201700042631,1,07,000,00,2,1,02,A01
201700042631,1,15,000,00,2,4,01,B01
201700042632,1,07,000,00,9,8,15,A01
201700042632,1,01,000,00,2,1,01,B01
201700042633,0,33,000,00,2,1,13,A01
201700042633,0,10,000,00,0,6,23,B01
201700042634,2,33,000,00,2,1,01,A01
201700042634,2,07,000,00,2,4,01,B01
201700042635,1,07,000,00,2,1,02,A01
201700042635,1,07,000,00,2,6,23,B01
201700042635,1,07,000,00,9,5,23,C01
201700042636,2,07,000,00,2,6,01,B01
201700042636,1,07,000,00,2,1,01,A01
201700042637,2,07,000,00,1,1,00,A01
201700042638,1,07,000,00,1,2,15,A01
201700042639,1,07,000,00,2,3,21,A01
201700042639,2,07,000,01,0,2,09,B01
201700042640,1,07,000,00,2,1,01,A01
201700042640,1,07,000,00,2,3,09,B01
201700042641,1,35,000,01,0,1,01,A01
201700042642,2,33,000,00,2,1,01,A01
201700042642,1,07,000,00,2,2,10,B01
201700042643,1,07,000,00,2,7,10,A01
201700042643,2,33,000,00,2,1,01,B01
201700042644,2,07,000,09,5,2,13,A01
201700042645,2,07,000,08,0,3,21,A01
201700042646,1,07,000,00,1,1,13,Z01
201700042647,1,07,000,00,2,5,15,A01
201700042647,2,31,000,00,2,1,01,B01
201700042648,1,99,000,00,2,1,21,A01
201700042648,1,07,000,00,2,7,16,B01
201700042649,2,07,000,14,2,6,07,B01
201700042650,1,07,000,00,1,2,17,A01
201700042651,1,07,000,03,2,3,19,B01
201700042651,1,33,000,00,2,2,19,A01
201700042652,2,34,000,00,2,3,17,A01
201700042652,2,07,000,00,2,6,15,B01
201700042653,1,07,000,00,1,1,02,A01
201700042654,1,10,000,00,2,1,02,A01
201700042654,1,10,000,00,2,4,02,B01
201700042655,1,07,000,00,2,7,15,A01
201700042655,2,34,000,00,2,1,01,B01
201700042656,1,07,000,00,2,6,15,B01
201700042656,2,07,000,00,2,1,01,A01
201700042657,1,07,000,00,2,1,11,B01
201700042657,1,10,000,00,2,1,02,A01
201700042658,2,07,000,00,2,8,10,A01
201700042658,2,33,000,00,2,2,01,B01
201700042659,1,07,000,00,2,7,19,A01
201700042659,1,31,000,00,2,1,19,B01
201700042660,1,31,000,00,2,2,03,A01
201700042660,1,07,000,00,2,3,15,B01
201700042661,2,07,000,00,2,1,15,A01
201700042661,2,31,000,00,2,1,17,B01
201700042662,1,07,000,00,2,1,01,A01
201700042662,2,07,000,00,2,2,15,B01
201700042663,1,07,000,00,0,2,00,A01
201700042664,1,33,000,00,1,1,17,A01
201700042665,1,07,000,00,1,2,16,A01
201700042666,1,07,000,00,1,1,02,A01
201700042667,0,31,000,00,0,5,17,A01
201700042667,0,07,000,00,0,3,15,B01
201700042668,0,07,000,00,2,7,06,A01
201700042668,0,07,000,00,0,2,01,B01
201700042669,0,07,000,00,2,1,01,A01
201700042669,0,07,000,00,0,3,15,B01
201700042670,0,07,000,00,2,3,15,A01
201700042670,0,33,000,00,0,4,17,B01
201700042671,0,07,000,00,1,2,15,A01
201700042672,0,07,000,00,2,7,15,A01
201700042672,0,07,000,00,0,3,12,B01
201700042673,1,07,000,08,0,1,01,B01
201700042673,1,07,000,08,2,2,19,A01
201700042674,0,33,000,00,2,2,17,A01
201700042674,0,07,000,00,2,3,15,B01
201700042675,0,07,000,00,1,1,02,A01
201700042676,0,07,000,00,2,7,02,A01
201700042676,0,07,000,00,2,1,01,B01
201700042677,0,07,000,09,0,2,01,B01
201700042677,0,07,000,00,2,1,01,Z01
201700042678,0,07,000,00,1,1,16,A01
201700042679,1,07,000,00,2,6,15,A01
201700042679,1,33,000,00,2,1,17,B01
201700042680,1,07,000,00,1,1,01,A01
201700042681,1,07,000,00,1,2,01,A01
201700042682,2,07,000,00,1,2,01,A01
201700042683,0,02,000,00,2,1,00,A01
201700042683,0,07,000,00,2,6,02,B01
201700042684,0,07,000,00,2,1,02,A01
201700042684,0,07,000,00,0,3,02,B01
201700042684,0,07,000,00,2,0,00,C01
201700042685,0,07,000,00,0,3,01,A01
201700042685,0,07,000,00,0,3,01,B01
201700042686,0,07,000,00,2,1,19,A01
201700042686,0,07,000,00,0,7,01,B01
201700042687,0,31,000,00,2,3,00,A01
201700042687,0,07,000,00,2,2,00,B01
201700042688,0,07,000,00,2,2,15,A01
201700042688,0,32,000,00,2,1,01,B01
201700042689,0,07,000,00,0,2,00,A01
201700042689,0,07,000,00,0,3,02,B01
201700042690,0,34,000,00,2,3,14,A01
201700042690,0,07,000,00,2,3,02,B01
201700042691,0,07,000,00,1,3,00,A01
201700042692,1,07,000,01,0,1,02,A01
201700042693,0,07,000,00,0,4,01,B01
201700042693,0,07,000,00,2,1,01,A01
201700042694,0,07,000,01,0,2,21,A01
201700042695,1,03,000,00,1,3,02,A01
201700042696,0,07,000,00,0,1,02,A01
201700042696,0,07,000,00,0,4,02,B01
201700042697,0,07,000,00,2,1,02,A01
201700042697,0,07,000,00,0,4,02,B01
201700042698,0,07,000,00,2,6,01,C01
201700042698,0,07,000,00,2,6,01,A01
201700042698,0,07,000,00,2,2,21,B01
201700042699,1,07,000,00,1,1,02,A01
201700042700,0,07,000,00,1,1,02,A01
201700042701,0,07,000,00,2,8,01,B01
201700042701,0,07,000,08,2,3,09,A01
201700042702,0,37,006,00,2,0,01,A01
201700042703,1,07,000,00,2,2,01,B01
201700042703,2,07,000,00,2,1,15,A01
201700042704,0,07,000,12,0,2,01,A01
201700042705,0,30,000,00,2,1,15,A01
201700042705,0,07,000,00,2,3,01,B01
201700042706,0,07,000,00,2,3,09,A01
201700042707,0,07,000,00,1,4,00,A01
201700042708,0,07,000,00,0,1,01,B01
201700042708,0,07,000,00,0,1,19,A01
201700042709,0,07,000,00,1,1,01,A01
201700042710,1,30,000,00,2,1,01,B01
201700042710,2,07,000,00,2,3,15,A01
201700042711,0,32,000,00,2,8,02,A01
201700042711,0,10,000,00,2,7,02,B01
201700042712,0,07,000,00,1,2,02,A01
201700042713,0,10,000,00,1,6,04,A01
201700042714,2,31,000,14,0,1,01,A01
201700042715,0,07,000,00,0,1,15,A01
201700042715,0,33,000,00,0,1,02,B01
201700042716,1,33,000,00,2,1,01,A01
201700042716,1,07,000,00,2,6,11,B01
201700042717,2,07,000,02,0,1,02,A01
201700042718,1,07,000,00,1,3,21,A01
201700042719,1,07,000,00,1,3,01,A01
201700042720,1,33,000,00,2,1,15,A01
201700042720,2,07,000,00,9,6,19,B01
201700042721,1,07,000,00,2,8,15,A01
201700042721,1,30,000,00,2,1,01,B01
201700042722,1,07,000,00,0,4,20,A01
201700042723,1,07,000,08,0,1,19,A01
201700042724,2,31,000,00,2,1,05,A01
201700042724,1,07,000,00,2,3,01,B01
201700042725,1,07,000,00,2,6,11,A01
201700042725,1,17,000,00,2,2,16,B01
201700042726,1,07,000,01,0,1,14,A01
201700042727,1,31,000,00,2,2,17,A01
201700042727,1,07,000,00,2,3,15,B01
201700042728,1,10,000,01,0,2,17,A01
201700042728,1,07,000,00,1,6,23,B01
201700042729,1,07,000,00,2,1,14,A01
201700042729,2,07,000,00,2,1,15,B01
201700042730,0,34,000,12,2,1,21,B01
201700042731,1,02,000,00,2,1,01,A01
201700042731,1,31,000,00,2,5,23,B01
201700042732,2,07,000,00,2,1,02,A01
201700042732,2,07,000,00,9,4,02,B01
201700042733,2,07,000,00,2,4,02,B01
201700042733,2,07,000,00,2,1,02,Z01
201700042734,1,10,000,00,2,3,19,B01
201700042734,1,07,000,00,2,2,01,A01
201700042735,2,07,000,01,0,2,00,A01
201700042735,1,07,000,00,2,2,24,B01
201700042736,1,07,000,00,1,1,02,A01
201700042737,1,10,000,00,0,7,15,A01
201700042738,1,14,000,12,0,2,01,A01
201700042739,1,07,000,11,0,1,02,A01
201700042740,2,10,000,00,2,2,05,A01
201700042741,1,07,000,00,1,1,19,A01
201700042742,1,07,000,00,2,7,14,A01
201700042742,1,07,000,00,2,3,01,B01
201700042743,1,07,000,00,2,3,15,A01
201700042743,1,01,000,00,2,3,09,B01
201700042744,1,31,000,15,0,1,14,A01
201700042745,2,07,000,01,0,3,13,A01
201700042746,1,07,000,01,0,9,13,A01
201700042747,1,07,000,00,2,1,02,A01
201700042747,1,07,000,00,2,4,02,B01
201700042748,1,07,000,00,2,3,01,A01
201700042748,1,07,000,00,2,7,01,B01
201700042749,1,07,000,12,0,2,12,A01
201700042750,2,07,000,00,0,1,01,A01
201700042751,1,07,000,00,1,1,16,A01
201700042752,1,10,000,00,1,4,04,A01
201700042753,1,07,000,00,2,5,15,A01
201700042753,1,07,000,00,2,3,23,B01
201700042754,1,07,000,00,2,1,02,A01
201700042754,1,07,000,00,9,4,02,B01
201700042755,1,33,000,00,2,1,17,A01
201700042755,2,07,000,00,2,3,01,B01
201700042756,1,10,000,00,2,7,14,A01
201700042756,1,33,000,00,2,8,01,B01
201700042757,2,07,000,00,1,3,01,A01
201700042758,1,07,000,00,1,4,20,A01
201700042759,1,07,000,00,1,3,15,A01
201700042760,1,07,000,00,1,3,15,A01
201700042761,1,32,000,00,2,1,02,A01
201700042761,1,07,000,00,2,5,01,B01
201700042762,1,38,000,00,2,4,02,A01
201700042762,1,10,000,00,2,1,02,B01
201700042763,1,07,000,00,2,6,01,B01
201700042763,1,07,000,00,2,2,09,A01
201700042764,1,07,000,00,1,8,16,A01
201700042765,1,07,000,00,1,1,16,A01
201700042766,1,34,000,00,2,1,02,A01
201700042766,1,07,000,00,0,4,23,B01
201700042767,1,07,000,00,1,3,01,A01
201700042768,1,07,000,00,9,2,15,A01
201700042768,1,99,000,00,2,1,19,B01
201700042769,0,07,000,00,1,2,17,A01
201700042770,0,07,000,09,2,3,07,A01
201700042770,1,07,000,00,2,7,16,B01
201700042770,1,07,000,00,2,1,23,C01
201700042771,0,07,000,00,2,3,14,A01
201700042771,0,07,000,00,2,2,02,B01
201700042772,0,07,000,01,0,9,00,A01
201700042772,0,07,000,01,0,4,00,B01
201700042772,0,07,000,01,0,0,00,C01
201700042773,0,32,000,00,1,2,02,A01
201700042774,2,07,000,01,0,3,01,A01
201700042775,0,30,000,00,2,8,01,B01
201700042775,0,07,000,00,0,0,09,A01
201700042776,0,07,000,00,0,0,00,A01
201700042776,2,07,000,00,0,2,17,B01
201700042776,1,07,000,00,0,3,01,C01
201700042777,1,31,000,01,0,1,17,A01
201700042777,2,10,000,00,0,3,02,B01
201700042778,0,07,000,00,0,8,01,A01
201700042779,0,07,000,00,2,1,01,A01
201700042779,0,07,000,00,2,7,01,B01
201700042780,0,14,000,00,1,1,02,A01
201700042781,0,07,000,00,1,1,19,A01
201700042782,2,33,000,00,1,2,03,A01
201700042783,1,33,000,00,1,2,01,A01
201700042784,2,07,000,00,2,2,02,A01
201700042784,2,33,000,00,2,4,23,B01
201700042785,2,07,000,00,1,0,00,A01
201700042786,2,07,000,00,2,1,02,A01
201700042786,2,07,000,00,2,4,02,B01
201700042786,2,07,000,00,2,3,02,C01
201700042787,1,07,000,00,9,2,09,A01
201700042787,1,01,000,00,2,8,16,B01
201700042788,0,34,000,00,0,4,01,A01
201700042788,0,07,000,00,2,0,00,B01
201700042789,2,07,000,00,1,2,01,A01
201700042790,1,07,000,00,1,8,15,A01
201700042791,1,07,000,00,2,1,17,A01
201700042791,1,07,000,00,0,4,11,B01
201700042792,2,07,000,00,2,7,15,A01
201700042792,2,07,000,00,2,8,01,B01
201700042793,0,07,000,00,2,1,21,A01
201700042793,0,07,000,00,2,4,02,B01
201700042793,0,07,000,00,2,4,02,C01
201700042794,1,33,000,00,2,1,01,A01
201700042794,1,07,000,00,2,3,09,B01
201700042795,2,30,000,00,2,8,09,A01
201700042795,2,37,000,00,2,1,01,B01
201700042796,1,33,000,00,1,2,00,A01
201700042797,2,33,000,00,2,1,12,A01
201700042797,2,07,000,00,2,4,11,B01
201700042798,1,14,000,00,2,2,16,A01
201700042798,1,07,000,00,2,3,07,B01
201700042799,2,07,000,00,2,3,19,B01
201700042799,2,07,000,00,2,2,19,A01
201700042800,1,07,000,00,1,1,19,A01
201700042801,2,10,000,00,2,1,02,A01
201700042801,2,07,000,00,2,4,02,B01
201700042802,1,07,000,00,2,3,02,A01
201700042802,2,07,000,00,2,3,09,B01
201700042803,2,07,000,01,0,2,14,A01
201700042804,1,07,000,00,2,3,21,A01
201700042805,1,07,000,00,2,7,16,A01
201700042805,1,31,000,00,2,3,18,B01
201700042806,2,34,000,00,1,1,02,B01
201700042806,1,01,000,00,2,6,02,A01
201700042807,1,10,000,00,2,3,09,A01
201700042807,1,07,000,00,2,5,09,B01
201700042808,1,07,000,00,1,2,01,A01
201700042809,2,07,000,00,2,3,15,A01
201700042809,2,33,000,00,2,1,01,B01
201700042810,1,37,000,00,2,3,01,B01
201700042810,1,07,000,00,2,7,09,A01
201700042811,1,07,000,00,2,6,15,A01
201700042811,1,03,000,00,2,1,02,B01
201700042812,1,07,000,00,2,9,03,A01
201700042812,1,07,000,00,2,6,23,B01
201700042812,2,10,000,00,2,7,05,C01
201700042813,1,07,000,00,1,1,01,A01
201700042814,1,07,000,00,2,1,02,A01
201700042814,1,07,000,00,2,4,02,B01
201700042815,1,37,000,00,2,1,11,A01
201700042815,1,10,000,00,2,4,17,B01
201700042815,1,07,000,14,0,4,11,C01
201700042816,1,14,000,00,2,3,15,A01
201700042816,1,33,000,00,2,4,23,B01
201700042817,2,07,000,00,2,4,23,A01
201700042817,2,07,000,00,2,1,18,B01
201700042818,1,07,000,00,2,1,02,A01
201700042818,1,07,000,00,2,4,02,B01
201700042818,2,10,000,00,2,8,01,C01
201700042818,2,07,000,00,2,1,01,D01
201700042818,2,07,000,00,2,1,02,E01
201700042819,1,07,000,00,1,1,15,A01
201700042820,1,99,000,00,1,1,19,A01
201700042821,1,01,000,00,1,1,09,A01
201700042822,1,07,000,00,2,3,15,A01
201700042822,1,32,000,00,2,7,02,B01
201700042823,1,07,000,00,2,4,02,A01
201700042823,1,07,000,00,2,2,01,B01
201700042824,1,31,000,00,2,1,01,A01
201700042824,1,13,000,00,2,5,01,B01
201700042825,1,07,000,00,0,0,09,A01
201700042825,2,07,000,00,0,1,01,B01
201700042826,2,02,000,00,2,1,02,B01
201700042826,1,07,000,00,2,6,01,A01
201700042827,1,07,000,00,1,0,00,A01
201700042828,1,37,000,00,1,2,21,A01
201700042829,2,31,000,00,2,6,09,A01
201700042829,2,33,000,00,2,0,01,B01
201700042830,1,07,000,00,1,7,00,A01
201700042831,1,07,000,00,2,3,09,A01
201700042831,1,34,000,00,2,5,23,B01
201700042832,1,33,000,00,1,1,01,A01
201700042833,1,37,000,00,9,2,00,A01
201700042833,1,99,000,16,0,0,21,B01
201700042834,1,31,000,00,2,4,23,A01
201700042834,1,07,000,00,2,1,00,B01
201700042835,2,33,000,00,2,7,18,A01
201700042835,2,13,000,00,2,7,23,B01
201700042836,1,31,000,00,1,1,07,A01
201700042837,1,31,000,00,1,1,01,A01
201700042838,2,07,000,15,0,1,13,A01
201700042838,1,07,000,00,2,1,00,B01
201700042839,1,33,000,00,0,7,02,A01
201700042840,1,07,000,07,0,1,09,A01
201700042841,1,33,000,00,2,8,00,A01
201700042841,2,10,000,00,2,1,10,B01
201700042842,1,33,000,00,0,1,01,A01
201700042843,2,07,000,00,2,7,15,A01
201700042843,1,34,000,00,2,1,21,B01
201700042844,1,07,000,00,2,1,09,A01
201700042844,1,07,000,00,9,4,23,B01
201700042845,1,31,000,00,0,0,13,A01
201700042846,1,07,000,00,1,6,04,A01
201700042847,1,31,000,00,0,0,01,A01
201700042848,1,07,000,00,1,3,00,A01
201700042849,2,07,000,01,0,1,19,A01
201700042850,1,31,000,00,0,2,21,A01
201700042851,2,07,000,00,2,1,10,A01
201700042851,1,33,000,00,2,1,17,B01
201700042852,1,07,000,01,0,7,16,A01
201700042853,1,31,000,00,2,1,09,A01
201700042853,2,07,000,00,2,8,01,B01
201700042854,2,31,000,00,2,7,19,A01
201700042854,1,07,000,00,2,3,09,B01
201700042855,0,07,000,00,1,1,00,A01
201700042856,1,01,000,00,0,0,01,A01
201700042857,2,99,000,00,2,1,15,A01
201700042857,1,07,000,00,9,6,16,B01
201700042858,1,07,000,00,2,3,09,A01
201700042858,1,07,000,00,2,2,01,B01
201700042859,1,07,000,00,1,1,01,A01
201700042860,0,99,000,00,1,1,21,A01
201700042861,1,07,000,00,2,3,10,A01
201700042861,1,31,000,00,2,2,21,B01
201700042862,2,07,000,00,2,8,10,A01
201700042862,2,07,000,00,2,1,02,B01
201700042863,2,07,000,00,1,2,15,A01
201700042864,1,30,000,00,0,0,00,A01
201700042864,1,33,000,00,0,0,00,B01
201700042865,1,07,000,00,1,3,21,A01
201700042866,1,10,000,00,2,3,10,A01
201700042866,1,33,000,00,2,1,21,B01
201700042867,2,07,000,00,2,1,01,A01
201700042867,2,07,000,00,2,4,01,B01
201700042868,2,07,000,00,2,1,02,A01
201700042868,2,07,000,00,2,4,23,B01
201700042869,1,31,000,00,2,3,01,A01
201700042869,2,07,000,00,2,3,13,B01
201700042870,2,07,000,00,1,3,15,A01
201700042871,2,07,000,00,1,3,13,A01
201700042872,1,15,000,00,1,1,15,A01
201700042873,2,31,000,00,1,1,00,A01
201700042874,2,10,000,12,0,4,00,A01
201700042875,1,07,000,00,2,8,01,A01
201700042875,1,07,000,00,2,1,01,B01
201700042876,2,07,000,00,2,3,01,A01
201700042877,1,31,000,14,0,1,01,A01
201700042878,1,07,000,09,0,1,02,A01
201700042879,1,07,000,00,1,0,15,A01
201700042880,1,07,000,00,2,3,15,A01
201700042880,1,34,000,00,2,3,21,B01
201700042881,1,07,000,00,9,7,00,A01
201700042882,1,07,000,00,1,1,01,A01
201700042883,1,31,000,00,1,1,01,A01
201700042884,2,07,000,00,1,1,00,A01
201700042885,0,10,000,00,2,3,13,A01
201700042885,0,03,000,00,0,3,01,B01
201700042885,0,03,000,00,0,3,01,C01
201700042886,0,07,000,00,2,1,01,A01
201700042886,0,07,000,00,2,4,01,B01
201700042887,0,10,000,00,2,2,02,A01
201700042887,2,10,000,00,0,0,00,B01
201700042888,0,33,000,00,0,0,00,A01
201700042889,2,07,000,00,2,2,15,A01
201700042889,1,33,000,00,2,1,01,B01
201700042890,0,07,000,00,0,0,00,A01
201700042890,0,07,000,00,0,0,00,B01
201700042891,0,07,000,00,2,1,02,A01
201700042891,0,07,000,00,2,4,02,B01
201700042891,0,07,000,00,2,4,00,C01
201700042892,1,07,000,00,0,8,11,A01
201700042892,1,37,001,00,0,7,02,B01
201700042893,0,07,000,00,2,1,01,A01
201700042893,0,07,000,00,2,3,01,B01
201700042894,0,17,000,00,2,1,12,A01
201700042894,0,07,000,00,2,3,00,B01
201700042895,2,07,000,00,9,3,09,A01
201700042895,2,01,000,00,2,7,01,B01
201700042896,1,07,000,00,1,3,15,A01
201700042897,0,10,000,15,2,8,01,A01
201700042897,0,33,000,00,2,1,01,B01
201700042898,0,07,000,00,2,2,01,A01
201700042898,0,07,000,00,2,3,00,B01
201700042899,1,07,000,01,1,1,02,A01
201700042900,1,99,000,00,2,3,16,A01
201700042900,2,07,000,00,2,5,01,B01
201700042901,1,07,000,00,1,2,01,A01
201700042902,1,37,000,00,1,1,07,A01
201700042903,1,07,000,00,2,1,09,A01
201700042903,2,01,000,00,2,2,01,B01
201700042904,1,07,000,00,1,0,00,A01
201700042905,1,07,000,00,1,3,16,A01
201700042906,1,07,000,02,1,1,21,A01
201700042907,1,07,000,00,2,7,19,B01
201700042907,1,07,000,00,2,1,19,A01
201700042908,1,07,000,00,2,1,13,A01
201700042908,2,99,000,00,2,9,01,B01
201700042908,2,07,000,00,2,3,01,C01
201700042909,1,07,000,01,0,2,14,A01
201700042910,1,07,000,02,1,3,02,A01
201700042911,1,33,000,00,2,1,02,A01
201700042911,2,07,000,00,2,3,15,B01
201700042912,1,33,000,00,2,7,19,B01
201700042912,1,07,000,00,2,1,19,A01
201700042913,2,07,000,00,1,3,01,A01
201700042914,1,33,000,01,0,1,01,A01
201700042915,1,07,000,00,1,2,01,A01
201700042916,2,07,000,00,1,1,02,A01
201700042917,2,07,000,00,1,5,01,A01
201700042918,1,99,000,01,0,3,13,A01
201700042919,1,07,000,00,2,2,01,A01
201700042919,1,03,000,14,0,7,15,B01
201700042920,1,07,000,14,0,1,09,A01
201700042921,0,07,000,00,2,7,01,A01
201700042921,0,07,000,00,2,2,15,B01
201700042922,1,07,000,00,2,1,02,A01
201700042922,2,33,000,00,2,4,02,B01
201700042923,1,07,000,00,1,1,16,A01
201700042924,2,31,000,00,2,7,01,A01
201700042924,2,07,000,00,2,3,16,B01
201700042925,1,07,000,00,2,4,23,A01
201700042925,1,07,000,00,2,1,02,B01
201700042926,2,33,000,00,2,4,02,A01
201700042926,1,07,000,00,2,1,02,B01
201700042927,1,07,000,00,1,2,01,A01
201700042928,2,07,000,01,2,3,13,A01
201700042928,1,07,000,00,2,3,01,B01
201700042929,1,10,000,00,1,1,02,A01
201700042929,1,07,000,14,1,4,02,B01
201700042930,2,33,000,00,2,1,01,B01
201700042930,1,07,000,00,2,1,16,A01
201700042931,2,31,000,00,2,3,05,A01
201700042931,1,07,000,00,2,3,16,B01
201700042932,1,31,000,00,2,7,19,A01
201700042932,1,07,000,00,2,1,19,B01
201700042933,1,07,000,00,2,2,02,A01
201700042933,1,07,000,00,2,8,10,B01
201700042934,1,07,000,00,2,1,19,A01
201700042934,1,37,000,00,2,7,19,B01
201700042935,2,07,000,01,1,8,01,A01
201700042936,1,07,000,00,2,3,13,A01
201700042936,1,33,000,00,2,7,17,B01
201700042937,1,07,000,08,0,1,02,A01
201700042938,2,07,000,00,1,1,01,A01
201700042939,1,07,000,00,2,1,01,A01
201700042939,1,07,000,00,2,5,23,B01
201700042939,1,07,000,00,2,8,21,C01
201700042940,2,07,000,00,2,3,02,A01
201700042940,1,33,000,00,2,3,17,B01
201700042941,1,07,000,00,2,1,02,B01
201700042941,1,07,000,00,2,7,17,A01
201700042942,2,07,000,00,2,8,01,A01
201700042942,1,10,000,00,2,1,01,B01
201700042943,1,31,000,00,2,8,17,A01
201700042943,1,07,000,00,2,3,17,B01
201700042944,1,07,000,00,2,4,23,A01
201700042944,1,07,000,00,2,1,19,B01
201700042945,1,07,000,08,0,1,13,A01
201700042946,2,07,000,00,2,2,19,A01
201700042946,1,31,000,00,2,8,01,B01
201700042947,1,07,000,16,0,2,09,A01
201700042947,2,07,000,00,2,3,02,B01
201700042948,1,31,000,00,2,3,18,A01
201700042948,1,07,000,00,2,2,16,B01
201700042949,2,07,000,09,2,2,19,A01
201700042949,1,07,000,00,2,2,19,B01
201700042950,2,07,000,00,2,3,00,A01
201700042950,1,37,000,00,2,2,01,B01
201700042951,1,07,000,00,1,0,01,A01
201700042952,1,07,000,00,2,1,01,B01
201700042952,1,07,000,00,2,3,01,A01
201700042953,1,07,000,00,2,8,15,A01
201700042953,1,31,000,00,2,3,17,B01
201700042954,2,07,000,00,2,3,09,A01
201700042954,2,33,000,00,2,1,02,B01
201700042955,1,07,000,00,1,1,01,A01
201700042956,2,07,000,00,1,3,21,A01
201700042957,1,07,000,01,0,2,19,B01
201700042958,1,07,000,00,1,1,16,A01
201700042959,1,07,000,00,1,4,04,A01
201700042960,2,33,000,00,2,1,17,A01
201700042960,1,10,000,00,9,7,15,B01
201700042961,1,07,000,00,1,1,16,A01
201700042962,1,07,000,00,1,7,16,A01
201700042963,2,07,000,00,2,1,02,A01
201700042963,2,07,000,00,2,4,02,B01
201700042964,1,07,000,09,2,1,02,A01
201700042964,1,07,000,00,2,4,01,B01
201700042965,1,07,000,06,0,2,21,A01
201700042966,1,07,000,00,2,2,20,A01
201700042966,1,34,000,00,2,1,01,B01
201700042967,2,07,000,00,1,2,09,A01
201700042968,2,07,000,00,1,1,17,A01
201700042969,1,07,000,00,1,1,15,A01
201700042970,1,07,000,01,0,7,14,A01
201700042971,2,07,000,00,2,3,15,A01
201700042971,2,99,000,00,2,1,17,B01
201700042972,1,07,000,00,2,2,02,A01
201700042972,1,33,000,00,9,4,16,B01
201700042973,2,07,000,00,2,2,02,A01
201700042973,1,10,000,00,2,1,02,B01
201700042974,2,01,000,00,1,1,02,A01
201700042975,2,07,000,00,1,2,01,A01
201700042976,1,07,000,01,0,2,14,A01
201700042977,2,07,000,00,1,1,00,A01
201700042978,1,07,000,00,1,1,21,A01
201700042979,2,07,000,00,2,5,23,A01
201700042979,1,07,000,00,2,2,02,B01
201700042979,2,07,000,00,2,4,01,C01
201700042980,1,33,000,00,1,1,19,A01
201700042981,0,07,000,00,1,3,15,A01
201700042982,2,07,000,00,1,1,15,A01
201700042983,1,07,000,00,2,3,00,A01
201700042983,0,07,000,00,2,2,00,B01
201700042984,0,07,000,00,2,3,02,A01
201700042984,0,07,000,00,2,1,02,B01
201700042985,0,07,000,00,2,1,01,A01
201700042985,0,07,000,00,2,3,01,B01
201700042986,0,07,000,00,2,0,02,A01
201700042986,0,30,000,00,2,5,02,B01
201700042987,0,07,000,00,2,1,15,A01
201700042987,2,07,000,00,2,3,01,B01
201700042988,0,07,000,00,0,1,00,A01
201700042988,0,07,000,00,0,8,00,B01
201700042989,1,07,000,00,9,3,15,A01
201700042989,1,34,000,00,2,1,01,B01
201700042990,0,33,000,00,0,0,00,A01
201700042991,0,03,000,00,2,7,01,A01
201700042991,0,03,000,00,2,3,11,B01
201700042992,2,07,000,12,0,9,21,A01
201700042993,2,07,000,00,2,1,19,B01
201700042993,1,07,000,00,2,8,19,A01
201700042994,1,07,000,00,2,2,12,A01
201700042994,1,07,000,00,2,6,01,B01
201700042995,2,33,000,00,1,6,19,A01
201700042996,2,07,000,00,1,2,01,A01