Num_Acc,senc,catv,occutc,obs,obsm,choc,manv,num_veh
201700042997,2,07,000,00,2,1,01,B01
201700042997,1,07,000,00,2,8,01,A01
201700042998,1,07,000,00,2,6,01,A01
201700042998,1,34,000,00,2,1,13,B01
201700042999,2,07,000,00,2,1,15,A01
201700042999,1,02,000,00,2,1,01,B01
201700043000,1,07,000,01,0,1,02,A01
201700043001,1,07,000,00,1,3,01,A01
201700043002,1,07,000,00,2,3,01,A01
201700043002,1,33,000,00,2,8,17,B01
201700043003,2,34,000,00,1,1,19,A01
201700043004,2,07,000,00,1,1,01,A01
201700043005,2,07,000,00,2,1,02,A01
201700043005,2,07,000,00,2,4,02,B01
201700043005,2,07,000,00,9,4,02,C01
201700043006,1,07,000,00,2,5,04,A01
201700043006,1,07,000,00,2,8,01,B01
201700043007,1,33,000,00,1,1,01,A01
201700043008,0,13,000,00,1,2,01,A01
201700043009,2,07,000,00,2,2,01,A01
201700043009,1,07,000,00,2,6,01,B01
201700043010,1,07,000,00,2,1,19,A01
201700043010,1,07,000,00,2,3,14,B01
201700043011,0,07,000,15,0,3,13,A01
201700043012,1,07,000,00,2,3,16,A01
201700043012,1,07,000,00,2,1,21,B01
201700043013,0,07,000,00,0,3,01,A01
201700043013,0,07,000,00,0,4,23,B01
201700043014,1,07,000,00,2,8,01,A01
201700043014,1,07,000,00,2,1,01,B01
201700043015,0,07,000,00,2,2,15,A01
201700043015,1,31,000,00,2,1,02,B01
201700043016,1,07,000,00,2,4,16,A01
201700043016,1,07,000,00,2,1,01,B01
201700043017,2,02,000,00,2,1,01,A01
201700043017,1,10,000,00,2,6,10,B01
201700043018,1,02,000,00,2,1,01,A01
201700043018,2,07,000,00,2,5,15,B01
201700043019,2,07,000,00,2,1,20,A01
201700043019,2,33,000,00,2,1,02,B01
201700043020,1,07,000,03,0,1,14,A01
201700043021,1,34,000,00,2,7,01,A01
201700043021,2,07,000,00,2,0,00,B01
201700043022,1,34,000,00,2,7,17,A01
201700043022,1,07,000,00,2,0,15,B01
201700043023,1,31,000,00,2,1,01,B01
201700043023,1,07,000,00,2,7,02,A01
201700043024,1,13,000,00,1,5,00,A01
201700043025,1,07,000,00,1,1,21,A01
201700043026,1,07,000,07,0,4,02,A01
201700043026,1,10,000,01,0,1,14,B01
201700043027,1,07,000,00,2,1,21,A01
201700043027,1,07,000,00,2,4,21,B01
201700043027,1,07,000,00,2,6,21,C01
201700043028,1,07,000,00,2,7,19,A01
201700043028,1,07,000,00,2,2,09,B01
201700043029,2,07,000,00,2,3,15,A01
201700043029,1,31,000,00,2,1,21,B01
201700043029,2,07,000,00,2,3,24,C01
201700043030,0,07,000,00,2,2,15,A01
201700043030,0,31,000,00,2,1,01,B01
201700043031,0,07,000,16,1,3,16,A01
201700043032,1,07,000,00,2,7,14,A01
201700043033,1,34,000,00,1,2,17,A01
201700043034,1,07,000,00,2,3,11,A01
201700043034,1,07,000,00,2,2,17,B01
201700043035,1,34,000,00,1,1,21,A01
201700043036,1,07,000,00,2,4,23,A01
201700043036,1,07,000,01,0,1,09,B01
201700043037,1,07,000,00,2,3,10,A01
201700043037,1,34,000,00,2,1,21,B01
201700043038,1,07,000,00,1,4,04,A01
201700043039,1,07,000,01,0,8,01,A01
201700043039,1,33,000,01,0,1,01,B01
201700043040,1,31,000,00,2,1,21,A01
201700043040,1,07,000,00,2,1,19,B01
201700043041,1,10,000,00,2,1,01,A01
201700043041,1,10,000,00,2,4,01,B01
201700043041,1,10,000,00,2,4,02,C01
201700043042,1,07,000,00,2,2,10,A01
201700043042,1,34,000,00,2,7,21,B01
201700043043,2,37,000,00,0,0,01,A01
201700043044,1,30,000,00,2,1,17,A01
201700043044,1,10,000,00,2,6,15,B01
201700043045,1,34,000,00,2,1,00,B01
201700043045,2,07,000,00,2,3,01,A01
201700043046,1,07,000,00,2,2,19,B01
201700043046,1,07,000,00,2,3,19,A01
201700043047,1,07,000,00,1,2,19,A01
201700043048,1,07,000,01,0,1,24,A01
201700043048,1,17,000,01,0,4,23,B01
201700043049,1,07,000,00,1,4,20,A01
201700043050,2,07,000,00,1,2,09,A01
201700043050,2,01,000,00,2,4,01,B01
201700043051,2,07,000,00,2,3,09,A01
201700043051,2,34,000,00,2,2,17,B01
201700043052,1,07,000,01,1,4,20,A01
201700043053,1,07,000,00,1,1,16,A01
201700043054,1,07,000,00,1,1,12,A01
201700043055,2,07,000,00,2,8,15,A01
201700043055,1,34,000,00,2,1,15,B01
201700043056,1,07,000,00,2,3,19,A01
201700043056,1,07,000,00,2,3,19,B01
201700043057,1,07,000,00,1,2,15,A01
201700043058,2,07,000,00,1,2,09,A01
201700043059,0,07,000,00,2,1,01,A01
201700043059,0,07,000,08,2,2,01,B01
201700043060,0,07,000,00,2,1,11,A01
201700043060,0,07,000,00,2,3,02,B01
201700043061,0,37,001,00,1,3,15,A01
201700043062,1,02,000,00,2,5,02,A01
201700043062,1,07,000,00,0,6,02,B01
201700043063,0,07,000,00,2,3,15,A01
201700043063,0,10,000,00,2,3,16,B01
201700043064,1,15,000,00,2,3,09,A01
201700043064,0,07,000,00,2,2,01,B01
201700043065,1,33,000,00,2,1,01,B01
201700043065,1,07,000,00,0,3,03,A01
201700043066,0,07,000,00,2,8,02,Z01
201700043066,0,01,000,00,2,8,02,A01
201700043067,0,34,000,00,2,7,01,A01
201700043067,0,07,000,00,2,8,13,B01
201700043068,0,10,000,00,2,2,01,B01
201700043068,0,10,000,00,0,8,10,A01
201700043069,0,07,000,00,1,2,01,A01
201700043070,0,07,000,00,0,1,02,A01
201700043070,0,07,000,00,0,4,23,B01
201700043070,0,07,000,00,0,4,23,C01
201700043071,0,02,000,00,0,0,00,A01
201700043072,0,10,000,00,0,1,02,A01
201700043072,0,07,000,00,0,4,02,B01
201700043073,1,33,000,00,2,2,02,B01
201700043073,1,07,000,00,0,6,11,A01
201700043074,0,07,000,00,1,1,15,A01
201700043075,0,07,000,12,0,9,02,A01
201700043076,0,07,000,09,0,2,01,A01
201700043077,0,07,000,00,1,1,02,A01
201700043078,0,07,000,00,2,7,09,A01
201700043078,0,33,000,00,2,1,01,B01
201700043079,0,07,000,00,0,7,00,A01
201700043080,0,33,000,00,2,0,01,B01
201700043080,0,07,000,00,2,3,15,Z01
201700043081,0,02,000,00,2,2,16,A01
201700043081,0,07,000,00,2,0,00,B01
201700043082,0,07,000,00,2,7,05,A01
201700043082,0,07,000,00,2,2,02,B01
201700043083,1,07,000,01,1,1,00,A01
201700043084,2,07,000,00,2,1,01,A01
201700043084,2,07,000,00,2,4,23,B01
201700043085,1,37,001,00,2,1,02,A01
201700043085,1,37,001,00,2,4,02,B01
201700043086,0,07,000,00,2,1,02,A01
201700043086,0,07,000,00,2,4,00,B01
201700043087,1,30,000,00,0,0,00,A01
201700043088,0,33,000,00,1,1,00,A01
201700043089,1,07,000,00,2,4,01,B01
201700043089,1,07,000,00,2,4,01,A01
201700043090,1,07,000,00,2,7,15,A01
201700043090,2,07,000,00,2,1,01,B01
201700043091,1,07,000,00,1,2,17,A01
201700043092,1,07,000,00,2,5,15,A01
201700043092,1,07,000,00,2,1,19,B01
201700043093,2,34,000,00,1,1,01,A01
201700043094,1,07,000,00,2,5,02,A01
201700043094,1,33,000,00,2,6,03,B01
201700043095,1,07,000,00,2,8,23,B01
201700043095,2,07,000,09,2,1,19,A01
201700043096,1,33,000,00,2,7,01,B01
201700043096,1,07,000,00,2,8,11,A01
201700043097,2,07,000,00,9,7,14,Z01
201700043098,1,07,000,00,1,1,15,A01
201700043099,1,07,000,00,2,0,21,A01
201700043099,2,07,000,00,2,2,21,C01
201700043099,2,07,000,00,2,6,02,B01
201700043100,1,34,000,00,1,1,13,Z01
201700043101,1,31,000,00,2,1,01,A01
201700043101,1,07,000,00,9,4,01,B01
201700043102,1,07,000,00,1,2,01,A01
201700043103,1,40,000,00,2,1,02,A01
201700043103,1,07,000,00,4,8,15,B01
201700043104,1,07,000,00,2,4,04,A01
201700043104,1,07,000,00,2,1,02,B01
201700043105,1,14,000,00,2,5,14,A01
201700043105,1,07,000,00,2,3,23,B01
201700043106,1,07,000,00,2,3,10,A01
201700043106,1,33,000,00,2,2,02,B01
201700043107,1,07,000,00,2,0,19,B01
201700043107,1,07,000,00,2,3,16,A01
201700043108,1,07,000,12,2,7,16,A01
201700043108,1,07,000,00,2,3,02,B01
201700043109,2,31,000,00,1,1,19,A01
201700043110,1,07,000,00,2,3,13,A01
201700043110,1,33,000,00,2,1,13,B01
201700043111,1,07,000,00,2,1,23,A01
201700043111,1,10,000,00,2,4,00,B01
201700043111,1,07,000,00,2,4,00,C01
201700043112,1,33,000,00,2,2,11,A01
201700043112,1,07,000,00,2,3,15,B01
201700043113,1,07,000,00,2,1,21,A01
201700043113,1,07,000,00,2,6,15,B01
201700043114,1,07,000,00,1,3,02,A01
201700043115,1,07,000,00,1,1,02,A01
201700043116,1,40,000,00,4,7,19,B01
201700043116,1,07,000,00,4,1,10,Z01
201700043117,1,07,000,00,1,1,02,A01
201700043118,1,99,000,01,1,1,21,A01
201700043119,1,32,000,00,1,1,01,Z01
201700043120,1,07,000,00,0,1,15,A01
201700043120,0,07,000,00,0,2,00,B01
201700043121,1,07,000,00,1,3,19,A01
201700043122,1,07,000,00,1,3,02,A01
201700043123,1,07,000,00,1,2,01,A01
201700043124,1,07,000,00,2,7,19,A01
201700043124,1,07,000,00,2,1,01,B01
201700043125,0,07,000,00,0,1,01,A01
201700043125,0,07,000,00,0,7,01,B01
201700043126,1,07,000,00,2,1,01,A01
201700043126,1,07,000,00,2,8,01,B01
201700043127,2,07,000,00,1,3,15,A01
201700043128,1,07,000,00,1,8,21,A01
201700043129,1,07,000,00,2,2,15,A01
201700043129,1,07,000,00,2,3,09,B01
201700043130,1,07,000,00,2,3,02,A01
201700043130,1,07,000,00,2,6,02,B01
201700043131,1,07,000,00,2,7,23,A01
201700043131,1,34,000,01,2,8,14,B01
201700043132,1,07,000,00,1,1,02,A01
201700043133,1,33,000,00,2,7,01,A01
201700043133,2,07,000,00,2,1,01,Z01
201700043134,1,07,000,00,1,3,15,A01
201700043135,0,99,000,00,1,0,00,Z01
201700043136,0,99,000,00,0,0,00,Z01
201700043137,2,02,000,00,1,1,08,A01
201700043138,1,07,000,00,2,3,06,A01
201700043138,1,31,000,00,2,1,02,B01
201700043139,1,34,000,00,2,1,17,A01
201700043139,1,07,000,00,2,2,09,B01
201700043140,1,07,000,00,2,1,02,A01
201700043140,1,07,000,00,2,4,02,B01
201700043141,1,07,000,00,1,1,16,A01
201700043142,2,07,000,00,1,3,01,A01
201700043143,1,07,000,09,0,1,01,A01
201700043144,2,07,000,00,1,3,01,A01
201700043145,1,31,000,14,2,1,14,A01
201700043145,1,13,000,00,2,3,15,B01
201700043146,0,07,000,00,1,2,02,A01
201700043147,1,07,000,00,1,1,01,A01
201700043148,1,07,000,00,2,2,01,A01
201700043148,1,07,000,00,2,4,20,B01
201700043149,1,33,000,00,1,1,21,A01
201700043150,1,10,000,00,2,3,11,A01
201700043150,1,33,000,00,2,0,21,B01
201700043151,2,37,000,00,1,3,02,A01
201700043152,1,33,000,01,0,1,21,A01
201700043152,1,07,000,00,2,6,24,B01
201700043153,1,07,000,01,0,2,01,A01
201700043154,2,07,000,00,9,3,09,A01
201700043154,2,31,000,00,2,1,01,B01
201700043155,1,33,000,00,1,4,00,A01
201700043156,1,33,000,00,1,4,00,A01
201700043157,1,33,000,00,1,1,02,Z01
201700043158,1,34,000,00,2,7,01,B01
201700043158,1,07,000,00,2,1,01,A01
201700043159,2,07,000,00,1,2,01,A01
201700043160,1,07,000,00,2,3,01,A01
201700043160,1,07,000,00,2,7,15,B01
201700043161,1,15,000,00,2,3,12,A01
201700043161,1,07,000,12,2,6,00,B01
201700043162,0,02,000,12,2,2,17,A01
201700043162,0,07,000,00,2,3,15,B01
201700043163,1,31,000,00,2,8,01,A01
201700043163,1,07,000,00,0,0,13,Z01
201700043164,1,07,000,01,0,1,01,A01
201700043165,2,07,000,00,2,1,02,A01
201700043165,2,07,000,00,2,4,02,B01
201700043165,2,07,000,00,2,4,02,C01
201700043166,0,07,000,00,1,1,19,A01
201700043167,1,07,000,00,2,1,02,A01
201700043167,1,07,000,00,2,4,02,B01
201700043168,1,34,000,00,2,2,02,A01
201700043168,1,07,000,00,2,3,13,B01
201700043169,1,07,000,00,2,0,00,A01
201700043169,2,31,000,00,2,0,00,B01
201700043170,1,10,000,00,2,2,15,A01
201700043170,2,34,000,00,2,3,01,B01
201700043171,1,37,000,00,2,3,15,B01
201700043171,2,38,000,00,2,1,01,A01
201700043172,2,37,000,00,1,1,01,A01
201700043173,2,07,000,00,2,3,11,A01
201700043173,2,31,000,00,2,2,15,B01
201700043174,2,07,000,00,2,1,02,A01
201700043174,2,07,000,14,2,4,23,B01
201700043174,2,07,000,00,2,4,23,C01
201700043175,1,07,000,00,2,4,21,A01
201700043175,1,07,000,00,2,1,21,B01
201700043176,1,07,000,00,2,1,01,A01
201700043176,1,07,000,00,2,4,01,B01
201700043177,1,10,000,00,2,4,02,A01
201700043177,1,10,000,00,2,1,02,B01
201700043178,1,07,000,00,2,3,09,A01
201700043178,1,34,000,00,2,1,19,B01
201700043179,1,07,000,08,2,3,01,B01
201700043179,1,07,000,08,2,2,19,A01
201700043180,1,07,000,00,2,2,01,B01
201700043180,1,30,000,00,2,7,01,A01
201700043181,1,07,000,00,2,1,02,A01
201700043181,1,07,000,00,1,4,02,B01
201700043182,1,07,000,00,2,2,16,A01
201700043182,1,33,000,00,2,8,01,B01
201700043183,1,07,000,01,0,2,05,A01
201700043183,1,07,000,01,0,6,24,B01
201700043184,1,07,000,01,1,1,19,A01
201700043185,1,07,000,00,2,3,15,A01
201700043185,2,31,000,00,2,1,01,B01
201700043186,1,31,000,00,1,1,17,Z01
201700043187,1,40,000,00,1,2,01,A01
201700043188,1,34,000,01,0,2,17,A01
201700043188,1,37,000,00,2,3,24,B01
201700043189,1,10,000,09,0,2,21,A01
201700043190,1,20,000,00,1,8,15,A01
201700043191,1,31,000,00,9,1,00,A01
201700043192,2,07,000,00,2,1,07,A01
201700043192,2,07,000,00,1,4,07,B01
201700043193,1,07,000,00,1,2,20,A01
201700043194,2,10,000,01,1,1,11,A01
201700043194,1,10,000,01,2,1,13,B01
201700043194,1,10,000,00,2,1,24,C01
201700043195,1,07,000,00,2,4,02,A01
201700043195,1,07,000,00,2,1,02,B01
201700043196,1,07,000,00,1,1,16,A01
201700043197,1,07,000,01,0,5,09,B01
201700043197,1,01,000,01,2,5,19,A01
201700043198,1,07,000,00,1,2,02,A01
201700043199,1,07,000,00,2,2,19,A01
201700043199,1,07,000,00,2,7,19,B01
201700043200,1,07,000,00,1,2,16,A01
201700043201,1,07,000,00,1,2,02,A01
201700043202,1,07,000,08,0,3,01,A01
201700043202,2,07,000,00,2,1,15,B01
201700043203,1,07,000,00,2,3,13,A01
201700043203,1,07,000,00,2,2,02,B01
201700043204,1,37,000,00,1,5,24,A01
201700043205,1,30,000,00,2,1,02,A01
201700043205,1,07,000,00,2,6,01,B01
201700043206,1,10,000,00,2,3,15,A01
201700043206,1,33,000,00,2,6,14,B01
201700043207,1,07,000,00,2,2,14,A01
201700043207,1,07,000,00,2,6,02,B01
201700043208,2,10,000,00,2,6,14,A01
201700043208,2,15,000,00,2,2,21,B01
201700043208,2,07,000,00,2,4,02,C01
201700043209,1,07,000,00,2,3,15,A01
201700043209,2,07,000,00,2,8,02,B01
201700043209,2,07,000,00,2,2,02,C01
201700043210,2,07,000,00,1,2,19,Z01
201700043211,1,07,000,00,1,2,21,B01
201700043212,1,31,000,00,2,1,09,A01
201700043212,1,07,000,00,2,1,09,B01
201700043213,1,31,000,00,2,1,15,B01
201700043213,1,07,000,00,2,2,15,A01
201700043214,1,34,000,00,1,3,01,A01
201700043215,1,33,000,00,1,1,07,A01
201700043216,1,37,000,00,1,0,19,A01
201700043217,1,01,000,00,1,1,02,A01
201700043218,1,07,000,00,2,4,02,A01
201700043218,1,34,000,00,2,1,02,B01
201700043219,1,02,000,00,2,1,19,B01
201700043219,1,07,000,00,2,3,19,A01
201700043220,1,10,000,00,2,7,23,B01
201700043220,1,40,000,00,2,1,01,A01
201700043221,1,13,000,00,2,2,16,A01
201700043221,1,07,000,00,2,3,02,B01
201700043222,2,10,000,00,9,1,01,A01
201700043222,2,07,000,06,0,2,01,B01
201700043223,1,07,000,00,1,4,20,A01
201700043224,1,07,000,00,1,3,02,A01
201700043225,1,31,000,00,2,1,14,B01
201700043225,1,07,000,00,2,3,09,A01
201700043226,1,07,000,00,2,3,09,A01
201700043226,1,07,000,00,4,1,13,B01
201700043226,1,40,000,00,2,7,01,C01
201700043227,2,31,000,00,1,2,13,A01
201700043228,1,07,000,00,2,7,12,A01
201700043228,1,31,000,01,2,9,01,C01
201700043229,1,10,000,00,2,1,01,A01
201700043229,1,07,000,00,2,4,01,B01
201700043230,1,07,000,00,2,1,12,A01
201700043230,1,34,000,00,2,4,09,B01
201700043231,1,34,000,00,1,1,01,A01
201700043232,1,07,000,00,1,4,20,A01
201700043233,1,07,000,14,2,4,09,A01
201700043234,1,32,000,00,2,0,01,A01
201700043234,1,07,000,00,2,8,01,B01
201700043235,1,07,000,00,2,3,15,A01
201700043235,1,07,000,00,2,7,12,B01
201700043236,1,07,000,00,2,1,19,B01
201700043236,1,07,000,00,2,7,19,A01
201700043237,1,33,000,00,1,0,02,A01
201700043238,1,31,000,00,1,2,01,A01
201700043239,2,07,000,04,2,7,14,A01
201700043239,1,34,000,04,2,8,01,B01
201700043240,2,07,000,00,1,2,13,A01
201700043241,1,31,000,00,1,1,01,A01
201700043242,1,07,000,11,0,1,09,A01
201700043243,1,20,000,00,4,4,07,A01
201700043243,1,40,000,00,4,1,07,B01
201700043244,1,07,000,00,1,3,09,A01
201700043244,1,01,000,00,9,0,09,B01
201700043245,1,33,000,01,1,0,21,Z01
201700043246,2,07,000,00,1,4,20,A01
201700043247,1,07,000,00,2,3,02,A01
201700043247,1,33,000,00,2,7,02,B01
201700043248,1,07,000,00,0,1,02,A01
201700043248,1,07,000,00,0,4,02,B01
201700043249,1,99,000,12,0,0,16,A01
201700043250,1,07,000,00,0,1,13,A01
201700043251,2,33,000,00,2,1,03,A01
201700043251,2,07,000,00,2,8,10,B01
201700043252,2,07,000,00,1,0,02,A01
201700043253,2,10,000,00,1,2,02,A01
201700043254,1,07,000,00,1,3,15,A01
201700043255,1,07,000,00,1,3,00,A01
201700043256,1,07,000,00,1,1,01,A01
201700043257,2,37,000,15,0,2,14,A01
201700043258,0,07,000,00,2,6,11,A01
201700043258,0,07,000,00,2,2,02,B01
201700043259,1,07,000,00,2,3,19,A01
201700043259,2,31,000,00,2,1,19,B01
201700043260,1,07,000,12,0,1,13,A01
201700043261,1,07,000,00,2,1,09,A01
201700043261,1,07,000,00,2,3,09,B01
201700043262,1,07,000,00,2,3,19,A01
201700043263,1,07,000,00,0,4,01,A01
201700043264,1,07,000,00,2,1,02,A01
201700043264,1,07,000,00,2,4,02,B01
201700043265,1,07,000,00,1,1,15,A01
201700043266,1,07,000,00,1,2,01,A01
201700043267,1,34,000,00,2,4,02,A01
201700043267,1,07,000,00,2,1,02,Z01
201700043268,2,07,000,00,1,1,01,A01
201700043269,2,07,000,00,1,1,02,A01
201700043270,1,07,000,00,1,1,16,A01
201700043271,2,14,000,00,1,1,01,A01
201700043272,1,07,000,00,1,2,09,A01
201700043273,2,10,000,00,1,2,16,A01
201700043274,1,07,000,00,2,1,02,A01
201700043274,1,07,000,00,2,4,02,B01
201700043275,1,30,000,00,1,3,14,A01
201700043276,1,10,000,00,0,3,15,A01
201700043276,1,32,000,00,0,1,01,B01
201700043277,1,34,000,00,2,3,16,A01
201700043277,1,07,000,00,2,5,15,B01
201700043278,1,07,000,00,1,1,01,Z01
201700043279,1,07,000,00,2,1,01,A01
201700043279,0,07,000,00,0,0,01,B01
201700043280,1,07,000,00,2,3,15,A01
201700043280,2,02,000,00,2,1,01,B01
201700043281,1,07,000,00,2,3,10,A01
201700043281,1,33,000,00,2,2,02,B01
201700043282,1,07,000,00,1,1,19,A01
201700043283,0,07,000,00,1,0,00,A01
201700043284,1,07,000,00,1,4,20,A01
201700043285,1,07,000,00,2,1,02,A01
201700043285,1,07,000,00,2,4,02,B01
201700043285,1,07,000,00,2,6,24,C01
201700043286,2,07,000,00,2,0,13,A01
201700043286,1,31,000,00,2,1,21,B01
201700043287,2,07,000,00,2,7,16,A01
201700043287,2,30,000,00,2,0,13,B01
201700043288,1,30,000,00,1,1,18,A01
201700043289,1,07,000,00,2,1,02,A01
201700043289,1,07,000,00,2,8,09,B01
201700043290,1,07,000,00,1,1,01,A01
201700043291,1,10,000,14,0,2,14,A01
201700043291,1,10,000,15,0,6,20,B01
201700043292,2,07,000,00,1,1,19,A01
201700043293,1,31,000,00,1,1,21,A01
201700043294,2,10,000,00,2,2,16,A01
201700043294,2,30,000,00,2,6,01,B01
201700043295,1,10,000,00,2,2,10,A01
201700043295,1,10,000,00,2,8,02,B01
201700043296,1,07,000,00,2,8,15,A01
201700043296,1,33,000,00,2,1,17,B01
201700043297,1,07,000,09,1,1,15,A01
201700043298,2,34,000,01,1,1,17,A01
201700043299,2,07,000,00,2,4,02,A01
201700043299,1,07,000,00,2,1,07,B01
201700043300,1,07,000,00,2,3,23,A01
201700043300,2,33,000,00,2,1,01,B01
201700043301,1,07,000,00,2,7,14,A01
201700043301,2,34,000,00,2,2,13,B01
201700043302,1,07,000,00,2,4,07,A01
201700043302,1,07,000,00,2,1,07,B01
201700043303,2,07,000,00,2,1,02,A01
201700043303,2,07,000,00,2,4,23,B01
201700043303,2,07,000,00,2,4,23,C01
201700043304,1,07,000,00,2,1,02,A01
201700043304,1,07,000,00,2,4,02,B01
201700043305,1,07,000,00,1,1,02,A01
201700043306,2,01,000,00,2,1,01,A01
201700043306,1,34,000,00,2,1,13,B01
201700043307,1,13,000,14,2,1,13,A01
201700043307,1,10,000,12,0,4,16,B01
201700043307,1,13,000,01,0,4,24,C01
201700043308,2,07,000,01,2,3,01,A01
201700043308,2,07,000,01,2,1,19,B01
201700043309,1,13,000,00,1,3,15,A01
201700043310,2,07,000,00,2,1,02,A01
201700043310,2,07,000,00,2,4,23,B01
201700043311,1,07,000,00,2,1,02,A01
201700043311,1,07,000,00,2,6,23,B01
201700043312,2,33,000,00,2,4,23,A01
201700043312,2,31,000,00,2,1,01,B01
201700043313,1,07,000,00,2,8,13,A01
201700043313,1,07,000,01,0,0,24,B01
201700043314,1,31,000,00,2,1,02,A01
201700043314,1,07,000,00,2,2,10,B01
201700043315,1,07,000,01,0,1,24,A01
201700043315,1,07,000,07,0,4,23,B01
201700043316,1,07,000,00,1,4,20,A01
201700043317,1,07,000,00,1,1,01,B01
201700043318,1,07,000,00,1,2,21,A01
201700043319,1,07,000,00,1,4,04,A01
201700043320,1,10,000,00,1,2,10,A01
201700043321,2,07,000,00,2,3,17,A01
201700043321,1,31,000,00,2,3,02,B01
201700043322,1,37,000,00,2,1,07,A01
201700043322,1,07,000,00,2,4,07,B01
201700043323,2,33,000,00,2,2,13,A01
201700043323,1,13,000,00,2,2,13,B01
201700043324,1,17,000,00,9,8,24,A01
201700043324,1,01,000,01,0,0,01,B01
201700043325,2,07,000,00,2,3,09,A01
201700043325,2,31,000,00,2,0,09,B01
201700043326,1,07,000,00,2,2,09,A01
201700043326,1,07,000,00,2,6,09,B01
201700043327,1,07,000,00,2,1,02,A01
201700043327,1,37,000,00,9,4,02,B01
201700043328,2,07,000,00,2,6,10,A01
201700043328,2,01,000,00,2,1,02,B01
201700043329,1,13,000,00,2,3,23,A01
201700043329,1,33,000,00,2,1,17,B01
201700043330,1,07,000,00,2,3,10,A01
201700043330,1,31,000,00,2,1,17,B01
201700043331,1,07,000,00,1,5,19,A01
201700043332,1,07,000,00,2,2,09,A01
201700043332,0,33,000,00,0,3,09,B01
201700043333,2,07,000,00,2,5,15,A01
201700043333,1,07,000,00,2,1,02,B01
201700043334,1,10,000,00,1,3,15,A01
201700043335,2,34,000,00,1,1,01,A01
201700043336,2,07,000,00,2,3,10,A01
201700043336,1,33,000,00,2,1,01,B01
201700043337,1,07,000,00,2,3,10,A01
201700043337,1,33,000,00,2,1,17,B01
201700043338,1,07,000,00,1,0,16,A01
201700043339,2,07,000,00,2,1,01,A01
201700043339,1,07,000,00,2,3,01,B01
201700043340,2,07,000,00,2,8,10,A01
201700043340,2,33,000,00,2,2,00,B01
201700043340,2,07,000,01,0,8,00,C01
201700043341,2,07,000,00,1,3,01,A01
201700043342,1,33,000,00,1,1,09,A01
201700043343,1,30,000,00,2,1,05,A01
201700043343,2,07,000,00,2,1,15,B01
201700043344,2,07,000,00,2,1,10,A01
201700043344,2,33,000,00,2,1,01,B01
201700043345,0,34,000,00,2,3,00,A01
201700043345,0,03,000,00,2,2,00,B01
201700043346,0,37,000,00,1,7,00,A01
201700043347,0,07,000,00,1,2,01,A01
201700043348,0,07,000,00,2,1,10,A01
201700043348,0,32,000,00,0,1,00,B01
201700043349,0,07,000,00,2,1,10,A01
201700043349,0,07,000,00,2,2,01,B01
201700043350,0,03,000,00,2,1,01,B01
201700043350,0,33,000,00,2,8,15,A01
201700043351,2,07,000,00,2,3,00,A01
201700043351,0,99,000,15,2,1,00,B01
201700043352,0,07,000,09,0,3,16,A01
201700043353,0,30,000,00,2,1,17,A01
201700043353,0,07,000,00,2,8,15,B01
201700043354,0,01,000,00,2,1,02,A01
201700043354,0,07,000,00,2,3,15,B01
201700043355,0,07,000,00,2,1,01,A01
201700043355,0,07,000,00,1,7,00,B01
201700043356,0,07,000,00,0,2,15,A01
201700043357,0,07,000,00,0,0,00,B01
201700043357,0,37,000,00,0,0,00,A01
201700043358,0,07,000,00,2,1,00,A01
201700043358,0,07,000,08,2,1,00,B01
201700043358,0,07,000,00,2,1,00,C01
201700043359,2,07,000,00,1,2,11,A01
201700043360,0,07,000,00,0,0,00,A01
201700043361,0,07,000,00,2,6,15,B01
201700043361,0,07,000,00,2,2,17,A01
201700043362,0,99,000,00,1,2,01,A01
201700043363,0,07,000,00,0,3,01,A01
201700043364,2,07,000,00,1,8,01,A01
201700043365,2,20,000,00,2,1,17,A01
201700043365,1,07,000,00,2,1,01,B01
201700043366,2,07,000,00,2,5,01,A01
201700043366,2,31,000,00,2,1,02,B01
201700043367,1,30,000,00,1,7,01,B01
201700043367,1,07,000,00,2,1,19,A01
201700043368,2,07,000,00,1,2,01,A01
201700043369,1,07,000,00,1,2,01,A01
201700043370,1,07,000,00,9,2,15,A01
201700043370,1,31,000,00,2,1,16,B01
201700043371,1,07,000,00,1,5,01,A01
201700043372,1,07,000,00,1,5,15,A01
201700043373,1,99,000,01,0,1,14,Z01
201700043374,1,07,000,00,2,1,01,A01
201700043374,2,07,000,00,2,8,15,B01
201700043375,1,07,000,14,0,4,02,A01
201700043375,1,13,000,00,2,1,02,B01
201700043376,1,07,000,00,1,7,01,A01
201700043377,1,07,000,00,2,4,23,A01
201700043377,1,10,000,00,2,4,23,B01
201700043377,1,07,000,00,2,1,02,Z01
201700043378,1,07,000,00,2,3,09,A01
201700043378,1,34,000,00,2,1,15,B01
201700043379,1,07,000,00,1,3,19,A01
201700043380,1,07,000,00,1,0,19,A01
201700043381,0,07,000,15,2,1,01,A01
201700043382,1,31,000,00,2,1,01,B01
201700043382,1,07,000,00,2,2,01,A01
201700043383,1,10,000,00,2,5,19,A01
201700043383,1,07,000,00,2,1,19,B01
201700043384,2,10,000,00,1,1,01,A01
201700043385,0,07,000,00,0,1,02,A01