Num_Acc,senc,catv,occutc,obs,obsm,choc,manv,num_veh
201700043385,1,37,000,00,0,6,07,B01
201700043386,1,07,000,00,2,3,02,A01
201700043386,1,02,000,00,2,5,15,B01
201700043387,1,07,000,00,2,1,01,A01
201700043387,1,07,000,09,0,8,01,B01
201700043388,1,37,000,00,1,7,01,A01
201700043389,1,07,000,01,1,2,01,Z01
201700043390,1,07,000,00,1,1,01,A01
201700043391,0,07,000,00,0,3,01,A01
201700043392,0,07,000,01,0,1,14,A01
201700043393,0,07,000,15,0,2,01,A01
201700043394,0,07,000,00,0,0,00,A01
201700043394,1,07,000,00,0,0,00,B01
201700043395,0,03,000,00,1,3,00,A01
201700043396,2,07,000,00,1,2,16,A01
201700043397,0,07,000,00,2,1,02,A01
201700043397,0,07,000,00,0,4,00,B01
201700043398,0,07,000,00,2,1,06,A01
201700043398,0,07,000,00,2,0,00,B01
201700043398,0,07,000,00,0,0,00,C01
201700043398,0,07,000,00,2,0,00,D01
201700043399,0,07,000,00,0,3,15,A01
201700043399,0,33,000,00,2,7,02,B01
201700043400,0,07,000,00,0,0,00,A01
201700043401,2,07,000,00,0,2,19,A01
201700043402,0,07,000,00,1,1,02,A01
201700043403,2,31,000,00,2,1,00,B01
201700043403,1,07,000,00,2,5,19,A01
201700043404,0,31,000,00,2,1,01,A01
201700043404,0,07,000,00,2,8,15,B01
201700043405,0,07,000,00,2,1,02,A01
201700043405,0,33,000,00,2,4,01,B01
201700043406,1,34,000,15,0,3,17,A01
201700043407,0,07,000,00,1,3,00,A01
201700043408,2,33,000,00,2,1,03,A01
201700043408,2,07,000,00,2,7,22,B01
201700043408,0,07,000,00,2,7,01,C01
201700043409,1,33,000,00,2,1,01,A01
201700043409,2,07,000,00,2,7,15,B01
201700043410,1,07,000,00,2,1,19,C01
201700043410,1,07,000,00,1,6,16,A01
201700043410,1,07,000,00,1,6,16,B01
201700043411,0,07,000,00,2,8,01,B01
201700043411,0,07,000,00,2,1,19,A01
201700043412,1,07,000,00,2,3,16,A01
201700043412,1,07,000,00,2,2,19,B01
201700043413,1,07,000,00,2,2,07,A01
201700043413,1,33,000,00,2,3,07,B01
201700043414,1,07,000,00,2,1,02,A01
201700043414,1,07,000,00,2,4,02,B01
201700043415,2,31,000,00,2,1,01,A01
201700043415,2,07,000,00,2,4,01,B01
201700043416,2,07,000,08,2,2,16,A01
201700043416,2,33,000,00,2,3,01,B01
201700043417,1,33,000,00,2,5,19,A01
201700043417,1,99,000,00,9,5,15,B01
201700043418,1,07,000,00,1,5,01,A01
201700043419,1,07,000,00,1,2,02,A01
201700043420,1,10,000,00,2,2,15,A01
201700043420,2,07,000,00,2,1,01,B01
201700043421,1,07,000,01,0,1,21,A01
201700043421,,07,000,,,,,A02
201700043421,,07,000,,,,,A03
201700043421,,07,000,,,,,A04
201700043421,,07,000,,,,,A05
201700043422,1,07,000,00,2,1,07,A01
201700043422,1,07,000,00,2,4,07,B01
201700043423,0,07,000,00,1,8,01,A01
201700043424,1,01,000,00,2,7,01,Y01
201700043425,2,07,000,08,2,2,01,A01
201700043425,0,07,000,00,2,0,15,B01
201700043426,1,07,000,00,2,1,19,A01
201700043426,1,07,000,00,2,5,19,B01
201700043427,1,07,000,00,2,3,15,A01
201700043427,1,31,000,00,2,2,15,B01
201700043428,1,07,000,00,1,2,02,A01
201700043429,2,07,000,00,1,3,01,A01
201700043430,1,07,000,02,2,1,17,A01
201700043430,0,07,000,00,2,1,01,B01
201700043431,2,30,000,00,1,1,07,C01
201700043432,1,07,000,00,2,2,09,A01
201700043432,1,32,000,16,2,1,09,B01
201700043433,2,34,000,00,2,1,07,A01
201700043433,1,07,000,00,2,5,15,B01
201700043434,2,07,000,09,2,6,07,A01
201700043434,2,15,000,09,2,2,07,B01
201700043435,0,01,000,00,1,1,01,A01
201700043436,2,07,000,00,1,2,01,A01
201700043437,1,07,000,00,1,1,16,A01
201700043438,2,07,000,00,2,3,19,A01
201700043438,2,07,000,00,2,2,17,B01
201700043439,0,13,000,00,1,6,15,A01
201700043440,0,07,000,00,2,1,19,A01
201700043440,0,33,000,00,2,8,02,B01
201700043441,2,34,000,00,1,1,17,A01
201700043442,2,07,000,00,2,3,10,A01
201700043442,2,33,000,00,2,1,21,B01
201700043443,1,07,000,00,2,4,20,A01
201700043443,1,07,000,00,2,1,02,B01
201700043444,1,33,000,00,1,1,01,A01
201700043445,1,07,000,00,2,1,01,B01
201700043445,1,99,000,14,2,2,15,A01
201700043446,1,07,000,00,1,1,11,A01
201700043447,1,07,000,00,2,3,15,A01
201700043447,2,33,000,00,2,1,01,B01
201700043448,1,34,000,00,2,3,01,A01
201700043448,1,07,000,00,2,1,19,Z01
201700043449,1,07,000,00,1,1,01,A01
201700043450,1,34,000,00,2,1,17,A01
201700043450,1,10,000,00,2,2,23,B01
201700043451,1,07,000,00,1,3,01,A01
201700043452,1,07,000,00,1,2,01,A01
201700043453,1,33,000,00,2,8,01,A01
201700043453,1,17,000,00,2,7,12,B01
201700043454,1,31,000,00,2,8,21,A01
201700043454,1,07,000,16,0,2,09,Z01
201700043455,2,07,000,00,2,3,01,A01
201700043455,2,32,000,00,2,7,17,B01
201700043456,2,07,000,00,1,1,01,A01
201700043457,1,07,000,00,1,2,01,A01
201700043458,1,07,000,00,2,6,15,A01
201700043458,1,07,000,00,2,1,17,B01
201700043459,1,07,000,00,9,2,09,A01
201700043460,1,07,000,00,1,2,21,A01
201700043461,0,07,000,00,1,3,01,A01
201700043462,0,07,000,08,0,3,14,A01
201700043463,0,07,000,00,2,7,15,A01
201700043463,0,07,000,00,2,1,02,B01
201700043464,0,07,000,00,0,4,01,A01
201700043464,0,07,000,00,2,1,01,B01
201700043465,0,07,000,00,2,1,09,A01
201700043465,0,07,000,00,2,4,00,B01
201700043466,1,07,000,00,2,4,23,A01
201700043466,1,07,000,00,2,1,02,B01
201700043467,0,07,000,00,2,3,16,A01
201700043467,0,07,000,12,2,8,00,B01
201700043468,1,07,000,00,2,1,10,A01
201700043468,1,07,000,00,2,6,09,B01
201700043469,0,07,000,00,2,4,02,B01
201700043469,0,33,000,00,2,0,02,A01
201700043470,1,07,000,15,0,2,21,A01
201700043471,0,15,000,00,0,0,00,B01
201700043471,0,07,000,00,0,4,02,A01
201700043472,1,07,000,00,1,7,13,A01
201700043473,0,07,000,00,9,1,15,A01
201700043473,0,01,000,00,2,7,02,B01
201700043474,0,03,000,00,2,1,09,A01
201700043474,0,03,000,00,2,7,01,B01
201700043475,0,07,000,00,2,3,15,A01
201700043475,0,07,000,00,2,3,16,B01
201700043476,1,07,000,01,0,2,02,A01
201700043477,1,07,000,00,1,1,19,A01
201700043478,0,07,000,00,2,1,02,A01
201700043478,0,07,000,00,0,6,00,B01
201700043479,1,07,000,00,2,2,01,A01
201700043479,2,31,000,00,2,5,15,B01
201700043480,0,02,000,00,2,1,10,A01
201700043480,0,99,000,00,0,4,02,B01
201700043481,1,07,000,00,2,1,02,A01
201700043481,1,07,000,00,2,4,02,B01
201700043482,0,10,000,15,0,1,02,A01
201700043483,2,07,000,00,2,8,01,B01
201700043483,1,07,000,00,2,2,10,A01
201700043484,0,33,000,00,2,4,02,B01
201700043484,0,07,000,00,2,1,02,A01
201700043485,1,07,000,00,2,1,21,A01
201700043485,1,37,000,00,2,6,01,B01
201700043486,0,33,000,00,2,2,12,A01
201700043486,0,07,000,00,2,8,01,B01
201700043487,2,07,000,00,1,2,01,A01
201700043488,1,10,000,00,1,0,11,A01
201700043489,2,07,000,00,2,2,15,B01
201700043489,1,07,000,00,2,1,01,A01
201700043490,0,03,000,06,0,1,11,A01
201700043491,2,07,000,00,1,1,01,A01
201700043492,0,07,000,00,1,8,01,A01
201700043493,1,07,000,00,2,3,07,A01
201700043493,1,07,000,00,2,3,15,B01
201700043494,1,07,000,00,2,3,00,A01
201700043494,1,31,000,00,2,1,00,B01
201700043495,2,07,000,00,2,3,14,A01
201700043495,2,07,000,00,2,5,16,B01
201700043496,1,07,000,00,2,1,02,A01
201700043496,1,30,000,00,2,4,02,B01
201700043497,0,07,000,00,2,1,09,A01
201700043497,0,07,000,00,2,4,09,B01
201700043497,0,07,000,00,2,4,09,C01
201700043498,0,07,000,00,2,1,01,A01
201700043498,0,07,000,00,2,1,15,B01
201700043499,2,99,000,00,2,1,17,A01
201700043499,2,07,000,00,2,3,15,B01
201700043500,2,07,000,00,2,3,01,B01
201700043500,1,07,000,00,2,1,15,A01
201700043501,1,07,000,00,2,1,23,A01
201700043501,1,33,000,00,2,4,23,B01
201700043502,1,07,000,00,1,0,01,A01
201700043503,1,07,000,00,1,4,04,A01
201700043504,1,07,000,00,9,4,01,A01
201700043504,1,07,000,14,0,1,02,B01
201700043505,1,07,000,00,2,1,09,B01
201700043505,2,01,000,00,2,7,02,A01
201700043506,2,01,000,00,1,1,01,A01
201700043507,2,07,000,00,2,8,10,A01
201700043507,2,34,000,00,2,8,10,B01
201700043508,2,07,000,00,2,7,01,A01
201700043508,1,01,000,00,2,1,15,B01
201700043509,2,10,000,00,2,1,19,A01
201700043509,1,07,000,00,2,7,01,B01
201700043510,1,33,000,08,2,9,01,B01
201700043510,1,07,000,00,2,8,16,A01
201700043511,2,07,000,00,1,2,01,A01
201700043512,0,10,000,00,2,4,02,A01
201700043512,0,07,000,00,2,9,02,B01
201700043512,0,07,000,00,2,1,02,C01
201700043513,2,07,000,00,2,2,02,A01
201700043513,2,07,000,00,2,4,02,B01
201700043514,2,31,000,00,1,1,01,A01
201700043515,1,07,000,00,2,1,19,A01
201700043515,1,07,000,00,2,9,01,B01
201700043516,1,07,000,00,2,1,09,A01
201700043516,1,07,000,00,2,8,09,B01
201700043517,1,07,000,00,2,5,09,A01
201700043517,1,07,000,00,2,3,01,B01
201700043518,1,07,000,00,9,3,01,A01
201700043518,1,01,000,00,2,1,00,B01
201700043519,1,07,000,00,1,2,17,A01
201700043520,0,07,000,00,9,0,00,A01
201700043520,0,01,000,00,2,0,00,B01
201700043521,0,07,000,00,2,2,01,B01
201700043521,0,07,000,00,2,1,19,A01
201700043522,1,07,000,00,2,1,17,A01
201700043522,1,07,000,00,2,1,02,B01
201700043522,2,07,000,00,2,1,01,C01
201700043523,1,07,000,00,2,3,15,A01
201700043523,2,33,000,00,2,3,19,B01
201700043524,1,07,000,00,2,1,13,A01
201700043524,1,10,000,00,2,1,01,B01
201700043524,2,07,000,00,2,9,01,C01
201700043524,2,07,000,00,2,1,02,D01
201700043525,1,07,000,00,2,9,02,A01
201700043525,1,07,000,00,2,9,02,B01
201700043525,1,07,000,00,2,9,02,C01
201700043525,1,07,000,00,2,1,02,D01
201700043526,1,07,000,00,2,3,01,A01
201700043526,2,34,000,00,2,1,01,B01
201700043527,1,99,000,00,2,7,09,A01
201700043527,1,07,000,00,9,5,09,B01
201700043528,1,07,000,00,2,1,01,A01
201700043528,2,07,000,00,2,7,15,B01
201700043529,1,10,000,08,0,3,21,A01
201700043530,1,07,000,00,2,1,15,A01
201700043530,2,07,000,00,2,3,02,B01
201700043531,1,07,000,00,2,2,15,A01
201700043532,1,33,000,00,2,4,16,A01
201700043532,1,07,000,00,2,2,01,B01
201700043533,2,37,000,00,0,7,01,A01
201700043534,1,07,000,00,2,1,15,A01
201700043534,2,13,000,00,2,1,01,B01
201700043535,0,07,000,00,2,1,15,A01
201700043535,0,33,000,00,2,8,01,B01
201700043536,1,33,000,00,0,9,16,A01
201700043537,1,07,000,03,0,1,01,A01
201700043538,1,07,000,00,2,1,19,A01
201700043538,1,07,000,00,2,8,01,B01
201700043539,1,07,000,00,9,4,23,B01
201700043539,1,07,000,00,9,0,09,C01
201700043540,1,34,000,00,2,7,14,A01
201700043540,1,07,000,00,2,8,01,B01
201700043541,1,07,000,00,2,3,13,A01
201700043541,2,07,000,00,2,3,01,B01
201700043542,2,07,000,00,2,5,19,B01
201700043542,2,07,000,00,2,1,01,A01
201700043543,1,07,000,00,1,1,01,A01
201700043544,2,07,000,00,1,1,00,A01
201700043545,1,07,000,00,2,2,14,A01
201700043545,1,07,000,00,2,6,01,B01
201700043546,1,37,000,00,2,3,07,A01
201700043546,1,07,000,00,1,2,09,B01
201700043547,1,07,000,00,1,0,01,A01
201700043548,2,07,000,09,0,2,01,A01
201700043549,1,13,000,00,1,2,15,A01
201700043550,2,07,000,00,2,6,11,A01
201700043550,2,33,000,00,2,1,01,B01
201700043551,1,07,000,01,2,8,02,B01
201700043551,1,07,000,00,2,1,02,A01
201700043552,1,07,000,00,1,2,00,A01
201700043553,1,07,000,00,2,8,19,A01
201700043553,1,07,000,00,2,1,19,B01
201700043554,2,10,000,00,2,1,21,A01
201700043554,2,99,000,00,2,1,23,B01
201700043554,2,07,000,00,2,4,23,C01
201700043555,1,07,000,00,2,3,10,A01
201700043555,1,07,000,00,2,5,01,B01
201700043556,1,07,000,00,2,2,09,A01
201700043556,1,31,000,00,2,1,01,B01
201700043557,2,37,000,00,2,1,07,A01
201700043557,2,07,000,00,2,5,16,B01
201700043558,1,07,000,00,2,2,14,A01
201700043558,1,33,000,00,2,3,09,B01
201700043559,1,07,000,00,1,1,19,A01
201700043560,2,07,000,08,2,6,01,A01
201700043560,1,07,000,00,2,3,15,B01
201700043561,1,07,000,09,0,4,02,A01
201700043561,1,07,000,00,2,1,02,B01
201700043562,1,37,000,00,1,8,07,A01
201700043563,2,07,000,00,1,1,09,A01
201700043564,1,07,000,00,2,4,23,A01
201700043564,1,07,000,00,2,1,23,B01
201700043565,1,07,000,00,2,1,23,A01
201700043565,1,07,000,00,2,4,23,B01
201700043566,2,07,000,09,0,1,15,A01
201700043567,1,07,000,00,2,1,02,A01
201700043567,1,07,000,00,2,4,01,B01
201700043568,1,07,000,00,2,4,04,A01
201700043568,1,07,000,00,2,1,02,B01
201700043569,1,07,000,00,1,2,00,A01
201700043570,1,10,000,00,2,8,09,A01
201700043570,1,33,000,00,2,5,01,B01
201700043571,1,07,000,00,1,3,15,A01
201700043572,1,07,000,00,1,2,01,A01
201700043573,1,07,000,00,2,1,01,A01
201700043573,1,07,000,00,0,5,15,B01
201700043574,1,10,000,00,2,8,01,B01
201700043574,1,07,000,00,2,1,01,A01
201700043575,2,03,000,00,2,1,02,A01
201700043575,2,03,000,00,2,4,02,B01
201700043576,2,03,000,00,2,1,02,A01
201700043576,2,03,000,00,2,4,02,B01
201700043577,2,07,000,00,2,0,13,A01
201700043577,1,07,000,00,2,0,00,B01
201700043578,2,07,000,00,2,3,21,A01
201700043578,1,07,000,00,2,3,21,B01
201700043579,1,07,000,03,0,1,01,A01
201700043580,1,07,000,04,0,8,02,A01
201700043581,0,10,000,00,2,1,13,B01
201700043581,0,07,000,00,9,4,23,A01
201700043582,0,02,000,00,2,1,01,A01
201700043582,0,07,000,00,2,3,01,B01
201700043583,2,07,000,00,2,2,15,A01
201700043583,1,33,000,00,2,1,01,B01
201700043584,2,10,000,00,2,4,04,A01
201700043584,2,32,000,00,2,1,02,B01
201700043585,1,07,000,09,2,3,02,A01
201700043585,1,07,000,00,2,2,15,B01
201700043586,2,07,000,00,2,4,02,A01
201700043586,2,07,000,00,2,1,02,B01
201700043587,2,34,000,00,2,2,17,A01
201700043587,1,07,000,00,2,8,17,B01
201700043588,1,10,000,00,2,1,01,A01
201700043588,2,07,000,00,2,3,16,B01
201700043589,2,07,000,00,2,8,01,B01
201700043589,1,13,000,00,2,1,01,A01
201700043590,1,07,000,00,2,1,16,A01
201700043590,2,07,000,00,2,3,01,B01
201700043591,1,30,000,00,2,3,02,B01
201700043591,2,07,000,00,2,1,15,A01
201700043592,1,07,000,00,1,2,01,A01
201700043593,2,07,000,00,2,1,19,A01
201700043593,2,07,000,00,2,8,19,B01
201700043594,2,32,000,00,2,1,21,B01
201700043594,1,13,000,00,2,2,19,A01
201700043595,2,37,000,00,0,0,09,A01
201700043595,1,33,000,00,0,0,21,B01
201700043596,2,07,000,04,0,1,13,A01
201700043597,1,07,000,00,2,3,01,B01
201700043597,2,01,000,00,2,1,01,A01
201700043598,1,10,000,00,1,7,02,A01
201700043599,2,07,000,00,2,4,23,B01
201700043599,1,07,000,00,2,1,02,A01
201700043600,2,07,000,00,1,1,15,A01
201700043601,1,07,000,00,2,7,15,A01
201700043601,2,07,000,00,2,2,01,B01
201700043602,1,07,000,00,2,5,15,A01
201700043602,1,33,000,00,2,1,21,B01
201700043603,2,10,000,00,1,4,04,A01
201700043604,1,07,000,00,1,8,01,A01
201700043605,1,07,000,08,0,2,10,A01
201700043605,2,07,000,00,2,1,01,B01
201700043606,2,31,000,00,1,0,19,A01
201700043607,1,07,000,00,2,1,01,A01
201700043607,2,14,000,00,2,8,15,B01
201700043608,1,31,000,00,1,2,02,A01
201700043609,1,07,000,00,9,3,15,A01
201700043609,2,01,000,00,2,7,01,B01
201700043610,2,01,000,00,1,8,00,A01
201700043611,2,07,000,14,2,1,19,B01
201700043611,2,07,000,00,1,4,23,A01
201700043612,1,07,000,00,2,1,02,A01
201700043612,1,07,000,00,2,4,23,B01
201700043613,1,10,000,00,1,4,04,A01
201700043614,2,07,000,00,2,3,15,A01
201700043614,1,33,000,00,2,1,01,B01
201700043615,1,07,000,00,2,1,15,A01
201700043615,1,31,000,00,2,1,01,B01
201700043616,1,07,000,00,1,2,16,A01
201700043617,1,07,000,00,1,1,16,A01
201700043618,2,07,000,00,1,3,01,A01
201700043619,1,01,000,00,1,1,01,A01
201700043620,1,07,000,00,0,3,15,B01
201700043620,2,30,000,00,0,1,01,A01
201700043621,0,07,000,00,2,6,02,A01
201700043621,0,07,000,00,0,4,02,B01
201700043622,0,07,000,01,0,1,01,A01
201700043622,0,17,000,00,0,3,24,B01
201700043623,0,07,000,00,2,3,15,A01
201700043623,0,33,000,00,2,1,15,B01
201700043624,1,07,000,00,2,3,20,A01
201700043624,0,34,000,00,2,2,02,B01
201700043625,1,07,000,00,2,6,23,A01
201700043625,1,30,000,01,0,1,17,B01
201700043626,0,33,000,14,0,1,16,A01
201700043627,0,07,000,08,0,2,01,A01
201700043628,2,07,000,00,1,1,15,A01
201700043629,0,07,000,00,0,0,17,A01
201700043629,1,37,015,00,0,0,01,B01
201700043630,0,33,000,00,0,0,00,A01
201700043631,1,07,000,00,2,2,09,A01
201700043631,1,07,000,00,2,8,02,B01
201700043632,0,07,000,15,0,2,01,A01
201700043633,0,07,000,00,2,1,01,B01
201700043633,0,01,000,00,2,8,01,A01
201700043634,1,10,000,00,0,3,15,A01
201700043635,0,32,000,00,2,3,01,B01
201700043635,0,07,000,00,2,3,02,A01
201700043636,1,07,000,00,1,0,01,A01
201700043637,0,07,000,01,0,3,11,A01
201700043637,0,02,000,00,2,1,01,B01
201700043638,0,07,000,00,0,1,01,A01
201700043639,1,07,000,00,0,6,01,B01
201700043639,1,02,000,00,2,1,02,A01
201700043640,0,07,000,01,0,3,00,A01
201700043640,2,01,000,01,0,2,21,B01
201700043641,1,07,000,00,1,1,15,A01
201700043642,1,30,000,14,2,0,01,A01
201700043642,1,14,000,00,2,3,01,B01
201700043642,1,99,000,00,0,0,00,T01
201700043643,2,07,000,00,2,2,15,A01
201700043643,1,07,000,00,2,1,01,B01
201700043644,0,10,000,00,1,1,01,A01
201700043645,1,33,000,12,0,9,01,A01
201700043646,1,01,000,00,2,1,16,A01
201700043646,2,07,000,00,2,3,01,B01
201700043647,1,07,000,00,2,3,11,A01
201700043647,2,07,000,00,2,3,01,B01
201700043648,1,07,000,00,2,7,12,A01
201700043648,1,33,000,00,2,8,01,B01
201700043649,1,33,000,00,2,1,02,B01
201700043649,1,33,000,00,2,1,02,C01
201700043649,1,07,000,00,2,8,09,A01
201700043650,1,34,000,00,0,0,00,A01
201700043651,0,33,000,00,2,1,13,A01
201700043651,0,07,000,00,2,3,01,B01
201700043652,1,07,000,00,1,4,02,A01
201700043652,1,01,000,,,4,01,A02
201700043653,1,31,000,00,2,1,17,A01
201700043653,2,07,000,00,2,2,01,B01
201700043654,1,07,000,00,2,2,13,A01
201700043654,2,07,000,00,2,3,01,B01
201700043655,0,07,000,00,2,8,00,C01
201700043655,0,07,000,00,2,3,00,A01
201700043655,0,07,000,00,2,3,00,B01
201700043656,1,33,000,00,0,9,02,A01
201700043657,0,34,000,08,0,1,01,A01
201700043658,2,07,000,00,2,2,02,A01
201700043658,2,07,000,00,2,5,23,B01
201700043659,1,07,000,00,1,2,17,A01
201700043660,1,07,000,00,2,7,15,A01
201700043660,1,33,000,00,2,1,01,B01
201700043661,1,07,000,00,2,3,02,B01
201700043661,1,07,000,00,2,6,02,C01
201700043661,2,07,000,01,2,3,13,Z01
201700043662,2,07,000,00,2,1,01,A01
201700043662,2,07,000,00,2,4,01,B01
201700043663,1,07,000,03,0,1,16,A01
201700043664,2,07,000,13,0,1,13,A01
201700043665,1,33,000,00,2,7,15,B01
201700043665,1,07,000,00,2,1,09,A01
201700043666,2,07,000,00,2,1,02,A01
201700043666,2,07,000,00,2,4,01,B01
201700043666,1,07,000,00,2,3,16,C01
201700043667,1,07,000,16,2,1,15,A01
201700043667,1,33,000,00,2,2,17,M01
201700043668,1,07,000,00,2,1,02,A01
201700043668,1,07,000,00,2,4,02,B01
201700043668,1,07,000,00,2,4,02,C01
201700043669,0,07,000,00,1,3,02,A01
201700043669,0,07,000,00,0,1,02,B01
201700043670,1,07,000,08,0,1,01,A01
201700043671,1,33,000,00,2,1,01,A01
201700043671,2,07,000,00,2,1,15,B01
201700043672,2,07,000,00,2,7,10,A01
201700043672,1,07,000,00,2,3,01,B01
201700043673,1,33,000,00,2,8,16,A01
201700043673,1,07,000,00,2,5,23,B01
201700043674,1,33,000,01,2,1,17,A01
201700043674,1,07,000,00,2,3,15,B01
201700043675,0,07,000,06,0,1,01,A01
201700043676,1,07,000,00,2,3,13,A01
201700043676,2,07,000,00,2,3,14,B01
201700043677,1,07,000,04,0,4,16,S01
201700043678,2,07,000,00,2,3,09,A01
201700043678,2,07,000,00,2,2,01,B01
201700043679,2,33,000,00,2,2,15,A01
201700043679,1,07,000,00,2,1,01,B01
201700043680,1,07,000,00,0,0,00,A01
201700043681,1,31,000,00,2,1,02,A01
201700043681,1,07,000,00,2,4,02,B01
201700043682,2,07,000,00,2,3,05,B01
201700043682,2,07,000,00,2,3,05,A01
201700043683,1,07,000,00,1,1,01,A01
201700043684,0,07,000,00,2,2,01,A01
201700043684,0,33,000,00,2,3,15,B01
201700043685,1,33,000,00,2,4,02,A01
201700043685,1,07,000,00,0,4,09,B01
201700043686,1,30,000,00,0,0,00,A01
201700043687,1,07,000,00,2,1,02,A01
201700043687,1,07,000,00,0,4,02,C01
201700043687,1,07,000,00,2,4,02,B01
201700043688,1,07,000,00,1,1,02,A01
201700043689,1,07,000,00,2,2,09,A01
201700043689,1,31,000,00,2,6,01,B01
201700043690,2,07,000,00,2,1,01,B01
201700043690,2,07,000,00,2,3,05,A01
201700043691,1,07,000,00,2,2,19,A01
201700043691,1,31,000,00,2,3,12,B01
201700043692,1,07,000,00,1,3,15,A01
201700043693,2,07,000,00,1,2,01,A01
201700043694,0,01,000,00,2,2,09,B01
201700043694,0,07,000,00,2,2,09,A01
201700043695,2,33,000,00,2,2,01,B01
201700043695,2,07,000,00,2,3,11,A01
201700043696,1,10,000,00,9,1,11,B01
201700043696,2,30,000,00,2,1,21,A01
201700043697,1,07,000,00,2,1,15,A01
201700043697,2,33,000,00,2,1,03,B01
201700043698,2,07,000,00,1,3,18,A01
201700043699,2,07,000,00,1,2,02,A01
201700043700,0,07,000,11,2,3,16,A01
201700043701,1,07,000,00,2,7,15,A01
201700043701,2,33,000,00,2,1,02,B01
201700043702,1,07,000,00,2,3,01,B01
201700043702,2,37,000,00,2,8,15,A01
201700043703,2,07,000,00,2,1,09,B01
201700043703,1,33,000,00,2,3,09,A01
201700043704,1,07,000,08,0,1,02,A01
201700043705,2,34,000,00,2,3,01,A01
201700043705,2,07,000,00,2,0,00,Y01
201700043706,1,07,000,00,2,4,09,B01
201700043706,1,07,000,00,2,1,09,A01
201700043707,2,07,000,00,2,2,05,Z01
201700043707,2,01,000,00,2,7,19,A01
201700043708,1,34,000,00,0,0,02,A01
201700043709,2,31,000,00,2,8,02,B01
201700043709,1,07,000,00,2,1,15,A01
201700043710,1,30,000,00,2,1,01,A01
201700043710,0,07,000,00,0,6,23,B01
201700043711,0,33,000,00,2,1,17,B01
201700043711,1,07,000,00,2,3,10,A01
201700043712,1,07,000,12,0,1,01,A01
201700043713,1,07,000,00,2,1,01,A01
201700043713,1,07,000,00,2,1,01,B01
201700043714,1,07,000,08,0,1,15,A01
201700043715,1,37,000,00,1,7,01,A01
201700043716,1,33,000,00,2,4,23,B01
201700043716,1,07,000,00,2,1,02,A01
201700043717,1,33,000,00,2,8,02,B01
201700043717,1,07,000,00,2,1,10,A01
201700043718,1,33,000,00,2,1,17,A01
201700043718,1,07,000,00,2,8,10,B01
201700043719,1,07,000,01,0,1,02,A01
201700043719,1,07,000,00,9,6,24,B01
201700043720,1,07,000,00,2,1,19,A01
201700043720,1,07,000,00,2,8,15,B01
201700043721,2,01,000,00,2,1,05,B01
201700043721,1,07,000,00,9,5,15,A01
201700043722,1,07,000,00,2,3,01,A01
201700043722,2,07,000,00,2,2,01,Z01
201700043723,1,07,000,00,2,8,15,B01
201700043723,1,33,000,14,0,1,17,A01
201700043724,1,07,000,00,2,1,09,B01
201700043724,1,34,000,00,2,1,09,A01
201700043725,1,31,000,00,0,0,00,A01
201700043726,1,07,000,00,2,5,02,B01
201700043726,1,33,000,00,2,1,02,A01
201700043727,2,34,000,12,0,6,17,A01
201700043728,1,07,000,00,2,1,15,A01
201700043728,2,33,000,00,2,1,01,B01
201700043729,1,33,000,14,2,1,19,A01
201700043729,2,07,000,00,2,3,15,B01
201700043730,1,07,000,00,2,3,01,B01
201700043730,2,03,000,00,2,1,15,A01
201700043731,1,07,000,00,2,3,23,C01
201700043731,2,33,000,01,2,1,01,A01
201700043732,1,31,000,00,2,2,02,A01
201700043732,1,07,000,00,2,3,02,B01
201700043733,1,07,000,00,1,2,00,A01
201700043734,0,07,000,00,2,1,01,A01
201700043734,0,07,000,00,2,5,15,B01
201700043735,1,07,000,00,1,1,01,A01
201700043736,1,37,000,00,1,2,07,B01
201700043737,1,07,000,00,2,1,02,B01
201700043737,1,07,000,00,2,1,15,A01
201700043737,1,10,000,00,2,6,02,C01
201700043738,0,07,000,00,2,5,24,B01
201700043738,1,07,000,01,0,1,13,A01
201700043739,1,07,000,00,0,1,02,A01
201700043740,1,07,000,00,1,7,02,A01
201700043741,1,07,000,00,2,1,15,A01
201700043741,2,07,000,00,2,8,13,B01
201700043742,1,33,000,00,0,7,00,A01
201700043743,2,30,000,00,0,7,00,A01
201700043744,1,07,000,00,1,1,02,A01
201700043745,1,07,000,00,1,1,02,A01
201700043746,1,07,000,00,0,0,01,A01
201700043747,1,07,000,02,0,1,01,A01
201700043748,2,07,000,00,1,2,01,A01
201700043749,1,07,000,03,0,9,02,A01
201700043750,1,99,000,08,0,2,21,A01
201700043751,2,07,000,00,2,6,02,B01
201700043751,2,07,000,00,2,2,15,A01
201700043752,1,07,000,00,2,7,01,A01
201700043752,1,07,000,00,2,1,01,B01
201700043753,1,07,000,00,1,2,01,A01
201700043754,1,07,000,00,2,1,13,A01
201700043754,2,07,000,00,2,1,01,B01
201700043755,2,07,000,00,2,8,01,C01
201700043755,2,07,000,00,2,9,02,A01
201700043755,2,07,000,00,2,1,02,B01
201700043756,0,02,000,00,0,0,02,A01
201700043757,2,33,000,00,0,8,16,A01
201700043758,0,07,000,04,0,1,01,A01
201700043759,2,15,000,06,0,1,01,A01