Num_Acc,senc,catv,occutc,obs,obsm,choc,manv,num_veh
201700044497,0,34,000,00,2,6,01,B01
201700044498,2,34,000,00,2,2,17,A01
201700044498,2,07,000,00,2,6,23,B01
201700044499,1,10,000,00,1,4,04,A01
201700044500,2,07,000,00,1,3,15,A01
201700044501,1,07,000,00,1,1,01,A01
201700044502,1,10,000,00,2,3,11,A01
201700044502,1,33,000,00,2,2,09,B01
201700044503,2,07,000,00,2,1,11,A01
201700044503,2,07,000,00,2,4,23,B01
201700044504,2,02,000,00,2,7,01,A01
201700044504,1,07,000,00,2,1,15,B01
201700044505,1,07,000,00,2,3,13,A01
201700044505,1,33,000,00,2,7,01,B01
201700044506,1,10,000,00,1,2,15,A01
201700044507,1,07,000,00,1,3,01,A01
201700044508,1,07,000,00,2,2,16,B01
201700044508,0,31,000,00,2,3,18,A01
201700044509,1,07,000,00,2,0,00,B01
201700044509,1,07,000,00,2,4,00,A01
201700044510,1,07,000,00,0,4,04,Z01
201700044511,2,07,000,00,2,4,02,A01
201700044511,2,30,000,00,2,1,02,B01
201700044512,1,07,000,00,2,3,01,B01
201700044512,1,30,000,00,2,1,16,A01
201700044513,2,33,000,00,1,0,21,A01
201700044514,1,02,000,00,0,8,01,A01
201700044515,1,33,000,00,0,8,16,B01
201700044515,1,07,000,00,9,2,02,A01
201700044516,1,07,000,01,1,2,01,A01
201700044517,1,31,000,00,2,1,15,B01
201700044517,1,07,000,00,2,3,09,A01
201700044517,1,07,000,00,2,2,09,C01
201700044518,1,01,000,00,2,2,14,B01
201700044518,1,07,000,00,9,3,01,A01
201700044519,1,33,000,00,2,7,21,B01
201700044519,1,07,000,00,2,3,09,A01
201700044520,0,31,000,00,2,7,01,A01
201700044520,0,07,000,00,0,8,15,Z01
201700044521,1,07,000,00,1,1,15,A01
201700044522,1,07,000,00,2,3,10,A01
201700044522,1,33,000,00,2,1,02,B01
201700044523,1,07,000,14,0,1,01,A01
201700044524,1,07,000,00,2,4,02,C01
201700044524,1,07,000,00,2,1,02,A01
201700044524,1,07,000,00,2,4,02,B01
201700044525,1,07,000,00,2,6,23,C01
201700044525,1,07,000,00,2,7,23,B01
201700044525,1,07,000,00,2,4,23,D01
201700044525,1,07,000,00,2,2,01,A01
201700044526,1,33,000,00,2,7,15,A01
201700044526,2,07,000,00,2,3,01,B01
201700044527,2,33,000,00,2,1,21,B01
201700044527,2,07,000,00,2,6,15,Z01
201700044528,1,07,000,00,2,3,24,A01
201700044528,1,31,000,00,2,7,01,B01
201700044529,1,31,000,00,1,1,01,A01
201700044530,0,02,000,08,0,7,15,A01
201700044531,1,33,000,00,2,4,02,A01
201700044531,1,03,000,00,2,1,02,B01
201700044532,1,33,000,00,0,8,16,A01
201700044533,2,30,000,00,2,1,01,B01
201700044533,1,07,000,00,2,3,15,A01
201700044534,0,07,000,00,0,1,15,B01
201700044534,0,31,000,00,2,3,01,A01
201700044535,1,07,000,01,0,0,00,A01
201700044535,1,33,000,00,2,0,01,B01
201700044536,0,07,000,00,1,3,01,A01
201700044537,0,07,000,00,1,0,00,A01
201700044538,1,37,012,01,1,1,01,A01
201700044539,0,01,000,00,0,0,15,A01
201700044540,0,07,000,00,2,3,00,B01
201700044540,0,07,000,00,2,3,00,A01
201700044541,0,07,000,00,0,0,01,A01
201700044541,0,33,000,00,0,0,01,B01
201700044542,0,07,000,00,1,8,01,A01
201700044543,2,07,000,00,2,3,01,B01
201700044543,1,32,000,00,2,1,13,A01
201700044544,0,07,000,00,1,3,15,A01
201700044545,0,07,000,09,2,2,17,A01
201700044545,0,07,000,00,2,3,15,B01
201700044546,2,07,000,00,2,5,23,C01
201700044546,2,07,000,00,2,1,03,A01
201700044546,2,07,000,00,2,6,23,B01
201700044547,0,07,000,00,1,3,01,A01
201700044548,0,07,000,00,2,1,01,A01
201700044548,0,07,000,00,2,4,01,B01
201700044549,0,30,000,00,2,1,00,B01
201700044549,0,31,000,00,2,1,01,A01
201700044550,0,13,000,00,2,3,00,A01
201700044550,0,01,000,00,0,7,00,B01
201700044551,0,07,000,07,0,1,01,B01
201700044551,1,07,000,00,0,1,01,A01
201700044552,0,01,000,00,2,8,02,A01
201700044552,0,07,000,00,0,7,14,Z01
201700044553,0,07,000,00,2,8,16,A01
201700044553,0,33,000,00,2,1,00,B01
201700044554,0,07,000,00,2,3,00,A01
201700044554,0,01,000,00,2,2,00,B01
201700044555,0,07,000,00,1,2,01,A01
201700044556,0,07,000,00,2,3,19,A01
201700044556,0,02,000,00,2,1,19,B01
201700044557,0,03,000,00,2,1,17,A01
201700044557,0,32,000,00,2,8,01,B01
201700044558,0,07,000,00,1,1,01,A01
201700044559,0,07,000,00,0,3,01,A01
201700044560,0,07,000,00,2,2,01,A01
201700044560,0,07,000,00,2,3,09,B01
201700044561,0,07,000,00,1,4,20,A01
201700044562,0,07,000,00,2,1,01,E01
201700044562,0,07,000,00,2,4,01,A01
201700044562,0,07,000,00,2,1,01,D01
201700044562,0,07,000,00,2,1,01,C01
201700044562,0,07,000,00,2,1,01,B01
201700044563,0,07,000,00,1,1,02,A01
201700044564,0,33,000,00,2,8,01,B01
201700044564,1,10,000,00,2,7,10,A01
201700044565,0,30,000,00,0,0,01,A01
201700044566,2,07,000,00,2,5,14,A01
201700044566,2,33,000,00,2,8,01,B01
201700044567,0,07,000,08,2,1,01,A01
201700044567,0,07,000,08,2,8,19,B01
201700044568,0,07,000,00,0,4,00,B01
201700044568,0,07,000,00,2,1,00,A01
201700044569,0,07,000,00,2,1,15,A01
201700044569,0,34,000,00,2,1,02,B01
201700044570,1,07,000,00,2,6,15,A01
201700044570,1,07,000,00,2,1,01,Z01
201700044571,2,07,000,00,2,6,23,B01
201700044571,2,07,000,00,2,1,02,A01
201700044572,0,33,000,00,1,1,00,A01
201700044573,0,07,000,00,2,1,05,A01
201700044573,0,07,000,00,2,1,01,B01
201700044574,0,31,000,00,2,3,01,B01
201700044574,0,07,000,00,2,2,01,A01
201700044575,0,07,000,00,0,1,00,B01
201700044575,0,07,000,00,0,4,00,A01
201700044576,0,37,001,00,2,8,10,B01
201700044576,0,07,000,00,2,1,01,A01
201700044577,0,07,000,00,2,3,15,B01
201700044577,0,30,000,00,2,1,05,A01
201700044578,0,07,000,15,1,3,01,A01
201700044579,0,31,000,01,0,2,02,B01
201700044580,0,03,000,00,2,1,15,A01
201700044580,0,03,000,00,2,1,01,B01
201700044581,0,07,000,00,2,1,01,B01
201700044581,0,02,000,00,2,1,01,A01
201700044581,0,07,000,00,2,0,00,Z01
201700044582,0,07,000,00,1,3,01,A01
201700044583,2,07,000,00,2,5,06,A01
201700044583,1,32,000,00,2,1,01,B01
201700044584,2,07,000,09,2,1,00,A01
201700044584,2,07,000,00,2,1,00,B01
201700044585,0,34,000,00,2,3,01,A01
201700044585,0,37,001,00,2,3,15,B01
201700044586,0,07,000,00,2,1,02,Z01
201700044586,0,07,000,00,2,4,02,B01
201700044586,0,07,000,00,2,6,02,C01
201700044587,0,07,000,00,2,1,17,A01
201700044587,0,30,000,00,2,1,01,B01
201700044588,0,33,000,00,2,1,02,A01
201700044588,0,99,000,00,2,2,02,B01
201700044589,0,30,000,00,2,7,02,B01
201700044589,0,03,000,00,0,7,14,A01
201700044590,0,33,000,00,2,1,02,B01
201700044590,0,07,000,00,2,8,10,A01
201700044591,0,34,000,00,0,1,02,B01
201700044591,0,03,000,00,0,2,15,A01
201700044592,0,07,000,00,2,1,15,A01
201700044592,0,10,000,08,2,3,01,B01
201700044593,0,07,000,00,0,0,00,A01
201700044594,0,07,000,00,1,8,00,A01
201700044595,0,01,000,00,2,7,01,B01
201700044595,0,07,000,00,2,1,02,A01
201700044596,0,07,000,00,2,7,01,B01
201700044596,0,07,000,00,2,1,01,A01
201700044597,2,07,000,00,1,4,04,Z01
201700044598,2,07,000,00,2,1,02,C01
201700044598,2,07,000,00,2,4,01,A01
201700044598,2,07,000,00,2,9,02,B01
201700044599,0,07,000,00,2,1,13,A01
201700044599,0,07,000,00,2,3,01,B01
201700044600,1,07,000,00,1,2,01,A01
201700044601,0,07,000,00,9,0,15,A01
201700044602,0,07,000,00,2,1,15,A01
201700044602,0,07,000,00,2,1,01,B01
201700044603,0,02,000,00,2,0,16,B01
201700044603,0,07,000,00,2,2,15,A01
201700044604,0,07,000,00,0,1,01,A01
201700044605,0,07,000,00,2,4,01,C01
201700044605,0,07,000,00,2,1,01,A01
201700044605,0,07,000,00,2,4,01,B01
201700044606,1,30,000,00,0,7,17,A01
201700044606,1,07,000,00,0,6,15,B01
201700044607,1,07,000,00,1,4,04,A01
201700044608,0,33,000,00,1,0,00,A01
201700044609,0,07,000,00,2,3,01,B01
201700044609,0,07,000,00,2,1,10,A01
201700044610,0,07,000,00,1,1,01,A01
201700044611,0,07,000,00,1,2,00,A01
201700044612,2,07,000,00,2,1,01,A01
201700044612,0,10,000,00,2,8,09,B01
201700044613,0,07,000,00,1,1,00,Z01
201700044614,1,30,000,00,2,2,01,A01
201700044614,1,07,000,00,2,3,17,B01
201700044615,2,07,000,00,1,7,01,A01
201700044616,1,34,000,00,2,3,07,B01
201700044616,1,07,000,00,2,7,16,A01
201700044617,2,07,000,00,2,1,19,B01
201700044617,2,07,000,00,2,3,15,A01
201700044618,1,37,000,00,1,5,13,B01
201700044618,1,07,000,00,2,8,22,A01
201700044619,1,07,000,00,2,1,19,B01
201700044619,1,07,000,00,2,3,01,A01
201700044620,1,07,000,00,2,1,01,B01
201700044620,1,02,000,00,2,7,01,A01
201700044621,2,07,000,00,2,3,15,B01
201700044621,2,02,000,00,2,1,01,A01
201700044622,2,07,000,00,0,0,02,B01
201700044622,2,34,000,00,0,0,14,A01
201700044623,2,07,000,00,2,1,13,B01
201700044623,1,07,000,00,2,2,21,C01
201700044623,2,07,000,00,2,0,21,A01
201700044624,1,07,000,00,2,3,02,A01
201700044625,1,07,000,00,1,3,15,A01
201700044626,1,07,000,00,1,1,01,A01
201700044627,1,07,000,00,2,1,01,A01
201700044627,1,07,000,00,2,1,00,B01
201700044628,1,07,000,00,1,8,02,A01
201700044629,1,33,000,00,2,1,01,B01
201700044629,1,07,000,00,2,2,00,A01
201700044630,1,07,000,00,2,4,01,B01
201700044630,1,30,000,00,2,1,01,A01
201700044631,2,35,000,00,2,4,11,Z01
201700044631,2,33,000,00,2,1,02,B01
201700044632,1,07,000,08,0,1,14,A01
201700044633,1,07,000,00,1,0,01,Z01
201700044634,1,07,000,00,0,0,13,A01
201700044634,1,32,000,00,2,0,02,B01
201700044635,1,33,000,00,2,1,18,B01
201700044635,1,07,000,00,2,2,16,A01
201700044636,1,33,000,00,1,1,17,A01
201700044637,1,01,000,00,2,8,01,B01
201700044637,1,07,000,00,9,7,01,A01
201700044638,1,07,000,00,2,1,01,B01
201700044638,1,15,000,00,2,3,01,A01
201700044639,1,07,000,04,0,2,14,A01
201700044640,1,02,000,00,2,1,17,A01
201700044640,1,03,000,00,2,3,15,B01
201700044641,1,07,000,00,2,4,23,A01
201700044641,1,07,000,00,2,1,02,B01
201700044641,1,07,000,00,2,1,02,D01
201700044641,1,07,000,00,2,4,02,C01
201700044642,2,07,000,00,2,1,02,B01
201700044642,2,07,000,00,2,1,02,D01
201700044642,2,07,000,00,2,1,02,C01
201700044642,2,07,000,00,2,4,02,A01
201700044643,2,07,000,00,2,6,11,A01
201700044643,2,33,000,00,2,1,21,B01
201700044644,1,07,000,00,2,2,02,A01
201700044644,1,33,000,00,9,4,02,B01
201700044645,1,07,000,01,0,3,13,A01
201700044645,2,33,000,00,2,1,14,B01
201700044646,1,07,000,00,2,3,19,A01
201700044646,1,34,000,00,2,8,01,B01
201700044647,1,33,000,01,0,2,21,A01
201700044647,1,07,000,00,0,7,22,B01
201700044648,2,02,000,00,0,7,02,A01
201700044649,2,31,000,00,2,8,07,A01
201700044650,2,07,000,00,2,2,12,A01
201700044650,2,01,000,00,2,2,01,B01
201700044651,1,01,000,00,2,1,02,B01
201700044651,1,99,000,00,2,7,16,A01
201700044652,2,07,000,00,2,4,02,A01
201700044652,2,07,000,00,2,1,02,B01
201700044653,2,07,000,00,1,7,01,A01
201700044654,1,14,000,00,1,1,16,A01
201700044655,1,07,000,00,1,5,01,A01
201700044656,1,31,000,01,2,2,13,B01
201700044656,1,07,000,01,2,3,15,A01
201700044657,2,02,000,00,2,1,17,B01
201700044657,1,07,000,00,2,3,15,A01
201700044658,2,31,000,12,2,7,11,A01
201700044658,2,07,000,00,2,8,11,B01
201700044659,2,07,000,00,2,3,22,B01
201700044659,2,31,000,00,9,2,01,A01
201700044660,2,07,000,00,2,4,23,B01
201700044660,2,07,000,00,2,1,02,A01
201700044661,2,07,000,00,2,6,13,A01
201700044661,2,31,000,00,2,1,13,B01
201700044662,2,01,000,00,1,1,01,A01
201700044663,2,37,000,00,2,8,01,B01
201700044663,2,15,000,00,2,2,10,A01
201700044664,1,07,000,00,1,1,01,Z01
201700044665,2,07,000,01,0,1,14,A01
201700044666,1,02,000,00,2,8,17,A01
201700044666,1,07,000,00,2,8,15,B01
201700044667,1,15,000,00,2,2,01,B01
201700044667,1,07,000,00,2,2,09,A01
201700044668,2,07,000,00,1,2,00,A01
201700044669,1,07,000,00,1,2,01,A01
201700044670,1,01,000,00,1,4,21,A01
201700044671,1,31,000,00,2,1,15,A01
201700044671,2,07,000,00,2,3,01,B01
201700044671,1,07,000,00,2,3,01,C01
201700044672,1,33,000,00,2,1,01,B01
201700044672,2,07,000,00,2,2,15,A01
201700044673,1,33,000,00,2,1,02,B01
201700044673,1,07,000,00,2,5,19,A01
201700044674,1,07,000,00,2,6,13,A01
201700044674,1,33,000,00,2,1,13,B01
201700044675,1,30,000,00,2,1,19,A01
201700044675,1,07,000,00,2,3,15,B01
201700044676,1,07,000,00,2,8,10,Z01
201700044676,1,33,000,16,2,7,01,A01
201700044677,2,07,000,00,2,1,15,A01
201700044677,1,34,000,00,2,1,01,B01
201700044678,1,03,000,00,1,3,15,A01
201700044679,1,07,000,00,2,3,01,A01
201700044679,1,07,000,00,2,2,09,B01
201700044680,1,07,000,00,1,1,15,A01
201700044681,1,07,000,00,1,3,01,A01
201700044682,2,07,000,00,1,1,01,A01
201700044683,1,07,000,00,1,2,16,A01
201700044684,1,07,000,00,1,1,14,A01
201700044685,1,03,000,00,1,1,16,Z01
201700044686,2,07,000,00,2,3,15,B01
201700044686,2,02,000,00,2,1,17,A01
201700044687,1,07,000,00,1,1,01,A01
201700044688,2,03,000,08,1,1,21,A01
201700044688,1,99,000,00,2,1,01,B01
201700044689,2,33,000,00,1,2,13,A01
201700044690,1,33,000,00,2,1,17,B01
201700044690,1,07,000,00,2,3,15,A01
201700044691,1,07,000,00,2,0,09,B01
201700044691,2,07,000,00,2,1,01,A01
201700044692,1,07,000,00,2,3,01,A01
201700044692,1,99,000,00,2,2,19,B01
201700044693,2,07,000,00,1,1,01,Z01
201700044694,1,33,000,00,2,7,00,B01
201700044694,1,07,000,00,2,2,00,A01
201700044695,2,07,000,00,2,2,01,B01
201700044695,2,30,000,00,2,1,15,A01
201700044696,1,07,000,00,2,1,02,A01
201700044696,1,07,000,00,2,4,02,B01
201700044697,1,34,000,00,2,1,09,B01
201700044697,1,07,000,00,2,3,15,A01
201700044698,1,07,000,00,1,4,24,A01
201700044698,1,01,000,00,2,1,01,B01
201700044699,1,07,000,00,0,3,14,A01
201700044700,1,33,000,00,1,1,02,A01
201700044701,1,32,000,00,1,0,01,Z01
201700044702,1,33,000,00,2,1,01,A01
201700044702,1,07,000,00,2,2,19,B01
201700044703,1,07,000,00,2,4,23,B01
201700044703,1,10,000,00,2,1,02,A01
201700044704,2,14,000,00,2,1,02,B01
201700044704,2,07,000,00,2,4,02,A01
201700044705,2,07,000,15,2,1,02,A01
201700044705,2,07,000,00,2,4,23,B01
201700044706,2,02,000,00,2,2,01,B01
201700044706,2,07,000,00,2,3,15,A01
201700044707,1,07,000,00,2,1,15,A01
201700044707,2,33,000,00,2,3,01,B01
201700044708,2,07,000,04,0,9,03,A01
201700044709,1,02,000,15,0,1,13,A01
201700044710,1,07,000,00,1,3,01,A01
201700044711,0,07,000,00,2,4,20,A01
201700044711,0,07,000,00,2,1,02,B01
201700044712,1,07,000,00,2,3,02,A01
201700044712,1,15,000,00,2,2,15,B01
201700044713,1,07,000,00,2,1,09,A01
201700044713,1,01,000,00,2,8,19,B01
201700044714,2,33,000,00,1,1,02,A01
201700044715,2,07,000,00,2,1,02,A01
201700044715,2,07,000,00,2,4,01,B01
201700044716,2,33,000,00,2,7,17,A01
201700044716,2,10,000,00,2,8,11,B01
201700044717,2,07,000,01,0,1,02,A01
201700044717,2,07,000,00,2,1,24,B01
201700044718,1,33,000,00,2,7,21,A01
201700044718,1,07,000,00,2,3,11,B01
201700044718,1,07,000,00,2,2,07,C01
201700044719,1,07,000,00,2,2,12,A01
201700044719,1,07,000,00,2,6,01,B01
201700044720,1,07,000,00,2,8,09,A01
201700044720,1,07,000,00,2,2,02,B01
201700044721,2,07,000,00,1,1,01,A01
201700044722,2,07,000,00,1,1,15,A01
201700044723,2,10,000,00,2,1,02,A01
201700044723,2,07,000,15,0,4,02,B01
201700044724,1,07,000,00,1,3,19,A01
201700044725,2,07,000,15,2,1,21,A01
201700044726,1,07,000,00,9,3,02,A01
201700044726,1,01,000,00,2,1,19,B01
201700044727,1,31,000,00,2,1,09,A01
201700044727,1,07,000,00,2,4,01,B01
201700044728,1,07,000,00,2,2,15,A01
201700044728,2,31,000,00,2,5,02,B01
201700044729,1,34,000,00,2,2,19,A01
201700044729,1,07,000,00,2,6,09,B01
201700044730,1,07,000,00,2,3,15,A01
201700044730,1,33,000,00,2,1,01,B01
201700044731,1,15,000,14,2,1,02,A01
201700044731,1,07,000,00,2,4,02,B01
201700044732,2,31,000,00,1,7,21,A01
201700044733,1,30,000,14,0,1,01,A01
201700044734,1,30,000,00,2,1,19,A01
201700044734,2,07,000,00,2,3,19,B01
201700044735,1,01,000,00,1,1,01,A01
201700044736,2,07,000,00,1,1,01,A01
201700044737,1,34,000,00,0,0,03,A01
201700044738,1,07,000,04,0,1,09,A01
201700044739,2,33,000,00,0,8,19,A01
201700044740,1,07,000,00,1,2,09,A01
201700044741,1,10,000,00,1,8,01,A01
201700044742,1,07,000,00,1,5,09,A01
201700044743,1,34,000,00,0,7,01,A01
201700044744,2,07,000,00,1,1,01,A01
201700044745,1,07,000,00,1,0,00,A01
201700044746,2,01,000,00,2,8,15,B01
201700044746,2,07,000,00,2,1,17,A01
201700044747,1,07,000,00,1,4,04,A01
201700044748,1,34,000,16,0,0,16,A01
201700044749,1,07,000,00,1,2,16,A01
201700044750,1,31,000,00,9,1,15,B01
201700044751,1,07,000,00,1,2,15,A01
201700044752,1,07,000,00,1,2,01,A01
201700044753,1,07,000,00,2,7,17,A01
201700044753,1,01,000,00,2,1,13,B01
201700044754,1,07,000,00,2,8,02,B01
201700044754,1,15,000,00,2,7,12,A01
201700044755,2,07,000,09,0,1,01,A01
201700044756,1,10,000,01,0,3,02,A01
201700044756,1,10,000,00,2,5,23,B01
201700044757,2,07,000,00,2,1,23,B01
201700044757,2,07,000,00,2,1,02,A01
201700044757,2,07,000,00,2,4,23,C01
201700044758,1,07,000,00,1,1,19,A01
201700044759,2,07,000,04,0,8,13,A01
201700044760,1,07,000,00,9,5,23,B01
201700044760,1,30,000,00,2,3,21,A01
201700044761,1,01,000,00,0,0,13,A01
201700044762,1,07,000,00,1,1,02,A01
201700044763,1,07,000,00,2,7,15,A01
201700044763,2,02,000,00,2,1,02,B01
201700044764,1,07,000,00,2,5,09,A01
201700044764,1,34,000,00,2,3,01,B01
201700044765,1,15,000,00,2,7,16,A01
201700044765,1,01,000,00,2,1,16,B01
201700044766,1,07,000,00,1,1,01,A01
201700044767,1,07,000,00,2,5,19,A01
201700044767,1,07,000,00,2,2,02,B01
201700044768,1,32,000,00,2,3,17,A01
201700044768,1,07,000,00,2,2,15,B01
201700044769,1,99,000,00,1,0,20,A01
201700044770,1,07,000,00,1,1,01,A01
201700044771,2,07,000,00,2,4,02,B01
201700044771,2,15,000,00,2,1,02,A01
201700044772,1,07,000,00,2,5,15,A01
201700044772,2,10,000,00,2,3,19,B01
201700044773,2,07,000,00,2,0,16,Z01
201700044773,2,37,000,00,2,3,21,B01
201700044774,1,07,000,00,2,1,02,A01
201700044774,1,07,000,00,2,4,01,B01
201700044775,2,07,000,00,2,1,01,A01
201700044775,2,31,000,00,2,4,02,B01
201700044776,1,14,000,00,2,5,02,A01
201700044776,1,01,000,00,2,3,00,B01
201700044777,1,33,000,00,2,1,15,B01
201700044777,1,37,000,00,2,3,15,A01
201700044778,1,32,000,00,2,7,01,B01
201700044778,1,07,000,00,2,0,13,A01
201700044779,1,33,000,00,2,1,02,B01
201700044779,1,07,000,00,2,8,09,A01
201700044780,1,07,000,01,0,2,01,A01
201700044781,2,33,000,00,2,8,01,B01
201700044781,1,07,000,00,2,1,15,A01
201700044782,1,33,000,08,1,1,00,A01
201700044783,1,07,000,00,2,1,02,B01
201700044783,1,07,000,00,2,4,02,D01
201700044783,1,07,000,00,2,1,02,A01
201700044783,1,07,000,00,2,1,02,C01
201700044784,1,07,000,00,2,3,23,B01
201700044784,1,07,000,01,2,3,00,C01
201700044784,1,07,000,01,2,2,15,A01
201700044785,1,07,000,00,9,2,01,A01
201700044785,1,01,000,00,2,1,19,B01
201700044786,2,10,000,03,0,2,01,A01
201700044787,1,31,000,00,2,1,01,A01
201700044787,1,07,000,00,2,3,09,B01
201700044788,1,10,000,00,2,8,02,B01
201700044788,1,31,000,12,2,3,02,A01
201700044789,1,07,000,00,2,2,15,A01
201700044789,1,33,000,00,2,3,02,B01
201700044790,1,07,000,00,2,0,02,Z01
201700044790,1,31,000,00,2,1,01,B01
201700044791,2,33,000,00,2,3,09,B01
201700044791,1,02,000,00,2,7,09,A01
201700044792,1,31,000,00,0,0,17,A01
201700044793,1,07,000,00,1,2,11,A01
201700044794,1,10,000,00,2,3,19,B01
201700044794,1,10,000,00,2,3,15,A01
201700044795,1,33,000,14,0,1,01,A01
201700044795,1,07,000,00,2,6,02,B01
201700044796,1,07,000,12,0,1,13,A01
201700044797,1,07,000,00,2,3,09,A01
201700044797,1,07,000,03,0,6,02,B01
201700044798,2,02,000,00,1,0,00,Z01
201700044799,2,10,000,00,2,1,02,A01
201700044799,2,07,000,00,2,4,02,B01
201700044800,2,07,000,14,0,4,02,B01
201700044800,2,99,000,14,0,1,02,A01
201700044800,2,07,000,14,0,4,02,D01
201700044800,2,07,000,14,0,4,02,C01
201700044801,2,07,000,00,1,2,15,A01
201700044802,2,07,000,00,1,3,17,A01
201700044803,1,07,000,00,2,3,20,A01
201700044803,1,31,000,00,2,7,02,B01
201700044804,1,07,000,00,1,1,23,A01
201700044805,2,07,000,00,2,2,02,C01
201700044805,2,07,000,00,2,4,23,B01
201700044805,1,07,000,14,0,1,02,A01
201700044806,1,33,000,00,0,8,15,A01
201700044807,1,07,000,00,1,0,00,Z01
201700044808,2,07,000,12,2,2,15,A01
201700044808,1,07,000,00,2,6,23,B01
201700044809,1,07,000,00,2,8,11,A01
201700044809,1,31,000,00,2,7,01,B01
201700044810,1,33,000,00,2,1,09,B01
201700044810,1,10,000,00,2,5,12,A01
201700044811,1,07,000,00,1,2,21,A01
201700044812,1,14,000,00,2,1,01,B01
201700044812,1,07,000,00,2,7,01,A01
201700044813,1,07,000,00,0,9,01,A01
201700044814,1,07,000,00,1,3,01,A01
201700044815,2,02,000,00,0,0,01,A01
201700044816,1,07,000,00,2,1,19,B01
201700044816,2,02,000,00,2,7,00,A01
201700044817,1,10,000,01,1,5,20,A01
201700044818,1,07,000,00,1,1,00,A01
201700044819,1,07,000,00,2,3,01,B01
201700044819,2,07,000,00,2,2,15,A01
201700044820,1,07,000,00,1,3,15,A01
201700044821,2,31,000,00,0,0,02,A01
201700044822,1,07,000,00,1,2,15,A01
201700044823,2,07,000,00,1,2,01,A01
201700044824,2,01,000,00,2,6,01,B01
201700044824,1,07,000,00,9,3,15,A01
201700044825,1,07,000,00,1,2,16,A01
201700044826,1,20,000,00,1,1,05,A01
201700044827,1,15,000,00,2,6,13,A01
201700044827,1,07,000,00,2,1,15,B01
201700044828,1,07,000,00,2,4,02,B01
201700044828,1,07,000,00,2,1,02,A01
201700044829,1,07,000,00,1,2,15,A01
201700044830,1,07,000,00,0,3,01,A01
201700044830,1,99,000,00,2,1,00,B01
201700044831,1,34,000,00,0,2,01,A01
201700044832,1,07,000,09,2,6,01,B01
201700044832,1,07,000,00,2,1,01,A01
201700044833,1,07,000,00,2,3,09,A01
201700044833,1,33,000,14,2,7,21,B01
201700044834,1,07,000,00,2,1,07,A01
201700044834,1,07,000,00,2,4,23,B01
201700044835,0,07,000,00,1,1,00,A01
201700044836,0,07,000,12,0,2,21,A01
201700044837,1,30,000,00,0,7,16,A01
201700044838,0,07,000,00,1,2,02,A01
201700044839,0,07,000,00,0,4,02,B01
201700044839,0,07,000,14,0,1,02,A01
201700044840,0,07,000,00,2,3,02,A01
201700044840,0,07,000,00,0,5,02,B01
201700044841,0,30,000,00,2,1,02,A01
201700044841,0,07,000,00,0,6,23,B01
201700044842,0,01,000,00,2,4,01,B01
201700044843,0,07,000,00,9,2,01,B01
201700044843,0,01,000,00,2,1,08,A01
201700044844,0,07,000,07,0,3,15,A01
201700044845,0,07,000,00,0,2,00,A01
201700044846,0,07,000,00,2,1,02,A01
201700044846,0,14,000,00,0,4,02,B01
201700044847,0,33,000,00,0,7,00,A01
201700044848,0,99,000,00,0,0,19,B01
201700044848,0,14,000,00,0,5,04,A01
201700044849,0,32,000,00,0,0,02,A01
201700044850,0,07,000,00,1,2,16,A01
201700044851,2,31,000,00,1,3,01,A01
201700044852,0,10,000,00,2,1,09,A01
201700044852,0,07,000,00,2,8,09,B01
201700044853,0,07,000,00,9,8,02,C01
201700044853,0,31,000,00,2,8,11,A01
201700044853,0,07,000,00,9,2,02,B01
201700044854,2,33,000,00,2,9,01,A01
201700044854,2,07,000,00,2,4,23,B01
201700044855,0,01,000,00,2,2,15,B01
201700044855,0,07,000,00,2,1,01,A01
201700044856,0,07,000,00,1,3,01,A01
201700044857,0,33,000,01,0,1,02,A01
201700044858,1,07,000,09,0,1,01,A01
201700044859,0,32,000,00,2,1,01,B01
201700044859,0,07,000,00,2,2,10,A01
201700044860,0,07,000,15,2,2,15,A01
201700044860,0,07,000,00,2,8,02,B01
201700044861,0,15,000,01,2,2,15,A01
201700044861,0,07,000,00,2,6,15,B01
201700044862,0,10,000,09,0,1,01,A01
201700044863,1,07,000,00,1,3,01,A01
201700044864,0,33,000,00,1,1,01,A01
201700044865,0,07,000,00,2,8,00,B01
201700044865,0,07,000,00,2,3,00,A01
201700044866,0,07,000,00,2,3,01,B01
201700044866,0,07,000,00,2,2,01,A01
201700044867,0,07,000,12,0,3,00,A01
201700044868,0,33,000,00,2,1,02,B01
201700044868,0,07,000,00,2,3,15,A01
201700044869,2,31,000,00,0,0,15,A01
201700044870,0,30,000,00,2,1,19,A01
201700044870,0,33,000,00,2,1,02,B01
201700044871,0,17,000,00,2,7,02,A01
201700044871,0,32,000,00,0,3,02,B01
201700044872,0,07,000,00,1,3,01,A01
201700044873,0,07,000,00,2,1,01,B01
201700044873,0,07,000,00,2,7,01,A01
201700044874,0,07,000,00,0,0,00,A01
201700044875,0,07,000,00,2,1,05,A01
201700044875,0,34,000,00,2,1,00,B01
201700044876,1,01,000,00,2,8,02,A01
201700044876,1,37,001,00,9,7,02,B01
201700044877,1,14,000,00,2,1,02,A01
201700044877,1,07,000,00,2,4,01,B01