Num_Acc,senc,catv,occutc,obs,obsm,choc,manv,num_veh
201700045642,2,37,000,00,2,3,01,B01
201700045643,1,30,000,00,2,0,00,B01
201700045643,0,10,000,00,2,1,01,A01
201700045644,0,07,000,00,0,0,00,A01
201700045645,2,07,000,00,2,7,15,B01
201700045645,1,14,000,00,2,3,01,A01
201700045646,0,07,000,00,1,2,15,A01
201700045647,1,07,000,00,0,2,15,A01
201700045647,2,34,000,00,2,3,01,B01
201700045648,2,07,000,00,1,2,11,A01
201700045649,0,07,000,00,2,7,20,A01
201700045649,0,32,000,00,2,3,02,B01
201700045650,2,07,000,00,2,4,23,B01
201700045650,2,07,000,00,2,1,02,A01
201700045651,2,07,000,00,2,3,02,C01
201700045651,2,33,000,00,2,1,02,A01
201700045651,2,07,000,00,0,4,02,B01
201700045652,0,01,000,00,0,0,00,A01
201700045653,0,03,000,00,1,3,07,A01
201700045654,0,01,000,00,0,8,01,Y01
201700045654,0,07,000,00,0,0,00,A01
201700045655,2,07,000,00,2,6,01,A01
201700045655,2,14,000,00,2,2,12,B01
201700045656,1,07,000,00,2,2,14,A01
201700045657,0,10,000,00,2,2,15,A01
201700045657,0,33,000,00,2,1,01,B01
201700045658,1,02,000,00,2,2,17,A01
201700045658,0,07,000,00,2,3,01,B01
201700045659,1,07,000,00,2,1,01,A01
201700045659,2,07,000,00,2,3,01,B01
201700045660,0,07,000,00,1,7,01,A01
201700045661,0,15,000,00,2,1,01,B01
201700045661,0,07,000,00,2,7,01,A01
201700045662,2,07,000,00,1,7,01,A01
201700045663,0,07,000,00,2,2,17,A01
201700045663,0,07,000,00,2,2,01,B01
201700045664,0,33,000,16,0,1,01,A01
201700045665,2,07,000,00,0,0,00,A01
201700045666,2,02,000,01,0,8,01,A01
201700045667,2,30,000,00,2,1,01,B01
201700045667,1,10,000,00,2,5,15,A01
201700045668,0,30,000,00,2,3,12,B01
201700045668,0,07,000,00,2,7,12,A01
201700045669,0,30,000,00,2,1,07,A01
201700045669,0,07,000,00,2,6,00,B01
201700045670,0,07,000,08,0,1,07,A01
201700045670,0,07,000,12,0,8,19,B01
201700045671,0,02,000,00,2,1,01,B01
201700045671,0,07,000,00,2,2,15,A01
201700045672,1,07,000,00,2,0,01,B01
201700045672,1,32,000,00,2,0,17,A01
201700045673,0,33,000,00,0,7,01,B01
201700045673,0,07,000,00,0,3,15,A01
201700045674,2,07,000,00,1,1,01,A01
201700045675,1,37,000,00,9,5,16,A01
201700045675,1,01,000,00,2,8,00,B01
201700045676,0,07,000,00,1,0,00,Z01
201700045677,0,07,000,09,2,3,01,A01
201700045677,0,07,000,00,2,2,01,B01
201700045678,0,07,000,00,0,3,15,A01
201700045678,0,34,000,00,0,6,01,B01
201700045679,0,33,000,00,2,1,01,A01
201700045679,0,99,000,00,2,4,01,B01
201700045680,0,01,000,00,2,1,01,A01
201700045680,0,07,000,00,2,5,01,B01
201700045681,2,33,000,00,2,1,18,A01
201700045681,2,07,000,00,2,2,16,B01
201700045681,2,07,000,00,2,0,23,C01
201700045682,2,07,000,00,2,2,17,A01
201700045682,2,07,000,00,2,6,24,B01
201700045683,1,07,000,00,2,1,01,A01
201700045683,1,07,000,00,2,8,01,B01
201700045684,2,07,000,00,2,1,23,A01
201700045684,2,07,000,00,2,4,23,B01
201700045684,2,07,000,00,2,4,23,C01
201700045685,1,07,000,00,1,1,01,A01
201700045686,1,07,000,00,0,0,00,Z01
201700045687,1,33,000,00,2,7,12,A01
201700045687,1,07,000,00,2,3,11,B01
201700045688,1,33,000,01,2,1,17,A01
201700045689,1,07,000,00,2,1,01,A01
201700045689,1,07,000,00,2,4,02,B01
201700045689,1,07,000,00,2,4,02,C01
201700045690,1,07,000,00,0,0,01,A01
201700045691,1,07,000,00,1,1,09,A01
201700045692,1,07,000,15,0,1,01,A01
201700045693,1,07,000,00,2,4,01,B01
201700045693,1,07,000,00,2,1,01,A01
201700045694,2,99,000,00,2,1,21,B01
201700045694,2,10,000,01,0,3,24,A01
201700045695,1,02,000,00,2,3,01,B01
201700045696,1,07,000,10,2,1,21,A01
201700045696,1,07,000,10,2,2,01,D01
201700045696,1,07,000,10,2,6,01,C01
201700045696,1,07,000,10,2,6,01,B01
201700045697,1,07,000,00,2,3,15,A01
201700045697,1,07,000,00,2,8,01,B01
201700045698,2,07,000,00,1,3,02,A01
201700045699,1,31,000,00,2,1,01,B01
201700045699,1,07,000,00,2,0,15,A01
201700045700,2,31,000,00,1,1,09,A01
201700045701,2,14,000,00,2,3,11,B01
201700045701,2,07,000,00,2,2,01,A01
201700045702,1,13,000,00,1,2,09,A01
201700045703,1,07,000,00,2,4,02,A01
201700045703,1,07,000,00,2,4,23,B01
201700045704,1,30,000,00,0,3,13,A01
201700045705,2,07,000,09,2,7,15,A01
201700045705,1,37,000,00,2,2,01,B01
201700045706,1,07,000,00,2,3,19,A01
201700045706,1,07,000,00,2,2,17,B01
201700045707,2,02,000,00,2,1,15,A01
201700045707,1,07,000,00,2,3,01,B01
201700045708,1,02,000,00,2,1,05,A01
201700045708,1,07,000,00,2,2,05,B01
201700045709,2,31,000,00,2,1,01,B01
201700045709,1,37,000,00,2,2,01,A01
201700045710,2,07,000,00,2,1,15,A01
201700045710,1,33,000,00,2,1,19,B01
201700045711,1,07,000,00,2,3,09,A01
201700045711,1,31,000,00,2,2,01,B01
201700045712,1,14,000,12,0,2,10,B01
201700045712,1,31,000,00,2,3,01,A01
201700045713,2,07,000,00,2,7,16,A01
201700045713,2,02,000,00,2,1,00,B01
201700045714,2,31,000,00,2,1,01,B01
201700045714,1,07,000,00,2,3,10,A01
201700045715,2,07,000,00,1,3,02,A01
201700045716,1,07,000,00,2,2,02,A01
201700045716,1,07,000,00,2,3,02,B01
201700045717,1,07,000,00,1,7,01,A01
201700045718,1,07,000,00,2,5,01,A01
201700045718,1,32,000,00,2,8,03,B01
201700045719,2,07,000,00,1,4,20,A01
201700045720,1,07,000,00,2,4,02,B01
201700045720,1,07,000,00,2,1,02,A01
201700045721,2,07,000,00,2,7,01,B01
201700045721,1,07,000,00,2,1,01,A01
201700045722,1,07,000,00,1,3,02,A01
201700045723,2,07,000,00,2,8,01,A01
201700045723,2,10,000,01,2,2,17,Z01
201700045724,1,07,000,00,2,2,19,A01
201700045724,1,31,000,00,2,1,01,B01
201700045725,2,01,000,00,2,3,01,B01
201700045725,2,07,000,00,2,1,01,A01
201700045726,1,07,000,00,2,4,01,B01
201700045726,1,02,000,00,2,1,01,A01
201700045727,1,07,000,01,2,2,16,A01
201700045728,1,31,000,00,2,1,01,A01
201700045728,1,07,000,00,2,7,16,B01
201700045729,1,07,000,08,0,1,16,A01
201700045730,2,07,000,00,1,1,01,A01
201700045731,1,07,000,00,2,7,17,A01
201700045731,1,01,000,00,2,1,01,B01
201700045732,0,07,000,00,1,2,01,A01
201700045733,1,31,000,00,2,1,21,B01
201700045733,1,07,000,00,2,1,13,A01
201700045734,1,07,000,00,1,1,17,A01
201700045735,2,10,000,00,1,1,15,A01
201700045736,2,07,000,00,0,0,15,A01
201700045737,1,07,000,14,0,3,19,A01
201700045737,1,33,000,00,2,1,19,B01
201700045738,2,07,000,00,2,1,09,A01
201700045738,1,33,000,00,2,1,01,B01
201700045739,1,31,000,00,0,0,01,A01
201700045740,1,07,000,00,2,2,21,A01
201700045740,1,07,000,00,2,1,09,B01
201700045741,1,34,000,00,2,1,01,A01
201700045741,1,07,000,00,2,6,02,B01
201700045742,1,02,000,00,2,1,01,B01
201700045742,1,07,000,00,2,1,17,Z01
201700045743,0,07,000,00,2,2,01,Z01
201700045743,0,37,000,00,2,7,01,B01
201700045744,1,07,000,00,1,0,01,A01
201700045745,1,31,000,00,1,0,01,A01
201700045746,1,07,000,00,2,4,23,A01
201700045746,1,34,000,00,2,1,01,B01
201700045747,2,34,000,00,1,8,02,A01
201700045748,0,07,000,00,1,2,15,A01
201700045749,2,07,000,00,1,2,02,A01
201700045750,1,07,000,00,1,3,09,A01
201700045751,1,07,000,00,2,3,13,A01
201700045751,2,10,000,00,2,3,21,B01
201700045752,1,07,000,00,1,2,01,A01
201700045753,1,07,000,00,2,2,12,A01
201700045753,1,07,000,00,2,4,23,B01
201700045754,2,01,000,01,0,8,21,A01
201700045754,2,07,000,00,2,7,02,B01
201700045755,2,07,000,00,1,3,19,A01
201700045756,1,07,000,00,2,3,01,A01
201700045756,2,07,000,00,2,1,15,B01
201700045757,2,07,000,01,1,1,15,A01
201700045758,2,20,000,00,2,3,15,A01
201700045758,2,07,000,00,9,2,21,B01
201700045759,1,99,000,00,1,2,09,A01
201700045760,2,07,000,00,1,8,09,A01
201700045761,1,33,000,00,0,8,10,A01
201700045762,1,07,000,00,1,1,01,A01
201700045763,2,07,000,00,1,1,02,A01
201700045764,1,07,000,00,1,1,02,A01
201700045765,2,07,000,00,2,1,01,A01
201700045765,2,07,000,00,2,4,23,B01
201700045766,2,07,000,00,9,2,17,A01
201700045766,1,01,000,00,2,1,01,B01
201700045767,2,07,000,00,2,4,02,B01
201700045767,2,07,000,00,2,1,02,A01
201700045768,1,07,000,00,1,1,01,A01
201700045769,1,07,000,00,2,4,01,B01
201700045769,1,10,000,00,2,1,00,Z01
201700045770,0,07,000,00,1,1,01,A01
201700045771,2,07,000,04,0,3,00,A01
201700045772,0,31,000,00,1,1,01,A01
201700045773,0,07,000,01,1,2,17,A01
201700045774,0,07,000,06,2,7,01,A01
201700045774,,07,000,00,2,1,01,B01
201700045775,0,07,000,00,2,3,09,B01
201700045775,0,33,000,00,2,1,01,A01
201700045776,2,07,000,00,2,0,00,Z01
201700045776,2,07,000,00,2,3,16,B01
201700045777,2,07,000,00,2,7,01,A01
201700045777,1,07,000,00,2,2,15,B01
201700045778,2,17,000,00,1,3,01,A01
201700045779,0,07,000,00,1,1,15,A01
201700045780,0,07,000,00,1,0,00,Z01
201700045781,0,07,000,00,1,1,01,A01
201700045782,2,07,000,00,0,,,Z01
201700045782,0,32,000,00,2,1,01,B01
201700045783,1,33,000,00,2,7,12,A01
201700045783,1,07,000,00,2,7,09,B01
201700045784,1,07,000,00,2,8,09,A01
201700045784,1,10,000,00,2,3,09,B01
201700045785,0,14,000,00,1,2,01,A01
201700045786,2,07,000,00,2,3,01,A01
201700045786,1,07,000,00,2,6,23,D01
201700045786,1,07,000,00,2,1,23,F02
201700045786,2,07,000,00,2,8,23,C01
201700045786,1,07,000,00,2,1,23,E01
201700045786,0,07,000,00,2,2,09,B01
201700045787,2,33,000,00,2,5,17,A01
201700045787,2,07,000,00,2,3,01,B01
201700045788,0,33,000,08,0,9,14,A01
201700045789,0,07,000,00,1,1,01,A01
201700045790,0,07,000,00,2,3,01,B01
201700045790,,07,000,00,2,1,01,A01
201700045791,0,10,000,00,1,3,01,A01
201700045792,0,33,000,02,0,7,14,A01
201700045793,1,07,000,00,1,1,18,A01
201700045794,0,07,000,00,2,1,15,A01
201700045794,0,02,000,00,2,7,01,B01
201700045795,,07,000,00,1,2,17,Z01
201700045796,0,33,000,00,2,8,15,B01
201700045796,0,34,000,00,2,1,01,A01
201700045797,2,30,000,00,0,2,21,B01
201700045797,0,07,000,00,2,3,09,A01
201700045798,0,07,000,00,2,1,01,B01
201700045798,0,07,000,00,2,3,09,A01
201700045799,0,33,000,00,2,0,01,Z01
201700045799,1,07,000,00,2,3,15,A01
201700045800,2,07,000,00,2,2,15,A01
201700045800,1,34,000,00,2,2,01,B01
201700045801,0,03,000,00,1,0,01,Z01
201700045802,2,07,000,00,2,1,01,A01
201700045802,0,30,000,00,2,4,15,B01
201700045803,1,07,000,00,1,2,01,A01
201700045804,0,31,000,00,1,1,01,A01
201700045805,2,07,000,00,1,8,01,A01
201700045806,1,07,000,00,2,9,01,B01
201700045806,1,07,000,00,2,6,16,A01
201700045806,1,33,000,00,2,1,01,C01
201700045807,0,07,000,00,2,2,01,B01
201700045807,,07,000,00,2,1,17,A01
201700045808,1,01,000,00,2,6,01,B01
201700045808,1,07,000,00,2,7,16,Z01
201700045809,1,07,000,00,2,1,01,A01
201700045809,1,07,000,00,2,4,23,B01
201700045810,0,07,000,00,1,3,01,A01
201700045811,1,02,000,00,2,2,01,A01
201700045811,2,10,000,00,2,3,01,C01
201700045811,0,07,000,00,2,3,01,B01
201700045812,0,37,002,00,1,7,01,A01
201700045813,0,07,000,00,1,4,04,Z01
201700045814,1,07,000,00,0,0,10,Z01
201700045814,1,34,000,00,2,1,01,A01
201700045815,0,07,000,00,1,1,15,A01
201700045816,1,07,000,00,2,1,01,B01
201700045816,1,07,000,00,1,9,01,A01
201700045817,,07,000,00,1,1,01,A01
201700045818,1,01,000,00,2,7,01,A01
201700045818,1,30,000,00,2,0,09,Z01
201700045819,0,07,000,00,1,0,00,Z01
201700045820,0,32,000,00,2,1,01,A01
201700045820,0,07,000,00,2,8,15,C01
201700045820,0,07,000,00,2,1,01,B01
201700045821,2,07,000,00,2,8,15,A01
201700045821,2,30,000,00,2,1,01,B01
201700045822,0,34,000,00,1,1,01,A01
201700045823,0,07,000,00,2,3,10,B01
201700045823,0,30,000,00,2,3,17,A01
201700045824,0,07,000,00,1,1,01,A01
201700045825,0,07,000,00,2,3,15,B01
201700045825,0,07,000,08,2,3,01,A01
201700045826,,02,000,00,2,3,01,B01
201700045826,0,31,000,00,2,5,01,A01
201700045827,2,33,000,00,2,1,01,B01
201700045827,1,07,000,00,2,2,15,A01
201700045828,1,10,000,00,2,8,11,Z01
201700045828,1,33,000,00,2,7,01,A01
201700045829,0,07,000,00,1,4,04,A01
201700045830,0,34,000,00,2,1,01,A01
201700045830,0,07,000,00,2,0,15,Z01
201700045831,0,33,000,00,2,1,01,B01
201700045831,0,07,000,00,2,7,19,A01
201700045832,1,07,000,00,2,1,13,A01
201700045832,2,10,000,00,2,1,21,B01
201700045833,2,07,000,00,2,4,16,B01
201700045833,0,30,000,01,2,1,18,A01
201700045834,0,07,000,00,1,4,20,A01
201700045835,2,07,000,00,1,1,21,A01
201700045836,1,34,000,00,2,1,21,A01
201700045836,0,07,000,00,2,6,16,B01
201700045837,2,31,000,16,0,8,15,B01
201700045837,2,07,000,00,0,0,15,A01
201700045838,2,07,000,00,2,0,09,Z01
201700045838,1,07,000,00,2,7,01,A01
201700045839,0,07,000,00,2,8,15,B01
201700045839,0,07,000,00,2,1,01,A01
201700045840,2,31,000,16,0,1,21,A01
201700045841,2,07,000,00,2,4,24,A01
201700045841,2,07,000,00,2,3,01,B01
201700045842,1,07,000,00,1,1,19,A01
201700045843,0,07,000,00,1,1,01,A01
201700045844,0,07,000,01,2,3,23,B01
201700045844,1,07,000,01,2,3,23,C01
201700045844,0,02,000,01,2,1,01,A01
201700045845,,07,000,00,2,1,01,A01
201700045845,0,07,000,00,2,4,02,B01
201700045846,,07,000,00,2,,18,Z01
201700045846,0,01,000,00,2,4,23,A01
201700045847,2,07,000,00,2,1,01,A01
201700045847,1,07,000,00,2,1,15,B01
201700045848,0,07,000,00,2,2,01,A01
201700045848,0,33,000,00,2,1,13,B01
201700045849,,07,000,00,1,1,01,A01
201700045850,1,31,000,00,2,2,01,B01
201700045850,0,07,000,00,2,1,01,Z01
201700045851,0,34,000,00,2,2,15,A01
201700045851,0,07,000,00,2,0,18,Z01
201700045852,2,07,000,00,1,2,01,A01
201700045853,0,33,000,00,2,1,01,B01
201700045853,0,10,000,00,2,1,13,A01
201700045854,0,07,000,00,2,3,15,A01
201700045854,0,33,000,00,2,1,18,B01
201700045855,0,07,000,00,2,6,23,B01
201700045855,0,34,000,00,2,1,21,A01
201700045856,1,31,000,00,1,8,17,A01
201700045857,0,07,000,00,1,1,01,Z01
201700045858,0,07,000,00,1,3,15,A01
201700045859,1,07,000,14,0,1,19,A01
201700045860,1,07,000,00,2,1,15,B01
201700045860,1,31,000,00,2,8,14,A01
201700045861,1,07,000,00,1,2,01,A01
201700045862,0,07,000,00,2,1,01,B01
201700045862,0,07,000,00,2,7,01,A01
201700045863,0,07,000,00,1,1,01,Z01
201700045864,2,07,000,00,1,3,01,A01
201700045865,0,07,000,00,1,1,21,A01
201700045866,0,07,000,00,1,2,01,A01
201700045867,2,07,000,00,1,3,01,A01
201700045868,0,34,000,00,1,8,21,A01
201700045869,1,33,000,00,2,1,01,B01
201700045869,0,07,000,00,2,6,09,A01
201700045870,0,10,000,00,2,3,01,A01
201700045870,0,10,000,07,2,7,01,B01
201700045871,0,07,000,00,1,2,01,A01
201700045872,0,07,000,00,1,1,01,B01
201700045872,0,07,000,00,1,1,01,A01
201700045873,0,07,000,00,1,2,01,A01
201700045874,2,07,000,,2,2,01,A01
201700045874,2,07,000,00,2,6,23,B01
201700045875,0,31,000,00,2,1,17,B01
201700045875,0,07,000,00,2,3,15,A01
201700045876,1,07,000,00,1,3,01,A01
201700045877,1,07,000,00,1,1,01,A01
201700045878,1,07,000,00,1,1,01,A01
201700045879,0,07,000,00,1,2,01,A01
201700045880,1,07,000,00,2,1,21,A01
201700045880,2,02,000,00,2,9,05,B01
201700045881,0,30,000,00,2,1,01,A01
201700045881,0,07,000,00,2,1,01,Z01
201700045882,0,33,000,00,2,7,09,B01
201700045882,0,07,000,00,2,1,01,A01
201700045883,0,07,000,01,0,1,01,A01
201700045884,0,07,000,00,2,4,23,B01
201700045884,0,10,000,00,2,1,01,A01
201700045885,2,07,000,02,0,7,17,A01
201700045886,2,07,000,16,0,9,12,A01
201700045887,1,07,000,00,2,3,15,A01
201700045887,2,33,000,00,2,7,01,B01
201700045888,2,33,000,00,2,1,01,B01
201700045888,1,07,000,00,2,3,15,A01
201700045889,0,07,000,00,2,1,01,A01
201700045889,0,07,000,00,2,1,13,B01
201700045890,0,07,000,00,2,4,02,B01
201700045890,0,07,000,00,2,3,01,A01
201700045891,1,33,000,08,0,1,17,A01
201700045892,1,10,000,00,2,5,15,B01
201700045892,2,33,000,00,2,1,17,A01
201700045893,1,07,000,00,2,2,01,B01
201700045893,0,07,000,09,2,1,01,A01
201700045894,2,07,000,01,0,2,01,A01
201700045894,2,07,000,00,2,3,24,B01
201700045895,0,07,000,00,1,2,10,A01
201700045896,2,33,000,12,0,8,01,A01
201700045897,2,07,000,00,2,1,02,B01
201700045897,2,07,000,00,2,5,02,A01
201700045897,2,07,000,00,2,1,01,C01
201700045898,0,34,000,00,2,1,01,A01
201700045898,0,07,000,00,2,8,15,B01
201700045899,2,07,000,00,2,1,01,B01
201700045899,1,07,000,00,2,1,13,A01
201700045900,1,07,000,00,1,1,01,A01
201700045901,2,02,000,00,1,1,01,Z01
201700045902,0,07,000,00,1,3,01,A01
201700045903,1,33,000,00,2,4,02,B01
201700045903,1,33,000,00,2,1,01,A01
201700045903,1,07,000,14,2,3,02,C01
201700045904,2,07,000,00,2,3,05,A01
201700045904,1,07,000,00,2,3,01,B01
201700045905,0,31,000,00,2,7,15,A01
201700045905,,07,000,00,2,3,15,B01
201700045906,1,07,000,00,2,4,23,A01
201700045906,1,07,000,00,2,1,01,E01
201700045906,1,07,000,14,0,4,23,B01
201700045906,1,07,000,00,2,1,02,D01
201700045906,1,07,000,14,0,4,23,C01
201700045907,0,07,000,00,1,1,01,A01
201700045908,0,07,000,00,2,2,13,A01
201700045908,0,07,000,00,2,1,01,B01
201700045909,0,37,002,00,1,2,01,A01
201700045910,1,07,000,00,2,4,02,B01
201700045910,1,07,000,00,2,1,01,A01
201700045911,1,07,000,14,2,1,21,A01
201700045911,1,07,000,00,2,2,15,B01
201700045911,1,07,000,00,2,6,12,C01
201700045911,1,07,000,00,2,3,23,D01
201700045912,2,07,000,07,2,1,01,A01
201700045912,0,07,000,00,2,8,01,B01
201700045913,1,07,000,02,0,8,14,A01
201700045914,0,07,000,00,2,2,01,B01
201700045914,0,07,000,00,2,3,15,A01
201700045915,0,07,000,10,0,3,13,A01
201700045916,0,10,000,00,1,1,01,A01
201700045917,1,39,002,00,2,2,01,B01
201700045917,1,07,000,00,4,1,01,A01
201700045917,1,07,000,00,2,1,01,C01
201700045918,1,07,000,00,1,2,15,A01
201700045919,2,07,000,00,1,3,15,A01
201700045920,1,07,000,00,2,3,01,B01
201700045920,1,07,000,00,2,5,02,A01
201700045921,2,07,000,00,1,1,01,A01
201700045922,1,07,000,00,2,3,01,B01
201700045922,0,07,000,00,2,1,01,A01
201700045923,1,07,000,00,1,2,20,A01
201700045924,1,07,000,00,1,1,01,A01
201700045925,1,02,000,00,2,4,01,A01
201700045925,1,07,000,00,2,1,01,Z01
201700045926,2,32,000,00,1,0,00,Z01
201700045927,2,07,000,06,0,1,15,A01
201700045928,1,07,000,00,1,1,12,A01
201700045929,1,10,000,00,0,6,02,B01
201700045929,1,33,000,00,2,1,01,A01
201700045930,2,07,000,00,1,2,21,A01
201700045931,0,02,000,08,0,9,14,A01
201700045932,0,07,000,00,2,3,15,A01
201700045932,0,07,000,00,2,2,01,B01
201700045933,1,07,000,00,2,4,02,A01
201700045933,1,07,000,00,2,3,01,B01
201700045934,1,07,000,00,2,4,02,B01
201700045934,1,07,000,00,2,1,01,A01
201700045935,0,33,000,00,2,1,01,B01
201700045935,0,07,000,00,2,3,10,A01
201700045936,1,02,000,15,0,1,01,A01
201700045937,0,07,000,00,2,6,02,A01
201700045937,0,33,000,00,2,1,01,B01
201700045938,1,30,000,00,2,2,01,B01
201700045938,1,07,000,00,2,3,10,A01
201700045939,2,07,000,00,2,8,15,A01
201700045939,2,33,000,00,2,1,17,B01
201700045940,0,07,000,00,1,0,01,Z01
201700045941,0,07,000,00,1,0,01,Z01
201700045942,0,30,000,01,0,3,13,A01
201700045943,0,07,000,00,2,2,01,B01
201700045943,0,07,000,00,2,1,01,A01
201700045944,0,07,000,00,1,3,09,Z01
201700045945,1,07,000,00,1,2,01,A01
201700045946,0,02,000,12,0,8,09,A01
201700045947,1,07,000,00,2,1,01,C01
201700045947,1,07,000,00,2,4,02,B01
201700045947,1,07,000,00,2,4,02,A01
201700045948,1,07,000,00,2,3,13,A01
201700045948,1,07,000,00,2,6,02,B01
201700045948,1,07,000,00,2,1,02,D01
201700045948,1,07,000,00,2,3,02,C01
201700045949,0,07,000,00,2,3,15,B01
201700045949,0,32,000,00,2,1,05,A01
201700045950,1,01,000,00,2,1,01,B01
201700045950,0,14,000,00,2,7,16,A01
201700045951,2,07,000,00,2,3,15,A01
201700045951,2,31,000,00,2,1,01,B01
201700045952,0,07,000,00,2,1,01,B01
201700045952,0,07,000,00,2,6,15,A01
201700045953,2,02,000,00,2,1,01,A01
201700045953,2,07,000,00,2,4,23,B01
201700045954,0,07,000,00,1,3,01,A01
201700045955,1,07,000,12,0,2,14,A01
201700045956,0,07,000,15,0,2,14,A01
201700045957,0,37,002,00,1,2,07,A01
201700045958,1,07,000,00,2,2,15,A01
201700045958,0,01,000,00,2,1,01,B01
201700045959,2,07,000,08,0,3,05,A01
201700045960,0,07,000,14,2,3,19,A01
201700045960,0,34,000,00,2,1,01,B01
201700045961,0,07,000,00,1,3,01,A01
201700045962,1,31,000,00,2,1,17,B01
201700045962,1,07,000,00,2,3,15,A01
201700045963,0,07,000,01,0,2,14,A01
201700045964,1,31,000,00,2,1,01,A01
201700045964,1,07,000,00,0,3,15,B01
201700045965,0,07,000,00,1,2,09,A01
201700045966,2,10,000,00,2,2,01,B01
201700045966,2,07,000,00,2,6,23,A01
201700045967,0,07,000,00,2,3,16,B01
201700045967,0,31,000,00,2,3,01,A01
201700045968,1,07,000,00,2,1,19,A01
201700045968,1,33,000,00,2,4,20,B01
201700045969,0,31,000,00,2,6,15,B01
201700045969,0,07,000,00,2,6,15,A01
201700045970,0,07,000,00,1,5,10,A01
201700045971,1,07,000,00,2,8,13,B01
201700045971,2,07,000,00,2,8,01,A01
201700045972,0,07,000,00,2,3,13,A01
201700045972,0,07,000,00,2,2,17,B01
201700045973,1,15,000,00,2,1,01,B01
201700045973,2,07,000,00,2,1,13,A01
201700045974,0,07,000,00,1,1,09,A01
201700045975,2,07,000,00,2,2,10,A01
201700045975,1,07,000,00,2,1,02,B01
201700045976,0,07,000,00,1,8,09,A01
201700045977,0,02,000,16,0,8,15,A01
201700045978,1,07,000,00,2,2,01,B01
201700045978,2,07,000,00,2,3,15,A01
201700045979,0,10,000,00,1,1,01,A01
201700045980,2,34,000,00,2,3,01,B01
201700045980,1,07,000,00,2,3,15,A01
201700045981,1,07,000,00,1,1,16,A01
201700045982,1,34,000,00,2,1,01,A01
201700045982,0,07,000,00,2,3,01,B01
201700045983,0,07,000,05,2,3,13,A01
201700045983,0,07,000,05,2,3,01,B01
201700045984,0,10,000,01,0,1,18,A01
201700045985,2,07,000,00,1,1,15,A01
201700045986,0,07,000,08,0,8,09,A01
201700045986,0,07,000,00,2,1,01,B01
201700045987,0,07,000,00,2,1,01,A01
201700045987,0,07,000,00,2,8,01,B01
201700045988,0,31,000,00,2,6,02,B01
201700045988,0,07,000,01,2,2,15,A01
201700045989,1,34,000,00,1,1,19,A01
201700045990,0,34,000,12,2,2,14,A01
201700045990,0,07,000,00,2,2,22,B01
201700045991,0,07,000,00,2,2,15,B01
201700045991,0,07,000,00,2,3,09,A01
201700045992,0,02,000,00,2,4,21,B01
201700045992,0,30,000,00,2,1,21,A01
201700045993,0,07,000,00,1,1,16,A01
201700045994,1,31,000,09,0,2,14,A01
201700045995,2,33,000,00,1,1,01,A01
201700045996,2,07,000,00,2,7,15,A01
201700045996,2,34,000,00,2,2,01,B01
201700045997,1,07,000,00,2,3,15,B01
201700045997,1,33,000,00,2,7,17,A01
201700045998,0,01,000,00,2,5,02,B01
201700045998,0,07,000,00,2,5,01,A01
201700045999,1,01,000,00,2,4,01,B01
201700045999,1,31,000,00,2,1,21,A01
201700046000,2,02,000,00,1,1,17,Z01
201700046001,0,07,000,00,2,1,01,A01
201700046001,0,33,000,00,2,8,01,B01
201700046002,1,10,000,00,2,4,02,B01
201700046002,1,07,000,00,2,1,01,A01
201700046003,0,07,000,00,1,2,01,A01
201700046004,1,07,000,00,2,1,01,B01
201700046004,2,07,000,00,2,1,13,A01
201700046005,0,07,000,00,2,3,24,A01
201700046005,0,07,000,01,0,1,01,Z01
201700046006,0,07,000,00,1,1,01,A01
201700046007,1,07,000,00,2,3,10,A01
201700046007,1,34,000,00,2,1,01,B01
201700046008,0,07,000,08,0,2,14,A01
201700046009,2,07,000,00,2,1,01,B01
201700046009,1,07,000,00,2,1,13,A01
201700046010,1,07,000,00,2,1,05,A01
201700046010,1,07,000,00,2,3,01,B01
201700046011,0,07,000,00,1,3,01,A01
201700046012,1,07,000,00,1,2,20,A01
201700046013,1,13,000,06,1,3,20,A01
201700046014,0,07,000,00,1,4,04,A01
201700046015,2,07,000,01,0,2,01,A01
201700046016,1,33,000,15,2,2,17,A01
201700046016,1,07,000,00,2,3,15,B01
201700046017,1,07,000,00,2,3,15,A01
201700046017,2,33,000,00,2,1,01,B01
201700046018,1,33,000,00,2,1,17,B01
201700046018,1,07,000,00,2,3,15,A01
201700046019,1,07,000,00,2,1,01,A01
201700046019,,07,000,00,2,2,09,B01
201700046020,0,07,000,06,0,2,14,A01
201700046021,0,07,000,00,1,3,01,A01
201700046022,0,07,000,00,2,5,01,B01
201700046022,0,07,000,00,2,1,01,A01
201700046023,1,07,000,00,1,1,01,A01
201700046024,0,07,000,00,1,2,01,A01
201700046025,0,07,000,00,2,1,01,A01
201700046025,0,07,000,00,2,8,19,B01
201700046026,2,07,000,00,2,1,01,B01
201700046026,2,07,000,00,2,7,19,A01
201700046027,0,33,000,00,2,3,16,A01
201700046027,1,31,000,00,2,1,01,B01
201700046028,1,07,000,00,1,6,04,A01
201700046029,1,07,000,00,2,2,15,B01
201700046029,1,33,000,07,2,1,01,A01
201700046030,2,33,000,00,2,7,01,A01