Num_Acc,senc,catv,occutc,obs,obsm,choc,manv,num_veh
201700046387,2,07,000,00,2,4,01,D01
201700046387,2,07,000,00,2,9,02,A01
201700046387,2,07,000,00,2,8,01,C01
201700046388,2,07,000,13,0,9,01,A01
201700046389,1,07,000,03,0,2,01,A01
201700046390,2,07,000,00,2,5,14,A01
201700046390,2,31,000,00,2,3,01,B01
201700046391,1,07,000,03,0,1,01,A01
201700046392,2,33,000,16,0,8,03,A01
201700046393,1,07,000,14,2,9,11,A01
201700046393,1,07,000,00,2,1,01,C01
201700046393,1,07,000,00,2,9,01,D01
201700046393,1,17,000,00,2,1,01,B01
201700046393,1,07,000,00,2,7,01,E01
201700046394,2,07,000,00,2,4,01,A01
201700046394,2,07,000,00,2,9,02,B01
201700046394,2,37,001,00,2,1,02,C01
201700046395,1,14,000,00,2,2,14,C01
201700046395,1,10,000,00,2,4,01,A01
201700046395,1,07,000,00,2,9,01,B01
201700046396,2,33,000,00,2,9,03,B01
201700046396,2,15,000,00,2,8,01,C01
201700046396,2,10,000,00,2,5,01,A01
201700046397,2,07,000,04,2,6,18,A01
201700046397,2,07,000,00,2,2,01,B01
201700046398,2,33,000,00,2,9,03,B01
201700046398,2,10,000,00,2,5,01,A01
201700046398,2,07,000,00,2,3,11,C01
201700046399,1,34,000,00,2,7,17,B01
201700046399,1,07,000,00,2,8,11,A01
201700046400,2,07,000,00,2,0,00,A01
201700046400,2,07,000,00,2,0,00,B01
201700046401,1,14,000,00,2,8,18,B01
201700046401,1,32,000,00,2,7,01,A01
201700046402,1,07,000,03,0,1,01,A01
201700046403,2,07,000,00,2,4,23,A01
201700046403,2,07,000,01,2,1,02,B01
201700046404,1,07,000,00,2,1,01,A01
201700046404,1,14,000,03,2,9,06,B01
201700046405,1,15,000,14,0,2,14,A01
201700046406,1,07,000,14,0,1,00,A01
201700046406,1,07,000,14,0,1,01,B01
201700046407,1,07,000,08,0,4,01,A01
201700046408,1,07,000,06,2,9,01,A01
201700046408,1,07,000,00,2,9,21,C01
201700046408,1,07,000,00,2,4,21,B01
201700046409,1,07,000,04,0,1,01,A01
201700046410,1,07,000,00,2,4,23,A01
201700046410,1,07,000,00,2,1,02,B01
201700046411,1,32,000,16,0,0,03,A01
201700046411,1,07,000,00,0,0,12,B01
201700046412,2,32,000,00,2,1,03,A01
201700046412,2,07,000,00,2,6,01,B01
201700046413,1,07,000,00,0,0,00,C01
201700046413,1,07,000,00,0,0,00,A01
201700046413,2,07,000,00,0,0,00,B01
201700046414,2,07,000,00,2,7,12,B01
201700046414,2,07,000,00,2,7,01,C01
201700046414,2,33,000,00,2,9,03,A01
201700046415,1,07,000,04,0,1,14,A01
201700046416,1,07,000,00,2,8,13,A01
201700046416,1,07,000,00,2,7,01,B01
201700046417,1,34,000,16,0,2,03,A01
201700046418,1,33,000,00,2,8,03,A01
201700046418,1,07,000,00,2,6,01,C01
201700046418,1,07,000,00,2,7,12,B01
201700046419,2,07,000,00,2,1,14,B01
201700046419,2,07,000,00,2,4,01,A01
201700046420,1,33,000,03,0,0,00,A01
201700046421,2,31,000,05,0,1,03,A01
201700046422,2,33,000,00,2,7,03,A01
201700046422,2,07,000,00,2,3,11,B01
201700046423,2,07,000,00,2,1,02,A01
201700046423,2,07,000,00,2,4,01,B01
201700046424,1,07,000,00,2,1,14,A01
201700046424,1,07,000,00,2,4,23,B01
201700046425,2,07,000,00,2,2,14,B01
201700046425,2,10,000,00,2,1,01,D01
201700046425,2,07,000,00,2,6,01,A01
201700046425,2,07,000,00,0,0,00,C01
201700046426,2,07,000,04,0,1,13,A01
201700046427,1,07,000,03,0,1,00,A01
201700046428,1,07,000,00,2,1,02,B01
201700046428,1,07,000,00,2,5,14,A01
201700046429,1,14,000,00,2,4,01,A01
201700046429,1,07,000,00,2,1,02,B01
201700046430,1,07,000,00,2,7,14,A01
201700046430,1,07,000,00,2,8,01,B01
201700046431,2,14,000,00,2,4,23,A01
201700046431,2,17,000,00,2,4,23,B01
201700046431,2,17,000,00,2,4,23,C01
201700046431,2,17,000,00,2,1,02,D01
201700046431,2,07,000,00,2,1,02,E01
201700046432,2,07,000,00,2,3,11,A01
201700046432,2,14,000,00,2,2,01,B01
201700046433,1,10,000,00,2,1,02,C01
201700046433,1,07,000,00,2,4,23,A01
201700046433,1,07,000,00,2,9,23,B01
201700046434,2,07,000,06,0,1,01,A01
201700046435,2,15,000,00,2,6,01,B01
201700046435,2,33,000,00,2,7,03,A01
201700046436,1,14,000,00,2,5,23,A01
201700046436,1,07,000,01,2,1,21,B01
201700046436,1,15,000,00,2,3,21,C01
201700046437,2,07,000,00,2,5,01,B01
201700046437,2,33,000,00,2,3,03,A01
201700046438,2,07,000,00,2,4,02,A01
201700046438,2,07,000,00,2,1,02,B01
201700046439,2,07,000,00,2,4,02,B01
201700046439,2,07,000,00,2,1,02,C01
201700046439,2,15,000,00,2,1,02,A01
201700046440,1,07,000,00,0,4,02,A01
201700046440,1,33,000,00,2,1,02,C01
201700046440,1,33,000,00,2,1,02,B01
201700046441,2,13,000,00,2,1,02,D01
201700046441,2,10,000,00,2,9,23,C01
201700046441,2,07,000,00,2,9,23,B01
201700046441,2,07,000,00,2,4,23,A01
201700046442,2,07,000,00,2,7,12,B01
201700046442,2,32,000,00,2,3,01,A01
201700046443,1,07,000,01,0,1,01,A01
201700046443,1,10,000,01,0,0,00,B01
201700046444,1,07,000,02,0,0,00,A01
201700046445,1,33,000,04,0,7,14,A01
201700046446,1,07,000,00,2,4,01,A01
201700046446,1,07,000,00,2,1,02,Z01
201700046447,2,10,000,00,2,5,01,B01
201700046447,2,34,000,00,2,1,03,A01
201700046448,1,07,000,00,2,4,01,B01
201700046448,1,07,000,00,2,1,02,A01
201700046449,1,10,000,00,2,9,02,B01
201700046449,1,07,000,00,2,4,01,D01
201700046449,1,10,000,00,2,9,02,C01
201700046449,1,10,000,00,2,1,02,A01
201700046450,2,07,000,00,2,8,01,C01
201700046450,2,07,000,00,2,5,12,B01
201700046450,2,31,000,00,2,9,03,A01
201700046451,2,33,000,00,2,3,03,B01
201700046451,2,07,000,00,2,5,12,A01
201700046452,2,07,000,00,2,3,01,C01
201700046452,2,07,000,00,2,8,11,A01
201700046452,2,31,000,04,2,9,03,B01
201700046453,1,07,000,04,2,1,02,A01
201700046453,1,07,000,00,0,4,01,B01
201700046454,2,33,000,00,2,1,02,B01
201700046454,2,07,000,00,2,5,01,A01
201700046455,1,07,000,00,2,1,02,B01
201700046455,1,07,000,00,2,4,02,A01
201700046456,1,10,000,00,2,1,19,A01
201700046456,1,07,000,00,2,2,02,B01
201700046457,2,07,000,03,2,1,02,A01
201700046457,2,07,000,00,9,4,23,B01
201700046458,1,17,000,04,0,0,00,A01
201700046459,1,33,000,00,2,7,00,A01
201700046459,1,99,000,00,2,2,02,B01
201700046460,2,07,000,00,2,4,23,C01
201700046460,2,07,000,00,2,1,02,A01
201700046460,2,07,000,00,2,9,23,B01
201700046461,1,07,000,04,2,7,21,A01
201700046461,1,07,000,00,2,9,01,B01
201700046461,1,07,000,00,2,1,01,C01
201700046461,1,10,000,00,2,1,01,D01
201700046462,2,33,000,16,0,3,03,B01
201700046462,2,10,000,00,0,0,12,A01
201700046463,1,34,000,15,0,8,13,A01
201700046464,1,07,000,00,2,4,01,A01
201700046464,1,10,000,00,2,8,01,B01
201700046464,1,07,000,00,2,1,02,C01
201700046465,2,07,000,03,0,1,01,A01
201700046466,1,10,000,04,0,1,16,A01
201700046467,2,07,000,00,2,1,01,A01
201700046467,2,07,000,03,2,0,09,B01
201700046468,2,07,000,00,2,6,02,A01
201700046468,2,33,000,00,2,1,21,B01
201700046468,2,07,000,00,2,7,02,C01
201700046469,2,07,000,00,2,2,12,A01
201700046469,2,07,000,00,2,3,01,B01
201700046469,2,15,000,00,2,6,01,C01
201700046470,2,07,000,00,2,8,00,A01
201700046470,2,33,000,00,2,2,01,B01
201700046471,2,33,000,00,2,1,02,A01
201700046471,2,07,000,00,2,4,23,B01
201700046472,1,07,000,00,2,0,02,A01
201700046472,1,07,000,00,2,9,23,B01
201700046472,1,07,000,00,2,4,23,C01
201700046473,2,07,000,03,0,3,01,A01
201700046474,2,07,000,04,0,8,13,A01
201700046475,2,07,000,00,2,4,02,A01
201700046475,2,07,000,00,2,1,02,B01
201700046476,2,07,000,13,0,7,14,A01
201700046477,2,32,000,00,2,2,01,A01
201700046477,2,07,000,00,2,3,11,B01
201700046478,2,01,000,00,0,3,00,A01
201700046479,2,33,000,00,0,0,03,A01
201700046480,2,33,000,00,2,1,03,A01
201700046480,2,10,000,00,2,6,11,B01
201700046481,2,33,000,00,2,1,00,A01
201700046481,2,07,000,00,2,3,00,B01
201700046481,2,10,000,00,2,0,00,C01
201700046482,1,07,000,00,2,8,11,A01
201700046482,1,33,000,00,2,7,03,B01
201700046483,2,10,000,00,2,1,02,C01
201700046483,2,07,000,00,2,4,23,A01
201700046483,2,07,000,00,2,9,23,B01
201700046484,2,34,000,00,0,7,03,A01
201700046485,1,30,000,00,2,2,02,C01
201700046485,1,07,000,04,0,3,01,A01
201700046485,1,07,000,00,2,9,02,B01
201700046486,1,07,000,00,2,3,11,Z01
201700046486,1,07,000,00,2,7,01,A01
201700046486,1,32,000,00,2,9,03,B01
201700046487,2,33,000,00,2,7,03,B01
201700046487,2,07,000,00,2,6,03,A01
201700046488,1,07,000,03,0,2,12,A01
201700046489,2,07,000,04,0,1,01,A01
201700046490,1,07,000,00,2,4,01,A01
201700046490,1,33,000,00,2,1,12,B01
201700046491,2,17,000,00,2,1,02,A01
201700046491,2,07,000,00,2,4,01,B01
201700046492,2,07,000,00,2,7,12,B01
201700046492,2,34,000,00,2,8,01,A01
201700046493,2,07,000,00,2,4,01,C01
201700046493,2,07,000,00,2,1,02,A01
201700046493,2,07,000,00,2,9,02,B01
201700046494,1,07,000,00,2,3,12,B01
201700046494,1,07,000,00,2,5,02,A01
201700046495,1,07,000,00,2,4,01,C01
201700046495,1,31,000,00,2,9,02,B01
201700046495,1,07,000,00,2,1,02,A01
201700046496,2,07,000,00,0,4,02,A01
201700046496,2,07,000,00,2,1,02,B01
201700046497,2,07,000,00,2,2,14,A01
201700046497,2,07,000,00,2,6,23,B01
201700046498,1,33,000,13,0,1,16,A01
201700046499,2,07,000,04,0,3,00,A01
201700046499,2,33,000,01,0,1,02,B01
201700046500,2,07,000,00,2,2,14,B01
201700046500,2,07,000,00,2,6,23,A01
201700046501,1,31,000,00,2,2,03,B01
201700046501,1,07,000,00,2,3,11,A01
201700046502,2,07,000,00,2,7,12,B01
201700046502,2,32,000,00,2,3,03,A01
201700046503,2,07,000,00,2,6,01,A01
201700046503,2,07,000,00,2,4,01,B01
201700046503,2,07,000,00,2,1,02,C01
201700046504,2,33,000,00,2,8,01,A01
201700046504,2,07,000,00,2,2,01,B01
201700046504,2,07,000,00,2,6,01,C01
201700046505,1,07,000,00,2,4,01,B01
201700046505,1,07,000,00,2,4,01,A01
201700046505,1,10,000,00,2,0,00,C01
201700046505,1,10,000,00,2,1,01,D01
201700046506,2,15,000,00,9,8,02,A01
201700046507,1,07,000,00,2,2,19,A01
201700046507,1,07,000,00,2,8,01,B01
201700046508,1,15,000,03,0,1,01,A01
201700046509,2,33,000,00,2,1,21,B01
201700046509,2,07,000,00,2,4,01,A01
201700046510,1,32,000,04,0,7,14,A01
201700046511,1,07,000,00,2,1,02,B01
201700046511,1,14,000,00,2,4,01,A01
201700046512,2,07,000,00,2,4,02,A01
201700046512,2,33,000,00,2,1,02,B01
201700046513,1,07,000,00,2,4,01,A01
201700046513,1,07,000,00,2,1,02,B01
201700046514,1,07,000,03,0,1,19,A01
201700046515,1,07,000,00,2,4,01,B01
201700046515,1,33,000,00,2,1,03,A01
201700046516,2,07,000,00,2,5,01,B01
201700046516,2,07,000,00,2,1,02,A01
201700046517,1,07,000,00,2,1,01,A01
201700046517,1,07,000,00,0,4,01,B01
201700046518,2,15,000,03,2,1,21,A01
201700046518,2,34,000,00,2,8,21,B01
201700046519,2,10,000,00,2,4,02,A01
201700046519,2,07,000,00,2,1,02,B01
201700046520,2,07,000,00,2,1,02,A01
201700046521,2,17,000,00,2,4,01,A01
201700046521,2,17,000,00,2,2,13,B01
201700046522,1,33,000,00,2,3,17,A01
201700046522,1,07,000,00,2,7,02,B01
201700046523,1,07,000,00,2,8,02,D01
201700046523,1,10,000,00,2,8,12,C01
201700046523,1,07,000,00,2,4,02,A01
201700046523,1,37,000,00,2,1,02,E01
201700046523,1,07,000,00,2,1,02,B01
201700046524,2,07,000,00,2,4,01,B01
201700046524,2,32,000,00,2,1,21,A01
201700046525,1,10,000,01,0,1,01,A01
201700046525,1,07,000,00,2,4,01,B01
201700046525,1,07,000,00,2,4,01,C01
201700046525,1,07,000,00,2,5,01,D01
201700046525,1,07,000,00,2,6,01,E01
201700046526,2,07,000,00,2,5,01,A01
201700046526,2,33,000,00,2,8,02,B01
201700046527,1,15,000,00,2,2,12,A01
201700046527,1,07,000,00,2,8,00,B01
201700046528,2,07,000,00,2,1,02,A01
201700046528,2,07,000,00,2,4,02,B01
201700046528,2,07,000,00,2,5,01,C01
201700046528,2,07,000,00,2,8,00,D01
201700046529,2,07,000,00,2,9,23,B01
201700046529,2,07,000,00,2,5,23,A01
201700046529,2,10,000,00,2,1,02,C01
201700046530,2,07,000,00,2,7,01,C01
201700046530,2,31,000,00,2,7,01,A01
201700046530,2,07,000,00,2,8,01,B01
201700046531,2,07,000,00,2,6,11,A01
201700046531,2,07,000,00,2,2,01,B01
201700046532,2,07,000,00,2,5,11,B01
201700046532,2,07,000,00,2,1,01,A01
201700046533,2,07,000,00,2,8,11,A01
201700046533,2,33,000,00,2,7,03,B01
201700046534,1,07,000,00,2,4,01,A01
201700046534,1,07,000,00,2,1,02,B01
201700046535,1,07,000,05,0,9,21,A01
201700046536,1,07,000,00,2,4,01,A01
201700046536,1,07,000,00,2,1,02,B01
201700046537,1,07,000,03,2,2,21,A01
201700046537,1,38,001,00,2,8,01,B01
201700046538,1,10,000,00,2,4,01,A01
201700046538,1,07,000,00,2,1,01,B01
201700046539,1,07,000,00,2,4,02,A01
201700046539,1,10,000,00,2,1,02,B01
201700046540,2,07,000,00,2,6,01,A01
201700046540,2,31,000,00,2,2,11,B01
201700046541,1,07,000,00,2,1,02,A01
201700046541,1,07,000,00,2,4,02,B01
201700046542,1,07,000,14,2,7,21,A01
201700046542,1,15,000,00,2,6,23,B01
201700046543,1,15,000,00,2,2,01,A01
201700046543,1,07,000,00,2,3,11,B01
201700046544,2,07,000,00,2,6,13,A01
201700046544,2,33,000,00,2,1,03,B01
201700046545,2,07,000,00,0,9,00,A01
201700046546,2,07,000,00,2,4,23,B01
201700046546,2,07,000,00,2,1,02,A01
201700046547,2,33,000,00,2,1,01,B01
201700046547,2,34,000,04,2,7,12,A01
201700046548,2,07,000,00,2,5,02,B01
201700046548,2,07,000,00,2,3,02,A01
201700046549,1,07,000,00,2,1,02,C01
201700046549,1,07,000,00,2,4,01,A01
201700046549,1,07,000,00,2,9,02,B01
201700046550,1,07,000,00,2,6,02,B01
201700046550,1,07,000,00,2,2,17,C01
201700046550,1,07,000,03,2,0,02,A01
201700046551,2,07,000,00,2,2,14,B01
201700046551,2,07,000,00,2,8,01,A01
201700046552,1,07,000,00,2,1,02,A01
201700046552,1,07,000,00,2,4,23,B01
201700046553,1,10,000,00,2,8,11,A01
201700046553,1,33,000,00,2,7,01,B01
201700046554,2,07,000,00,2,3,11,A01
201700046554,2,33,000,00,2,7,01,B01
201700046555,1,07,000,00,2,6,01,A01
201700046555,1,13,000,00,2,2,12,B01
201700046556,2,07,000,14,2,9,02,C01
201700046556,2,07,000,00,2,1,02,D01
201700046556,2,07,000,00,2,4,23,A01
201700046556,2,07,000,00,2,9,23,B01
201700046557,2,33,000,16,0,8,01,A01
201700046558,2,33,000,00,2,1,12,A01
201700046558,2,07,000,00,2,6,01,B01
201700046559,1,07,000,00,2,4,01,A01
201700046559,1,33,000,00,2,1,02,B01
201700046560,2,07,000,00,2,6,01,C01
201700046560,2,31,000,00,2,4,01,A01
201700046560,2,07,000,00,2,9,11,B01
201700046561,1,07,000,04,0,3,13,A01
201700046562,1,17,000,00,2,2,12,A01
201700046562,1,07,000,00,2,8,18,B01
201700046563,2,33,000,00,2,1,02,A01
201700046564,1,07,000,00,2,4,01,A01
201700046564,1,33,000,00,2,1,02,B01
201700046565,2,07,000,00,2,2,01,A01
201700046565,2,15,000,00,2,7,12,B01
201700046565,2,07,000,00,2,2,01,C01
201700046566,1,07,000,00,0,0,00,A01
201700046567,1,10,000,00,2,4,01,B01
201700046567,1,33,000,00,2,1,02,A01
201700046568,2,10,000,00,2,1,02,A01
201700046568,2,07,000,00,2,9,02,C01
201700046568,2,10,000,00,2,4,01,D01
201700046568,2,07,000,00,2,9,02,B01
201700046569,1,07,000,00,2,1,01,B01
201700046569,1,07,000,00,2,1,01,C01
201700046569,2,15,000,04,2,2,19,A01
201700046570,2,34,000,00,0,8,01,A01
201700046571,1,07,000,00,2,6,02,A01
201700046571,1,33,000,00,2,1,02,B01
201700046572,2,33,000,00,2,7,03,B01
201700046572,2,07,000,00,2,3,11,A01
201700046573,2,33,000,00,2,1,03,A01
201700046573,2,07,000,00,2,4,02,C01
201700046573,2,07,000,00,2,3,11,B01
201700046574,1,07,000,00,2,5,01,A01
201700046574,1,07,000,00,2,1,02,B01
201700046575,2,33,000,00,2,1,01,A01
201700046575,2,07,000,00,2,5,12,B01
201700046576,2,07,000,00,2,7,12,A01
201700046576,2,33,000,00,2,8,03,B01
201700046577,1,07,000,00,2,4,01,A01
201700046577,1,07,000,00,2,9,02,B01
201700046577,1,07,000,00,2,1,02,C01
201700046578,1,07,000,04,2,1,14,B01
201700046578,1,07,000,04,0,4,01,A01
201700046579,1,33,000,00,2,3,03,B01
201700046579,1,10,000,00,2,7,12,A01
201700046580,1,07,000,03,0,2,02,A01
201700046581,2,07,000,00,2,0,00,C01
201700046581,2,07,000,00,2,4,11,B01
201700046581,2,33,000,00,2,1,03,A01
201700046582,2,33,000,00,2,8,03,B01
201700046582,2,07,000,00,2,7,12,A01
201700046583,2,15,000,00,2,2,12,C01
201700046583,2,07,000,00,2,3,01,B01
201700046583,2,07,000,04,2,9,01,A01
201700046584,2,34,000,00,2,2,01,B01
201700046584,2,07,000,00,2,8,11,A01
201700046585,2,07,000,03,0,1,01,A01
201700046586,1,07,000,00,2,7,13,B01
201700046586,1,99,000,00,2,4,23,A01
201700046587,1,07,000,03,0,2,14,A01
201700046588,2,07,000,00,0,2,14,A01
201700046589,1,15,000,00,2,2,12,Z01
201700046589,1,07,000,04,2,8,01,A01
201700046590,2,33,000,00,2,2,03,A01
201700046590,2,07,000,00,2,3,11,B01
201700046591,2,33,000,00,2,1,03,A01
201700046591,2,07,000,00,2,4,01,B01
201700046592,2,33,000,16,0,7,03,A01
201700046593,1,07,000,00,2,2,12,Z01
201700046593,1,31,000,00,2,9,01,A01
201700046593,1,07,000,00,2,8,01,X01
201700046594,1,33,000,00,2,9,21,C01
201700046594,1,07,000,00,2,7,01,A01
201700046594,1,10,000,00,2,6,01,B01
201700046595,2,34,000,00,2,1,11,A01
201700046595,2,07,000,00,2,6,01,B01
201700046596,1,33,000,00,2,1,11,B01
201700046596,1,07,000,00,2,6,01,A01
201700046597,1,07,000,00,2,9,02,B01
201700046597,1,07,000,00,2,1,02,A01
201700046597,1,07,000,00,2,9,02,C01
201700046597,1,07,000,00,2,4,01,E01
201700046597,1,07,000,00,2,9,02,D01
201700046598,2,31,000,00,2,1,02,A01
201700046598,2,07,000,00,2,1,02,B01
201700046598,2,07,000,00,2,4,02,C01
201700046599,1,07,000,00,2,4,21,A01
201700046599,1,07,000,00,2,4,02,B01
201700046599,1,07,000,00,2,1,02,C01
201700046600,1,33,000,14,2,1,03,B01
201700046600,1,07,000,00,2,7,12,A01
201700046600,1,10,000,00,2,6,23,C01
201700046601,2,07,000,00,2,4,12,A01
201700046601,2,33,000,00,2,1,03,B01
201700046602,1,07,000,00,2,6,11,A01
201700046602,1,34,000,00,2,2,03,B01
201700046603,2,07,000,00,2,9,01,A01
201700046603,2,07,000,00,2,9,01,D01
201700046603,2,10,000,00,2,9,21,B01
201700046603,2,07,000,00,2,9,23,C01
201700046604,1,31,000,00,0,7,21,A01
201700046605,2,07,000,00,2,1,01,D01
201700046605,2,07,000,00,2,4,01,C01
201700046605,2,07,000,00,2,4,01,A01
201700046605,2,07,000,00,2,4,01,B01
201700046606,1,10,000,00,2,4,01,A01
201700046606,1,14,000,00,2,1,02,B01
201700046607,2,31,000,00,2,1,03,A01
201700046607,2,10,000,00,2,5,12,B01
201700046608,2,07,000,04,0,1,13,A01
201700046609,2,07,000,00,2,4,02,B01
201700046609,2,07,000,00,2,1,02,A01
201700046610,2,07,000,04,0,9,14,A01
201700046611,1,07,000,00,9,4,24,A01
201700046611,1,07,000,01,2,1,14,B01
201700046611,1,07,000,00,9,7,01,C01
201700046612,2,33,000,00,0,0,00,A01
201700046613,2,07,000,00,2,2,21,A01
201700046613,2,33,000,00,2,8,20,B01
201700046614,2,07,000,00,2,1,02,C01
201700046614,2,07,000,00,2,9,23,B01
201700046614,2,07,000,00,2,4,23,A01
201700046615,2,07,000,00,2,4,02,A01
201700046615,2,07,000,00,2,1,02,B01
201700046616,2,07,000,00,2,2,14,B01
201700046616,2,15,000,00,2,6,01,A01
201700046617,2,07,000,00,2,5,01,B01
201700046617,2,07,000,00,2,1,02,A01
201700046618,2,33,000,00,2,7,03,B01
201700046618,2,07,000,00,2,8,11,A01
201700046619,2,14,000,00,2,1,01,A01
201700046619,2,07,000,00,2,4,01,B01
201700046619,2,07,000,00,2,4,01,C01
201700046620,2,07,000,00,2,4,01,A01
201700046620,2,07,000,00,2,1,00,B01
201700046621,2,07,000,04,2,9,14,A01
201700046621,2,07,000,00,2,3,13,B01
201700046622,1,13,000,13,0,7,01,A01
201700046623,1,33,000,00,2,1,02,B01
201700046623,1,07,000,00,2,6,23,A01
201700046624,1,07,000,00,2,1,02,A01
201700046624,1,07,000,00,2,4,02,C01
201700046624,1,07,000,00,2,4,02,D01
201700046624,1,07,000,00,2,4,02,B01
201700046625,1,10,000,04,0,3,01,A01
201700046626,2,07,000,00,2,4,01,A01
201700046626,2,10,000,00,2,1,02,B01
201700046627,2,10,000,04,2,9,02,C01
201700046627,2,07,000,00,2,4,23,A01
201700046627,2,10,000,00,2,9,23,B01
201700046628,1,07,000,00,2,1,02,A01
201700046628,1,10,000,00,2,4,02,B01
201700046629,1,07,000,00,2,3,17,A01
201700046629,2,07,000,00,9,6,12,B01
201700046630,2,10,000,00,2,5,12,A01
201700046630,2,34,000,00,2,3,03,B01
201700046631,2,07,000,00,2,5,12,A01
201700046631,2,33,000,00,2,1,03,B01
201700046632,2,07,000,00,2,8,01,C01
201700046632,2,10,000,00,2,5,12,A01
201700046632,2,33,000,00,2,3,03,B01
201700046633,2,07,000,00,2,2,19,B01
201700046633,2,07,000,00,2,4,01,A01
201700046634,2,07,000,00,2,5,23,C01
201700046634,2,07,000,00,2,2,12,B01
201700046634,2,33,000,00,2,3,03,A01
201700046635,2,10,000,00,2,3,12,A01
201700046635,2,17,000,00,2,8,01,C01
201700046635,2,07,000,00,2,6,01,B01
201700046636,2,33,000,00,2,0,03,A01
201700046637,2,07,000,00,2,7,12,B01
201700046637,2,33,000,00,2,3,03,A01
201700046638,1,07,000,00,2,6,00,B01
201700046638,1,15,000,00,2,1,12,A01
201700046639,1,15,000,00,2,1,02,A01
201700046639,1,15,000,00,2,4,02,B01
201700046640,1,07,000,04,2,1,17,A01
201700046640,2,07,000,00,2,8,00,B01
201700046641,2,10,000,00,2,4,01,A01
201700046641,2,07,000,00,2,1,02,B01
201700046642,1,15,000,00,2,2,12,B01
201700046642,1,07,000,00,2,3,11,A01
201700046643,1,07,000,14,0,1,21,A01
201700046643,1,07,000,00,2,1,17,B01
201700046643,1,07,000,00,0,0,00,C01
201700046644,1,10,000,01,0,1,02,A01
201700046644,1,07,000,00,2,4,02,B01
201700046645,1,07,000,00,2,8,11,A01
201700046645,1,33,000,00,2,1,02,B01
201700046646,1,33,000,00,2,1,01,A01
201700046646,1,07,000,00,2,4,01,B01
201700046647,1,31,000,00,2,7,01,A01
201700046648,2,31,000,00,0,8,21,A01
201700046649,1,07,000,00,9,8,02,B01
201700046649,1,34,000,14,0,6,03,D01
201700046649,1,07,000,00,9,7,01,C01
201700046649,1,07,000,00,9,4,01,A01
201700046650,1,07,000,00,2,1,02,C01
201700046650,1,07,000,00,2,4,02,B01
201700046650,1,07,000,00,2,1,02,A01
201700046651,1,07,000,00,2,1,02,C01
201700046651,2,07,000,04,2,1,05,A01
201700046651,1,07,000,04,2,1,01,B01
201700046652,2,33,000,00,2,2,01,B01
201700046652,1,07,000,00,2,6,12,A01
201700046653,1,07,000,00,2,8,14,A01
201700046653,1,10,000,00,2,8,02,B01
201700046654,2,10,000,00,2,4,01,C01
201700046654,2,15,000,00,2,1,02,A01
201700046654,2,07,000,00,2,1,09,B01
201700046655,1,33,000,00,2,8,11,A01
201700046655,1,33,000,00,2,1,03,B01
201700046656,1,33,000,00,2,3,03,B01
201700046656,1,07,000,00,2,5,01,A01
201700046657,2,07,000,00,2,6,11,A01
201700046657,2,07,000,00,2,2,01,B01
201700046658,1,07,000,00,0,4,01,A01
201700046658,1,07,000,00,2,4,02,B01
201700046658,1,07,000,00,2,1,01,C01
201700046659,2,07,000,00,2,2,03,B01
201700046659,2,07,000,00,2,3,11,A01
201700046660,2,07,000,00,2,3,12,A01
201700046660,2,33,000,00,2,3,03,B01
201700046661,2,07,000,04,0,8,13,A01
201700046662,2,07,000,03,2,2,18,A01
201700046662,2,07,000,03,0,8,02,B01
201700046663,2,07,000,00,2,6,11,A01
201700046663,2,07,000,00,2,2,01,B01
201700046663,2,07,000,00,2,7,01,C01
201700046664,1,33,000,06,0,3,01,A01
201700046665,1,99,000,00,2,1,02,A01
201700046665,1,07,000,00,2,4,02,B01
201700046666,2,33,000,00,2,7,03,A01
201700046666,2,07,000,00,2,0,11,B01
201700046667,1,34,000,00,2,1,03,B01
201700046667,1,07,000,00,2,5,11,A01
201700046668,2,13,000,00,2,4,02,B01
201700046668,2,17,000,00,2,1,02,A01
201700046669,1,14,000,00,2,1,02,A01
201700046669,2,14,000,00,2,4,02,B01
201700046670,1,07,000,00,2,8,13,A01
201700046670,1,10,000,00,2,7,01,C01
201700046670,1,33,000,00,2,7,03,B01
201700046671,2,07,000,00,2,4,02,B01
201700046671,2,10,000,00,2,1,02,A01
201700046672,2,07,000,00,2,4,02,A01
201700046672,2,07,000,00,2,1,02,B01
201700046673,1,07,000,00,2,1,21,B01
201700046673,1,15,000,00,0,6,01,C01
201700046673,1,07,000,00,0,4,23,A01
201700046673,1,07,000,00,2,1,01,D01
201700046674,2,07,000,00,2,2,12,A01
201700046674,2,31,000,00,2,3,03,B01
201700046675,2,33,000,00,2,1,18,A01
201700046675,2,07,000,00,2,5,12,B01
201700046676,1,07,000,00,2,6,01,A01
201700046676,1,33,000,00,2,1,02,B01
201700046677,2,33,000,00,2,1,03,B01
201700046677,2,10,000,00,2,8,11,A01
201700046678,2,07,000,00,2,4,01,A01
201700046679,1,07,000,00,2,6,11,A01
201700046679,1,15,000,00,2,1,01,B01
201700046680,2,10,000,03,2,3,02,A01
201700046680,2,07,000,00,2,5,14,B01
201700046681,1,17,000,00,2,1,02,C01
201700046681,1,10,000,00,2,4,02,A01
201700046681,1,17,000,00,2,4,02,B01
201700046682,1,07,000,00,2,1,01,A01