Num_Acc,senc,catv,occutc,obs,obsm,choc,manv,num_veh
201700048239,1,07,000,00,2,6,02,B01
201700048239,1,07,000,00,2,2,12,A01
201700048240,1,07,000,00,2,1,02,A01
201700048240,1,07,000,00,2,4,02,B01
201700048241,2,33,000,16,0,1,01,A01
201700048242,2,07,000,00,2,8,02,A01
201700048242,2,17,000,00,2,7,12,Z01
201700048243,1,33,000,00,2,2,17,A01
201700048243,1,07,000,00,2,3,11,B01
201700048244,2,07,000,04,0,1,14,A01
201700048245,2,14,000,00,2,1,09,A01
201700048245,2,07,000,00,2,3,02,B01
201700048246,2,07,000,00,2,3,02,A01
201700048246,2,15,000,00,2,5,02,B01
201700048247,2,07,000,00,2,1,01,A01
201700048247,2,10,000,00,2,4,02,B01
201700048248,2,07,000,00,2,4,23,A01
201700048248,2,31,000,00,2,1,02,B01
201700048249,2,07,000,04,2,1,01,A01
201700048249,2,07,000,04,2,4,02,B01
201700048250,1,07,000,00,2,4,02,B01
201700048250,1,07,000,00,2,2,01,A01
201700048251,2,31,000,04,0,7,14,A01
201700048252,2,07,000,13,0,1,01,A01
201700048253,2,07,000,04,0,1,01,A01
201700048254,2,07,000,04,0,9,21,A01
201700048255,2,07,000,04,0,1,14,A01
201700048256,1,33,000,00,2,8,03,A01
201700048256,1,07,000,00,2,7,02,B01
201700048257,1,10,000,00,2,3,01,A01
201700048257,1,07,000,00,2,8,01,D01
201700048257,1,07,000,00,2,5,02,B01
201700048257,1,07,000,00,2,6,01,C01
201700048258,1,07,000,04,0,3,13,A01
201700048259,1,07,000,04,0,9,01,A01
201700048260,2,07,000,00,2,1,01,A01
201700048260,2,07,000,00,2,4,02,B01
201700048261,1,33,000,06,0,1,12,A01
201700048262,1,07,000,00,2,2,21,A01
201700048262,1,07,000,00,2,5,23,B01
201700048262,1,07,000,00,2,8,23,C01
201700048262,1,07,000,00,2,4,02,D01
201700048262,1,07,000,00,2,4,23,E01
201700048263,2,10,000,04,0,1,11,A01
201700048264,1,07,000,04,0,3,11,A01
201700048265,1,07,000,00,2,4,02,A01
201700048265,1,07,000,00,2,4,02,B01
201700048265,1,07,000,00,2,4,02,C01
201700048265,1,07,000,00,2,4,02,D01
201700048265,1,10,000,00,2,8,02,E01
201700048266,2,33,000,00,0,7,00,A01
201700048267,1,07,000,04,0,3,02,A01
201700048268,2,10,000,04,0,1,02,A01
201700048269,2,07,000,00,2,1,01,B01
201700048269,2,14,000,00,2,4,02,A01
201700048270,2,07,000,04,0,3,00,A01
201700048271,2,07,000,00,2,4,23,A01
201700048271,2,07,000,00,2,1,01,B01
201700048272,1,07,000,00,2,3,02,A01
201700048272,1,07,000,04,2,5,02,B01
201700048272,1,07,000,00,2,4,02,C01
201700048273,2,07,000,04,0,3,13,A01
201700048274,2,07,000,00,2,4,23,A01
201700048274,2,10,000,00,2,4,23,B01
201700048274,2,07,000,00,2,4,02,C01
201700048274,2,07,000,00,2,1,02,D01
201700048275,2,07,000,04,0,1,01,A01
201700048276,2,07,000,04,2,1,01,A01
201700048276,2,07,000,04,2,7,21,B01
201700048277,1,10,000,03,0,2,01,A01
201700048278,1,07,000,04,0,2,02,A01
201700048279,2,07,000,00,2,8,02,A01
201700048280,2,07,000,04,0,8,11,A01
201700048281,2,10,000,00,2,1,01,C01
201700048281,2,07,000,00,2,4,02,B01
201700048281,2,07,000,00,2,4,02,A01
201700048282,2,07,000,00,2,3,11,A01
201700048282,2,33,000,00,2,2,03,B01
201700048283,2,07,000,04,0,1,01,A01
201700048284,2,07,000,04,0,3,01,A01
201700048285,1,07,000,00,2,1,14,A01
201700048285,1,07,000,00,2,6,00,B01
201700048285,1,07,000,00,2,4,00,C01
201700048286,2,07,000,00,2,7,14,B01
201700048286,2,07,000,00,2,8,01,A01
201700048287,2,07,000,04,0,1,13,A01
201700048288,2,07,000,00,2,4,02,C01
201700048288,2,07,000,00,2,1,02,B01
201700048288,2,07,000,00,2,1,02,A01
201700048288,2,07,000,00,2,4,02,D01
201700048289,2,07,000,00,2,0,00,A01
201700048290,2,07,000,00,2,1,02,A01
201700048290,2,07,000,00,2,4,02,B01
201700048291,1,33,000,04,0,2,01,A01
201700048292,1,07,000,04,0,3,16,A01
201700048293,1,07,000,06,0,2,16,A01
201700048294,1,07,000,03,0,1,02,A01
201700048295,1,07,000,14,0,3,10,A01
201700048296,1,07,000,00,2,3,02,A01
201700048296,1,07,000,00,0,5,00,B01
201700048297,1,07,000,00,2,1,02,A01
201700048297,1,07,000,04,2,4,02,B01
201700048298,1,07,000,04,0,1,00,A01
201700048299,2,07,000,00,2,1,02,A01
201700048299,2,07,000,00,2,4,01,B01
201700048300,1,07,000,00,0,0,00,B01
201700048300,1,07,000,00,0,0,00,C01
201700048300,1,07,000,00,2,1,03,A01
201700048301,1,07,000,04,2,7,01,C01
201700048301,0,01,000,00,0,0,00,Z01
201700048301,1,07,000,00,2,0,00,B01
201700048302,2,07,000,00,2,6,02,B01
201700048302,2,07,000,00,2,2,17,A01
201700048303,1,07,000,00,2,4,02,B01
201700048303,1,07,000,00,2,1,02,A01
201700048304,1,07,000,01,0,3,00,A01
201700048304,1,07,000,01,0,4,00,B01
201700048305,2,07,000,03,0,0,00,A01
201700048306,1,07,000,00,2,0,00,Z01
201700048306,1,07,000,00,2,4,00,C01
201700048306,1,07,000,00,2,4,00,B01
201700048307,1,10,000,00,2,6,23,B01
201700048307,1,07,000,00,0,0,00,A01
201700048308,2,07,000,03,0,2,14,A01
201700048309,1,07,000,00,2,3,11,B01
201700048309,1,07,000,04,2,2,01,A01
201700048310,2,07,000,00,2,4,02,B01
201700048310,2,07,000,00,2,1,02,A01
201700048310,2,07,000,00,2,4,02,C01
201700048311,1,33,000,00,2,3,01,B01
201700048311,1,10,000,00,2,6,13,A01
201700048312,1,07,000,03,9,3,00,B01
201700048312,2,07,000,03,0,1,06,A01
201700048313,1,07,000,00,2,5,02,B01
201700048313,1,33,000,00,2,3,21,A01
201700048314,2,07,000,00,2,5,17,A01
201700048314,2,07,000,00,2,2,01,B01
201700048315,1,07,000,04,0,3,02,A01
201700048316,2,07,000,05,0,1,00,A01
201700048317,2,31,000,00,2,0,00,A01
201700048317,2,07,000,00,0,0,00,B01
201700048318,1,33,000,00,2,3,01,A01
201700048318,2,07,000,00,2,2,12,B01
201700048319,1,07,000,00,2,1,02,A01
201700048319,1,07,000,00,2,1,02,B01
201700048319,1,07,000,00,2,4,02,C01
201700048320,1,17,000,00,2,4,02,B01
201700048320,1,07,000,00,2,1,02,A01
201700048321,2,07,000,08,0,3,01,A01
201700048322,2,07,000,00,2,4,00,B01
201700048322,2,07,000,00,0,4,00,C01
201700048322,2,07,000,00,2,4,23,D01
201700048322,2,07,000,00,2,1,00,A01
201700048323,2,07,000,04,0,9,00,A01
201700048324,2,07,000,00,2,4,01,B01
201700048324,2,07,000,00,2,1,01,A01
201700048325,1,07,000,04,0,1,13,A01
201700048326,1,07,000,00,2,1,00,A01
201700048326,1,07,000,00,2,4,00,B01
201700048327,2,37,000,14,0,1,02,E01
201700048327,2,37,000,14,0,1,02,G01
201700048327,2,07,000,00,2,5,01,F02
201700048327,2,15,000,00,2,4,23,D02
201700048327,2,07,000,00,2,1,02,C01
201700048327,2,07,000,04,2,1,21,A01
201700048327,2,07,000,00,2,4,21,B01
201700048328,2,07,000,00,2,4,01,C01
201700048328,2,07,000,00,2,1,01,A01
201700048328,2,32,000,00,2,4,01,B01
201700048329,1,07,000,00,0,0,00,A01
201700048329,1,10,000,00,0,0,00,B01
201700048330,2,10,000,00,2,1,02,A01
201700048330,2,07,000,00,2,4,02,D01
201700048330,2,07,000,00,2,4,02,B01
201700048330,2,10,000,00,2,4,02,C01
201700048331,2,33,000,00,2,2,01,B01
201700048331,2,07,000,00,2,3,11,A01
201700048332,2,07,000,04,0,3,01,A01
201700048333,2,07,000,01,2,1,02,A01
201700048333,2,07,000,00,2,2,02,B01
201700048333,2,15,000,00,2,6,23,C01
201700048334,2,07,000,00,2,6,00,A01
201700048334,2,33,000,00,2,1,01,B01
201700048335,2,14,000,00,2,3,01,A01
201700048335,2,07,000,12,2,5,12,B01
201700048336,1,07,000,00,2,3,02,D01
201700048336,1,07,000,00,2,1,01,I01
201700048336,1,07,000,00,2,1,01,E01
201700048336,1,07,000,00,2,1,01,A02
201700048336,1,07,000,00,2,4,01,G02
201700048336,1,07,000,00,2,4,01,C01
201700048336,1,07,000,00,2,4,01,H02
201700048336,1,07,000,00,2,4,01,F01
201700048336,1,15,000,00,2,4,01,B02
201700048337,1,07,000,00,2,1,21,B01
201700048337,1,07,000,00,2,1,02,C01
201700048337,1,07,000,00,2,4,23,A01
201700048338,1,07,000,00,2,4,01,B01
201700048338,1,07,000,00,2,4,01,C01
201700048338,1,07,000,00,2,1,01,A01
201700048339,1,07,000,04,0,2,14,A01
201700048340,1,07,000,00,0,0,00,C01
201700048340,1,07,000,00,0,0,00,A01
201700048340,1,07,000,00,0,1,00,B01
201700048341,2,07,000,04,0,3,17,A01
201700048342,1,07,000,06,2,1,09,A01
201700048342,1,07,000,00,2,4,01,B01
201700048343,1,31,000,00,0,0,00,A01
201700048344,1,07,000,04,0,6,00,A01
201700048345,1,07,000,00,0,0,00,A01
201700048346,1,07,000,00,2,6,01,B01
201700048346,1,34,000,00,2,2,03,A01
201700048347,1,33,000,00,2,2,00,B01
201700048347,1,10,000,00,2,8,11,A01
201700048348,2,07,000,09,0,1,00,A01
201700048349,2,07,000,04,0,1,00,A01
201700048350,1,07,000,00,2,1,02,B01
201700048350,1,07,000,00,2,4,02,C01
201700048350,1,07,000,00,2,1,02,A01
201700048351,1,07,000,04,0,3,13,A01
201700048352,1,10,000,00,2,5,11,B01
201700048352,1,33,000,00,2,1,00,A01
201700048353,2,07,000,00,2,3,13,B01
201700048353,2,33,000,00,2,2,00,A01
201700048354,1,07,000,00,2,1,02,A01
201700048354,1,07,000,00,2,0,00,B01
201700048354,1,07,000,00,2,0,00,C01
201700048354,1,07,000,00,2,0,00,D01
201700048354,1,07,000,00,2,0,00,E01
201700048355,1,07,000,04,0,7,00,A01
201700048356,2,10,000,00,2,4,00,B01
201700048356,2,13,000,00,2,2,13,C01
201700048356,2,07,000,00,2,1,01,A01
201700048357,2,33,000,00,2,3,03,A01
201700048357,1,10,000,00,2,2,12,B01
201700048358,1,07,000,00,2,1,00,A01
201700048358,1,07,000,00,2,4,02,B01
201700048359,2,07,000,04,0,3,00,A01
201700048360,2,07,000,00,2,1,02,A01
201700048360,2,07,000,00,2,4,02,B01
201700048361,2,33,000,00,2,3,03,B01
201700048361,2,07,000,00,2,2,12,A01
201700048362,1,07,000,00,2,7,12,A01
201700048362,1,33,000,00,2,0,00,B01
201700048363,2,07,000,00,2,1,00,A01
201700048363,2,07,000,00,2,4,01,C01
201700048363,2,07,000,00,2,1,01,B01
201700048363,2,07,000,00,2,4,01,D01
201700048364,1,07,000,04,2,1,21,A01
201700048364,1,07,000,00,0,5,23,B01
201700048365,2,33,000,07,0,3,12,A01
201700048366,2,07,000,00,2,1,02,A01
201700048366,2,07,000,00,2,4,02,B01
201700048367,2,33,000,00,2,2,00,B01
201700048367,2,07,000,00,2,2,17,A01
201700048368,1,14,000,00,2,4,02,C01
201700048368,1,07,000,00,2,1,02,A01
201700048368,1,07,000,00,2,4,02,B01
201700048369,2,07,000,00,2,4,02,B01
201700048369,2,07,000,00,2,1,02,A01
201700048370,1,07,000,00,2,4,00,B01
201700048370,1,07,000,00,2,1,00,A01
201700048371,2,07,000,00,2,1,00,A01
201700048371,2,07,000,00,2,4,01,B01
201700048372,1,07,000,00,2,0,00,C01
201700048372,1,07,000,00,2,1,00,A01
201700048372,1,07,000,00,2,4,00,B01
201700048373,1,07,000,00,0,0,00,A01
201700048373,1,07,000,00,0,0,00,B01
201700048374,2,07,000,06,2,1,02,A01
201700048374,2,07,000,00,2,4,00,B01
201700048375,1,31,000,00,2,3,02,A01
201700048375,1,07,000,00,2,5,12,B01
201700048375,1,07,000,00,2,3,02,C01
201700048376,1,15,000,00,2,6,01,B01
201700048376,1,07,000,03,2,2,01,A01
201700048377,1,34,000,00,0,7,00,A01
201700048378,2,07,000,00,0,9,00,A01
201700048379,2,07,000,04,0,0,00,A01
201700048380,1,07,000,06,0,0,00,A01
201700048381,2,07,000,00,2,4,02,B01
201700048381,2,07,000,00,2,1,02,A01
201700048382,2,07,000,00,2,8,01,D01
201700048382,2,07,000,00,2,2,02,A01
201700048382,2,07,000,00,2,5,02,C01
201700048382,2,07,000,00,2,6,02,B01
201700048383,1,07,000,14,0,1,02,A01
201700048384,1,10,000,00,2,3,01,A01
201700048384,0,01,000,00,0,0,00,B01
201700048385,1,07,000,00,2,8,01,B01
201700048385,1,07,000,00,2,7,14,Z01
201700048386,1,31,000,00,2,8,11,B01
201700048386,1,07,000,00,2,7,12,A01
201700048387,1,34,000,00,2,1,02,A01
201700048387,1,07,000,00,0,5,01,B01
201700048387,1,33,000,00,2,0,00,C01
201700048388,1,33,000,00,2,3,03,A01
201700048388,1,07,000,00,2,5,12,B01
201700048389,2,33,000,00,2,1,03,B01
201700048389,2,07,000,00,2,8,02,A01
201700048390,2,07,000,00,2,4,02,D01
201700048390,2,07,000,04,0,0,14,B01
201700048390,2,07,000,00,2,1,02,C01
201700048390,2,10,000,00,2,1,12,A01
201700048391,2,10,000,00,2,2,02,A01
201700048391,2,07,000,00,2,4,02,B01
201700048392,1,07,000,00,2,1,00,A01
201700048392,1,07,000,00,2,4,00,B01
201700048393,2,07,000,00,1,3,14,A01
201700048394,1,07,000,00,2,0,00,B01
201700048394,1,15,000,00,2,0,00,D01
201700048394,1,07,000,04,0,0,00,A01
201700048394,1,07,000,00,0,0,00,C01
201700048395,1,15,000,00,2,2,00,A01
201700048395,1,07,000,00,2,8,00,B01
201700048396,2,07,000,00,2,2,00,B01
201700048396,2,14,000,00,2,3,00,A01
201700048397,1,07,000,00,2,1,01,B01
201700048397,1,07,000,00,2,4,02,A01
201700048398,1,07,000,06,0,3,00,A01
201700048399,2,33,000,00,2,1,02,A01
201700048399,2,07,000,00,2,4,02,B01
201700048400,2,13,000,00,2,1,01,A01
201700048400,2,07,000,00,2,4,01,B01
201700048401,2,07,000,00,2,4,00,C01
201700048401,2,33,000,00,2,9,00,A01
201700048401,2,07,000,00,2,3,00,B01
201700048402,1,07,000,14,0,1,00,B01
201700048402,1,07,000,04,0,1,00,A01
201700048403,1,10,000,05,0,1,00,A01
201700048404,1,07,000,00,2,7,14,Z01
201700048404,1,33,000,00,2,8,03,B01
201700048405,2,33,000,00,2,8,00,B01
201700048405,2,07,000,00,2,2,12,A01
201700048406,2,07,000,00,2,2,12,A01
201700048406,2,07,000,00,2,4,00,C01
201700048406,2,33,000,00,0,0,00,B01
201700048407,2,07,000,00,2,3,01,C01
201700048407,2,34,000,00,2,3,03,A01
201700048407,2,07,000,00,2,5,01,B01
201700048408,1,07,000,00,2,0,00,A01
201700048408,1,15,000,00,2,2,01,B01
201700048409,1,33,000,00,2,1,12,A01
201700048409,0,07,000,00,2,4,01,B01
201700048410,1,07,000,00,2,6,02,B01
201700048410,1,07,000,00,2,2,02,A01
201700048410,1,07,000,00,2,4,02,C01
201700048411,2,07,000,00,2,4,02,B01
201700048411,2,07,000,00,2,1,02,A01
201700048412,1,07,000,03,0,3,02,A01
201700048413,1,33,000,00,2,3,01,B01
201700048413,1,07,000,00,2,2,12,A01
201700048414,2,32,000,00,2,1,03,B01
201700048414,2,07,000,00,2,2,12,A01
201700048415,1,07,000,00,0,0,00,A01
201700048416,2,07,000,00,2,3,11,A01
201700048416,2,33,000,00,2,2,02,B01
201700048417,1,07,000,00,2,1,02,A01
201700048417,1,07,000,00,2,4,02,B01
201700048418,2,33,000,00,2,0,00,A01
201700048418,2,07,000,00,2,0,00,B01
201700048419,2,07,000,00,2,1,00,A01
201700048419,2,07,000,00,2,4,00,B01
201700048420,1,33,000,00,2,7,00,A01
201700048420,1,07,000,00,0,0,00,B01
201700048421,1,07,000,14,0,1,00,A01
201700048422,2,07,000,00,2,5,12,A01
201700048422,0,33,000,00,2,3,03,B01
201700048423,1,31,000,04,0,1,00,A01
201700048424,1,33,000,00,2,6,01,B01
201700048424,1,07,000,00,2,7,12,A01
201700048425,1,30,000,04,0,0,00,A01
201700048426,2,07,000,00,2,0,19,A01
201700048426,2,07,000,00,2,0,02,B01
201700048427,2,33,000,00,2,3,02,A01
201700048427,2,07,000,00,2,5,02,B01
201700048428,1,07,000,00,2,1,01,A01
201700048428,1,07,000,00,2,1,01,D01
201700048428,1,07,000,00,2,4,01,B01
201700048428,1,07,000,00,2,0,00,C01
201700048429,2,07,000,00,2,4,02,E01
201700048429,2,07,000,00,2,1,02,B01
201700048429,2,07,000,00,2,4,02,C01
201700048429,2,33,000,00,2,1,03,A01
201700048429,2,07,000,00,2,4,02,D01
201700048430,2,07,000,00,2,4,02,C01
201700048430,2,07,000,00,2,4,02,B01
201700048430,2,07,000,00,2,1,02,A01
201700048430,2,07,000,00,2,4,02,D01
201700048431,2,07,000,00,2,0,00,A01
201700048431,2,33,000,00,2,0,00,B01
201700048432,2,33,000,00,0,8,01,A01
201700048433,2,34,000,00,2,3,03,A01
201700048433,2,07,000,00,2,0,00,B01
201700048434,1,07,000,00,2,5,02,B01
201700048434,1,07,000,00,2,3,02,A01
201700048435,2,17,000,00,2,2,12,A01
201700048435,2,07,000,00,2,8,01,B01
201700048436,2,33,000,00,2,2,03,A01
201700048436,2,07,000,00,2,6,11,B01
201700048437,1,07,000,04,0,0,00,A01
201700048438,1,33,000,00,2,3,03,A01
201700048438,2,07,000,00,2,5,12,B01
201700048439,1,33,000,00,9,1,02,A01
201700048440,2,10,000,00,2,1,02,A01
201700048440,2,07,000,00,2,4,00,B01
201700048441,0,33,000,00,2,1,03,A01
201700048441,2,10,000,00,2,5,12,B01
201700048442,2,33,000,00,2,2,01,B01
201700048442,2,07,000,00,2,6,19,Z01
201700048443,2,07,000,00,2,4,02,G02
201700048443,2,07,000,00,2,4,02,C01
201700048443,2,07,000,00,2,1,01,B01
201700048443,2,07,000,00,2,4,02,D01
201700048443,2,07,000,00,2,4,01,A01
201700048443,2,07,000,00,2,4,00,E01
201700048443,2,07,000,00,2,4,02,F02
201700048444,1,07,000,00,2,1,02,A01
201700048444,1,07,000,00,2,4,14,B01
201700048445,1,07,000,00,2,1,02,A01
201700048445,1,07,000,00,2,5,02,C01
201700048445,1,07,000,00,2,4,02,B01
201700048446,1,07,000,00,2,2,01,A01
201700048446,1,07,000,00,2,6,02,B01
201700048447,2,07,000,00,2,4,02,C01
201700048447,2,07,000,00,2,1,02,A01
201700048447,2,07,000,00,2,4,02,B01
201700048448,1,33,000,00,2,2,03,A01
201700048448,1,07,000,00,2,6,11,B01
201700048449,1,10,000,03,0,5,02,A01
201700048450,1,07,000,00,2,2,12,A01
201700048450,1,31,000,00,2,3,00,B01
201700048451,2,14,000,00,2,6,14,A01
201700048451,2,07,000,00,2,7,01,C01
201700048451,2,07,000,00,2,7,02,B01
201700048451,2,07,000,00,2,4,01,D01
201700048451,2,07,000,00,2,4,01,E01
201700048451,2,07,000,00,0,4,01,F02
201700048452,1,07,000,00,2,1,01,A01
201700048452,1,07,000,00,2,4,01,E01
201700048452,1,07,000,00,2,4,01,B01
201700048452,1,07,000,00,2,4,01,D01
201700048452,1,07,000,00,2,4,01,C01
201700048453,1,07,000,00,2,4,02,D01
201700048453,1,07,000,00,2,1,02,A01
201700048453,1,07,000,00,2,4,02,C01
201700048453,1,07,000,00,2,4,02,B01
201700048454,2,07,000,04,0,0,02,A01
201700048455,1,33,000,00,2,1,02,A01
201700048455,1,07,000,00,2,5,01,B01
201700048456,1,07,000,00,2,1,02,A01
201700048456,1,07,000,00,2,4,02,B01
201700048457,2,32,000,00,2,1,02,A01
201700048457,2,33,000,00,2,6,02,B01
201700048458,1,07,000,00,2,0,00,B01
201700048458,1,07,000,00,2,0,00,A01
201700048459,1,07,000,00,2,4,02,C01
201700048459,1,07,000,00,2,1,02,A01
201700048459,1,07,000,00,2,4,02,B01
201700048460,1,07,000,00,2,6,02,B01
201700048460,1,07,000,00,2,1,02,A01
201700048461,1,07,000,00,2,5,12,A01
201700048461,1,33,000,00,2,3,01,B01
201700048462,2,07,000,00,2,1,00,A01
201700048462,2,07,000,00,2,1,00,B01
201700048462,1,07,000,00,2,4,00,C01
201700048463,1,07,000,00,0,0,00,A01
201700048464,2,34,000,00,2,1,03,A01
201700048464,2,07,000,00,2,5,00,B01
201700048465,1,07,000,00,2,1,02,C01
201700048465,1,07,000,00,2,1,02,A01
201700048465,1,07,000,00,2,1,02,B01
201700048465,1,07,000,00,2,3,02,D01
201700048465,1,07,000,00,2,1,02,E01
201700048465,1,07,000,00,2,4,02,G02
201700048465,1,07,000,00,2,1,02,F02
201700048466,1,38,000,00,2,1,00,C01
201700048466,1,34,000,00,2,9,00,A01
201700048466,1,07,000,00,2,4,00,B01
201700048467,1,34,000,00,2,1,03,A01
201700048467,1,07,000,00,2,5,12,B01
201700048468,1,07,000,01,0,2,00,A01
201700048468,1,15,000,00,2,6,00,T01
201700048468,1,07,000,00,2,7,00,C01
201700048469,2,07,000,00,2,7,12,A01
201700048469,2,33,000,00,2,8,01,B01
201700048470,2,07,000,00,2,4,02,B01
201700048470,2,07,000,00,2,1,02,A01
201700048471,2,07,000,00,2,1,02,A01
201700048471,2,07,000,00,2,4,02,B01
201700048472,1,07,000,00,2,4,00,B01
201700048472,1,07,000,00,2,1,00,A01
201700048473,2,07,000,00,2,1,01,A01
201700048473,2,07,000,00,2,4,01,B01
201700048473,2,07,000,00,2,6,01,C01
201700048474,2,34,000,00,0,8,01,A01
201700048475,1,07,000,00,2,2,00,B01
201700048475,1,31,000,00,2,3,03,A01
201700048476,0,07,000,00,2,0,00,B01
201700048476,1,33,000,00,2,3,03,A01
201700048477,1,07,000,00,2,3,13,A01
201700048477,1,33,000,00,2,8,11,B01
201700048477,1,07,000,00,2,4,02,C01
201700048478,1,03,000,00,2,4,00,B01
201700048478,1,33,000,00,2,1,00,A01
201700048479,1,07,000,00,2,5,01,B01
201700048479,1,07,000,00,2,3,01,C01
201700048479,1,33,000,00,2,3,03,A01
201700048480,1,33,000,00,0,7,15,A01
201700048481,1,07,000,00,2,8,14,A01
201700048481,1,07,000,00,2,6,01,B01
201700048482,2,07,000,04,2,4,02,B01
201700048482,2,07,000,00,2,1,02,A01
201700048483,2,07,000,00,2,2,07,B01
201700048483,1,31,000,00,2,8,13,A01
201700048484,2,07,000,00,2,8,11,B01
201700048484,2,33,000,00,2,1,01,A01
201700048485,1,07,000,04,0,3,17,A01
201700048486,1,07,000,00,2,3,11,A01
201700048486,1,07,000,00,2,8,13,B01
201700048487,1,07,000,06,0,2,01,A01
201700048488,2,33,000,00,0,8,21,A01
201700048489,1,07,000,04,0,3,02,A01
201700048490,2,10,000,00,2,0,00,B01
201700048490,1,17,000,03,2,1,12,A01
201700048490,1,15,000,00,2,1,01,C01
201700048491,2,07,000,00,2,6,11,A01
201700048491,2,31,000,00,2,2,03,B01
201700048492,1,33,000,00,2,7,00,A01
201700048493,2,31,000,00,2,6,02,B01
201700048493,2,33,000,00,2,2,02,A01
201700048494,2,07,000,00,0,9,21,A01
201700048495,1,07,000,00,2,1,01,A01
201700048495,1,07,000,00,2,6,11,Z01
201700048496,2,07,000,00,0,0,21,A01
201700048497,2,07,000,00,2,5,01,B01
201700048497,2,07,000,00,2,3,03,A01
201700048498,1,07,000,16,9,0,11,A01
201700048498,1,07,000,06,9,2,21,B01
201700048499,2,07,000,00,2,4,02,D01
201700048499,2,07,000,00,2,1,02,A01
201700048499,2,07,000,00,2,4,02,C01
201700048499,2,07,000,00,2,4,02,B01
201700048500,2,33,000,00,2,8,18,A01
201700048500,2,07,000,00,2,7,14,B01
201700048501,2,07,000,00,2,4,02,C01
201700048501,2,07,000,00,2,1,02,A01
201700048501,2,07,000,00,2,4,02,B01
201700048502,2,07,000,04,0,2,14,A01
201700048503,2,07,000,14,0,1,00,A01
201700048504,1,07,000,04,0,4,23,A01
201700048504,1,07,000,00,2,1,02,B01
201700048505,0,07,000,00,2,7,02,A01
201700048505,1,33,000,00,2,8,00,B01
201700048506,1,33,000,00,2,7,17,B01
201700048507,2,15,000,00,2,0,00,C01
201700048507,2,34,000,00,2,1,00,A01
201700048507,2,07,000,00,2,5,00,B01
201700048508,1,34,000,00,2,2,12,A01
201700048508,1,07,000,00,2,6,02,B01
201700048509,2,07,000,00,2,1,01,Z01
201700048509,2,07,000,00,2,3,00,A01
201700048510,2,33,000,00,2,1,02,A01
201700048510,2,10,000,00,2,4,02,B01
201700048511,2,33,000,00,2,1,02,A01
201700048511,2,10,000,00,2,4,02,B01
201700048512,2,17,000,00,2,1,02,A01
201700048512,2,07,000,00,2,4,02,C01
201700048512,2,07,000,00,2,4,02,B01
201700048513,2,33,000,00,2,3,18,A01
201700048513,2,07,000,00,0,5,23,B01
201700048514,1,34,000,14,0,7,00,A01
201700048514,1,33,000,00,2,1,21,B01
201700048515,2,07,000,00,2,4,02,C01
201700048515,2,10,000,00,2,4,02,B01
201700048515,2,10,000,00,2,1,02,A01
201700048516,1,33,000,00,2,3,13,A01
201700048516,1,07,000,00,2,5,02,B01
201700048517,2,07,000,04,0,1,12,A01
201700048518,1,15,000,15,9,0,14,A01
201700048518,1,33,000,15,0,7,23,B01
201700048519,1,33,000,00,2,1,03,B01
201700048519,1,07,000,00,2,3,11,A01
201700048520,1,07,000,00,2,1,00,A01
201700048520,1,15,000,00,2,4,02,B01
201700048521,2,07,000,00,2,4,02,B01
201700048521,2,07,000,00,2,1,02,A01
201700048522,2,34,000,00,2,2,01,B01
201700048522,2,07,000,00,2,5,12,A01
201700048523,1,07,000,04,9,1,21,A01
201700048524,1,10,000,01,0,1,01,A01
201700048524,1,07,000,01,1,9,00,B01
201700048525,2,07,000,00,2,1,02,A01
201700048525,2,07,000,00,2,4,02,B01
201700048525,2,07,000,00,2,4,02,C01
201700048526,1,07,000,00,2,1,02,A01
201700048526,1,07,000,00,2,4,02,B01
201700048527,2,07,000,06,0,2,02,A01
201700048528,2,07,000,00,2,4,02,B01
201700048528,2,13,000,00,2,1,02,A01
201700048528,2,07,000,00,2,4,02,C01
201700048528,2,10,000,00,2,6,02,D01
201700048529,2,33,000,00,2,1,09,A01
201700048529,2,10,000,00,2,7,14,B01
201700048530,1,13,000,04,0,8,13,A01
201700048531,1,07,000,00,2,1,21,A01
201700048531,1,07,000,00,2,4,24,B01
201700048532,2,34,000,00,0,7,03,A01
201700048533,2,33,000,00,2,2,14,A01
201700048534,1,33,000,00,2,3,03,A01
201700048534,1,07,000,00,2,8,11,B01
201700048535,2,33,000,06,0,2,01,A01
201700048536,1,07,000,00,0,0,12,Z01
201700048536,1,07,000,03,2,3,02,B01
201700048536,1,07,000,03,2,4,02,C01
201700048537,1,07,000,00,2,1,02,A01
201700048537,1,07,000,00,2,4,02,D01
201700048537,1,07,000,00,2,4,02,B01
201700048537,1,07,000,00,2,4,02,C01
201700048538,1,07,000,00,2,1,02,A01
201700048538,1,07,000,00,2,4,02,B01
201700048539,1,07,000,00,2,2,14,A01
201700048539,1,13,000,00,2,6,01,B01
201700048540,1,07,000,11,0,1,01,A01
201700048541,1,37,000,00,2,1,17,B01
201700048541,1,07,000,03,2,6,13,A01
201700048542,2,07,000,00,2,8,11,A01
201700048542,2,33,000,00,2,1,02,B01
201700048542,2,07,000,00,2,5,02,C01
201700048543,1,31,000,00,2,3,02,A01
201700048543,1,07,000,00,2,7,12,Z01
201700048544,2,07,000,00,2,3,02,C01