Num_Acc,senc,catv,occutc,obs,obsm,choc,manv,num_veh
201700049448,1,34,000,00,2,1,03,B01
201700049448,1,10,000,00,2,6,11,A01
201700049449,2,07,000,00,2,4,02,B01
201700049449,2,07,000,00,2,1,01,A01
201700049450,2,07,000,16,0,0,17,A01
201700049450,2,34,000,16,0,0,01,B01
201700049451,2,99,000,04,0,1,01,A01
201700049452,1,07,000,00,2,4,01,C01
201700049452,1,07,000,01,0,1,01,B01
201700049452,1,07,000,00,2,3,01,A01
201700049453,2,32,000,00,2,7,03,B01
201700049453,2,10,000,00,2,6,11,A01
201700049454,2,07,000,04,0,1,01,A01
201700049455,2,07,000,00,2,6,11,A01
201700049455,2,33,000,00,2,7,03,B01
201700049456,1,10,000,00,0,0,01,A01
201700049456,1,07,000,00,2,1,21,C01
201700049456,1,13,000,00,2,8,01,B01
201700049457,2,07,000,00,2,1,02,D01
201700049457,2,07,000,00,2,4,02,A01
201700049457,2,07,000,00,2,4,02,B01
201700049457,2,07,000,00,2,4,02,C01
201700049458,2,10,000,00,2,4,02,B01
201700049458,2,07,000,00,2,1,02,A01
201700049459,1,01,000,00,2,1,19,A01
201700049459,1,07,000,00,2,7,01,B01
201700049460,2,07,000,00,2,8,11,Z01
201700049460,2,33,000,00,2,7,03,A01
201700049461,2,38,002,16,0,0,21,A01
201700049462,2,33,000,14,0,8,01,A01
201700049463,1,31,000,14,0,1,21,A01
201700049464,2,07,000,16,0,1,01,A01
201700049465,2,33,000,00,2,7,01,A01
201700049465,2,07,000,00,2,2,01,B01
201700049466,2,17,000,00,2,4,01,B01
201700049466,2,31,000,00,2,7,03,A01
201700049467,2,10,000,00,2,1,01,A01
201700049467,2,10,000,00,2,4,02,B01
201700049468,2,07,000,00,2,4,02,B01
201700049468,2,07,000,00,2,1,02,C01
201700049468,2,10,000,00,2,4,01,A01
201700049469,2,10,000,00,2,8,11,B01
201700049469,2,33,000,00,2,7,01,A01
201700049470,2,33,000,00,2,1,01,A01
201700049470,2,07,000,00,2,4,01,B01
201700049471,2,31,000,00,2,1,03,B01
201700049471,2,33,000,00,2,1,03,A01
201700049471,2,13,000,00,2,8,01,C01
201700049472,1,07,000,00,2,1,01,A01
201700049472,1,07,000,00,2,4,02,B01
201700049472,1,07,000,00,2,4,02,C01
201700049473,1,15,000,00,2,0,01,B01
201700049473,1,10,000,00,2,1,01,C01
201700049473,1,15,000,00,2,2,21,A01
201700049474,2,07,000,00,2,2,14,A01
201700049474,2,07,000,00,2,8,01,B01
201700049475,1,07,000,00,2,6,02,A01
201700049475,1,33,000,03,2,1,17,B01
201700049476,2,07,000,00,2,4,02,B01
201700049476,2,07,000,00,2,1,01,A01
201700049477,1,07,000,00,2,1,01,A01
201700049477,1,07,000,00,2,4,02,B01
201700049478,2,33,000,00,2,1,01,A01
201700049478,2,07,000,00,2,4,02,B01
201700049479,2,07,000,00,2,4,19,A01
201700049479,2,07,000,00,2,2,01,B01
201700049479,2,07,000,00,2,7,01,C01
201700049480,2,07,000,00,2,1,12,A01
201700049480,2,07,000,00,2,4,02,B01
201700049481,2,33,000,00,2,3,01,B01
201700049481,2,07,000,00,2,2,12,A01
201700049482,1,07,000,00,2,6,02,B01
201700049482,1,07,000,00,2,2,12,A01
201700049483,2,07,000,00,2,8,01,B01
201700049483,2,14,000,00,2,7,12,A01
201700049484,2,31,000,00,2,4,13,A01
201700049484,2,07,000,00,2,4,01,B01
201700049485,1,33,000,00,2,2,01,B01
201700049485,1,07,000,00,2,5,12,A01
201700049486,2,07,000,00,2,5,01,C01
201700049486,2,33,000,00,2,7,03,B01
201700049486,2,07,000,00,2,8,11,A01
201700049487,2,31,000,16,0,7,12,A01
201700049488,1,33,000,00,2,1,01,B01
201700049488,1,07,000,00,2,4,01,A01
201700049489,1,07,000,00,2,1,02,D01
201700049489,1,10,000,00,2,3,02,C01
201700049489,1,07,000,00,2,1,01,B01
201700049489,2,07,000,00,2,3,13,A01
201700049490,2,07,000,00,2,4,02,B01
201700049490,2,31,000,00,2,1,01,A01
201700049490,2,07,000,00,2,4,02,C01
201700049491,2,07,000,00,2,6,11,B01
201700049491,2,31,000,00,2,8,01,A01
201700049492,1,14,000,00,2,2,09,D01
201700049492,1,33,000,00,2,1,01,C01
201700049492,1,10,000,00,2,8,01,A01
201700049492,1,07,000,00,2,8,19,B01
201700049493,2,10,000,00,2,3,09,A01
201700049493,2,07,000,00,2,4,09,B01
201700049494,2,07,000,00,2,1,01,B01
201700049494,2,07,000,00,2,4,01,A01
201700049495,1,33,000,03,0,1,14,A01
201700049496,2,07,000,00,2,8,01,B01
201700049496,1,34,000,03,2,1,13,A01
201700049497,2,33,000,00,2,8,03,B01
201700049497,2,07,000,00,2,7,12,A01
201700049498,2,07,000,00,2,6,11,A01
201700049498,2,33,000,00,2,1,03,B01
201700049499,1,07,000,00,2,2,21,B01
201700049499,1,07,000,00,2,2,21,A01
201700049499,2,07,000,00,2,6,02,D01
201700049499,2,07,000,00,2,2,13,C01
201700049500,1,07,000,00,2,4,01,B01
201700049500,1,07,000,00,2,8,01,C01
201700049500,1,31,000,00,2,7,03,A01
201700049501,1,07,000,00,2,7,12,A01
201700049501,1,33,000,00,2,8,03,B01
201700049502,2,10,000,00,2,7,01,C01
201700049502,2,07,000,00,2,3,11,A01
201700049502,2,33,000,00,2,2,03,B01
201700049503,2,07,000,00,2,5,01,E01
201700049503,2,07,000,00,2,4,02,D01
201700049503,2,07,000,00,2,6,01,C01
201700049503,2,07,000,00,2,1,01,A01
201700049503,2,07,000,00,2,4,02,B01
201700049504,2,07,000,00,2,2,12,A01
201700049504,2,07,000,00,2,5,01,C01
201700049504,2,33,000,00,2,1,03,B01
201700049505,2,31,000,00,2,4,01,B01
201700049505,2,07,000,00,2,1,12,A01
201700049506,2,07,000,00,2,4,01,A01
201700049506,2,07,000,00,2,1,01,B01
201700049507,2,33,000,00,2,2,01,B01
201700049507,2,10,000,00,2,3,11,A01
201700049508,2,33,000,00,2,1,03,B01
201700049508,2,07,000,00,2,5,12,A01
201700049509,1,07,000,00,2,1,01,A01
201700049509,1,07,000,00,2,4,02,B01
201700049510,1,10,000,00,2,1,01,A01
201700049510,1,07,000,00,2,4,02,C01
201700049510,1,07,000,00,2,4,02,B01
201700049511,2,07,000,03,0,7,21,A01
201700049512,1,33,000,00,0,7,01,A01
201700049513,1,07,000,03,0,8,01,A01
201700049514,1,07,000,03,0,2,14,A01
201700049515,1,07,000,00,2,8,11,Z01
201700049515,1,34,000,00,2,7,01,A01
201700049516,1,33,000,00,2,7,03,A01
201700049516,1,07,000,00,2,8,11,B01
201700049517,2,33,000,00,2,7,03,A01
201700049517,2,07,000,00,2,7,12,B01
201700049518,1,34,000,00,2,1,02,A01
201700049518,1,07,000,00,2,5,02,C01
201700049518,1,07,000,00,2,5,02,B01
201700049519,2,07,000,00,2,6,01,B01
201700049519,2,07,000,00,2,1,09,A01
201700049520,1,33,000,00,2,1,01,A01
201700049520,1,07,000,00,2,4,02,B01
201700049521,2,31,000,00,2,1,03,B01
201700049521,2,07,000,00,2,5,12,A01
201700049522,1,33,000,14,0,1,01,A01
201700049523,2,07,000,00,2,1,02,A01
201700049523,2,07,000,00,2,4,02,B01
201700049523,2,07,000,00,2,4,02,C01
201700049524,1,33,000,00,2,1,02,C01
201700049524,1,07,000,00,2,4,02,A01
201700049524,1,10,000,00,2,4,02,B01
201700049525,2,07,000,00,2,4,02,B01
201700049525,2,07,000,00,2,1,01,A01
201700049526,1,34,000,12,0,2,16,A01
201700049527,2,07,000,00,2,4,02,C01
201700049527,2,07,000,00,2,1,01,A01
201700049527,2,07,000,00,2,4,02,B01
201700049528,2,07,000,00,2,1,01,A01
201700049528,2,07,000,00,2,4,02,B01
201700049529,2,07,000,00,2,4,02,B01
201700049529,2,07,000,00,2,4,02,C01
201700049529,2,07,000,00,2,1,02,D01
201700049529,2,07,000,00,2,1,01,A01
201700049530,1,07,000,00,2,2,01,B01
201700049530,1,13,000,00,2,8,01,A01
201700049530,1,07,000,00,2,4,01,C01
201700049531,1,13,000,00,2,2,01,A01
201700049531,1,14,000,00,2,5,02,B01
201700049532,1,07,000,00,2,1,18,A01
201700049532,1,07,000,04,2,4,13,B01
201700049533,2,07,000,00,2,8,11,A01
201700049533,2,33,000,00,2,1,03,B01
201700049533,2,07,000,00,2,4,01,C01
201700049534,1,99,000,00,1,1,01,Z01
201700049535,2,33,000,16,0,0,03,A01
201700049536,2,33,000,16,0,0,01,A01
201700049537,1,15,000,00,2,6,01,A01
201700049537,1,07,000,00,2,2,01,B01
201700049537,1,33,000,00,9,0,03,C01
201700049537,1,10,000,00,0,0,00,T01
201700049538,2,33,000,00,2,1,03,B01
201700049538,2,07,000,00,2,5,12,A01
201700049539,2,07,000,00,2,5,12,A01
201700049539,2,33,000,00,2,2,03,B01
201700049540,1,07,000,00,2,4,02,C01
201700049540,1,07,000,00,2,4,02,B01
201700049540,1,07,000,00,2,1,01,A01
201700049541,1,31,000,00,2,1,01,A01
201700049541,1,07,000,00,2,4,02,Z01
201700049542,2,07,000,00,2,7,01,B01
201700049542,2,07,000,00,2,2,19,A01
201700049543,1,33,000,01,0,1,01,A01
201700049543,1,14,000,00,2,6,24,B01
201700049544,2,07,000,00,2,4,02,C01
201700049544,2,07,000,00,2,4,02,E01
201700049544,2,07,000,00,2,1,02,A01
201700049544,2,07,000,00,2,4,02,D01
201700049544,2,07,000,00,2,4,02,B01
201700049545,1,07,000,14,0,6,19,A01
201700049546,2,07,000,00,2,4,02,B01
201700049546,2,07,000,00,2,1,02,C01
201700049546,2,07,000,00,2,4,01,A01
201700049547,2,07,000,00,2,8,11,A01
201700049547,2,33,000,00,2,7,03,B01
201700049548,1,07,000,03,0,1,19,A01
201700049549,1,07,000,00,2,4,02,B01
201700049549,1,07,000,00,2,4,01,A01
201700049549,1,07,000,00,2,1,02,C01
201700049550,2,31,000,00,2,1,01,C01
201700049550,2,31,000,00,2,7,01,B01
201700049550,2,07,000,00,2,7,12,A01
201700049551,2,07,000,00,2,7,12,A01
201700049551,2,33,000,00,2,1,03,B01
201700049552,2,07,000,00,2,1,02,A01
201700049552,2,07,000,00,2,4,03,B01
201700049553,1,31,000,00,9,1,03,A01
201700049554,1,13,000,00,2,1,02,A01
201700049554,1,13,000,00,2,4,02,B01
201700049555,1,34,000,04,0,3,21,A01
201700049556,2,07,000,00,2,4,02,C01
201700049556,2,07,000,00,2,1,01,A01
201700049556,2,10,000,00,2,4,02,B01
201700049557,1,07,000,00,2,4,02,E01
201700049557,1,07,000,00,2,4,02,B01
201700049557,1,99,000,00,2,1,01,A01
201700049557,1,07,000,00,2,4,02,C01
201700049557,1,07,000,00,2,5,02,D01
201700049557,1,13,000,00,2,8,01,F02
201700049558,1,33,000,00,0,0,00,A01
201700049559,1,10,000,03,0,2,01,A01
201700049560,2,07,000,00,2,4,02,B01
201700049560,2,07,000,00,2,1,02,A01
201700049561,1,13,000,00,2,4,02,B01
201700049561,1,13,000,00,2,1,01,A01
201700049561,1,13,000,00,2,4,02,C01
201700049562,2,14,000,01,0,3,01,B01
201700049562,2,33,000,00,2,8,03,C01
201700049562,2,07,000,00,2,7,12,A01
201700049563,1,07,000,00,2,4,02,F02
201700049563,1,07,000,00,2,4,02,B01
201700049563,1,07,000,00,2,4,02,D01
201700049563,1,07,000,00,2,4,02,E01
201700049563,1,07,000,00,2,1,02,A01
201700049563,1,07,000,00,2,4,02,C01
201700049564,2,07,000,00,2,1,02,F02
201700049564,2,07,000,00,2,2,17,D01
201700049564,2,07,000,00,2,4,01,A01
201700049564,2,07,000,00,2,1,02,B01
201700049564,2,07,000,00,2,1,02,E01
201700049564,2,07,000,00,2,2,02,C01
201700049565,2,07,000,00,2,1,02,A01
201700049565,1,07,000,00,2,4,02,C01
201700049565,1,07,000,00,2,4,02,D01
201700049565,1,07,000,00,2,4,02,B01
201700049566,2,10,000,00,2,4,02,B01
201700049566,2,07,000,00,2,4,02,E01
201700049566,2,07,000,00,2,4,02,D01
201700049566,2,07,000,00,2,4,02,C01
201700049566,2,07,000,00,2,1,01,A01
201700049567,1,07,000,03,0,1,01,A01
201700049568,2,07,000,00,0,7,01,C01
201700049568,2,33,000,00,2,7,01,B01
201700049568,2,07,000,00,2,1,12,A01
201700049569,1,07,000,00,2,4,02,C01
201700049569,1,10,000,00,2,1,01,A01
201700049569,1,07,000,00,2,4,02,D01
201700049569,1,07,000,00,2,4,02,B01
201700049570,2,07,000,04,0,4,01,A01
201700049570,2,07,000,00,2,1,00,Z01
201700049571,2,33,000,00,2,1,03,A01
201700049571,2,10,000,00,2,6,01,B01
201700049572,1,10,000,00,2,4,02,C01
201700049572,1,33,000,00,2,1,02,A01
201700049572,1,31,000,00,2,1,02,B01
201700049573,2,33,000,00,2,1,03,A01
201700049573,2,10,000,00,2,4,12,B01
201700049574,2,07,000,00,2,1,01,A01
201700049574,2,07,000,00,2,4,02,D01
201700049574,2,10,000,00,2,4,02,C01
201700049574,2,10,000,00,2,4,02,B01
201700049575,2,07,000,00,2,6,01,B01
201700049575,2,14,000,00,2,5,09,A01
201700049576,1,33,000,00,2,1,01,B01
201700049576,1,07,000,00,2,4,11,Z01
201700049577,1,07,000,04,2,1,13,A01
201700049577,1,07,000,00,2,5,01,Z01
201700049578,2,07,000,00,1,2,13,A01
201700049579,1,31,000,00,2,7,01,B01
201700049579,1,07,000,00,2,6,11,A01
201700049580,2,07,000,00,2,1,01,A01
201700049580,2,07,000,00,2,4,02,B01
201700049580,2,07,000,00,2,4,02,C01
201700049581,2,07,000,14,0,2,01,A01
201700049582,2,07,000,13,0,7,01,A01
201700049583,1,07,000,04,0,1,01,A01
201700049584,1,07,000,00,2,8,01,A01
201700049584,1,07,000,00,2,4,01,B01
201700049585,1,07,000,04,0,1,01,A01
201700049586,2,07,000,16,0,9,01,A01
201700049587,2,07,000,04,0,1,01,A01
201700049588,1,07,000,00,2,1,01,A01
201700049588,1,07,000,00,2,4,02,B01
201700049588,1,07,000,00,2,4,02,C01
201700049589,2,07,000,00,2,4,02,C01
201700049589,2,07,000,00,2,1,01,A01
201700049589,2,07,000,00,2,4,02,B01
201700049590,2,07,000,00,2,4,02,B01
201700049590,2,07,000,00,2,7,01,C01
201700049590,2,07,000,00,2,1,02,A01
201700049591,1,13,000,00,2,6,24,B01
201700049591,1,13,000,00,2,5,01,A01
201700049592,2,07,000,02,0,3,01,A01
201700049593,2,07,000,00,2,1,21,A01
201700049593,2,07,000,00,2,4,23,B01
201700049594,1,07,000,00,2,7,21,A01
201700049594,1,31,000,00,2,8,21,B01
201700049595,1,07,000,00,2,1,02,A01
201700049595,1,07,000,00,2,4,02,B01
201700049596,1,07,000,00,2,1,02,B01
201700049596,1,07,000,00,2,4,01,A01
201700049597,2,13,000,00,2,3,01,B01
201700049597,2,07,000,00,2,8,09,A01
201700049598,2,10,000,00,2,4,02,B01
201700049598,2,07,000,00,2,1,01,A01
201700049599,1,33,000,00,2,7,03,B01
201700049599,1,07,000,00,2,8,11,A01
201700049600,1,07,000,00,2,1,02,B01
201700049600,1,07,000,00,2,4,23,C01
201700049600,1,07,000,00,2,1,01,A01
201700049601,1,07,000,00,2,1,01,Z01
201700049601,1,07,000,00,2,4,01,A01
201700049602,1,07,000,03,0,1,01,A01
201700049603,1,07,000,00,2,4,01,A01
201700049603,1,07,000,00,2,1,02,B01
201700049604,1,10,000,00,2,5,11,A01
201700049604,1,33,000,00,2,1,11,B01
201700049605,2,31,000,00,2,1,02,A01
201700049605,2,07,000,00,2,4,02,C01
201700049605,2,07,000,00,2,1,02,B01
201700049606,2,33,000,00,2,1,01,A01
201700049606,2,07,000,00,2,4,02,B01
201700049607,2,10,000,00,2,6,11,A01
201700049607,2,33,000,00,2,7,01,B01
201700049608,1,07,000,00,2,1,02,B01
201700049608,1,99,000,00,2,4,01,A01
201700049609,1,07,000,00,2,8,19,A01
201700049609,1,13,000,00,2,4,01,B01
201700049610,1,10,000,00,2,4,01,A01
201700049610,1,99,000,00,2,1,02,B01
201700049611,2,07,000,00,1,1,01,B01
201700049612,2,07,000,16,0,9,01,A01
201700049613,1,34,000,04,0,7,01,A01
201700049614,1,10,000,04,2,7,21,C01
201700049614,1,07,000,00,2,1,01,B01
201700049614,1,07,000,00,2,8,18,A01
201700049615,2,07,000,00,2,4,02,C01
201700049615,2,07,000,00,2,4,02,B01
201700049615,2,07,000,00,2,1,01,A01
201700049616,1,07,000,00,2,1,01,A01
201700049616,1,07,000,00,2,4,23,B01
201700049617,2,07,000,00,2,7,12,A01
201700049617,2,31,000,00,2,8,18,B01
201700049618,1,33,000,00,2,1,03,A01
201700049618,1,07,000,00,2,7,12,B01
201700049619,2,33,000,00,2,4,03,B01
201700049619,2,33,000,00,2,1,03,A01
201700049620,2,33,000,00,2,1,01,A01
201700049620,2,07,000,00,2,6,02,B01
201700049621,2,07,000,05,0,3,16,A01
201700049622,1,07,000,03,0,1,01,A01
201700049623,1,07,000,00,2,3,01,A01
201700049623,1,07,000,04,2,7,21,B01
201700049624,1,33,000,16,0,1,01,A01
201700049625,1,07,000,00,2,8,09,A01
201700049625,1,14,000,00,2,7,01,B01
201700049626,2,07,000,00,2,4,01,A01
201700049626,2,10,000,00,2,1,19,B01
201700049627,1,07,000,03,0,8,19,A01
201700049628,1,07,000,00,2,1,01,A01
201700049628,1,07,000,00,2,4,02,B01
201700049629,1,07,000,00,2,4,02,C01
201700049629,1,10,000,00,2,4,02,B01
201700049629,1,07,000,00,2,1,01,A01
201700049630,2,07,000,00,2,4,02,B01
201700049630,2,07,000,00,2,2,01,C01
201700049630,2,07,000,00,2,1,01,A01
201700049631,1,33,000,00,2,3,03,A01
201700049631,1,07,000,00,2,4,12,B01
201700049632,1,07,000,00,2,1,01,B01
201700049632,1,07,000,00,2,1,19,A01
201700049633,1,31,000,16,0,8,19,A01
201700049634,2,07,000,00,2,4,01,C01
201700049634,2,07,000,00,2,8,12,A01
201700049634,2,33,000,00,2,2,01,B01
201700049635,2,07,000,00,2,7,14,A01
201700049635,2,33,000,00,2,8,03,B01
201700049635,2,07,000,00,2,4,01,C01
201700049636,1,07,000,00,2,4,02,C01
201700049636,1,07,000,00,2,4,02,D01
201700049636,1,10,000,00,2,4,02,B01
201700049636,1,07,000,00,2,1,01,A01
201700049637,2,07,000,00,2,4,02,C01
201700049637,2,07,000,00,2,1,02,A01
201700049637,2,07,000,00,2,4,02,B01
201700049638,2,07,000,00,2,1,14,B01
201700049638,2,10,000,00,2,8,01,A01
201700049639,1,07,000,00,2,1,02,Z01
201700049639,1,07,000,00,2,4,02,C01
201700049639,1,34,000,00,2,4,02,B01
201700049640,2,07,000,00,2,1,09,A01
201700049640,2,07,000,00,2,4,01,B01
201700049641,2,99,000,00,2,1,01,Z01
201700049641,2,07,000,00,2,4,01,C01
201700049641,2,07,000,00,2,4,01,B01
201700049642,1,07,000,06,0,1,19,A01
201700049643,2,07,000,00,2,4,02,D01
201700049643,2,07,000,00,2,4,02,C01
201700049643,2,10,000,00,2,1,01,A01
201700049643,2,07,000,00,2,4,02,B01
201700049644,1,07,000,00,2,1,01,A01
201700049644,1,07,000,00,2,4,02,B01
201700049645,1,07,000,00,2,5,02,B01
201700049645,1,07,000,00,2,1,01,A01
201700049646,2,17,000,04,0,5,19,A01
201700049647,2,07,000,00,2,4,02,C01
201700049647,2,14,000,00,2,1,01,A01
201700049647,2,07,000,00,2,4,02,B01
201700049648,1,07,000,00,2,4,02,C01
201700049648,1,07,000,00,2,4,02,B01
201700049648,1,07,000,00,2,1,02,A01
201700049649,1,33,000,16,0,8,19,A01
201700049650,1,07,000,00,2,7,01,B01
201700049650,1,07,000,00,2,8,11,A01
201700049651,2,07,000,04,0,2,14,A01
201700049652,2,33,000,16,0,0,00,A01
201700049653,1,07,000,16,0,0,19,A01
201700049654,2,07,000,16,0,9,01,A01
201700049655,2,07,000,13,0,1,01,A01
201700049656,2,07,000,00,2,1,11,A01
201700049656,2,07,000,00,2,4,01,B01
201700049657,2,07,000,00,2,1,01,A01
201700049657,2,07,000,00,2,4,02,B01
201700049658,1,33,000,00,2,7,03,B01
201700049658,1,07,000,00,2,8,11,A01
201700049659,2,13,000,00,2,1,02,B01
201700049659,2,07,000,00,2,5,01,A01
201700049660,1,13,000,00,2,1,01,A01
201700049660,1,07,000,00,2,4,02,B01
201700049661,2,07,000,00,2,1,13,A01
201700049661,2,07,000,00,2,1,01,B01
201700049662,1,07,000,00,2,2,05,A01
201700049662,1,14,000,00,2,2,01,B01
201700049663,2,10,000,00,2,4,14,A01
201700049663,2,33,000,00,2,1,03,B01
201700049664,2,07,000,00,2,1,01,A01
201700049664,2,07,000,00,2,4,01,B01
201700049665,2,07,000,00,2,4,02,C01
201700049665,2,07,000,00,2,4,02,B01
201700049665,2,10,000,00,2,1,01,A01
201700049666,2,07,000,16,0,1,19,A01
201700049667,2,33,000,00,2,1,03,C01
201700049667,2,10,000,00,2,5,01,A01
201700049667,2,07,000,00,2,8,11,B01
201700049668,2,07,000,00,2,4,02,B01
201700049668,2,07,000,00,2,4,02,A01
201700049668,2,10,000,00,2,3,02,E01
201700049668,2,07,000,00,2,4,02,C01
201700049668,2,07,000,00,2,4,02,D01
201700049669,2,07,000,00,2,8,01,A01
201700049669,2,13,000,00,2,7,12,B01
201700049670,2,10,000,04,0,1,01,A01
201700049671,1,07,000,00,2,4,02,B01
201700049671,1,10,000,00,2,1,01,A01
201700049671,1,07,000,00,2,4,02,C01
201700049672,2,07,000,00,2,8,13,A01
201700049672,2,07,000,00,2,7,01,B01
201700049673,1,07,000,04,2,4,02,D01
201700049673,1,07,000,00,2,1,02,E01
201700049673,1,07,000,00,2,4,01,A01
201700049673,1,07,000,00,2,4,02,C01
201700049673,1,07,000,00,2,4,02,B01
201700049674,2,33,000,00,2,8,03,B01
201700049674,2,07,000,00,2,7,12,A01
201700049675,2,31,000,14,0,1,19,A01
201700049676,2,10,000,14,0,1,19,A01
201700049677,2,07,000,00,2,4,02,C01
201700049677,2,07,000,00,2,4,02,B01
201700049677,2,10,000,00,2,1,01,A01
201700049678,1,07,000,00,2,4,02,A01
201700049678,1,07,000,00,2,1,02,D01
201700049678,1,07,000,00,2,1,02,B01
201700049678,1,07,000,00,2,4,02,C01
201700049679,2,07,000,00,2,4,02,B01
201700049679,2,07,000,00,2,1,01,A01
201700049680,1,07,000,00,2,2,01,B01
201700049680,1,33,000,00,2,8,03,A01
201700049680,1,07,000,00,2,4,01,C01
201700049681,2,31,000,00,2,1,03,A01
201700049681,2,31,000,00,2,4,03,B01
201700049682,1,33,000,00,2,8,03,B01
201700049682,1,07,000,00,2,5,14,A01
201700049683,2,07,000,00,2,1,01,A01
201700049683,2,07,000,00,2,4,02,B01
201700049684,2,10,000,04,0,1,01,A01
201700049685,1,10,000,00,2,1,21,B01
201700049685,2,07,000,00,2,1,13,A01
201700049686,2,07,000,00,2,1,02,B01
201700049686,2,07,000,00,2,4,01,A01
201700049687,2,07,000,00,2,4,02,B01
201700049687,2,13,000,00,2,1,01,A01
201700049688,2,34,000,00,2,1,03,Z01
201700049688,2,33,000,00,2,8,03,C01
201700049688,2,10,000,00,2,5,12,A01
201700049689,1,38,000,00,2,1,02,A01
201700049689,1,07,000,00,2,4,02,B01
201700049690,2,07,000,00,2,1,01,A01
201700049690,2,07,000,00,2,4,02,B01
201700049690,2,07,000,00,2,4,02,C01
201700049691,2,07,000,00,2,4,02,B01
201700049691,2,07,000,00,2,1,01,A01
201700049692,2,07,000,00,2,4,02,D01
201700049692,2,07,000,00,2,4,02,E01
201700049692,2,07,000,00,2,4,02,C01
201700049692,2,07,000,00,2,4,02,B01
201700049692,2,13,000,00,2,1,01,A01
201700049693,2,13,000,00,2,7,12,A01
201700049693,2,07,000,00,2,8,01,B01
201700049694,2,07,000,00,2,5,17,A01
201700049694,2,02,000,00,2,8,01,B01
201700049695,1,07,000,00,2,4,12,B01
201700049695,1,07,000,00,2,1,11,A01
201700049696,2,07,000,00,2,6,11,B01
201700049696,2,31,000,00,2,1,03,A01
201700049697,1,34,000,00,2,1,03,B01
201700049697,1,10,000,00,2,5,12,A01
201700049698,2,07,000,00,2,1,01,A01
201700049698,2,07,000,00,2,4,02,B01
201700049698,2,07,000,00,2,4,02,C01
201700049699,1,07,000,00,2,1,02,C01
201700049699,1,07,000,00,2,4,02,B01
201700049699,1,07,000,00,2,1,01,A01
201700049700,1,13,000,01,0,1,01,A01
201700049700,1,07,000,00,2,4,24,B01
201700049701,2,14,000,00,2,1,09,B01
201700049701,2,07,000,00,2,4,09,A01
201700049702,2,07,000,00,2,4,02,C01
201700049702,2,07,000,00,2,1,01,A01
201700049702,2,07,000,00,2,4,02,B01
201700049702,2,07,000,00,2,4,02,D01
201700049703,1,34,000,00,2,2,21,B01
201700049703,1,10,000,00,2,6,11,A01
201700049704,1,33,000,00,2,2,19,A01
201700049704,1,07,000,00,2,3,01,B01
201700049705,2,07,000,14,0,1,01,A01
201700049706,1,07,000,00,2,1,01,B01
201700049706,1,07,000,00,2,1,19,A01
201700049707,2,07,000,16,0,1,19,A01
201700049708,2,07,000,00,2,8,01,B01
201700049708,2,07,000,00,2,2,14,A01
201700049709,1,07,000,16,2,1,19,A01
201700049710,1,10,000,03,0,1,19,A01
201700049711,2,07,000,16,0,7,00,A01
201700049712,2,07,000,00,2,4,01,B01
201700049712,2,07,000,00,2,1,01,A01
201700049713,2,33,000,00,2,8,03,A01
201700049713,2,99,000,00,2,7,11,Z01
201700049714,2,07,000,00,2,1,01,A01
201700049714,2,07,000,00,2,4,02,B01
201700049714,2,07,000,00,2,4,02,C01
201700049715,2,33,000,05,0,1,01,A01
201700049716,1,33,000,03,0,7,01,A01
201700049717,1,13,000,00,2,7,12,A01
201700049717,1,07,000,00,2,6,01,B01
201700049718,1,07,000,00,2,8,01,B01
201700049718,1,07,000,00,2,1,01,A01
201700049719,1,07,000,00,2,4,01,A01
201700049719,1,99,000,00,2,1,02,Z01
201700049720,1,33,000,16,0,8,01,A01
201700049721,1,33,000,16,0,8,01,A01
201700049722,1,07,000,03,0,2,01,A01
201700049723,1,07,000,00,2,1,01,A01
201700049723,2,07,000,00,2,4,02,B01
201700049724,2,07,000,00,1,3,16,A01
201700049725,1,07,000,00,1,1,01,A01
201700049726,2,07,000,00,2,7,15,A01
201700049726,2,33,000,00,2,2,01,B01
201700049727,2,07,000,00,1,2,15,A01
201700049728,1,07,000,00,2,1,00,A01
201700049728,1,07,000,00,2,3,00,B01
201700049729,2,07,000,00,2,7,15,A01
201700049729,1,32,000,00,2,1,02,B01
201700049730,2,33,000,00,0,0,01,A01
201700049731,2,07,000,00,1,1,01,A01
201700049732,1,02,000,00,2,1,02,A01
201700049732,1,07,000,00,2,4,16,B01
201700049733,1,02,000,00,2,0,17,A01
201700049733,1,07,000,00,2,6,15,B01
201700049734,1,07,000,00,2,1,02,A01
201700049734,1,07,000,00,2,1,02,B01
201700049734,1,07,000,00,2,4,02,C01
201700049735,1,10,000,00,2,1,02,A01
201700049735,1,03,000,00,2,1,02,B01
201700049735,1,07,000,00,2,4,02,C01
201700049736,1,07,000,04,0,1,01,A01
201700049737,1,07,000,00,2,1,02,A01
201700049737,1,07,000,00,2,4,00,B01
201700049738,1,36,000,00,2,0,00,A01
201700049738,1,07,000,00,2,0,00,B01
201700049739,1,07,000,00,2,4,02,A01
201700049739,1,07,000,00,2,4,02,B01
201700049739,1,07,000,00,2,1,02,C01
201700049740,1,07,000,00,2,1,02,A01
201700049740,1,07,000,00,0,4,23,B01
201700049741,1,07,000,00,2,3,11,A01