Num_Acc,senc,catv,occutc,obs,obsm,choc,manv,num_veh
201700050460,1,07,000,00,2,1,02,A01
201700050460,1,07,000,00,0,4,02,B01
201700050461,2,07,000,00,0,4,02,A01
201700050461,2,07,000,00,2,1,02,B01
201700050462,1,07,000,00,2,1,02,A01
201700050462,1,07,000,00,0,4,02,Z01
201700050463,1,33,000,16,0,0,00,A01
201700050464,2,07,000,09,0,1,14,A01
201700050465,2,07,000,00,2,1,21,B01
201700050465,2,07,000,00,2,1,21,C01
201700050465,2,07,000,00,2,0,21,A01
201700050466,2,07,000,00,2,1,02,A01
201700050466,2,07,000,00,0,4,02,B01
201700050467,2,07,000,00,2,5,12,A01
201700050467,2,07,000,00,2,0,01,C01
201700050467,2,15,000,00,2,3,01,B01
201700050468,1,07,000,00,2,1,02,A01
201700050468,1,07,000,00,2,4,01,B01
201700050469,2,07,000,13,0,0,00,A01
201700050470,2,33,000,00,2,8,21,A01
201700050471,2,07,000,03,0,2,14,A01
201700050472,2,33,000,00,2,1,02,A01
201700050472,2,07,000,00,2,5,01,B01
201700050472,2,17,000,00,2,8,01,Z01
201700050473,1,33,000,00,2,1,14,B01
201700050473,1,07,000,00,2,3,12,A01
201700050474,2,33,000,00,2,7,12,A01
201700050474,2,10,000,00,2,8,01,B01
201700050474,2,07,000,00,2,7,01,C01
201700050475,1,07,000,04,0,1,01,A01
201700050476,1,07,000,00,2,1,01,A01
201700050476,1,07,000,00,2,4,01,B01
201700050476,1,07,000,00,2,4,01,C01
201700050477,1,10,000,00,1,4,04,A01
201700050478,1,07,000,00,2,1,02,B01
201700050478,1,10,000,00,2,4,01,A01
201700050479,1,07,000,00,2,1,02,A01
201700050479,1,07,000,00,2,1,02,B01
201700050479,1,07,000,00,2,1,02,C01
201700050479,1,07,000,00,2,5,02,D01
201700050480,1,07,000,00,0,0,21,A01
201700050481,1,07,000,00,0,1,01,A01
201700050482,2,07,000,00,2,1,00,B01
201700050482,2,07,000,03,0,0,00,A01
201700050483,1,07,000,00,2,0,01,C01
201700050483,1,07,000,00,2,7,01,B01
201700050483,1,17,000,00,2,8,11,A01
201700050484,2,15,000,00,2,4,01,B01
201700050484,2,37,000,00,2,1,02,A01
201700050485,1,07,000,00,2,4,02,A01
201700050485,1,07,000,00,2,1,02,B01
201700050486,1,10,000,00,2,4,02,B01
201700050486,1,07,000,00,2,1,02,Z01
201700050487,2,07,000,04,0,2,15,A01
201700050488,1,33,000,00,2,7,03,A01
201700050488,1,07,000,00,2,8,11,B01
201700050489,2,07,000,00,1,2,02,A01
201700050490,1,07,000,14,0,1,01,B01
201700050490,1,07,000,00,2,4,23,A01
201700050491,2,07,000,00,2,4,02,B01
201700050491,2,33,000,00,2,1,02,A01
201700050492,2,07,000,00,2,8,23,A01
201700050492,2,07,000,00,2,1,02,B01
201700050493,1,07,000,00,2,1,02,A01
201700050493,1,07,000,00,1,4,02,B01
201700050494,1,33,000,00,0,0,00,A01
201700050495,1,33,000,00,2,1,02,A01
201700050495,1,07,000,00,2,4,02,B01
201700050496,2,33,000,00,2,1,13,A01
201700050496,2,07,000,00,2,5,02,B01
201700050497,2,31,000,00,2,1,14,A01
201700050497,2,15,000,00,2,4,23,B01
201700050498,2,07,000,00,2,1,02,C01
201700050498,2,15,000,00,0,0,00,A01
201700050498,2,07,000,00,0,0,00,B01
201700050499,1,07,000,03,0,8,00,A01
201700050500,1,33,000,00,2,1,02,A01
201700050500,1,07,000,00,2,4,01,B01
201700050501,1,07,000,00,0,0,00,A01
201700050502,2,10,000,04,0,8,16,A01
201700050503,1,07,000,00,2,4,01,C01
201700050503,1,07,000,00,2,4,01,D01
201700050503,1,07,000,00,2,4,01,B01
201700050503,1,07,000,00,2,1,01,A01
201700050504,1,07,000,00,6,1,00,A01
201700050505,1,07,000,00,2,0,21,A01
201700050505,1,07,000,00,0,0,00,B01
201700050506,1,07,000,04,0,0,00,A01
201700050507,2,07,000,00,2,1,01,C01
201700050507,2,07,000,00,2,8,00,A01
201700050507,2,15,000,00,2,2,00,B01
201700050508,1,07,000,10,0,9,00,A01
201700050509,2,10,000,02,2,1,02,A01
201700050509,2,15,000,02,0,4,02,B01
201700050510,2,07,000,00,2,4,01,C01
201700050510,2,15,000,00,2,1,02,A01
201700050510,2,07,000,00,2,4,02,B01
201700050510,2,07,000,00,2,4,01,D01
201700050511,1,15,000,00,2,1,02,A01
201700050511,1,15,000,00,2,4,02,B01
201700050512,1,15,000,00,2,1,21,A01
201700050512,1,38,011,00,2,4,01,B01
201700050512,1,10,000,00,2,8,01,C01
201700050512,1,07,000,00,2,4,01,D01
201700050512,1,07,000,00,2,2,21,E01
201700050512,1,07,000,00,2,4,01,F02
201700050512,1,07,000,00,2,4,01,G02
201700050512,1,07,000,00,2,4,01,H02
201700050512,1,10,000,00,2,6,01,I02
201700050512,1,07,000,00,2,7,01,J02
201700050512,1,07,000,00,2,7,01,K03
201700050513,1,10,000,00,2,1,02,A01
201700050513,1,10,000,00,2,4,02,B01
201700050513,1,10,000,00,2,4,02,C01
201700050513,1,10,000,00,2,4,02,D01
201700050514,1,07,000,00,1,1,01,A01
201700050514,1,10,000,00,1,1,01,B01
201700050515,1,07,000,00,2,0,00,B01
201700050515,1,07,000,00,2,0,00,A01
201700050515,1,10,000,00,2,0,00,C01
201700050516,1,07,000,03,2,1,01,A01
201700050516,1,07,000,00,2,4,01,B01
201700050517,1,10,000,04,0,1,01,A01
201700050518,1,07,000,04,0,8,01,A01
201700050519,1,07,000,03,0,3,01,A01
201700050520,2,07,000,00,2,4,01,A01
201700050520,2,07,000,00,2,1,02,B01
201700050521,2,33,000,00,0,8,01,A01
201700050522,1,33,000,14,0,9,01,A01
201700050523,2,07,000,04,0,8,01,A01
201700050524,2,16,000,00,0,0,00,A01
201700050525,2,15,000,03,2,8,01,A01
201700050525,2,10,000,03,2,5,17,B01
201700050525,2,10,000,03,0,0,00,C01
201700050526,2,07,000,00,2,4,01,C01
201700050526,2,07,000,00,2,1,02,A01
201700050526,2,10,000,00,2,4,01,B01
201700050527,2,10,000,03,0,2,14,A01
201700050528,1,07,000,04,0,2,12,A01
201700050529,1,07,000,00,2,0,14,C01
201700050529,1,07,000,00,2,5,21,B01
201700050529,1,07,000,00,2,5,21,A01
201700050530,2,07,000,00,2,4,00,B01
201700050530,2,17,000,00,2,1,02,A01
201700050531,2,07,000,00,1,1,01,B01
201700050531,2,07,000,00,1,1,01,F02
201700050531,2,07,000,00,1,1,01,E01
201700050531,2,07,000,00,1,1,01,C01
201700050531,2,07,000,00,1,1,01,D01
201700050531,2,07,000,00,1,1,01,A01
201700050532,1,07,000,00,0,0,00,A01
201700050533,1,17,000,00,2,5,01,B01
201700050533,1,10,000,00,2,5,17,A01
201700050534,2,07,000,14,0,1,01,A01
201700050535,1,33,000,04,0,8,01,A01
201700050536,2,07,000,04,0,0,12,A01
201700050537,1,07,000,04,0,7,01,A01
201700050538,1,07,000,00,2,4,02,A01
201700050538,1,07,000,00,2,1,02,B01
201700050539,1,07,000,00,0,3,02,A01
201700050540,1,33,000,00,2,4,02,A01
201700050540,1,33,000,00,2,4,02,B01
201700050541,1,07,000,00,2,1,11,A01
201700050541,1,17,000,00,2,5,02,B01
201700050541,1,07,000,00,2,5,02,C01
201700050542,2,07,000,00,2,1,02,A01
201700050542,2,07,000,00,2,4,02,B01
201700050543,2,07,000,00,2,1,13,A01
201700050543,1,07,000,00,2,4,02,B01
201700050544,2,07,000,03,0,7,01,A01
201700050545,2,07,000,00,2,5,02,C01
201700050545,2,07,000,00,0,2,02,A01
201700050545,2,07,000,00,2,6,02,B01
201700050546,2,07,000,00,2,4,01,B01
201700050546,2,07,000,00,2,1,01,A01
201700050547,2,07,000,00,2,3,11,A01
201700050547,2,33,000,00,2,7,17,B01
201700050548,1,07,000,04,0,1,13,A01
201700050549,1,33,000,00,2,2,17,A01
201700050549,1,07,000,00,2,5,01,B01
201700050550,2,33,000,00,2,1,02,A01
201700050550,2,07,000,00,2,4,01,B01
201700050551,1,07,000,00,2,4,23,C01
201700050551,1,07,000,00,2,4,23,B01
201700050551,1,07,000,00,2,1,01,A01
201700050552,1,07,000,04,0,7,01,A01
201700050553,1,07,000,00,2,1,02,A01
201700050553,1,07,000,00,2,4,02,B01
201700050554,1,07,000,00,0,7,00,B01
201700050554,1,34,000,00,0,2,03,A01
201700050555,1,33,000,00,0,7,01,A01
201700050556,1,10,000,00,2,0,00,A01
201700050556,1,07,000,00,2,0,00,B01
201700050557,1,07,000,00,2,4,02,C01
201700050557,1,10,000,00,2,1,01,A01
201700050557,1,07,000,00,2,4,02,B01
201700050558,2,15,000,03,0,1,00,A01
201700050559,1,07,000,00,2,5,11,A01
201700050559,1,07,000,00,2,2,09,B01
201700050560,1,15,000,00,2,6,23,B01
201700050560,1,07,000,00,2,2,00,A01
201700050561,1,07,000,00,2,1,11,A01
201700050562,1,07,000,03,0,0,00,A01
201700050563,1,07,000,00,2,0,00,B01
201700050563,1,07,000,00,2,0,00,A01
201700050563,1,07,000,00,2,0,00,D01
201700050563,1,07,000,00,2,0,00,C01
201700050564,2,07,000,00,2,0,00,E01
201700050564,2,07,000,00,2,0,00,A01
201700050564,2,15,000,00,2,0,00,C01
201700050564,2,07,000,00,2,0,00,F02
201700050564,2,10,000,00,2,0,00,B01
201700050564,2,07,000,00,2,0,00,D01
201700050565,1,07,000,00,2,1,02,A01
201700050565,1,15,000,00,2,0,00,B01
201700050566,1,17,000,00,2,0,00,A01
201700050566,1,07,000,00,2,0,00,B01
201700050566,1,17,000,00,2,0,00,C01
201700050567,1,07,000,00,2,0,00,B01
201700050567,1,07,000,00,2,0,00,A01
201700050568,2,33,000,00,2,0,21,A01
201700050568,2,07,000,00,0,0,09,Z01
201700050569,1,15,000,00,2,4,00,B01
201700050569,1,07,000,12,0,1,00,A01
201700050570,2,07,000,03,0,3,00,A01
201700050571,1,07,000,03,0,1,01,A01
201700050572,1,33,000,00,0,8,01,A01
201700050573,2,07,000,00,2,4,00,B01
201700050573,2,07,000,00,2,1,00,Z01
201700050574,1,07,000,00,2,4,02,C01
201700050574,1,07,000,00,2,4,02,B01
201700050574,1,07,000,00,2,4,02,F02
201700050574,1,07,000,00,2,4,02,D01
201700050574,1,07,000,00,2,4,02,E01
201700050574,1,15,000,00,2,1,02,A01
201700050575,1,10,000,00,2,1,00,A01
201700050575,1,07,000,00,2,4,01,B01
201700050576,2,07,000,00,1,1,14,A01
201700050577,1,07,000,00,9,0,00,A01
201700050578,1,07,000,00,2,1,00,A01
201700050578,1,07,000,00,2,4,00,C01
201700050578,1,07,000,00,2,4,00,B01
201700050579,1,07,000,00,9,3,01,B01
201700050579,2,01,000,00,2,0,19,A01
201700050580,1,07,000,00,2,1,02,A01
201700050580,0,07,000,00,0,0,00,B01
201700050581,1,07,000,00,9,1,01,A01
201700050581,0,01,000,00,2,8,00,B01
201700050582,1,07,000,00,1,2,01,A01
201700050583,1,07,000,00,2,1,01,A01
201700050583,1,07,000,00,2,8,01,B01
201700050584,0,07,000,00,9,2,16,A01
201700050584,1,01,000,00,2,1,00,B01
201700050585,2,07,000,00,1,3,13,A01
201700050586,2,07,000,00,2,2,15,B01
201700050586,1,30,000,00,2,3,01,A01
201700050587,1,07,000,00,2,3,02,B01
201700050587,1,31,000,00,2,1,13,A01
201700050588,1,01,000,00,0,0,00,B01
201700050588,1,07,000,00,2,5,00,A01
201700050589,1,07,000,00,1,2,01,A01
201700050590,2,07,000,00,2,7,14,A01
201700050590,2,30,000,00,2,8,01,B01
201700050591,1,07,000,00,2,1,20,A01
201700050591,2,01,000,00,2,1,01,B01
201700050592,1,07,000,00,1,2,02,A01
201700050593,1,33,000,00,2,1,21,A01
201700050593,1,07,000,00,2,4,01,B01
201700050594,1,07,000,00,2,4,15,B01
201700050594,1,07,000,00,2,4,23,C01
201700050594,1,07,000,00,2,4,23,D01
201700050594,1,07,000,00,0,1,01,A01
201700050595,1,07,000,00,0,0,01,A01
201700050595,2,01,000,00,0,0,00,B01
201700050596,2,07,000,00,4,8,15,A01
201700050596,2,40,001,00,2,1,01,B01
201700050597,2,07,000,00,2,8,24,A01
201700050597,2,01,000,01,0,1,01,B01
201700050598,1,07,000,14,1,2,17,A01
201700050599,1,07,000,00,2,0,00,B01
201700050599,1,07,000,00,2,0,00,A01
201700050600,1,07,000,00,1,0,00,A01
201700050601,1,01,000,00,2,8,19,B01
201700050601,1,07,000,00,9,1,17,A01
201700050602,1,07,000,00,2,1,00,Z01
201700050602,0,07,000,00,2,2,15,A01
201700050603,1,07,000,00,2,3,01,B01
201700050603,1,30,000,00,2,1,01,A01
201700050604,2,30,000,00,1,1,01,A01
201700050605,1,07,000,00,1,3,02,A01
201700050606,1,07,000,08,2,3,01,A01
201700050606,1,07,000,00,2,1,01,B01
201700050607,1,07,000,00,1,7,00,A01
201700050608,2,02,000,00,0,0,00,A01
201700050608,1,07,000,00,0,0,00,B01
201700050609,2,37,001,00,1,2,07,A01
201700050610,1,07,000,00,2,3,01,B01
201700050610,1,32,000,00,2,0,16,A01
201700050611,1,01,000,00,2,1,05,B01
201700050611,1,07,000,00,9,2,00,A01
201700050612,2,07,000,00,1,6,04,A01
201700050613,2,07,000,00,1,1,01,A01
201700050614,1,07,000,00,1,3,17,A01
201700050615,2,02,000,00,2,1,02,A01
201700050615,2,10,000,00,2,0,16,B01
201700050616,1,07,000,00,0,1,00,A01
201700050616,1,07,000,00,0,3,00,B01
201700050617,1,07,000,00,9,3,15,A01
201700050617,2,01,000,00,0,0,19,B01
201700050618,2,07,000,00,2,2,01,A01
201700050618,1,30,000,00,0,3,09,B01
201700050619,1,07,000,00,2,1,00,B01
201700050619,1,07,000,00,2,8,00,A01
201700050620,1,07,000,00,1,0,00,A01
201700050621,0,07,000,00,1,3,16,A01
201700050622,1,07,000,00,1,3,15,A01
201700050623,1,07,000,01,1,1,19,A01
201700050624,2,07,000,08,0,1,00,A01
201700050625,2,07,000,00,1,1,00,A01
201700050626,1,07,000,05,0,1,00,A01
201700050627,1,07,000,00,2,5,00,A01
201700050627,2,31,000,08,2,4,00,B01
201700050628,1,01,000,00,2,0,00,B01
201700050628,2,10,000,00,9,0,22,A01
201700050629,1,07,000,00,1,2,13,A01
201700050630,2,07,000,00,2,1,01,A01
201700050630,2,01,000,00,2,8,01,B01
201700050631,2,07,000,00,2,2,15,A01
201700050631,2,07,000,00,2,1,01,B01
201700050632,1,10,000,00,1,0,00,A01
201700050633,1,07,000,00,2,4,02,B01
201700050633,1,07,000,00,2,1,02,A01
201700050634,2,07,000,01,2,8,02,A01
201700050634,1,07,000,00,2,2,02,B01
201700050635,1,34,000,14,2,5,00,A01
201700050635,1,07,000,00,2,6,00,B01
201700050636,1,07,000,00,2,3,01,A01
201700050636,1,07,000,00,2,3,01,B01
201700050637,1,07,000,00,2,1,01,B01
201700050637,1,07,000,01,0,3,00,C01
201700050637,1,07,000,00,2,2,09,A01
201700050638,2,07,000,00,1,0,00,A01
201700050639,1,01,000,00,2,1,01,A01
201700050639,1,07,000,00,2,7,19,B01
201700050640,1,07,000,00,2,3,11,A01
201700050640,1,07,000,00,2,7,01,B01
201700050641,1,07,000,00,9,7,01,A01
201700050641,2,01,000,00,2,4,00,B01
201700050642,1,34,000,00,2,1,00,A01
201700050642,1,07,000,00,2,3,00,B01
201700050643,2,40,050,15,1,8,00,A01
201700050644,2,07,000,00,1,3,01,A01
201700050645,1,34,000,00,1,1,00,A01
201700050646,1,07,000,00,1,1,16,A01
201700050647,2,07,000,00,0,3,01,B01
201700050647,1,07,000,00,0,3,15,A01
201700050648,1,07,000,00,2,2,15,A01
201700050648,1,07,000,00,2,3,01,B01
201700050649,1,07,000,11,2,1,13,A01
201700050649,1,01,000,00,2,4,00,B01
201700050650,2,01,000,00,2,0,00,B01
201700050650,2,07,000,00,2,0,00,A01
201700050651,2,07,000,00,2,2,00,B01
201700050651,1,07,000,00,2,3,15,A01
201700050652,1,07,000,00,2,4,01,B01
201700050652,1,07,000,00,2,4,01,A01
201700050653,1,32,000,00,2,1,01,A01
201700050653,2,07,000,00,2,3,01,B01
201700050654,2,07,000,00,2,2,12,A01
201700050654,2,33,000,00,2,2,14,B01
201700050655,1,07,000,00,2,1,02,A01
201700050655,1,07,000,00,2,4,02,B01
201700050655,1,07,000,00,2,4,02,C01
201700050655,1,07,000,00,9,4,00,D01
201700050656,2,07,000,00,2,5,15,A01
201700050656,1,07,000,00,2,1,02,B01
201700050657,2,32,000,01,0,1,01,A01
201700050658,1,07,000,08,2,3,01,B01
201700050658,1,07,000,00,2,1,15,A01
201700050659,1,31,000,00,1,0,00,A01
201700050660,1,07,000,00,1,1,15,A01
201700050661,1,33,000,12,0,0,01,A01
201700050662,1,01,000,00,2,0,00,B01
201700050662,1,07,000,00,9,7,12,A01
201700050663,2,01,000,00,2,0,00,B01
201700050663,2,07,000,00,2,7,14,A01
201700050664,2,30,000,00,2,0,00,B01
201700050664,2,07,000,00,2,0,00,Z01
201700050665,1,20,000,00,2,2,15,A01
201700050665,2,07,000,00,2,3,01,B01
201700050666,1,07,000,00,1,1,01,A01
201700050667,1,07,000,00,1,1,00,A01
201700050668,1,07,000,00,1,4,04,A01
201700050669,1,07,000,00,9,3,01,A01
201700050669,1,01,000,00,2,2,00,B01
201700050670,1,07,000,00,2,1,01,A01
201700050670,1,07,000,00,2,3,00,B01
201700050671,1,01,000,00,2,2,01,B01
201700050671,2,07,000,00,2,1,15,A01
201700050672,1,07,000,00,2,1,01,B01
201700050672,1,07,000,00,2,7,01,A01
201700050673,2,07,000,00,1,3,01,A01
201700050674,1,07,000,00,2,0,00,A01
201700050674,1,07,000,00,2,0,00,B01
201700050675,1,07,000,00,2,4,01,B01
201700050675,2,07,000,00,2,1,09,A01
201700050676,1,07,000,00,2,5,00,B01
201700050676,1,07,000,00,2,1,00,A01
201700050677,1,01,000,00,2,1,19,B01
201700050677,2,07,000,00,9,1,15,A01
201700050678,2,07,000,00,2,8,01,B01
201700050678,2,07,000,00,2,3,15,A01
201700050679,2,07,000,00,2,3,15,A01
201700050679,2,07,000,00,2,1,00,Z01
201700050680,1,07,000,00,2,1,01,A01
201700050680,1,07,000,00,2,4,00,B01
201700050681,1,07,000,00,1,6,04,A01
201700050682,2,10,000,00,2,8,15,A01
201700050682,2,34,000,00,2,1,01,B01
201700050683,1,07,000,00,1,1,00,A01
201700050684,1,07,000,00,1,3,09,A01
201700050685,1,07,000,00,2,1,01,A01
201700050685,2,01,000,00,2,7,00,B01
201700050686,2,07,000,00,1,2,01,A01
201700050687,1,33,000,00,2,8,01,B01
201700050687,1,07,000,00,2,3,15,A01
201700050688,1,07,000,00,2,4,23,B01
201700050688,1,31,000,00,2,1,02,A01
201700050689,1,30,000,00,2,4,23,B01
201700050689,1,07,000,00,2,3,02,A01
201700050690,1,07,000,00,2,1,00,Z01
201700050690,1,01,000,00,2,4,02,B01
201700050691,1,33,000,00,2,7,00,A01
201700050692,1,07,000,00,1,1,01,A01
201700050693,1,07,000,00,1,3,02,A01
201700050694,1,07,000,07,0,1,01,A01
201700050695,1,01,000,00,1,1,01,A01
201700050696,1,07,000,00,1,1,00,A01
201700050697,1,07,000,00,1,1,01,A01
201700050698,1,30,000,00,2,1,18,B01
201700050698,1,07,000,00,2,2,22,A01
201700050699,1,07,000,00,1,3,01,A01
201700050700,1,07,000,00,1,1,00,A01
201700050701,1,07,000,00,2,6,02,A01
201700050701,1,32,000,00,2,2,11,B01
201700050702,1,07,000,15,0,1,14,A01
201700050703,1,10,000,00,1,5,01,A01
201700050704,1,07,000,00,2,3,15,B01
201700050704,2,30,000,00,2,2,15,A01
201700050705,2,10,000,00,1,6,15,A01
201700050706,1,33,000,00,1,9,19,A01
201700050707,1,07,000,15,0,8,01,A01
201700050708,1,07,000,00,2,1,01,B01
201700050708,2,07,000,01,2,5,01,A01
201700050709,1,07,000,00,2,2,00,A01
201700050709,1,07,000,00,2,0,00,B01
201700050710,1,07,000,00,0,0,00,Z01
201700050710,1,01,000,00,2,1,00,B01
201700050711,2,07,000,00,2,0,00,B01
201700050711,1,01,000,00,2,0,00,A01
201700050712,1,07,000,00,2,0,00,A01
201700050712,1,33,000,00,2,0,00,B01
201700050713,1,01,000,00,1,1,01,A01
201700050714,1,15,000,00,1,1,00,A01
201700050715,1,07,000,00,2,9,01,A01
201700050715,1,07,000,00,2,1,01,B01
201700050716,1,07,000,00,1,1,01,A01
201700050717,2,07,000,00,1,1,16,A01
201700050718,2,07,000,00,2,1,15,A01
201700050718,1,33,000,00,2,8,02,B01
201700050719,1,07,000,00,1,0,00,A01
201700050720,2,01,000,00,1,1,01,A01
201700050721,2,33,000,00,2,8,18,A01
201700050721,2,07,000,00,2,7,23,B01
201700050722,1,07,000,00,2,1,01,A01
201700050722,1,07,000,00,2,4,01,C01
201700050722,1,07,000,00,2,4,01,B01
201700050723,1,34,000,00,2,6,00,A01
201700050723,2,07,000,00,2,1,00,B01
201700050724,2,07,000,00,1,0,00,A01
201700050725,1,07,000,00,2,1,01,A01
201700050725,1,07,000,09,2,7,01,B01
201700050726,2,07,000,00,1,1,00,A01
201700050727,1,07,000,00,1,1,16,A01
201700050728,2,07,000,00,2,4,23,A01
201700050728,2,01,000,00,2,1,02,B01
201700050729,2,07,000,01,0,1,05,A01
201700050730,2,07,000,00,2,4,01,B01
201700050730,2,07,000,00,2,1,01,A01
201700050731,2,07,000,15,2,1,05,A01
201700050731,2,07,000,00,2,2,02,B01
201700050731,1,07,000,00,2,0,00,C01
201700050732,1,01,000,00,2,0,00,B01
201700050732,1,07,000,00,2,0,00,Z01
201700050733,1,37,035,00,1,7,07,A01
201700050734,1,07,000,00,1,0,16,A01
201700050735,2,01,000,00,2,0,00,A01
201700050735,1,07,000,00,2,0,00,B01
201700050736,2,07,000,00,2,7,16,A01
201700050736,1,01,000,00,2,1,19,B01
201700050737,1,07,000,00,2,3,16,B01
201700050737,1,30,000,00,2,1,13,A01
201700050738,2,33,000,00,2,3,18,A01
201700050738,2,07,000,00,2,2,16,B01
201700050739,1,32,000,00,2,3,16,B01
201700050739,1,07,000,00,2,3,15,A01
201700050740,1,07,000,00,2,0,00,Z01
201700050740,2,01,000,00,2,7,05,B01
201700050741,1,07,000,00,2,1,01,B01
201700050741,1,07,000,01,2,1,01,A01
201700050742,1,07,000,00,1,3,01,A01
201700050743,1,07,000,00,1,1,01,A01
201700050744,1,07,000,00,2,1,01,A01
201700050744,1,07,000,00,2,8,15,B01
201700050745,1,10,000,00,1,2,00,A01
201700050746,1,10,000,00,1,2,00,A01
201700050747,1,07,000,00,1,4,04,A01
201700050748,2,07,000,00,2,7,02,C01
201700050748,2,07,000,01,2,7,14,A01
201700050749,1,01,000,00,2,0,00,B01
201700050749,1,10,000,00,2,1,01,A01
201700050750,2,07,000,00,2,7,15,B01
201700050750,1,33,000,00,2,1,01,A01
201700050751,1,07,000,00,2,5,12,C01
201700050751,1,33,000,01,2,1,14,A01
201700050752,1,07,000,00,1,2,15,A01
201700050753,1,07,000,00,1,3,15,A01
201700050754,1,10,000,00,2,3,01,B01
201700050754,1,02,000,00,2,4,00,A01
201700050755,1,10,000,00,2,6,00,B01
201700050755,1,07,000,00,2,5,00,C01
201700050755,1,07,000,00,2,1,02,A01
201700050756,1,07,000,00,2,4,02,B01
201700050756,1,34,000,00,2,1,02,A01
201700050757,2,07,000,00,1,2,00,A01
201700050758,1,07,000,00,2,3,15,B01
201700050758,1,32,000,00,2,2,07,A01
201700050759,2,01,000,00,2,1,02,B01
201700050759,1,07,000,00,9,1,02,A01
201700050760,1,07,000,00,2,1,01,A01
201700050760,1,07,000,00,2,6,01,B01
201700050761,1,07,000,00,2,3,16,A01
201700050761,1,01,000,00,2,1,01,B01
201700050762,1,07,000,00,2,7,02,A01
201700050762,1,07,000,00,2,1,16,B01
201700050763,1,07,000,00,1,3,02,A01
201700050764,1,07,000,00,1,3,01,A01
201700050765,1,07,000,01,2,1,00,Z01
201700050765,1,30,000,00,2,4,00,B01
201700050766,1,30,000,00,2,1,01,A01
201700050766,1,07,000,00,2,0,01,B01
201700050767,2,37,001,00,2,2,01,B01
201700050767,1,07,000,00,2,3,01,A01
201700050768,1,07,000,00,1,7,01,A01
201700050769,1,07,000,00,2,3,15,B01
201700050769,2,31,000,00,2,1,02,A01
201700050770,1,07,000,00,2,1,02,A01
201700050770,1,07,000,00,2,8,02,B01
201700050771,1,07,000,00,2,6,15,B01
201700050771,1,07,000,00,2,3,01,A01
201700050772,2,07,000,00,1,1,01,A01
201700050773,1,33,000,00,2,2,01,B01
201700050773,1,07,000,00,2,1,01,A01
201700050774,2,07,000,00,1,1,15,A01
201700050775,1,07,000,00,1,0,00,A01
201700050776,1,01,000,00,2,1,09,A01
201700050776,1,07,000,00,2,2,01,B01
201700050777,1,07,000,00,1,1,00,A01
201700050778,1,07,000,00,2,7,02,A01
201700050778,1,33,000,00,2,1,02,B01
201700050779,1,30,000,00,2,0,00,B01
201700050779,1,10,000,00,2,0,00,Z01
201700050780,1,07,000,00,1,4,04,A01
201700050781,1,30,000,00,2,1,01,B01
201700050781,2,07,000,00,2,7,14,A01
201700050782,1,07,000,00,2,1,02,B01
201700050782,1,07,000,00,2,3,02,A01
201700050783,1,07,000,00,1,1,01,A01
201700050784,1,33,000,00,2,5,02,A01
201700050784,1,07,000,00,2,3,15,B01
201700050785,0,01,000,00,2,0,00,B01
201700050785,1,01,000,00,2,0,00,A01
201700050786,2,07,000,00,2,4,23,B01
201700050786,1,10,000,00,2,1,02,A01
201700050787,1,16,000,00,2,1,02,A01
201700050787,1,07,000,00,2,4,02,B01
201700050788,1,07,000,00,2,1,00,A01
201700050788,2,07,000,00,2,1,00,B01
201700050789,2,33,000,05,2,2,03,A01
201700050789,2,07,000,00,2,8,00,B01
201700050790,2,07,000,01,2,1,02,A01
201700050790,1,07,000,00,2,3,02,B01
201700050791,1,07,000,00,2,3,00,B01
201700050791,2,07,000,00,2,1,00,A01
201700050792,1,07,000,00,2,3,01,B01
201700050792,2,07,000,00,2,1,05,A01
201700050792,1,07,000,00,2,1,01,C01
201700050793,1,07,000,00,2,4,02,B01
201700050793,1,07,000,00,2,4,02,C01
201700050793,1,07,000,00,2,1,02,A01
201700050794,1,07,000,00,2,1,11,A01
201700050794,2,07,000,00,2,0,00,B01
201700050795,1,07,000,00,2,7,15,A01
201700050795,2,33,000,00,2,1,01,B01
201700050796,2,01,000,00,2,0,00,B01
201700050796,2,07,000,00,2,7,00,A01
201700050797,2,07,000,00,2,2,17,A01
201700050797,1,07,000,00,2,1,15,B01
201700050798,1,07,000,00,1,1,02,A01
201700050799,1,40,050,00,2,3,01,B01
201700050799,1,07,000,00,4,1,01,A01
201700050800,2,40,050,00,1,1,01,A01
201700050801,1,07,000,00,1,3,19,A01
201700050802,1,10,000,00,1,8,15,A01
201700050803,1,33,000,00,2,0,01,B01
201700050803,1,07,000,00,2,2,00,A01
201700050804,1,07,000,00,2,0,09,B01
201700050804,1,32,000,00,2,1,13,A01
201700050804,2,07,000,00,2,3,01,C01
201700050805,1,07,000,09,0,6,01,A01
201700050806,1,37,035,00,1,2,01,A01
201700050807,1,07,000,00,2,3,15,B01
201700050807,1,07,000,00,2,1,01,A01
201700050808,2,40,057,00,2,1,01,B01
201700050808,1,07,000,00,4,2,01,A01
201700050809,2,01,000,00,2,0,18,B01
201700050809,2,07,000,00,0,7,23,A01
201700050810,2,07,000,00,2,6,01,B01
201700050810,1,07,000,00,2,1,01,A01
201700050811,1,33,000,00,2,2,01,B01
201700050811,1,07,000,00,2,2,00,A01