Num_Acc,senc,catv,occutc,obs,obsm,choc,manv,num_veh
201700051178,2,33,000,00,2,7,17,A01
201700051178,1,07,000,00,2,1,00,B01
201700051179,1,07,000,00,2,1,21,B01
201700051179,1,34,000,00,2,7,01,A01
201700051180,1,33,000,00,0,8,01,A01
201700051181,2,07,000,00,1,3,01,A01
201700051182,2,07,000,00,2,2,19,B01
201700051182,2,07,000,05,2,1,19,A01
201700051183,1,07,000,00,1,2,15,A01
201700051184,1,07,000,00,2,1,15,A01
201700051184,1,07,000,00,2,3,01,B01
201700051185,1,33,000,00,0,0,01,A01
201700051186,1,07,000,00,2,4,02,B01
201700051186,1,13,000,00,2,1,01,A01
201700051187,1,07,000,01,9,8,22,A01
201700051187,1,01,000,01,0,1,24,B01
201700051188,1,07,000,00,2,2,16,B01
201700051188,1,07,000,00,2,4,07,A01
201700051189,1,34,000,00,0,7,01,A01
201700051190,2,07,000,00,1,1,01,A01
201700051191,2,07,000,00,1,2,19,A01
201700051192,1,31,000,00,2,8,01,A01
201700051193,2,07,000,00,2,3,09,B01
201700051193,1,33,000,00,2,1,17,A01
201700051194,1,07,000,00,1,1,00,A01
201700051195,1,07,000,00,2,3,15,B01
201700051195,1,07,000,00,2,2,01,A01
201700051196,1,07,000,00,2,3,21,B01
201700051196,1,10,000,00,2,1,17,A01
201700051197,1,07,000,14,0,1,01,A01
201700051198,2,32,000,00,0,0,01,A01
201700051199,1,07,000,00,1,1,01,A01
201700051200,1,01,000,00,2,7,19,B01
201700051200,1,07,000,00,2,8,09,A01
201700051201,2,10,000,00,2,2,10,A01
201700051201,2,10,000,00,2,3,01,B01
201700051202,1,34,000,00,2,2,15,A01
201700051202,1,07,000,00,2,3,15,B01
201700051203,2,07,000,00,0,1,00,A01
201700051203,1,07,000,08,2,2,01,B01
201700051204,1,07,000,00,1,3,02,A01
201700051205,1,07,000,00,1,4,04,Z01
201700051206,2,30,000,00,2,8,01,A01
201700051206,1,07,000,00,2,1,01,B01
201700051207,1,10,000,00,2,1,15,A01
201700051207,1,07,000,12,2,8,02,B01
201700051208,1,07,000,00,2,4,01,B01
201700051208,1,07,000,00,2,1,02,A01
201700051209,2,07,000,00,1,1,01,A01
201700051210,1,01,000,08,0,1,02,B01
201700051210,1,01,000,08,0,1,02,A01
201700051211,1,07,000,00,2,1,01,A01
201700051211,1,07,000,00,2,7,01,B01
201700051212,2,07,000,00,2,3,09,A01
201700051212,1,33,000,00,2,1,01,B01
201700051213,1,07,000,00,2,2,14,A01
201700051213,1,01,000,00,2,4,14,B01
201700051214,2,07,000,14,9,3,01,A01
201700051215,2,07,000,00,1,1,15,A01
201700051216,2,10,000,00,1,3,15,A01
201700051217,2,07,000,00,1,2,10,A01
201700051218,1,07,000,00,1,8,00,B01
201700051218,2,07,000,00,2,1,00,A01
201700051219,1,01,000,00,0,1,01,A01
201700051220,1,07,000,00,1,3,20,A01
201700051221,2,07,000,09,0,2,14,A01
201700051222,1,07,000,00,1,2,01,A01
201700051223,1,40,065,00,2,1,01,B01
201700051223,1,07,000,00,4,2,19,A01
201700051224,1,31,000,00,1,1,01,A01
201700051225,1,07,000,00,2,1,01,A01
201700051225,1,07,000,00,2,8,19,B01
201700051226,1,30,000,00,2,6,02,B01
201700051226,2,01,000,00,2,8,15,A01
201700051227,1,07,000,00,1,1,01,A01
201700051228,2,07,000,00,2,3,01,A01
201700051228,1,07,000,00,2,0,01,B01
201700051229,1,07,000,00,1,1,19,A01
201700051230,1,31,000,00,2,1,08,A01
201700051230,2,07,000,00,2,1,23,B01
201700051231,2,07,000,00,2,2,01,B01
201700051231,1,34,000,00,2,1,01,A01
201700051232,1,07,000,00,1,3,01,A01
201700051233,2,01,000,00,1,1,07,A01
201700051234,1,07,000,08,0,2,00,A01
201700051235,2,31,000,00,1,1,19,A01
201700051236,2,33,000,00,2,3,01,B01
201700051236,2,07,000,00,2,2,15,A01
201700051237,2,07,000,00,1,2,16,A01
201700051238,1,07,000,00,2,3,01,A01
201700051238,1,07,000,00,2,2,15,B01
201700051239,1,07,000,00,1,0,00,A01
201700051240,1,07,000,00,2,1,01,B01
201700051240,1,07,000,00,2,4,01,A01
201700051241,1,07,000,08,2,3,13,A01
201700051241,1,10,000,00,2,5,02,B01
201700051242,2,07,000,00,2,2,19,A01
201700051242,1,10,000,00,2,1,19,B01
201700051243,2,07,000,00,2,3,02,A01
201700051243,2,07,000,00,2,5,01,B01
201700051244,1,33,000,00,0,0,02,A01
201700051244,1,07,000,00,2,1,01,B01
201700051245,2,07,000,00,2,3,01,B01
201700051245,1,34,000,00,2,1,01,A01
201700051246,1,07,000,00,2,3,01,B01
201700051246,1,07,000,00,2,2,15,A01
201700051247,2,07,000,00,2,1,01,B01
201700051247,1,07,000,15,0,3,09,A01
201700051248,1,07,000,14,0,1,15,A01
201700051249,1,38,000,00,1,2,02,A01
201700051250,1,10,000,00,1,0,01,A01
201700051251,1,37,000,00,2,7,21,B01
201700051251,1,07,000,00,2,1,00,A01
201700051251,1,07,000,00,2,7,01,C01
201700051252,2,10,000,00,1,1,15,A01
201700051253,2,01,000,00,2,7,00,B01
201700051253,1,07,000,00,9,1,00,A01
201700051254,2,01,000,01,0,1,01,B01
201700051254,2,07,000,00,2,8,22,A01
201700051255,1,07,000,00,1,2,17,A01
201700051256,1,07,000,00,2,3,16,A01
201700051256,1,07,000,00,2,1,01,B01
201700051257,1,07,000,00,2,1,01,B01
201700051257,1,07,000,00,2,5,01,A01
201700051258,1,33,000,00,2,1,15,A01
201700051258,2,07,000,00,2,4,15,B01
201700051259,2,07,000,00,2,1,02,A01
201700051259,2,07,000,08,2,4,16,B01
201700051260,1,07,000,00,1,1,19,A01
201700051261,1,07,000,00,1,3,15,A01
201700051262,1,07,000,00,2,8,19,A01
201700051262,2,36,000,00,2,1,17,B01
201700051263,1,07,000,00,1,2,15,A01
201700051264,2,01,000,08,0,2,00,A01
201700051265,1,40,045,00,1,2,01,A01
201700051266,1,07,000,00,2,3,13,A01
201700051266,1,33,000,00,2,3,13,B01
201700051267,1,07,000,00,2,6,16,A01
201700051267,2,10,000,00,2,2,01,B01
201700051267,1,07,000,00,2,1,01,C01
201700051268,1,07,000,00,1,1,15,A01
201700051269,1,07,000,00,1,2,15,A01
201700051270,1,07,000,14,1,3,02,A01
201700051271,2,07,000,00,2,3,00,A01
201700051271,1,34,000,00,2,4,23,B01
201700051272,2,07,000,00,0,1,13,A01
201700051273,1,07,000,00,0,1,00,C01
201700051273,1,07,000,00,2,4,02,B01
201700051273,1,07,000,00,0,0,00,A01
201700051273,1,07,000,00,0,1,00,D01
201700051274,2,33,000,00,2,1,03,A01
201700051274,2,07,000,00,2,5,14,B01
201700051275,1,07,000,00,0,1,00,A01
201700051276,1,07,000,00,0,0,00,A01
201700051276,1,07,000,00,0,4,00,E01
201700051276,1,38,000,00,0,0,00,B01
201700051276,1,07,000,00,0,4,00,C01
201700051276,1,10,000,00,0,4,00,D01
201700051277,2,07,000,00,2,1,09,A01
201700051277,2,07,000,04,0,2,01,B01
201700051278,2,07,000,00,2,3,11,A01
201700051278,2,33,000,00,2,7,01,B01
201700051279,1,07,000,00,0,6,00,C01
201700051279,1,07,000,00,2,1,02,A01
201700051279,1,07,000,00,2,4,02,B01
201700051280,2,07,000,00,2,4,02,B01
201700051280,2,07,000,00,0,4,00,D01
201700051280,2,07,000,00,2,1,02,A01
201700051280,2,07,000,00,2,4,02,C01
201700051281,2,07,000,00,0,1,00,B01
201700051281,2,07,000,00,0,5,00,A01
201700051282,1,10,000,00,2,5,01,C01
201700051282,2,31,000,00,2,1,03,B01
201700051282,2,07,000,00,2,3,11,A01
201700051283,2,07,000,00,2,8,11,Z01
201700051283,2,33,000,00,2,7,01,A01
201700051284,1,34,000,00,0,8,00,B01
201700051284,1,07,000,00,0,8,00,A01
201700051285,1,07,000,00,2,1,02,A01
201700051285,1,07,000,00,2,1,02,B01
201700051285,1,07,000,00,2,4,23,C01
201700051285,1,07,000,00,2,4,02,D01
201700051286,1,07,000,00,0,4,00,B01
201700051286,1,10,000,00,0,4,00,C01
201700051286,1,10,000,00,0,1,00,A01
201700051286,1,07,000,00,0,4,00,D01
201700051287,2,07,000,00,0,4,00,B01
201700051287,2,07,000,00,0,6,00,C01
201700051287,2,07,000,00,0,0,00,A01
201700051288,2,07,000,00,2,8,11,A01
201700051288,2,07,000,00,2,7,01,B01
201700051289,2,07,000,00,2,1,02,A01
201700051289,2,10,000,00,2,4,02,B01
201700051290,1,07,000,00,0,4,00,F02
201700051290,1,07,000,00,0,4,00,D01
201700051290,1,07,000,00,0,4,00,E01
201700051290,1,07,000,00,0,1,00,A01
201700051290,1,07,000,00,0,4,00,C01
201700051290,1,07,000,00,0,0,00,B01
201700051291,1,07,000,00,0,4,00,B01
201700051291,1,07,000,00,0,0,00,A01
201700051292,1,07,000,00,2,1,02,A01
201700051292,1,07,000,00,2,4,02,B01
201700051293,1,07,000,00,2,7,12,A01
201700051293,1,31,000,00,2,8,03,B01
201700051294,1,07,000,00,2,8,01,B01
201700051294,1,07,000,00,0,4,01,C01
201700051294,1,15,000,00,2,7,12,A01
201700051295,2,07,000,00,0,0,00,A01
201700051296,1,10,000,00,2,4,23,D01
201700051296,1,17,000,00,2,1,02,A01
201700051296,1,10,000,00,2,4,23,E01
201700051296,1,07,000,00,2,4,23,B01
201700051296,1,07,000,00,2,4,23,C01
201700051297,1,07,000,00,2,3,02,A01
201700051297,1,07,000,00,0,4,02,B01
201700051297,1,07,000,00,0,6,00,C01
201700051298,2,10,000,00,0,4,01,B01
201700051298,2,17,000,00,2,5,02,A01
201700051299,2,33,000,00,0,1,00,B01
201700051299,2,07,000,00,0,4,00,A01
201700051300,2,07,000,00,2,7,12,A01
201700051300,2,33,000,00,2,8,03,B01
201700051301,1,17,000,00,2,1,02,A01
201700051301,1,17,000,00,2,4,02,B01
201700051301,1,14,000,00,2,4,02,C01
201700051302,2,10,000,00,2,1,01,A01
201700051302,2,07,000,00,0,4,01,B01
201700051303,2,07,000,07,0,1,14,A01
201700051304,1,07,000,00,2,5,12,A01
201700051304,1,07,000,00,0,3,01,B01
201700051305,2,07,000,00,2,4,02,C01
201700051305,2,17,000,00,2,2,02,B01
201700051305,2,17,000,00,2,1,02,A01
201700051306,1,34,000,00,2,1,00,A01
201700051306,1,07,000,00,2,4,11,B01
201700051307,2,10,000,00,2,0,11,B01
201700051307,2,33,000,00,2,7,01,A01
201700051308,2,07,000,00,2,4,01,B01
201700051308,2,07,000,00,2,1,02,A01
201700051309,1,07,000,00,2,6,14,B01
201700051309,1,33,000,00,2,1,02,A01
201700051310,1,07,000,00,2,1,02,A01
201700051310,1,10,000,00,2,4,23,D01
201700051310,1,07,000,00,2,4,23,B01
201700051310,1,17,000,00,2,0,23,E01
201700051310,1,10,000,00,2,4,23,C01
201700051311,1,07,000,00,2,8,13,A01
201700051311,1,32,000,00,2,7,01,B01
201700051312,2,07,000,00,2,1,02,A01
201700051312,2,07,000,00,2,5,02,B01
201700051312,2,07,000,00,2,2,02,C01
201700051313,1,07,000,00,2,6,23,B01
201700051313,1,07,000,00,2,3,02,A01
201700051314,1,33,000,00,2,7,03,B01
201700051314,1,07,000,00,2,8,11,A01
201700051315,2,07,000,04,2,2,01,B01
201700051315,2,17,000,00,2,8,13,A01
201700051316,2,07,000,00,2,1,02,Z01
201700051316,2,07,000,00,2,6,01,B01
201700051317,1,33,000,00,2,2,03,B01
201700051317,1,07,000,00,2,6,11,A01
201700051318,1,07,000,00,2,4,02,B01
201700051318,1,07,000,00,2,1,02,A01
201700051319,1,07,000,00,2,2,12,Z01
201700051319,1,33,000,00,2,8,03,B01
201700051320,1,07,000,00,2,4,02,B01
201700051320,1,07,000,00,2,1,02,A01
201700051321,2,07,000,00,2,8,01,B01
201700051321,2,07,000,00,2,0,12,Z01
201700051321,2,17,000,00,2,8,01,C01
201700051322,2,07,000,00,2,1,02,A01
201700051322,2,07,000,00,2,4,02,B01
201700051323,2,07,000,00,0,4,02,C01
201700051323,2,07,000,00,0,4,00,B01
201700051323,2,10,000,00,0,1,00,A01
201700051324,2,07,000,00,2,6,01,B01
201700051324,2,07,000,00,2,2,01,A01
201700051324,2,07,000,00,2,6,13,Z01
201700051325,2,07,000,00,2,1,02,A01
201700051325,2,07,000,00,0,4,02,C01
201700051325,2,07,000,00,2,4,02,B01
201700051326,2,07,000,00,2,4,23,C01
201700051326,2,10,000,00,2,8,11,A01
201700051326,2,31,000,00,2,2,03,B01
201700051327,2,07,000,00,2,4,02,B01
201700051327,2,07,000,00,2,1,02,A01
201700051327,2,07,000,00,0,4,02,C01
201700051328,2,07,000,00,0,8,00,B01
201700051328,2,07,000,00,0,1,00,A01
201700051329,2,10,000,03,0,3,01,A01
201700051330,1,07,000,00,2,4,23,B01
201700051330,1,07,000,00,2,1,02,A01
201700051330,1,07,000,00,2,4,02,E01
201700051330,1,10,000,00,2,4,02,D01
201700051330,1,07,000,00,2,4,23,C01
201700051331,2,07,000,00,2,1,02,A01
201700051331,2,07,000,00,0,4,02,B01
201700051332,2,07,000,00,2,6,01,B01
201700051332,2,33,000,00,2,1,02,A01
201700051333,2,10,000,03,2,3,00,A01
201700051333,2,07,000,00,2,5,00,B01
201700051334,1,07,000,00,2,4,23,B01
201700051334,1,17,000,00,2,1,02,A01
201700051335,1,07,000,03,0,1,01,A01
201700051336,1,17,000,00,2,2,00,B01
201700051336,1,07,000,00,0,3,00,A01
201700051337,2,10,000,00,2,4,02,B01
201700051337,2,10,000,00,2,1,02,A01
201700051338,1,33,000,00,2,1,02,A01
201700051338,1,15,000,00,2,6,01,C01
201700051338,1,10,000,00,2,5,01,B01
201700051339,1,17,000,00,2,7,12,A01
201700051339,1,34,000,00,2,8,01,B01
201700051340,1,07,000,00,2,1,02,A01
201700051340,1,07,000,00,2,4,02,B01
201700051341,1,07,000,03,2,1,01,C01
201700051341,1,10,000,03,2,3,13,A01
201700051341,1,10,000,03,2,2,01,B01
201700051342,2,33,000,07,0,1,00,A01
201700051343,1,07,000,00,2,4,02,B01
201700051343,1,07,000,00,2,7,23,C01
201700051343,1,14,000,00,2,2,02,A01
201700051344,1,07,000,00,2,4,01,B01
201700051344,1,07,000,00,2,1,02,A01
201700051345,1,07,000,00,2,4,02,B01
201700051345,1,07,000,00,2,1,02,A01
201700051345,1,07,000,00,2,4,02,C01
201700051346,2,07,000,00,2,4,23,B01
201700051346,2,17,000,00,2,1,02,A01
201700051347,1,07,000,00,2,4,23,C01
201700051347,1,07,000,00,2,1,02,A01
201700051347,1,07,000,00,2,1,23,B01
201700051348,1,33,000,00,2,1,09,A01
201700051348,1,10,000,00,0,5,09,B01
201700051349,2,33,000,00,2,1,03,B01
201700051349,2,07,000,00,2,6,11,A01
201700051350,2,07,000,00,2,2,01,A01
201700051350,2,31,000,00,2,6,13,B01
201700051351,1,17,000,00,2,2,14,A01
201700051351,1,10,000,04,2,6,01,B01
201700051352,1,10,000,00,2,4,02,B01
201700051352,1,14,000,00,2,1,02,A01
201700051352,1,07,000,00,2,4,02,C01
201700051353,1,07,000,00,2,1,01,A01
201700051353,1,07,000,00,0,5,01,B01
201700051354,1,33,000,00,2,1,03,A01
201700051354,1,07,000,00,2,6,11,B01
201700051355,1,33,000,00,0,8,09,B01
201700051355,1,07,000,00,0,0,13,A01
201700051356,2,07,000,03,0,1,01,A01
201700051357,2,07,000,00,0,4,02,B01
201700051357,2,07,000,00,2,1,09,A01
201700051358,1,33,000,00,2,3,03,B01
201700051358,1,07,000,00,2,2,12,A01
201700051359,1,07,000,00,2,2,12,A01
201700051359,1,33,000,00,2,8,03,B01
201700051360,1,07,000,00,2,2,14,A01
201700051360,1,33,000,00,2,8,09,B01
201700051361,2,07,000,00,2,3,01,A01
201700051361,2,07,000,03,0,4,01,B01
201700051362,2,33,000,03,2,7,01,B01
201700051362,2,10,000,00,2,8,13,A01
201700051362,2,10,000,00,2,8,01,C01
201700051363,2,10,000,00,0,0,00,T01
201700051363,2,14,000,00,0,8,16,A01
201700051364,2,10,000,00,2,1,09,A01
201700051364,2,07,000,00,2,1,09,C01
201700051364,2,07,000,00,2,4,09,B01
201700051365,2,07,000,00,2,1,02,D01
201700051365,2,07,000,00,2,1,02,B01
201700051365,2,07,000,00,2,4,11,Z01
201700051365,2,07,000,00,2,1,02,C01
201700051365,2,07,000,00,2,1,02,A01
201700051366,1,10,000,00,2,6,12,A01
201700051366,1,33,000,00,2,1,03,B01
201700051367,2,07,000,03,2,4,02,B01
201700051367,2,07,000,00,2,0,02,C01
201700051367,2,07,000,00,2,1,02,A01
201700051368,2,17,000,00,2,3,02,A01
201700051368,2,17,000,00,2,5,02,C01
201700051368,2,17,000,00,2,1,02,B01
201700051369,1,07,000,00,0,4,00,C01
201700051369,1,07,000,00,0,4,00,B01
201700051369,1,07,000,00,2,1,01,A01
201700051370,1,10,000,00,2,7,12,Z01
201700051370,1,33,000,00,0,8,01,B01
201700051371,2,07,000,00,2,5,01,B01
201700051371,2,33,000,00,2,1,02,A01
201700051372,2,33,000,00,0,7,01,A01
201700051373,2,07,000,00,2,6,11,A01
201700051373,2,33,000,00,2,7,03,B01
201700051374,2,33,000,00,2,8,00,B01
201700051374,2,07,000,00,2,2,12,A01
201700051375,1,07,000,00,2,7,12,A01
201700051375,1,10,000,00,2,4,02,C01
201700051375,1,33,000,00,2,8,03,B01
201700051376,2,07,000,00,9,8,23,C01
201700051376,2,07,000,00,2,8,23,B01
201700051376,2,14,000,00,2,7,00,A01
201700051377,2,07,000,03,0,1,00,A01
201700051378,1,07,000,03,2,1,14,A01
201700051378,1,07,000,00,2,7,01,B01
201700051379,1,07,000,00,2,5,11,B01
201700051379,1,07,000,00,2,1,01,A01
201700051380,1,33,000,00,2,8,03,B01
201700051380,1,10,000,00,2,7,14,A01
201700051381,2,07,000,00,0,4,02,B01
201700051381,2,07,000,00,2,1,01,A01
201700051382,2,07,000,00,2,8,01,B01
201700051382,2,15,000,00,2,2,01,C01
201700051382,2,15,000,00,2,2,12,A01
201700051383,2,07,000,00,2,6,01,B01
201700051383,2,07,000,00,2,1,02,A01
201700051384,1,15,000,00,2,4,01,B01
201700051384,1,10,000,00,2,1,01,A01
201700051385,2,33,000,00,0,0,03,A01
201700051386,2,07,000,00,2,4,01,B01
201700051386,2,07,000,00,2,4,01,D01
201700051386,2,07,000,00,2,1,01,A01
201700051386,2,07,000,00,2,5,01,C01
201700051387,2,07,000,00,2,8,00,A01
201700051387,2,15,000,00,2,7,01,B01
201700051388,2,17,000,00,2,8,01,D01
201700051388,2,10,000,00,2,4,01,B01
201700051388,2,07,000,03,2,4,01,C01
201700051388,2,10,000,00,2,1,02,A01
201700051389,2,07,000,00,2,1,01,A01
201700051389,2,07,000,00,2,4,01,B01
201700051390,2,07,000,04,2,4,23,B01
201700051390,2,07,000,00,2,1,02,A01
201700051391,2,34,000,00,2,1,00,A01
201700051391,2,02,000,00,2,1,00,B01
201700051392,1,07,000,00,2,4,01,C01
201700051392,1,07,000,00,2,4,01,E01
201700051392,1,10,000,00,2,1,01,A01
201700051392,1,10,000,00,2,1,01,B01
201700051392,1,07,000,00,2,4,01,D01
201700051393,2,17,000,00,2,2,12,A01
201700051393,2,07,000,00,2,6,01,B01
201700051394,2,07,000,00,2,4,02,C01
201700051394,2,07,000,00,2,4,01,B01
201700051394,2,07,000,00,2,1,02,A01
201700051395,2,07,000,00,2,4,02,B01
201700051395,2,33,000,00,2,1,01,C01
201700051395,2,07,000,00,2,1,02,A01
201700051396,1,07,000,04,2,1,12,A01
201700051396,1,07,000,00,2,8,01,B01
201700051397,1,07,000,00,2,8,01,A01
201700051397,1,07,000,00,2,7,00,C01
201700051397,1,15,000,00,2,2,14,B01
201700051398,1,33,000,00,2,1,03,A01
201700051398,1,07,000,00,2,6,11,B01
201700051399,1,07,000,00,2,4,01,C01
201700051399,1,07,000,03,2,1,01,A01
201700051399,1,07,000,00,2,6,00,B01
201700051399,1,07,000,00,2,4,01,D01
201700051399,1,07,000,00,2,4,01,E01
201700051400,1,15,000,00,2,7,12,A01
201700051400,1,07,000,00,2,3,01,B01
201700051401,1,33,000,00,2,7,17,A01
201700051401,1,07,000,00,2,6,00,B01
201700051402,1,33,000,00,2,8,00,B01
201700051402,1,07,000,00,2,6,11,A01
201700051403,1,07,000,00,2,4,01,B01
201700051403,1,07,000,00,0,4,00,C01
201700051403,1,10,000,00,0,0,00,A01
201700051404,1,07,000,00,2,4,01,B01
201700051404,1,07,000,00,2,1,01,A01
201700051405,1,33,000,00,2,1,01,A01
201700051405,1,07,000,00,2,4,01,B01
201700051406,2,07,000,00,2,2,01,E01
201700051406,2,07,000,00,2,1,01,D01
201700051406,2,07,000,00,2,4,01,C01
201700051406,2,07,000,00,2,4,01,A01
201700051406,2,07,000,00,0,4,01,B01
201700051407,1,07,000,00,2,4,02,C01
201700051407,1,07,000,00,2,1,02,A01
201700051407,1,07,000,00,2,4,23,B01
201700051408,1,07,000,00,2,0,00,A01
201700051408,1,07,000,00,2,4,01,B01
201700051409,2,07,000,00,0,4,01,B01
201700051409,2,07,000,00,2,1,01,A01
201700051410,1,15,000,00,2,7,12,A01
201700051410,1,07,000,00,2,8,01,B01
201700051411,2,07,000,04,2,6,09,A01
201700051411,2,17,000,00,2,2,01,B01
201700051412,1,07,000,00,2,4,02,D01
201700051412,1,07,000,00,2,4,02,C01
201700051412,1,07,000,00,2,4,02,B01
201700051412,1,07,000,00,2,1,02,A01
201700051412,1,07,000,00,2,4,01,E01
201700051413,1,07,000,00,2,6,11,A01
201700051413,1,33,000,00,2,1,01,B01
201700051414,1,07,000,00,2,1,02,B01
201700051414,1,07,000,00,2,1,02,A01
201700051414,1,10,000,00,2,4,01,C01
201700051415,2,10,000,00,2,1,01,B01
201700051415,2,31,000,00,2,9,01,A01
201700051416,1,07,000,00,2,4,01,E01
201700051416,1,07,000,00,2,4,02,B01
201700051416,1,10,000,00,2,1,02,A01
201700051416,1,07,000,00,2,4,02,D01
201700051416,1,07,000,00,2,4,02,C01
201700051417,1,07,000,00,2,1,02,A01
201700051417,1,07,000,00,2,4,02,B01
201700051417,1,07,000,00,2,4,01,C01
201700051418,1,31,000,00,2,7,03,B01
201700051418,1,07,000,00,2,6,11,A01
201700051419,2,33,000,00,2,7,01,C01
201700051419,2,17,000,00,2,2,14,A01
201700051419,2,07,000,04,2,8,01,B01
201700051420,1,07,000,03,0,1,13,A01
201700051421,1,07,000,07,9,1,14,A01
201700051422,2,07,000,00,2,0,01,B01
201700051422,2,07,000,00,2,1,01,C01
201700051422,2,07,000,00,2,1,01,D01
201700051422,2,17,000,00,2,3,13,A01
201700051423,1,17,000,00,2,2,14,A01
201700051423,1,07,000,04,2,8,01,B01
201700051424,2,07,000,00,2,6,01,B01
201700051424,2,33,000,04,2,7,13,A01
201700051424,2,07,000,00,2,5,01,C01
201700051425,2,33,000,04,0,1,01,A01
201700051426,1,07,000,00,2,8,11,A01
201700051426,1,33,000,00,2,7,01,B01
201700051427,2,10,000,00,2,4,02,A01
201700051427,2,10,000,00,2,4,02,B01
201700051428,2,07,000,00,2,4,01,B01
201700051428,2,14,000,00,2,1,01,A01
201700051428,2,07,000,00,2,4,01,D01
201700051428,2,07,000,00,2,4,01,C01
201700051429,1,07,000,,2,5,12,Z01
201700051429,1,10,000,04,2,3,01,A01
201700051430,1,33,000,00,0,7,01,A01
201700051431,2,07,000,00,0,2,12,A01
201700051431,2,33,000,00,2,8,01,B01
201700051432,2,07,000,00,2,1,02,Z01
201700051432,2,07,000,00,2,4,02,B01
201700051432,2,07,000,00,2,4,02,A01
201700051433,2,07,000,00,2,4,02,C01
201700051433,2,07,000,00,2,4,23,B01
201700051433,2,14,000,00,2,1,02,A01
201700051433,2,07,000,00,2,4,02,D01
201700051434,2,14,000,00,2,7,13,B01
201700051434,2,07,000,00,2,8,09,A01
201700051434,2,07,000,00,2,0,00,C01
201700051435,2,07,000,00,2,1,18,A01
201700051435,2,15,000,00,2,7,01,B01
201700051435,2,07,000,00,2,7,23,C01
201700051436,1,31,000,00,2,2,03,B01
201700051436,1,07,000,00,2,3,11,A01
201700051437,1,07,000,00,2,5,23,B01
201700051437,1,31,000,00,2,1,02,A01
201700051438,1,10,000,00,2,7,01,B01
201700051438,1,07,000,04,2,6,01,A01
201700051439,2,07,000,00,2,4,01,B01
201700051439,2,07,000,00,2,1,02,A01
201700051440,2,07,000,00,2,5,14,A01
201700051440,2,33,000,00,2,8,01,B01
201700051441,2,07,000,03,2,6,01,B01
201700051441,2,07,000,03,2,2,11,A01
201700051442,2,07,000,03,0,1,01,A01
201700051443,1,33,000,00,2,1,02,B01
201700051443,1,10,000,00,2,6,02,A01
201700051444,2,07,000,00,2,4,23,C01
201700051444,2,07,000,00,2,1,02,A01
201700051444,2,07,000,00,2,1,23,B01
201700051444,2,07,000,00,2,8,23,D01
201700051445,2,33,000,00,2,1,01,B01
201700051445,2,07,000,00,2,7,12,A01
201700051446,1,10,000,00,2,1,01,A01
201700051446,1,07,000,00,2,4,01,B01
201700051447,2,34,000,00,9,2,01,A01
201700051448,1,32,000,00,2,7,01,B01
201700051448,1,07,000,00,2,8,11,A01
201700051449,1,07,000,04,2,3,01,B01
201700051449,1,10,000,00,2,3,01,C01
201700051449,1,17,000,00,2,2,12,A01
201700051450,2,07,000,00,2,3,11,A01
201700051450,2,32,000,00,2,7,00,B01
201700051451,1,07,000,00,2,2,01,C01
201700051451,1,07,000,00,0,6,01,B01
201700051451,1,07,000,00,2,2,14,A01
201700051452,2,07,000,00,2,8,01,B01
201700051452,2,17,000,00,2,2,14,A01
201700051453,2,07,000,00,2,4,23,C01
201700051453,2,07,000,00,2,4,23,B01
201700051453,2,07,000,00,2,1,02,A01
201700051454,1,07,000,00,2,1,01,B01
201700051454,1,07,000,00,0,1,01,C01
201700051454,1,07,000,00,2,7,09,A01
201700051455,1,07,000,03,0,3,13,A01
201700051456,1,07,000,04,0,1,13,A01
201700051457,1,31,000,00,0,8,00,A01
201700051458,2,15,000,00,2,8,01,B01
201700051458,2,33,000,15,2,7,17,A01
201700051459,2,33,000,04,9,0,01,A01
201700051459,2,07,000,00,9,0,01,B01
201700051460,2,15,000,00,9,8,01,C01
201700051460,2,07,000,00,2,5,14,A01
201700051460,2,33,000,00,2,1,03,B01
201700051461,2,17,000,00,2,1,01,A01
201700051461,2,07,000,00,2,4,00,B01
201700051462,2,33,000,00,2,8,03,B01
201700051462,2,10,000,00,2,2,14,A01
201700051463,2,07,000,00,2,4,02,C01
201700051463,2,10,000,00,2,4,02,B01
201700051463,2,10,000,00,2,1,02,A01
201700051464,1,34,000,00,2,8,03,B01
201700051464,1,07,000,00,2,7,12,A01
201700051465,2,10,000,00,2,1,02,A01
201700051465,2,07,000,00,2,4,02,B01
201700051466,2,07,000,00,2,4,02,B01
201700051466,2,07,000,00,2,1,02,A01
201700051467,2,10,000,00,2,6,11,A01
201700051467,2,33,000,00,2,7,03,B01
201700051468,1,07,000,00,2,4,02,B01
201700051468,1,07,000,00,2,5,23,C01
201700051468,1,17,000,00,2,1,02,A01
201700051469,2,07,000,00,2,4,23,B01
201700051469,2,07,000,00,2,1,02,A01
201700051469,2,10,000,00,2,4,23,C01
201700051470,2,33,000,00,5,1,01,A01
201700051471,2,07,000,00,2,2,02,A01
201700051471,2,07,000,00,2,4,23,B01
201700051472,1,07,000,00,2,8,01,B01
201700051472,1,07,000,00,2,0,01,C01
201700051472,1,17,000,00,2,2,12,A01
201700051473,1,17,000,00,2,2,12,Z01
201700051473,1,07,000,04,0,6,01,B01
201700051474,1,31,000,00,2,2,03,B01