Num_Acc,senc,catv,occutc,obs,obsm,choc,manv,num_veh
201700051474,1,07,000,00,2,8,11,A01
201700051475,2,07,000,00,2,3,00,A01
201700051475,2,07,000,00,2,3,01,C01
201700051475,2,07,000,00,2,5,23,D01
201700051475,2,10,000,00,2,5,01,B01
201700051476,2,07,000,00,2,4,02,B01
201700051476,2,17,000,00,2,1,01,A01
201700051477,1,07,000,00,2,5,12,A01
201700051477,1,33,000,00,2,1,03,B01
201700051478,1,07,000,00,2,6,11,A01
201700051478,1,33,000,00,2,7,00,B01
201700051479,2,07,000,00,2,1,11,A01
201700051479,2,07,000,00,2,4,23,B01
201700051480,2,07,000,00,2,3,01,A01
201700051480,2,10,000,04,2,8,19,B01
201700051481,1,17,000,00,2,1,01,B01
201700051481,1,07,000,04,2,7,14,A01
201700051482,1,07,000,00,2,1,05,A01
201700051482,1,07,000,04,2,1,01,B01
201700051482,1,07,000,04,2,7,01,C01
201700051483,1,10,000,00,2,1,01,A01
201700051483,1,07,000,00,2,5,01,D01
201700051483,1,17,000,00,2,8,23,B01
201700051483,1,07,000,00,2,2,01,C01
201700051484,2,07,000,03,2,1,02,A01
201700051484,2,07,000,03,2,5,01,B01
201700051485,2,31,000,00,2,1,03,B01
201700051485,2,07,000,00,2,6,11,A01
201700051486,2,17,000,00,2,2,01,B01
201700051486,2,07,000,00,2,6,01,A01
201700051487,2,07,000,00,2,1,14,A01
201700051487,2,07,000,00,2,6,01,B01
201700051488,2,07,000,03,2,2,13,A01
201700051489,2,07,000,00,2,5,11,B01
201700051489,2,31,000,00,2,1,03,A01
201700051490,1,07,000,03,2,4,01,B01
201700051490,1,07,000,03,2,1,14,A01
201700051491,2,07,000,00,2,4,01,B01
201700051491,2,07,000,00,2,3,02,A01
201700051492,1,07,000,04,0,3,13,A01
201700051493,1,10,000,00,2,7,14,A01
201700051493,1,10,000,00,2,3,01,B01
201700051494,2,10,000,00,2,0,12,A01
201700051494,2,33,000,00,2,8,03,B01
201700051495,1,33,000,00,2,1,01,A01
201700051495,1,07,000,00,2,6,01,B01
201700051496,1,07,000,00,2,4,01,B01
201700051496,1,10,000,00,2,1,01,A01
201700051497,2,07,000,00,2,1,01,A01
201700051497,2,07,000,00,2,4,01,B01
201700051498,2,07,000,00,2,1,02,A01
201700051498,2,07,000,00,2,4,23,B01
201700051499,1,07,000,13,0,1,01,A01
201700051500,1,07,000,00,2,1,02,B01
201700051500,1,07,000,12,0,1,01,C01
201700051500,1,07,000,03,0,3,01,A01
201700051501,1,17,000,00,0,0,00,A01
201700051501,1,15,000,00,0,0,00,D01
201700051501,1,15,000,00,0,1,00,C01
201700051501,1,15,000,00,2,1,00,B01
201700051502,2,07,000,00,2,1,02,A01
201700051502,2,07,000,00,2,4,01,B01
201700051503,2,07,000,00,2,5,01,A01
201700051504,1,33,000,00,0,8,01,A01
201700051505,1,07,000,05,0,1,01,A01
201700051506,1,07,000,04,0,1,01,A01
201700051507,2,17,000,00,2,2,01,C01
201700051507,2,07,000,00,2,1,01,B01
201700051507,2,07,000,00,2,5,01,A01
201700051508,1,17,000,00,2,7,12,Z01
201700051508,1,07,000,04,2,8,01,A01
201700051509,2,07,000,00,2,4,01,B01
201700051509,2,07,000,00,2,1,02,A01
201700051510,2,07,000,04,0,8,13,A01
201700051511,1,07,000,00,2,6,23,C01
201700051511,1,07,000,00,2,6,12,A01
201700051511,1,17,000,00,2,1,00,B01
201700051512,1,33,000,00,2,8,03,B01
201700051512,1,07,000,00,2,0,12,A01
201700051513,2,33,000,00,0,7,01,A01
201700051514,2,07,000,00,2,5,23,B01
201700051514,2,07,000,00,2,3,02,A01
201700051514,2,07,000,00,2,4,23,D01
201700051514,2,07,000,00,2,6,23,C01
201700051515,1,07,000,00,2,3,01,C01
201700051515,1,17,000,00,2,2,12,Z01
201700051515,1,07,000,04,2,6,01,B01
201700051516,1,07,000,00,2,5,01,B01
201700051517,1,07,000,00,2,8,11,B01
201700051517,1,33,000,00,2,7,03,A01
201700051518,2,31,000,00,2,6,03,B01
201700051518,2,07,000,00,2,7,12,A01
201700051518,2,07,000,00,2,8,00,C01
201700051519,2,07,000,00,2,4,01,B01
201700051519,2,07,000,00,2,1,02,A01
201700051520,2,07,000,00,2,5,01,B01
201700051520,2,07,000,00,2,1,02,A01
201700051521,2,07,000,00,2,0,00,A01
201700051521,2,07,000,03,2,3,00,B01
201700051521,2,07,000,00,2,0,00,C01
201700051521,2,07,000,00,2,0,00,D01
201700051521,2,07,000,00,2,1,00,E01
201700051521,2,07,000,00,2,0,23,F02
201700051521,2,07,000,00,2,0,23,G02
201700051521,2,07,000,00,2,4,00,H02
201700051521,2,07,000,00,2,0,00,I02
201700051521,2,07,000,00,2,1,00,J02
201700051521,2,07,000,00,0,5,00,K03
201700051521,2,07,000,00,2,4,01,L03
201700051521,2,07,000,00,2,2,00,M03
201700051521,2,07,000,00,2,2,00,N03
201700051521,2,07,000,00,2,0,00,Z03
201700051522,2,17,000,00,2,2,00,A01
201700051522,2,07,000,00,2,6,00,B01
201700051523,2,07,000,00,2,1,02,A01
201700051523,2,07,000,00,2,4,01,B01
201700051524,1,17,000,00,2,0,01,B01
201700051524,1,07,000,00,2,4,01,C01
201700051524,1,07,000,00,2,8,09,A01
201700051525,1,07,000,00,2,1,14,A01
201700051525,1,07,000,00,2,4,02,B01
201700051525,1,07,000,00,2,1,01,C01
201700051526,2,17,000,00,2,4,01,B01
201700051526,2,07,000,00,2,1,02,A01
201700051527,2,07,000,04,0,1,01,A01
201700051528,2,07,000,00,2,8,13,B01
201700051528,2,14,000,00,2,2,01,A01
201700051529,1,07,000,00,2,4,02,B01
201700051529,1,33,000,00,2,0,01,A01
201700051530,1,31,000,00,2,7,03,B01
201700051530,1,10,000,00,2,4,11,A01
201700051531,1,10,000,00,2,4,02,C01
201700051531,1,10,000,00,2,4,02,B01
201700051531,1,10,000,00,2,1,02,A01
201700051532,1,07,000,00,2,1,02,A01
201700051532,1,07,000,00,2,4,01,C01
201700051532,1,07,000,00,2,4,02,B01
201700051533,2,10,000,00,2,1,02,A01
201700051533,2,07,000,00,2,4,02,B01
201700051533,2,07,000,00,2,4,02,C01
201700051534,1,07,000,00,2,4,23,D01
201700051534,1,07,000,00,2,0,02,B01
201700051534,1,07,000,00,2,1,02,A01
201700051534,1,07,000,00,2,4,02,C01
201700051535,2,07,000,00,2,1,02,A01
201700051535,2,07,000,03,2,4,01,B01
201700051536,2,07,000,00,2,3,14,A01
201700051536,2,07,000,00,2,4,01,B01
201700051537,2,07,000,04,2,1,01,A01
201700051537,2,07,000,00,2,2,01,B01
201700051538,2,07,000,00,2,1,02,A01
201700051538,2,07,000,00,2,1,02,B01
201700051538,2,07,000,00,2,4,23,C01
201700051539,1,07,000,03,0,1,13,A01
201700051540,2,07,000,00,2,1,01,B01
201700051540,2,07,000,00,2,4,01,A01
201700051541,1,07,000,00,2,4,02,D01
201700051541,1,07,000,00,2,1,23,B01
201700051541,1,07,000,00,2,4,23,A01
201700051541,1,20,000,00,2,1,02,E01
201700051541,1,07,000,00,2,4,23,C01
201700051542,2,07,000,00,2,4,23,B01
201700051542,2,07,000,00,2,4,23,A01
201700051542,2,07,000,00,2,1,02,C01
201700051543,1,07,000,00,2,1,01,C01
201700051543,1,07,000,00,2,2,01,B01
201700051543,1,07,000,00,2,4,01,A01
201700051543,1,07,000,00,2,1,01,D01
201700051544,2,10,000,00,2,4,23,B01
201700051544,2,07,000,00,2,4,02,A01
201700051544,2,07,000,00,2,3,21,C01
201700051545,2,07,000,00,0,1,01,A01
201700051546,2,07,000,00,0,1,01,A01
201700051547,1,07,000,00,2,4,23,A01
201700051547,2,07,000,00,2,1,02,B01
201700051548,2,07,000,00,2,1,02,B01
201700051548,2,07,000,00,2,4,23,A01
201700051549,2,07,000,00,1,2,00,A01
201700051550,2,33,000,00,2,3,01,A01
201700051550,2,07,000,00,2,7,12,B01
201700051551,1,07,000,00,2,4,02,A01
201700051551,1,17,000,00,2,4,02,B01
201700051552,1,07,000,00,2,1,02,B01
201700051552,1,07,000,00,2,4,23,A01
201700051553,1,07,000,00,2,4,23,A01
201700051553,1,07,000,00,2,1,02,C01
201700051553,1,07,000,00,2,4,23,B01
201700051554,1,10,000,00,2,1,02,B01
201700051554,1,10,000,03,0,4,02,A01
201700051555,1,07,000,00,2,1,02,B01
201700051555,1,07,000,00,2,4,02,A01
201700051556,2,07,000,00,2,6,00,A01
201700051556,2,17,000,00,2,0,00,B01
201700051557,2,07,000,00,2,1,01,B01
201700051557,2,07,000,00,2,4,02,A01
201700051558,2,17,000,00,2,1,12,A01
201700051558,2,07,000,00,2,8,01,B01
201700051559,2,07,000,00,2,7,01,A01
201700051559,2,15,000,00,2,3,11,B01
201700051560,1,17,000,01,2,2,01,B01
201700051560,1,17,000,01,2,6,00,A01
201700051561,2,07,000,00,2,7,01,A01
201700051561,2,07,000,00,2,3,13,B01
201700051562,2,07,000,03,2,3,13,A01
201700051562,2,07,000,15,2,8,01,B01
201700051563,2,07,000,00,2,4,01,A01
201700051563,2,17,000,00,2,2,01,B01
201700051564,1,07,000,00,2,4,01,A01
201700051564,1,33,000,00,2,1,02,B01
201700051565,2,07,000,00,2,8,01,A01
201700051565,2,15,000,00,2,2,12,B01
201700051566,1,17,000,00,2,2,01,A01
201700051566,1,07,000,00,2,8,11,B01
201700051567,2,07,000,00,2,4,01,B01
201700051567,2,07,000,00,2,1,02,C01
201700051567,2,07,000,00,2,4,23,A01
201700051568,1,07,000,00,2,1,02,B01
201700051568,1,07,000,00,2,4,02,A01
201700051569,1,10,000,00,2,4,02,B01
201700051569,1,15,000,00,2,1,02,D01
201700051569,1,10,000,00,2,4,02,C01
201700051569,1,10,000,00,2,4,02,A01
201700051570,2,07,000,00,2,4,02,A01
201700051570,2,07,000,00,2,1,02,B01
201700051571,2,07,000,00,2,4,01,B01
201700051571,2,07,000,00,2,3,02,A01
201700051571,2,07,000,00,2,8,02,C01
201700051571,2,07,000,00,2,4,01,D01
201700051572,2,07,000,00,2,1,01,B01
201700051572,2,10,000,00,2,1,01,C01
201700051572,2,07,000,00,2,4,23,A01
201700051572,2,07,000,00,2,1,01,D01
201700051573,2,07,000,00,2,7,01,C01
201700051573,2,07,000,00,2,7,01,B01
201700051573,2,07,000,00,2,5,01,A01
201700051573,2,31,000,00,2,8,03,D01
201700051574,1,07,000,00,2,4,01,A01
201700051574,2,17,000,14,2,1,02,B01
201700051574,2,15,000,14,2,2,02,C01
201700051575,2,07,000,00,2,4,01,A01
201700051575,2,07,000,00,2,1,02,B01
201700051576,2,10,000,06,0,1,01,A01
201700051577,2,33,000,04,0,7,00,A01
201700051578,1,15,000,00,2,4,02,A01
201700051578,1,07,000,00,2,1,02,B01
201700051579,2,07,000,03,0,1,01,A01
201700051580,1,33,000,00,2,1,02,B01
201700051580,1,07,000,00,2,5,02,A01
201700051581,2,07,000,03,0,2,14,A01
201700051582,1,10,000,00,2,8,01,A01
201700051582,1,17,000,00,2,2,12,B01
201700051583,2,14,000,03,0,3,21,A01
201700051584,2,99,000,00,2,4,02,A01
201700051584,2,07,000,00,2,1,02,B01
201700051585,1,07,000,03,2,3,13,A01
201700051585,1,07,000,00,2,2,01,B01
201700051586,2,07,000,00,2,4,11,B01
201700051586,2,33,000,00,2,1,02,A01
201700051587,2,07,000,00,2,4,02,A01
201700051587,2,07,000,00,2,1,02,B01
201700051588,1,34,000,04,0,8,13,A01
201700051589,2,10,000,00,2,4,01,A01
201700051589,2,07,000,00,2,1,02,B01
201700051590,2,15,000,00,2,7,12,A01
201700051590,2,07,000,04,2,8,01,B01
201700051591,1,07,000,00,2,5,11,A01
201700051591,1,07,000,03,2,3,01,B01
201700051592,1,07,000,00,2,1,05,A01
201700051592,1,07,000,00,2,1,01,B01
201700051593,2,07,000,00,2,8,11,A01
201700051593,2,33,000,00,2,1,03,B01
201700051594,2,15,000,00,2,8,01,A01
201700051594,2,07,000,00,2,6,01,B01
201700051594,2,07,000,00,2,5,01,C01
201700051594,2,07,000,00,2,6,01,D01
201700051594,2,07,000,03,2,3,13,E01
201700051595,1,10,000,00,2,6,11,A01
201700051595,2,07,000,00,2,2,01,B01
201700051596,2,10,000,00,2,3,01,A01
201700051596,2,10,000,00,2,5,23,B01
201700051596,2,07,000,00,2,7,21,C01
201700051596,2,07,000,00,2,2,23,D01
201700051597,2,07,000,00,2,4,02,A01
201700051597,2,07,000,00,2,1,02,B01
201700051598,2,33,000,00,0,8,00,A01
201700051599,2,07,000,13,2,6,01,A01
201700051599,2,15,000,00,2,2,12,B01
201700051600,2,07,000,00,2,1,02,C01
201700051600,2,07,000,00,2,4,02,A01
201700051600,2,14,000,00,2,1,02,B01
201700051601,2,37,000,03,2,4,01,A01
201700051601,2,07,000,00,2,1,02,B01
201700051602,2,07,000,00,2,8,01,A01
201700051602,2,17,000,00,2,2,12,B01
201700051603,1,07,000,00,2,1,02,C01
201700051603,1,07,000,00,2,4,02,B01
201700051603,1,07,000,00,2,4,01,A01
201700051604,2,14,000,00,2,4,23,A01
201700051604,2,07,000,00,2,1,02,B01
201700051605,2,07,000,00,2,4,00,A01
201700051605,2,10,000,00,2,1,00,B01
201700051606,1,33,000,00,2,6,21,A01
201700051606,1,07,000,00,2,4,01,B01
201700051607,2,07,000,00,2,4,02,B01
201700051607,2,07,000,00,2,1,02,C01
201700051607,2,07,000,00,2,4,23,A01
201700051608,1,07,000,03,0,1,16,A01
201700051609,2,07,000,00,2,1,02,C01
201700051609,2,07,000,00,2,4,02,A01
201700051609,2,07,000,00,2,4,02,B01
201700051610,1,07,000,00,2,8,01,B01
201700051610,1,15,000,00,2,2,12,A01
201700051611,1,10,000,00,0,2,02,A01
201700051612,1,07,000,00,2,4,01,A01
201700051612,1,17,000,00,2,4,02,B01
201700051612,1,17,000,00,2,1,02,C01
201700051613,1,07,000,00,2,5,02,B01
201700051613,1,07,000,00,2,2,01,E01
201700051613,1,07,000,00,2,4,02,A01
201700051613,1,07,000,00,2,2,21,D01
201700051613,1,07,000,00,2,6,01,C01
201700051614,2,07,000,00,1,1,23,B01
201700051614,2,10,000,00,1,0,23,A01
201700051615,1,07,000,00,2,4,02,B01
201700051615,1,07,000,00,2,4,02,C01
201700051615,1,07,000,00,2,1,02,A01
201700051616,2,07,000,00,2,1,01,D01
201700051616,2,07,000,03,2,3,02,A01
201700051616,2,07,000,01,2,6,12,C01
201700051616,2,07,000,14,0,5,02,B01
201700051617,2,07,000,00,2,1,02,C01
201700051617,1,07,000,00,2,1,02,A01
201700051617,2,07,000,00,2,4,02,B01
201700051618,2,07,000,00,2,4,02,H02
201700051618,2,07,000,00,2,2,03,E01
201700051618,2,07,000,00,2,4,02,C01
201700051618,2,15,000,00,2,1,02,G02
201700051618,2,10,000,00,2,6,03,D01
201700051618,2,07,000,00,2,1,03,F01
201700051618,2,07,000,00,2,1,02,A01
201700051618,2,07,000,00,2,4,02,B02
201700051619,1,07,000,00,0,4,23,D01
201700051619,1,10,000,00,2,1,12,A01
201700051619,1,07,000,03,0,4,23,B01
201700051619,1,07,000,00,2,4,23,C01
201700051620,2,07,000,00,2,4,02,C01
201700051620,0,07,000,00,2,4,02,D01
201700051620,2,07,000,00,2,1,02,A01
201700051620,2,07,000,00,0,0,00,B01
201700051621,1,07,000,00,2,1,18,Z01
201700051621,1,07,000,16,2,9,01,A01
201700051622,2,15,000,00,2,2,00,B01
201700051622,2,07,000,03,2,6,00,A01
201700051622,2,07,000,00,9,3,21,C01
201700051623,1,07,000,00,2,1,02,A01
201700051623,1,07,000,00,2,5,02,B01
201700051623,1,07,000,00,2,6,02,C01
201700051623,1,07,000,00,2,4,02,D01
201700051624,1,07,000,00,2,1,17,Z01
201700051624,1,07,000,00,2,4,17,B01
201700051625,1,33,000,03,2,8,18,B01
201700051625,1,07,000,00,2,2,14,A01
201700051626,2,07,000,02,0,2,14,A01
201700051627,1,07,000,01,0,1,14,A01
201700051627,1,07,000,03,0,6,02,B01
201700051628,2,07,000,03,2,5,01,B01
201700051628,2,14,000,00,2,3,11,A01
201700051629,2,07,000,00,2,8,01,B01
201700051629,2,07,000,00,2,4,02,C01
201700051629,2,14,000,00,2,7,17,A01
201700051630,1,07,000,00,2,1,02,A01
201700051630,1,07,000,00,2,4,02,B01
201700051630,1,07,000,00,2,4,02,D01
201700051630,1,07,000,00,2,4,02,C01
201700051631,1,07,000,00,2,4,02,A01
201700051631,1,07,000,00,2,4,02,B01
201700051632,1,07,000,00,2,1,02,A01
201700051632,1,07,000,00,2,4,02,C01
201700051632,1,07,000,00,2,4,02,B01
201700051632,1,10,000,00,2,4,02,D01
201700051633,1,07,000,03,2,4,09,A01
201700051633,1,15,000,00,2,1,00,B01
201700051634,1,07,000,00,2,4,02,B01
201700051634,1,10,000,00,2,1,02,A01
201700051634,1,07,000,00,2,6,02,C01
201700051635,2,10,000,03,2,3,21,A01
201700051635,2,07,000,00,2,4,02,B01
201700051635,2,10,000,00,2,4,23,D01
201700051635,2,07,000,00,2,4,23,C01
201700051636,1,10,000,00,2,1,02,A01
201700051636,1,07,000,03,2,4,02,B01
201700051637,1,07,000,00,2,4,02,C01
201700051637,1,10,000,00,2,1,02,A01
201700051637,1,10,000,00,2,4,02,B01
201700051638,2,07,000,00,2,4,02,D01
201700051638,2,10,000,00,2,4,02,C01
201700051638,2,10,000,00,2,4,07,B01
201700051638,2,10,000,00,2,1,02,A01
201700051639,1,07,000,00,2,1,13,A01
201700051639,2,07,000,03,2,3,21,B01
201700051639,2,07,000,00,2,1,21,C01
201700051640,1,15,000,00,2,4,02,C01
201700051640,1,07,000,00,2,4,02,B01
201700051640,1,07,000,00,2,2,02,A01
201700051641,1,07,000,00,2,1,02,C01
201700051641,1,07,000,00,2,6,02,B01
201700051641,1,07,000,00,2,1,02,A01
201700051642,2,07,000,00,2,4,02,B01
201700051642,2,07,000,00,2,1,02,A01
201700051643,1,07,000,00,2,1,02,A01
201700051643,1,07,000,00,2,4,02,B01
201700051644,2,07,000,00,2,4,02,E01
201700051644,2,07,000,00,2,4,00,F02
201700051644,2,14,000,00,2,1,02,A01
201700051644,2,07,000,00,2,4,02,D01
201700051644,2,07,000,00,2,4,02,B01
201700051644,2,07,000,00,2,4,02,C01
201700051645,2,07,000,00,2,4,02,C01
201700051645,2,07,000,00,2,1,02,A01
201700051645,2,07,000,00,2,4,02,B01
201700051646,1,07,000,00,2,4,02,B01
201700051646,1,07,000,00,2,1,02,A01
201700051647,2,07,000,00,2,1,02,A01
201700051647,2,07,000,00,2,5,02,C01
201700051647,2,07,000,00,2,4,02,B01
201700051648,2,10,000,07,0,9,00,A01
201700051649,2,07,000,00,2,4,02,B01
201700051649,2,07,000,00,2,1,02,A01
201700051650,2,10,000,00,2,1,02,A01
201700051650,2,13,000,00,2,4,02,B01
201700051651,1,07,000,00,2,1,01,E01
201700051651,1,07,000,00,2,5,04,A01
201700051651,1,07,000,00,2,1,02,D01
201700051651,1,07,000,03,0,1,02,B01
201700051651,1,07,000,00,2,3,02,C01
201700051652,1,15,000,00,2,4,02,B01
201700051652,1,07,000,00,2,4,02,C01
201700051652,1,07,000,00,2,4,02,E01
201700051652,1,07,000,00,2,4,02,D01
201700051652,1,14,000,00,2,1,02,A01
201700051653,2,33,000,00,2,1,03,A01
201700051653,2,10,000,00,2,6,15,B01
201700051654,1,07,000,00,2,8,15,Z01
201700051654,1,33,000,00,2,2,02,B01
201700051655,2,07,000,00,2,3,02,A01
201700051655,2,07,000,00,2,2,23,B01
201700051656,1,07,000,00,2,6,23,A01
201700051656,1,07,000,01,0,2,13,B01
201700051657,2,07,000,02,0,1,13,A01
201700051658,2,07,000,00,2,1,02,A01
201700051658,2,07,000,03,2,4,02,B01
201700051659,2,07,000,00,2,3,05,A01
201700051659,2,07,000,00,2,1,01,B01
201700051659,2,37,000,00,2,1,02,C01
201700051659,2,07,000,00,2,3,02,D01
201700051660,1,07,000,03,0,3,00,A01
201700051660,1,07,000,14,0,1,01,B01
201700051661,1,33,000,00,2,3,12,B01
201700051661,1,07,000,00,2,5,12,A01
201700051662,1,07,000,04,0,1,13,A01
201700051663,1,07,000,00,2,1,02,A01
201700051663,1,07,000,14,0,1,02,C01
201700051663,1,10,000,00,2,4,02,B01
201700051664,2,07,000,00,2,4,02,B01
201700051664,2,10,000,00,2,1,02,A01
201700051665,1,07,000,00,2,5,01,B01
201700051665,1,07,000,00,2,8,01,C01
201700051665,1,33,000,03,2,1,18,A01
201700051666,2,14,000,00,2,2,21,A01
201700051666,2,07,000,00,2,4,02,B01
201700051667,1,33,000,00,2,4,02,B01
201700051667,1,07,000,00,2,1,02,A01
201700051668,2,07,000,00,2,2,02,A01
201700051668,2,07,000,06,0,6,02,B01
201700051669,2,07,000,02,0,8,14,A01
201700051670,1,34,000,13,0,8,13,A01
201700051671,1,07,000,14,1,3,21,A01
201700051671,1,07,000,14,0,1,21,B01
201700051672,1,07,000,00,2,6,13,B01
201700051672,1,07,000,00,2,1,02,C01
201700051672,1,07,000,00,2,2,17,A01
201700051673,1,07,000,03,2,8,02,C01
201700051673,1,07,000,00,2,5,02,D01
201700051673,1,15,000,00,2,1,02,A01
201700051673,1,07,000,00,2,4,02,E01
201700051673,1,07,000,03,2,8,02,B01
201700051674,2,15,000,00,9,4,20,B01
201700051674,2,07,000,00,2,1,21,A01
201700051675,1,07,000,02,0,7,14,A01
201700051676,2,07,000,00,2,3,05,A01
201700051676,1,07,000,00,2,8,00,C01
201700051676,1,07,000,00,2,3,17,B01
201700051677,2,07,000,00,2,4,02,D01
201700051677,2,07,000,00,2,4,02,B01
201700051677,2,07,000,00,2,5,02,C01
201700051677,2,10,000,00,2,1,02,A01
201700051678,2,15,000,00,2,2,02,A01
201700051678,2,07,000,00,2,4,02,B01
201700051678,2,07,000,00,2,4,23,C01
201700051678,2,07,000,00,2,4,23,D01
201700051679,2,07,000,00,2,4,01,B01
201700051679,2,07,000,00,2,8,23,C01
201700051679,2,07,000,00,2,1,02,A01
201700051680,1,07,000,00,2,3,09,A01
201700051680,1,07,000,00,2,7,01,B01
201700051681,1,07,000,00,2,1,02,A01
201700051681,1,07,000,00,2,4,02,B01
201700051682,2,07,000,00,2,4,23,B01
201700051682,2,10,000,00,2,1,02,A01
201700051683,2,17,000,00,0,0,03,Z01
201700051683,2,07,000,00,2,8,00,B01
201700051684,0,07,000,00,2,4,01,B01
201700051684,2,07,000,00,2,1,01,A01
201700051685,2,33,000,00,0,0,01,A01
201700051686,2,07,000,04,0,1,01,A01
201700051687,1,07,000,00,2,5,01,B01
201700051687,1,33,000,00,2,1,02,A01
201700051688,2,07,000,00,2,1,02,A01
201700051688,2,07,000,00,2,4,02,C01
201700051688,2,07,000,00,2,1,02,B01
201700051688,2,07,000,00,2,4,02,D01
201700051688,2,07,000,00,2,4,02,E01
201700051689,2,07,000,00,9,3,01,B01
201700051689,2,07,000,03,2,2,17,A01
201700051689,2,07,000,00,9,6,01,C01
201700051690,2,07,000,00,2,4,02,B01
201700051690,2,07,000,00,2,4,02,D01
201700051690,2,10,000,00,2,1,02,A01
201700051690,2,07,000,00,2,4,02,E01
201700051690,2,07,000,00,2,6,02,C01
201700051691,1,07,000,03,2,4,01,B01
201700051691,1,07,000,03,2,1,23,A01
201700051692,1,10,000,00,2,3,01,B01
201700051692,2,07,000,00,2,3,13,A01
201700051693,2,10,000,00,2,4,01,B01
201700051693,2,07,000,00,2,1,01,A01
201700051694,2,07,000,00,2,2,01,A01
201700051694,2,07,000,00,2,6,01,B01
201700051695,2,07,000,00,2,1,02,A01
201700051695,2,07,000,00,2,4,02,B01
201700051696,1,15,000,00,2,0,12,A01
201700051696,1,07,000,00,2,6,01,B01
201700051697,2,17,000,00,1,2,01,A01
201700051698,1,07,000,00,2,2,21,A01
201700051698,1,07,000,00,2,6,01,B01
201700051699,2,10,000,00,0,1,14,A01
201700051700,1,07,000,04,0,2,14,A01
201700051701,1,07,000,00,2,2,02,A01
201700051701,1,07,000,00,2,4,14,B01
201700051701,1,10,000,00,9,8,02,C01
201700051702,2,07,000,02,0,6,16,A01
201700051703,1,07,000,00,2,1,02,A01
201700051703,1,07,000,00,2,4,23,C01
201700051703,1,07,000,00,2,4,23,B01
201700051704,1,07,000,00,2,1,02,A01
201700051704,1,07,000,00,2,4,02,B01
201700051705,2,07,000,10,0,2,14,A01
201700051705,1,07,000,00,2,8,23,B01
201700051706,2,07,000,00,2,2,14,A01
201700051706,2,15,000,00,2,3,02,D01
201700051706,2,07,000,00,2,8,01,C01
201700051706,2,07,000,00,2,6,01,B01
201700051707,2,07,000,00,2,1,01,A01
201700051707,2,07,000,00,2,1,02,B01
201700051707,2,07,000,00,2,4,02,C01
201700051708,1,07,000,03,2,4,02,B01
201700051708,1,07,000,03,2,4,02,C01
201700051708,1,07,000,03,2,4,02,A01
201700051709,1,07,000,00,2,4,02,E01
201700051709,2,07,000,00,2,6,02,B01
201700051709,2,07,000,00,2,4,23,C01
201700051709,1,07,000,00,2,4,01,D01
201700051709,1,15,000,00,2,1,01,A01
201700051710,2,10,000,00,2,1,14,A01
201700051710,2,07,000,00,2,4,01,B01
201700051711,2,07,000,00,2,1,13,A01
201700051711,2,07,000,00,2,4,01,B01
201700051712,1,17,000,00,2,2,21,A01
201700051712,1,07,000,00,2,5,23,B01
201700051713,1,07,000,00,2,4,23,F01
201700051713,1,07,000,00,2,6,23,B02
201700051713,1,07,000,00,2,4,23,E01
201700051713,1,07,000,00,2,4,23,C01
201700051713,1,07,000,00,2,6,01,D01
201700051713,1,17,000,00,2,2,14,A02
201700051713,1,10,000,00,2,4,23,G01
201700051714,1,07,000,00,2,1,11,A01
201700051714,1,07,000,00,2,4,02,B01
201700051714,1,10,000,00,2,1,01,C01
201700051715,2,17,000,,,,,A01
201700051716,1,14,000,00,2,2,12,A01
201700051716,1,07,000,00,2,8,01,B01
201700051717,2,07,000,00,0,0,00,Z01
201700051717,2,07,000,03,0,4,02,A01
201700051718,1,17,000,00,2,4,01,C01
201700051718,1,10,000,00,2,4,02,B01
201700051718,1,14,000,00,2,1,02,A01
201700051719,0,33,000,03,0,7,16,A01
201700051720,2,07,000,04,0,6,01,A01
201700051720,2,07,000,00,2,1,00,Z01
201700051721,2,07,000,00,2,2,02,B01
201700051721,2,07,000,00,2,8,11,A01
201700051722,1,10,000,07,2,2,01,A01
201700051723,1,07,000,00,2,1,02,A01
201700051723,1,07,000,00,0,4,11,B01
201700051724,1,17,000,00,2,2,01,B01
201700051724,1,07,000,00,2,3,11,A01
201700051725,0,07,000,00,2,1,02,A01
201700051725,0,07,000,00,2,4,02,B01
201700051725,0,07,000,00,2,4,02,C01
201700051725,0,07,000,00,2,4,02,D01
201700051726,2,07,000,00,2,1,02,A01
201700051726,2,07,000,00,2,4,02,B01
201700051727,2,07,000,00,2,1,02,A01
201700051727,2,07,000,00,2,4,02,B01
201700051727,2,07,000,00,2,4,02,C01
201700051728,2,07,000,00,0,0,00,A01
201700051728,2,07,000,00,0,0,00,B01
201700051729,2,07,000,00,2,4,02,B01
201700051729,2,07,000,00,2,1,02,A01
201700051730,2,07,000,03,0,1,01,A01
201700051731,1,07,000,03,0,3,13,A01
201700051732,2,07,000,00,0,0,24,A01
201700051732,2,15,000,00,2,7,02,B01
201700051733,2,07,000,04,0,3,11,A01
201700051734,2,07,000,00,2,3,01,B01
201700051734,2,07,000,04,2,1,14,A01
201700051735,1,07,000,00,2,1,02,A01
201700051735,1,07,000,00,2,4,02,B01
201700051736,2,07,000,00,2,5,11,A01
201700051736,2,33,000,00,2,9,01,B01