Num_Acc,senc,catv,occutc,obs,obsm,choc,manv,num_veh
201700051737,2,07,000,03,2,7,12,A01
201700051737,2,07,000,03,2,3,01,B01
201700051738,2,33,000,00,2,8,03,B01
201700051738,2,07,000,00,2,2,12,A01
201700051739,1,17,000,00,2,2,14,A01
201700051739,1,07,000,00,2,6,01,B01
201700051740,2,17,000,00,2,2,02,A01
201700051740,2,07,000,00,2,6,02,B01
201700051741,1,07,000,04,0,1,14,A01
201700051742,2,07,000,00,2,4,23,A01
201700051742,2,15,000,00,2,1,01,B01
201700051743,1,07,000,00,1,2,01,A01
201700051743,1,07,000,00,1,1,01,B01
201700051744,1,07,000,04,0,3,13,A01
201700051745,2,15,000,00,2,2,00,Z01
201700051745,2,07,000,04,2,6,01,A01
201700051746,1,32,000,12,0,7,16,A01
201700051747,1,07,000,00,0,8,23,B01
201700051747,1,17,000,01,0,2,14,A01
201700051747,1,07,000,00,0,4,23,C01
201700051748,1,07,000,00,2,1,01,A01
201700051748,1,07,000,00,0,4,23,C01
201700051748,1,07,000,00,2,4,23,B01
201700051749,2,07,000,04,2,1,05,A01
201700051749,2,10,000,00,2,1,01,C01
201700051749,2,33,000,00,2,1,01,B01
201700051750,2,07,000,00,2,1,01,A01
201700051750,2,07,000,00,2,4,00,B01
201700051750,2,07,000,00,2,4,00,C01
201700051751,1,07,000,04,0,1,14,A01
201700051752,1,07,000,03,0,0,00,B01
201700051752,1,07,000,00,2,4,14,A01
201700051753,1,07,000,04,0,9,00,A01
201700051754,1,07,000,01,0,3,03,A01
201700051754,1,07,000,01,2,7,23,D01
201700051754,1,07,000,00,2,7,23,B01
201700051754,1,07,000,01,2,4,23,C01
201700051755,2,07,000,01,0,2,01,B01
201700051755,2,07,000,00,2,3,02,A01
201700051756,1,07,000,00,1,1,01,A01
201700051757,1,07,000,04,0,1,00,A01
201700051758,1,07,000,00,2,0,02,A01
201700051758,1,07,000,00,2,0,00,B01
201700051759,1,14,000,00,0,8,16,A01
201700051760,1,07,000,00,9,4,02,C01
201700051760,1,07,000,00,2,4,02,B01
201700051760,1,07,000,00,2,1,02,A01
201700051761,1,07,000,02,0,3,00,A01
201700051762,2,07,000,00,2,8,11,A01
201700051762,2,14,000,00,2,2,01,B01
201700051763,1,07,000,00,0,4,01,B01
201700051763,1,10,000,00,2,1,01,A01
201700051764,0,07,000,00,2,4,02,C01
201700051764,1,07,000,00,2,1,02,A01
201700051764,1,07,000,00,0,0,00,B01
201700051765,2,07,000,00,2,1,01,A01
201700051765,2,07,000,00,2,4,23,B01
201700051766,2,07,000,00,2,1,02,A01
201700051766,2,07,000,00,2,4,02,B01
201700051767,1,38,000,00,2,1,02,A01
201700051767,1,17,000,00,2,4,02,B01
201700051768,1,07,000,04,0,1,01,A01
201700051769,2,07,000,00,2,1,02,A01
201700051769,2,07,000,00,2,1,02,D01
201700051769,2,10,000,00,2,4,02,C01
201700051769,2,07,000,00,2,4,02,B01
201700051770,1,10,000,00,2,3,02,A01
201700051770,1,07,000,00,2,5,02,B01
201700051770,1,07,000,00,2,4,02,C01
201700051771,2,07,000,00,2,1,02,C01
201700051771,2,14,000,00,0,6,02,B01
201700051771,2,07,000,00,2,1,02,A01
201700051772,2,07,000,00,2,3,12,A01
201700051772,2,07,000,00,2,5,02,B01
201700051772,2,07,000,00,2,4,02,C01
201700051773,1,07,000,00,0,4,01,B01
201700051773,0,07,000,00,2,1,02,A01
201700051774,1,07,000,00,2,7,12,A01
201700051774,1,07,000,00,2,5,01,C01
201700051774,1,07,000,00,2,8,01,D01
201700051774,1,33,000,00,2,8,03,B01
201700051775,2,07,000,00,0,6,01,B01
201700051775,2,07,000,00,2,1,02,A01
201700051776,2,15,000,00,2,0,00,Z01
201700051776,2,07,000,00,2,7,00,B01
201700051777,2,33,000,00,0,9,02,A01
201700051778,2,07,000,00,2,1,02,A01
201700051778,2,07,000,00,2,4,23,B01
201700051778,2,07,000,00,2,4,23,C01
201700051778,2,10,000,00,2,4,23,D01
201700051779,2,07,000,00,0,0,00,A01
201700051779,2,07,000,00,0,0,00,Z01
201700051780,1,07,000,04,0,2,14,A01
201700051781,1,07,000,00,2,5,01,B01
201700051781,1,07,000,04,2,3,17,A01
201700051782,1,10,000,00,2,8,11,A01
201700051782,1,07,000,00,2,5,12,B01
201700051783,1,07,000,04,0,1,13,A01
201700051784,2,02,000,00,0,7,00,A01
201700051785,1,07,000,00,0,0,00,A01
201700051786,2,07,000,00,2,8,05,A01
201700051786,2,07,000,00,2,8,01,B01
201700051787,1,07,000,00,2,6,01,B01
201700051787,1,17,000,00,2,2,01,A01
201700051788,2,07,000,00,2,9,01,B01
201700051788,2,07,000,00,2,1,01,C01
201700051788,2,07,000,00,2,3,12,A01
201700051789,2,07,000,00,2,1,02,Z01
201700051789,2,07,000,00,2,4,01,B01
201700051790,2,07,000,00,2,1,02,A01
201700051790,2,07,000,00,2,4,02,B01
201700051790,2,07,000,00,2,4,02,C01
201700051791,2,07,000,15,0,3,12,A01
201700051792,2,38,000,00,1,1,00,A01
201700051793,2,07,000,01,0,3,01,A01
201700051793,2,07,000,04,0,3,23,B01
201700051794,1,34,000,00,0,7,00,A01
201700051794,1,10,000,00,0,5,00,B01
201700051795,2,07,000,14,2,1,14,A01
201700051795,2,07,000,00,0,4,02,B01
201700051796,2,07,000,00,2,3,14,A01
201700051796,2,07,000,00,2,5,23,B01
201700051796,2,07,000,00,2,4,23,C01
201700051796,2,07,000,00,2,4,23,D01
201700051797,2,07,000,00,2,4,01,B01
201700051797,2,10,000,00,2,1,01,A01
201700051798,1,07,000,00,0,5,14,A01
201700051798,1,33,000,00,2,1,01,B01
201700051799,1,10,000,00,2,7,11,Z01
201700051799,1,33,000,00,2,7,21,B01
201700051800,2,07,000,03,2,6,00,B01
201700051800,2,07,000,00,2,1,14,A01
201700051801,2,10,000,00,2,4,02,B01
201700051801,2,10,000,00,2,1,02,A01
201700051801,2,10,000,00,2,7,01,D01
201700051801,2,10,000,00,2,8,01,C01
201700051802,2,07,000,00,2,0,11,A01
201700051802,2,33,000,00,2,0,01,B01
201700051803,1,07,000,00,2,6,02,D01
201700051803,1,07,000,04,2,2,13,B01
201700051803,1,07,000,04,0,1,12,A01
201700051803,1,07,000,00,2,0,12,Z01
201700051803,1,07,000,00,2,8,02,C01
201700051804,2,07,000,00,2,8,11,A01
201700051804,2,33,000,00,2,7,03,B01
201700051805,2,10,000,00,2,1,02,A01
201700051805,2,07,000,00,2,4,23,B01
201700051805,2,07,000,00,2,4,23,C01
201700051806,2,07,000,00,2,1,02,A01
201700051806,2,07,000,00,2,4,02,B01
201700051806,2,07,000,00,2,6,01,C01
201700051807,2,07,000,00,2,5,02,D01
201700051807,2,07,000,00,2,4,02,C01
201700051807,2,07,000,00,2,4,02,B01
201700051807,2,07,000,00,2,6,02,E01
201700051807,2,07,000,00,2,1,02,A01
201700051808,1,10,000,00,2,1,02,A01
201700051808,1,07,000,00,2,4,23,B01
201700051808,1,07,000,00,2,4,23,C01
201700051809,2,33,000,00,2,8,12,B01
201700051809,2,07,000,00,2,7,17,A01
201700051810,1,17,000,00,2,8,01,B01
201700051810,1,10,000,00,2,5,14,A01
201700051811,2,17,000,00,2,2,02,A01
201700051811,2,10,000,00,2,4,02,E01
201700051811,2,10,000,00,2,4,02,D01
201700051811,2,10,000,00,2,4,02,B01
201700051811,2,10,000,00,2,4,02,C01
201700051812,1,33,000,00,2,4,09,B01
201700051812,1,07,000,00,2,0,00,Z01
201700051813,1,15,000,00,2,7,12,B01
201700051813,1,07,000,00,2,8,09,A01
201700051814,2,10,000,04,0,1,09,A01
201700051815,1,07,000,00,1,5,09,A01
201700051816,1,07,000,03,0,2,14,A01
201700051817,1,07,000,00,2,4,01,Z01
201700051817,1,34,000,14,2,3,01,A01
201700051818,1,07,000,00,2,1,02,A01
201700051818,1,07,000,00,2,4,01,B01
201700051819,1,07,000,00,2,1,02,A01
201700051819,1,07,000,03,2,4,02,B01
201700051820,2,07,000,00,2,3,01,B01
201700051820,2,07,000,04,2,3,01,A01
201700051821,1,07,000,04,0,2,01,A01
201700051822,2,33,000,04,2,1,06,A01
201700051823,1,07,000,00,2,3,01,A01
201700051823,1,07,000,00,2,5,01,B01
201700051824,2,07,000,00,2,5,13,A01
201700051824,2,33,000,00,2,8,03,B01
201700051825,2,07,000,00,2,3,01,A01
201700051825,2,33,000,00,2,7,12,B01
201700051826,2,07,000,04,0,3,01,A01
201700051827,2,15,000,00,2,3,02,A01
201700051827,2,15,000,00,2,5,02,B01
201700051828,2,07,000,03,2,3,13,A01
201700051828,2,07,000,03,2,3,01,B01
201700051828,2,33,000,00,2,3,01,C01
201700051829,2,07,000,00,0,1,00,A01
201700051829,2,07,000,00,0,4,00,B01
201700051829,2,07,000,00,0,4,00,C01
201700051830,2,07,000,00,0,1,00,C01
201700051830,2,07,000,00,0,4,00,E01
201700051830,2,07,000,02,0,4,01,A01
201700051830,2,13,000,00,0,1,00,B01
201700051830,2,07,000,00,0,1,00,D01
201700051831,2,17,000,00,2,4,02,B01
201700051831,2,07,000,00,2,1,02,A01
201700051832,1,07,000,00,2,8,01,B01
201700051832,1,07,000,00,2,2,12,A01
201700051833,2,07,000,00,2,6,01,B01
201700051833,2,07,000,00,2,2,12,A01
201700051834,1,07,000,00,2,3,11,B01
201700051834,1,33,000,00,2,2,03,A01
201700051834,1,07,000,00,0,0,00,T01
201700051835,2,14,000,04,0,2,14,A01
201700051836,1,07,000,00,2,1,12,A01
201700051836,1,07,000,00,2,4,01,B01
201700051837,1,07,000,00,2,6,11,Z01
201700051837,1,34,000,00,2,2,01,A01
201700051838,2,10,000,01,0,1,21,A01
201700051838,2,07,000,01,0,6,24,B01
201700051839,1,07,000,03,0,1,14,A01
201700051840,2,07,000,00,2,8,01,B01
201700051840,2,15,000,00,2,2,17,A01
201700051841,1,15,000,00,2,6,16,B01
201700051841,1,07,000,00,2,7,12,A01
201700051842,2,07,000,00,2,4,00,A01
201700051842,2,34,000,00,2,1,00,B01
201700051843,2,07,000,00,2,7,02,A01
201700051843,2,32,000,00,2,3,03,B01
201700051844,1,07,000,01,0,2,14,A01
201700051844,1,07,000,00,2,3,24,B01
201700051845,2,07,000,00,2,1,02,Z01
201700051845,2,07,000,00,2,4,01,B01
201700051846,2,07,000,00,2,6,01,C01
201700051846,2,07,000,00,2,6,01,B01
201700051846,2,33,000,00,2,1,13,A01
201700051847,1,10,000,04,2,2,02,A01
201700051847,1,07,000,00,2,7,02,B01
201700051848,1,33,000,04,0,8,13,A01
201700051849,2,07,000,00,2,1,02,Z01
201700051849,2,07,000,00,2,1,02,A01
201700051849,2,07,000,00,2,4,23,B01
201700051850,1,07,000,00,2,8,05,A01
201700051850,1,07,000,00,2,8,01,B01
201700051851,2,07,000,03,0,9,00,B01
201700051851,2,07,000,00,0,0,17,Z01
201700051852,2,07,000,00,2,4,12,A01
201700051852,2,33,000,00,2,0,00,B01
201700051853,2,07,000,00,2,8,01,E02
201700051853,2,07,000,00,2,7,00,B02
201700051853,1,07,000,00,2,8,17,A01
201700051853,2,07,000,00,2,4,00,G01
201700051853,2,07,000,00,2,5,00,F01
201700051853,2,07,000,00,2,4,00,D01
201700051853,2,07,000,00,2,3,00,C01
201700051854,2,07,000,00,2,1,12,A01
201700051854,2,07,000,00,2,4,23,B01
201700051855,1,17,000,00,2,0,12,Z01
201700051855,1,07,000,04,2,3,12,A01
201700051856,2,07,000,00,2,1,12,A01
201700051856,2,10,000,00,2,6,01,B01
201700051857,1,17,000,00,2,2,21,A01
201700051857,1,15,000,00,2,5,02,B01
201700051858,1,33,000,00,2,1,02,A01
201700051858,1,07,000,00,2,4,02,B01
201700051859,1,07,000,00,2,1,02,A01
201700051859,1,07,000,00,2,4,02,B01
201700051859,1,07,000,00,2,4,02,C01
201700051860,1,07,000,00,2,3,11,A01
201700051860,1,33,000,00,2,7,03,B01
201700051860,1,07,000,00,2,5,01,C01
201700051860,1,07,000,00,2,0,01,D01
201700051860,1,07,000,00,2,0,01,E01
201700051861,2,07,000,00,2,1,02,A01
201700051861,2,07,000,00,2,4,02,B01
201700051861,2,07,000,00,2,4,01,C01
201700051862,1,15,000,00,2,2,12,A01
201700051862,1,07,000,00,2,8,01,B01
201700051863,1,10,000,00,2,6,00,B01
201700051863,1,31,000,00,2,1,03,A01
201700051864,2,07,000,00,9,1,01,C01
201700051864,2,07,000,00,2,1,17,B01
201700051864,2,07,000,00,2,1,16,A01
201700051865,1,10,000,04,0,1,16,A01
201700051866,2,07,000,00,2,7,24,B01
201700051866,2,15,000,01,0,8,11,Z01
201700051867,2,07,000,03,0,0,00,A01
201700051868,2,33,000,00,2,2,03,B01
201700051868,2,07,000,00,2,8,11,A01
201700051869,2,33,000,00,2,5,00,B01
201700051869,2,33,000,00,2,1,00,A01
201700051870,1,07,000,00,2,1,02,A01
201700051870,1,07,000,00,2,4,02,C01
201700051870,1,07,000,00,2,1,02,E01
201700051870,1,07,000,00,2,4,02,D01
201700051870,1,07,000,00,2,4,02,B01
201700051871,2,07,000,00,2,1,02,A01
201700051871,2,07,000,00,2,4,02,B01
201700051872,1,07,000,13,0,2,14,A01
201700051873,2,07,000,00,2,4,02,E01
201700051873,2,07,000,00,2,1,01,A01
201700051873,2,07,000,00,2,4,02,D01
201700051873,2,07,000,00,2,4,23,B01
201700051873,2,07,000,00,2,4,02,C01
201700051874,1,07,000,03,0,3,02,A01
201700051875,1,07,000,00,2,4,23,B01
201700051875,1,07,000,00,2,6,23,C01
201700051875,1,07,000,00,2,2,02,A01
201700051875,1,07,000,00,2,6,23,D01
201700051876,2,07,000,00,2,8,18,A01
201700051876,2,07,000,00,2,2,01,B01
201700051876,2,10,000,00,0,0,01,T01
201700051877,1,10,000,00,0,6,01,B01
201700051877,1,15,000,00,2,2,12,A01
201700051878,1,07,000,00,2,1,02,A01
201700051878,1,07,000,00,2,4,01,B01
201700051879,1,07,000,00,2,4,23,B01
201700051879,1,33,000,00,2,1,02,A01
201700051880,2,10,000,00,2,2,12,A01
201700051880,2,07,000,00,2,6,11,B01
201700051881,2,17,000,03,2,1,02,A01
201700051881,2,17,000,00,2,4,02,B01
201700051882,1,07,000,00,2,4,02,C01
201700051882,1,07,000,00,2,5,02,B01
201700051882,1,10,000,00,2,3,02,A01
201700051883,2,07,000,00,2,1,02,A01
201700051883,2,07,000,00,2,4,02,B01
201700051883,2,07,000,00,2,4,02,C01
201700051883,2,07,000,00,0,4,02,D01
201700051884,1,07,000,00,2,4,23,B01
201700051884,1,07,000,00,2,4,02,C01
201700051884,1,07,000,00,2,1,02,A01
201700051885,1,07,000,00,2,3,13,A01
201700051885,1,07,000,00,2,7,01,B01
201700051886,2,07,000,00,2,3,11,A01
201700051886,2,14,000,00,2,2,12,B01
201700051887,2,10,000,00,2,1,02,A01
201700051887,2,10,000,00,2,4,02,C01
201700051887,2,10,000,00,2,4,02,B01
201700051887,2,10,000,00,2,5,02,D01
201700051888,2,07,000,00,2,5,11,A01
201700051888,2,31,000,00,2,1,01,B01
201700051888,2,07,000,00,2,3,01,D01
201700051888,2,07,000,00,2,8,01,C01
201700051889,1,07,000,00,2,4,01,B01
201700051889,1,07,000,00,2,1,02,A01
201700051890,2,07,000,00,2,8,11,A01
201700051890,2,31,000,00,2,7,17,B01
201700051891,1,07,000,00,2,8,00,A01
201700051891,1,07,000,00,2,4,00,B01
201700051891,1,07,000,00,2,4,00,C01
201700051892,2,07,000,00,2,4,02,C01
201700051892,2,07,000,00,2,4,02,E01
201700051892,2,07,000,00,2,1,02,A01
201700051892,2,07,000,00,2,4,02,B01
201700051892,2,07,000,00,2,4,02,D01
201700051893,1,07,000,04,0,1,14,A01
201700051893,1,07,000,00,0,4,00,B01
201700051893,1,07,000,00,0,0,00,T01
201700051894,1,10,000,00,2,1,12,A01
201700051894,1,10,000,00,2,4,02,C01
201700051894,1,10,000,00,2,4,23,B01
201700051895,1,07,000,00,2,1,02,A01
201700051895,1,07,000,00,2,4,02,B01
201700051895,1,07,000,00,2,1,02,C01
201700051895,1,07,000,00,2,4,02,D01
201700051895,1,07,000,00,2,4,02,E01
201700051895,1,07,000,00,2,4,02,F02
201700051896,1,07,000,00,2,8,01,C01
201700051896,1,07,000,00,2,8,21,A01
201700051896,1,07,000,00,2,8,01,B01
201700051897,1,07,000,00,1,2,02,A01
201700051897,2,10,000,00,1,0,01,B01
201700051898,1,07,000,00,9,3,01,F02
201700051898,1,07,000,00,2,4,23,G01
201700051898,1,07,000,00,2,4,01,D01
201700051898,1,15,000,00,2,1,01,A01
201700051898,1,07,000,00,2,8,01,E01
201700051898,1,10,000,00,2,5,23,B02
201700051898,1,07,000,00,2,4,23,C01
201700051899,1,07,000,00,2,1,00,A01
201700051899,1,07,000,00,2,1,00,C01
201700051899,1,07,000,00,2,4,00,B01
201700051900,1,10,000,00,2,0,02,A01
201700051900,1,07,000,00,9,9,02,B01
201700051901,2,16,000,00,2,2,12,A01
201700051901,2,07,000,00,2,6,01,B01
201700051902,1,07,000,14,2,2,02,B01
201700051902,1,07,000,03,0,7,14,A01
201700051903,2,07,000,00,2,4,01,C01
201700051903,2,07,000,00,2,4,02,B01
201700051903,2,15,000,00,2,3,02,A01
201700051904,1,07,000,13,0,1,00,A01
201700051905,1,07,000,15,0,2,14,A01
201700051906,2,07,000,00,2,1,02,A01
201700051906,2,07,000,00,2,4,02,B01
201700051907,1,07,000,00,2,1,01,B01
201700051907,1,07,000,00,2,4,04,Z01
201700051908,2,07,000,00,2,4,02,B01
201700051908,2,13,000,00,2,4,02,A01
201700051909,2,07,000,04,0,1,09,A01
201700051910,2,33,000,00,0,8,01,A01
201700051911,1,07,000,00,2,3,11,A01
201700051911,1,33,000,00,2,7,02,B01
201700051912,1,07,000,00,2,1,02,A01
201700051912,1,07,000,00,2,4,02,B01
201700051913,1,07,000,03,0,3,11,A01
201700051914,1,07,000,00,2,2,12,A01
201700051914,1,17,000,03,0,6,01,B01
201700051915,2,07,000,00,2,4,00,B01
201700051915,1,07,000,00,2,7,01,A01
201700051916,1,33,000,12,0,1,01,A01
201700051917,2,07,000,00,2,4,02,B01
201700051917,2,07,000,00,2,1,02,A01
201700051918,1,07,000,00,2,1,02,A01
201700051918,1,07,000,00,2,4,02,B01
201700051919,2,07,000,12,0,3,13,A01
201700051920,2,07,000,00,2,3,13,A01
201700051920,2,07,000,03,2,7,17,B01
201700051921,1,07,000,00,2,4,23,B01
201700051921,1,07,000,00,2,1,02,A01
201700051922,2,07,000,00,2,4,01,B01
201700051922,2,07,000,00,2,1,02,A01
201700051923,1,10,000,00,2,4,01,D01
201700051923,1,07,000,00,2,4,02,C01
201700051923,1,07,000,00,2,4,02,B01
201700051923,1,10,000,00,2,1,02,A01
201700051924,1,07,000,00,0,0,11,B01
201700051924,1,32,000,00,0,0,03,A01
201700051925,1,31,000,00,2,1,03,A01
201700051925,1,07,000,00,2,4,11,B01
201700051926,1,10,000,00,2,4,23,C01
201700051926,1,07,000,00,2,4,23,B01
201700051926,1,07,000,00,2,1,02,A01
201700051927,2,07,000,00,2,1,14,A01
201700051927,2,07,000,00,2,6,01,B01
201700051928,2,07,000,04,0,2,21,B01
201700051928,2,07,000,04,0,3,13,A01
201700051929,1,07,000,04,0,9,13,A01
201700051929,1,07,000,04,0,1,21,E01
201700051929,1,07,000,00,0,0,23,D01
201700051929,1,10,000,00,2,4,23,C01
201700051929,1,10,000,04,2,5,21,B01
201700051930,2,31,000,00,2,1,02,A01
201700051930,2,07,000,00,2,4,01,B01
201700051931,2,31,000,00,0,8,01,A01
201700051932,2,07,000,03,0,9,16,A01
201700051933,2,07,000,00,2,5,01,B01
201700051933,2,07,000,00,2,5,01,C01
201700051933,2,07,000,00,2,3,13,A01
201700051934,1,07,000,00,2,3,14,E01
201700051934,1,10,000,04,2,9,13,A01
201700051934,1,07,000,00,2,3,01,C01
201700051934,1,07,000,00,2,1,02,B01
201700051934,1,07,000,00,2,1,01,D01
201700051935,2,07,000,00,2,1,02,A01
201700051935,2,07,000,00,2,4,01,B01
201700051936,2,07,000,12,0,2,14,A01
201700051937,2,07,000,00,2,8,11,A01
201700051937,2,33,000,00,2,7,03,B01
201700051938,2,07,000,00,2,4,23,C01
201700051938,2,07,000,00,2,4,23,B01
201700051938,2,07,000,00,2,1,02,A01
201700051939,1,07,000,00,2,6,01,B01
201700051939,1,33,000,00,2,1,02,A01
201700051940,1,10,000,04,0,1,13,A01
201700051941,2,07,000,00,2,4,23,D01
201700051941,2,07,000,00,2,4,23,B01
201700051941,2,07,000,00,2,1,02,A01
201700051941,2,07,000,00,2,4,23,C01
201700051942,2,33,000,03,2,7,03,C01
201700051942,2,07,000,00,2,8,09,A01
201700051942,2,17,000,00,2,2,01,B01
201700051943,2,07,000,00,2,1,01,A01
201700051943,2,07,000,00,2,8,23,B01
201700051944,1,07,000,00,2,4,01,B01
201700051944,1,07,000,00,2,1,02,A01
201700051945,1,07,000,04,2,5,01,B01
201700051945,1,07,000,04,2,3,18,A01
201700051946,1,07,000,00,2,6,01,B01
201700051946,1,07,000,00,2,2,11,A01
201700051947,2,07,000,00,0,0,02,A01
201700051947,2,07,000,03,0,2,21,B01
201700051948,2,33,000,03,0,1,01,A01
201700051949,2,07,000,00,2,3,01,B01
201700051949,2,07,000,00,2,4,01,C01
201700051949,2,07,000,00,2,1,12,A01
201700051950,2,07,000,00,2,4,23,B01
201700051950,2,33,000,00,2,1,02,A01
201700051951,1,07,000,00,2,3,21,B01
201700051951,1,07,000,00,2,5,12,A01
201700051952,2,07,000,00,2,4,02,C01
201700051952,2,07,000,00,2,1,02,D01
201700051952,2,07,000,00,2,1,02,A01
201700051952,2,07,000,00,2,4,02,B01
201700051953,2,07,000,00,2,4,23,B01
201700051953,2,07,000,00,2,4,23,C01
201700051953,2,07,000,00,2,1,02,A01
201700051954,2,07,000,00,2,5,01,B01
201700051954,2,33,000,00,2,1,11,A01
201700051954,2,07,000,00,2,6,01,C01
201700051955,1,10,000,00,2,6,01,B01
201700051955,1,07,000,04,2,1,21,A01
201700051956,2,07,000,14,0,3,14,E01
201700051956,2,33,000,04,0,8,13,A01
201700051956,2,07,000,14,0,1,01,D01
201700051956,2,31,000,00,2,6,01,C01
201700051956,2,14,000,14,0,0,21,B01
201700051957,2,07,000,00,9,4,02,B01
201700051957,2,07,000,00,2,1,02,A01
201700051958,1,07,000,00,2,1,02,A01
201700051958,1,07,000,00,2,4,01,B01
201700051959,1,31,000,00,0,0,11,B01
201700051959,1,31,000,00,0,3,03,A01
201700051960,1,15,000,00,9,4,01,A01
201700051960,1,34,000,00,9,1,02,B01
201700051961,2,07,000,00,2,1,02,A01
201700051961,2,07,000,00,2,4,01,B01
201700051962,2,07,000,00,2,4,01,C01
201700051962,2,07,000,00,2,1,02,A01
201700051962,2,07,000,00,2,4,01,B01
201700051963,1,34,000,04,0,7,14,A01
201700051964,1,34,000,00,2,1,02,A01
201700051964,1,10,000,00,2,5,01,B01
201700051965,1,07,000,00,2,4,23,B01
201700051965,1,07,000,00,2,1,02,A01
201700051966,2,33,000,00,2,1,03,A01
201700051966,2,07,000,00,2,6,23,B01
201700051967,2,07,000,00,2,2,01,A01
201700051967,2,07,000,00,2,6,17,B01
201700051968,2,07,000,00,2,1,02,A01
201700051968,2,07,000,00,2,4,01,B01
201700051969,2,34,000,04,0,0,02,A01
201700051970,2,07,000,00,2,4,23,C01
201700051970,2,07,000,00,2,1,02,A01
201700051970,2,07,000,00,2,4,23,D01
201700051970,2,07,000,00,2,4,23,B01
201700051970,2,07,000,00,2,4,23,E01
201700051971,2,07,000,00,2,4,23,A01
201700051971,2,07,000,00,2,1,21,B01
201700051971,2,07,000,00,2,1,02,C01
201700051972,1,07,000,00,2,8,01,B01
201700051972,1,10,000,00,2,4,01,C01
201700051972,1,34,000,00,2,2,03,A01
201700051973,1,33,000,00,2,1,01,B01
201700051973,1,10,000,00,2,3,11,A01
201700051974,2,07,000,02,0,1,19,A01
201700051975,1,07,000,04,2,6,18,A01
201700051975,1,07,000,04,2,2,01,B01
201700051976,2,07,000,00,2,8,11,A01
201700051976,2,31,000,00,2,8,03,B01
201700051977,1,07,000,00,2,3,01,A01
201700051977,1,07,000,00,2,6,11,B01
201700051978,1,10,000,00,2,1,02,A01
201700051978,1,07,000,00,2,4,01,B01
201700051979,1,14,000,06,0,2,14,A01
201700051980,1,07,000,00,2,8,01,B01
201700051980,1,14,000,00,2,1,12,A01
201700051981,2,07,000,00,2,1,21,B01
201700051981,2,07,000,04,2,5,18,A01
201700051982,2,14,000,00,2,2,12,A01
201700051982,2,07,000,00,2,8,01,B01
201700051983,1,07,000,00,2,2,02,A01
201700051983,1,07,000,00,2,4,23,B01
201700051983,1,07,000,00,2,4,23,C01
201700051984,2,34,000,00,2,1,03,A01
201700051984,2,07,000,00,2,6,01,C01
201700051984,2,07,000,00,2,5,01,B01
201700051985,2,07,000,00,2,1,05,A01
201700051985,1,07,000,00,2,1,21,B01
201700051986,2,07,000,00,2,4,01,C01
201700051986,2,07,000,00,2,4,02,B01
201700051986,2,07,000,00,2,1,02,A01
201700051987,1,07,000,00,2,1,02,A01
201700051987,1,07,000,00,2,4,23,B01
201700051987,1,07,000,00,2,4,23,C01
201700051988,1,07,000,12,0,3,13,A01
201700051989,2,33,000,00,2,1,03,A01
201700051989,2,07,000,00,2,8,11,B01
201700051990,1,10,000,00,2,1,02,A01
201700051990,1,07,000,00,2,4,23,B01
201700051991,1,07,000,00,2,4,01,B01
201700051991,1,07,000,00,2,1,02,A01
201700051992,2,07,000,00,2,2,02,A01
201700051992,2,32,000,00,2,4,01,B01
201700051993,2,07,000,00,2,6,01,B01
201700051993,2,07,000,03,2,2,13,A01
201700051994,1,33,000,00,2,1,02,A01
201700051994,1,07,000,00,2,4,23,B01
201700051995,1,07,000,00,2,7,14,A01
201700051995,1,07,000,04,2,8,01,B01
201700051996,1,07,000,00,2,4,23,B01
201700051996,1,10,000,00,2,1,02,A01
201700051997,1,07,000,00,2,1,02,A01
201700051997,1,07,000,00,2,4,01,B01
201700051998,1,33,000,00,2,1,02,A01
201700051998,1,07,000,00,2,6,01,B01
201700051999,2,07,000,00,2,4,01,D01
201700051999,2,07,000,00,2,4,01,C01
201700051999,2,07,000,00,2,1,02,A01
201700051999,2,07,000,00,2,4,01,B01
201700052000,2,07,000,00,2,4,23,B01
201700052000,2,10,000,00,2,1,02,A01
201700052001,1,07,000,00,2,6,01,B01
201700052001,1,15,000,00,2,2,12,A01
201700052002,1,33,000,00,2,1,02,A01
201700052003,1,07,000,00,2,1,02,A01
201700052003,1,07,000,00,2,4,23,B01
201700052003,1,07,000,00,2,4,23,C01
201700052004,2,10,000,00,2,1,02,A01
201700052004,2,07,000,00,2,6,23,C01
201700052004,2,07,000,00,2,4,23,B01
201700052005,2,07,000,03,0,3,21,B01
201700052005,2,07,000,00,0,0,12,A01
201700052006,2,07,000,00,2,4,02,C01
201700052006,2,07,000,00,2,4,02,D01
201700052006,2,07,000,00,2,1,02,B01
201700052006,2,07,000,00,2,1,02,A01
201700052007,1,07,000,00,2,4,01,B01
201700052007,1,07,000,00,2,1,01,A01
201700052007,1,07,000,00,2,4,01,C01
201700052008,1,07,000,00,2,4,23,B01
201700052008,1,07,000,00,2,1,02,A01
201700052009,1,33,000,00,0,8,03,A01
201700052009,1,07,000,00,0,0,01,T01
201700052010,1,07,000,00,2,3,21,D01
201700052010,1,07,000,00,2,1,21,B01
201700052010,1,07,000,04,2,3,14,A01
201700052010,1,07,000,00,2,5,21,C01
201700052011,1,13,000,00,2,1,00,D01