Num_Acc,senc,catv,occutc,obs,obsm,choc,manv,num_veh
201700052306,2,07,000,00,2,8,02,E01
201700052306,2,07,000,00,2,4,02,C01
201700052306,2,07,000,00,2,2,02,D02
201700052306,2,15,000,00,2,4,02,A01
201700052306,2,07,000,00,2,8,02,F01
201700052307,2,07,000,03,2,3,10,Z01
201700052307,2,34,000,00,2,4,02,A01
201700052308,2,33,000,04,2,2,17,A01
201700052308,2,07,000,00,2,3,11,B01
201700052309,2,07,000,00,2,4,02,A01
201700052309,2,07,000,00,2,4,02,B01
201700052309,2,07,000,00,2,1,02,C01
201700052310,2,07,000,00,0,0,00,A01
201700052311,2,07,000,00,2,4,07,A01
201700052311,2,07,000,00,2,1,12,B01
201700052312,2,10,000,00,2,1,02,B01
201700052312,2,07,000,00,2,4,02,A01
201700052313,1,07,000,00,2,7,12,A01
201700052313,1,33,000,00,2,3,01,B01
201700052314,1,32,000,00,2,1,05,A01
201700052314,1,07,000,00,2,3,05,B01
201700052315,2,07,000,00,2,4,02,A01
201700052315,2,07,000,00,2,1,02,B01
201700052316,1,07,000,00,0,3,21,A01
201700052317,2,10,000,13,0,9,14,A01
201700052318,2,07,000,00,2,6,02,A01
201700052318,2,10,000,00,2,4,02,B01
201700052318,2,07,000,00,2,1,02,C01
201700052319,2,07,000,04,0,3,13,A01
201700052320,1,07,000,04,0,2,01,A01
201700052321,1,07,000,00,2,1,18,A01
201700052321,1,07,000,00,2,9,02,B01
201700052322,2,07,000,13,0,2,07,A01
201700052323,1,33,000,00,0,8,02,A01
201700052324,2,07,000,00,2,1,00,A01
201700052324,2,07,000,00,0,8,01,B01
201700052325,2,07,000,03,0,1,00,A01
201700052326,1,10,000,00,2,4,02,B01
201700052326,1,07,000,00,2,1,02,A01
201700052327,2,07,000,00,2,6,01,A01
201700052327,1,07,000,00,2,6,13,B01
201700052328,1,07,000,00,2,3,12,B01
201700052328,1,07,000,00,0,5,01,A01
201700052329,2,33,000,04,2,1,03,A01
201700052329,2,07,000,00,2,6,01,B01
201700052330,2,07,000,00,2,4,01,A01
201700052330,2,07,000,00,2,3,14,B01
201700052331,2,07,000,00,2,1,02,A01
201700052331,2,31,000,00,0,0,02,B01
201700052332,2,07,000,00,2,4,02,B01
201700052332,2,07,000,00,2,5,02,C01
201700052332,2,10,000,00,2,1,02,A01
201700052333,1,07,000,00,2,2,14,A01
201700052333,1,33,000,00,2,3,21,B01
201700052333,1,33,000,00,9,0,01,T01
201700052334,1,07,000,00,2,1,02,B01
201700052334,1,07,000,00,2,4,02,A01
201700052335,1,07,000,00,2,1,02,B01
201700052335,1,07,000,00,2,4,01,A01
201700052336,1,31,000,00,0,8,01,A01
201700052337,2,07,000,00,0,4,01,A01
201700052337,2,07,000,00,0,4,02,B01
201700052337,2,10,000,00,0,1,02,C01
201700052338,2,07,000,00,2,1,12,A01
201700052338,2,07,000,00,2,4,12,B01
201700052339,1,07,000,00,2,1,02,B01
201700052339,1,07,000,00,2,4,02,A01
201700052340,1,07,000,00,2,1,02,C01
201700052340,1,07,000,00,2,1,02,B01
201700052340,1,07,000,00,2,4,02,A01
201700052341,1,07,000,00,2,4,01,A01
201700052341,1,07,000,00,2,0,01,B01
201700052341,1,07,000,00,2,1,01,C01
201700052342,1,07,000,00,2,4,02,B01
201700052342,1,07,000,00,2,4,02,C01
201700052342,1,07,000,00,2,1,02,D01
201700052342,1,07,000,00,2,4,02,A01
201700052343,1,07,000,03,0,1,21,A01
201700052344,1,07,000,04,2,7,17,A01
201700052344,1,07,000,04,2,8,01,B01
201700052345,2,07,000,04,2,4,01,A01
201700052345,2,07,000,04,2,1,02,B01
201700052346,1,07,000,00,0,4,02,A01
201700052346,1,15,000,00,0,0,02,B01
201700052347,2,07,000,04,0,1,14,A01
201700052348,2,07,000,13,0,1,13,A01
201700052349,1,07,000,13,0,9,13,A01
201700052350,2,07,000,03,0,3,06,A01
201700052351,2,33,000,00,2,1,02,B01
201700052351,2,07,000,00,2,4,02,A01
201700052352,1,07,000,03,2,1,01,B01
201700052352,1,07,000,03,2,1,01,A01
201700052353,1,07,000,04,0,7,01,A01
201700052354,2,07,000,00,2,1,02,A01
201700052354,2,07,000,00,2,4,02,C01
201700052354,2,07,000,00,2,4,02,D01
201700052354,2,07,000,00,2,4,02,B01
201700052355,1,07,000,13,0,9,00,A01
201700052356,1,07,000,03,2,8,01,B01
201700052356,1,07,000,00,2,0,01,A01
201700052357,1,07,000,13,0,9,00,A01
201700052358,1,07,000,00,2,6,01,B01
201700052358,1,14,000,00,2,2,12,A01
201700052359,1,07,000,00,2,8,02,B01
201700052359,1,14,000,00,2,7,12,A01
201700052360,2,07,000,00,2,5,23,A01
201700052360,2,07,000,00,2,1,02,B01
201700052361,2,13,000,02,0,1,13,A01
201700052362,1,07,000,04,0,1,01,A01
201700052363,1,13,000,00,0,7,09,A01
201700052364,1,33,000,00,2,1,01,D01
201700052364,1,07,000,00,2,4,01,A01
201700052364,1,07,000,00,2,4,01,B01
201700052364,1,07,000,00,2,1,01,C01
201700052365,2,07,000,04,0,1,01,A01
201700052366,2,07,000,00,2,7,01,A01
201700052366,2,31,000,00,2,8,21,B01
201700052367,1,33,000,07,0,1,01,A01
201700052368,2,07,000,00,2,1,02,B01
201700052368,2,07,000,00,2,4,02,A01
201700052369,2,07,000,00,2,6,02,A01
201700052370,2,07,000,00,2,1,02,C01
201700052370,2,10,000,00,2,0,02,B01
201700052370,2,07,000,00,2,4,02,A01
201700052371,2,33,000,14,0,1,00,A01
201700052372,2,07,000,00,2,4,02,C01
201700052372,2,07,000,00,2,4,01,B01
201700052372,2,07,000,00,2,4,02,D01
201700052372,2,07,000,00,2,1,02,E01
201700052372,2,07,000,00,2,4,01,A01
201700052373,2,07,000,00,2,4,01,B01
201700052373,2,10,000,00,2,1,01,C01
201700052373,2,10,000,00,2,4,01,A01
201700052374,2,07,000,00,2,4,09,A01
201700052374,2,14,000,00,2,1,07,B01
201700052375,1,07,000,00,2,1,05,A01
201700052375,1,34,000,00,2,1,01,B01
201700052376,2,37,000,00,2,1,02,A01
201700052377,2,07,000,00,2,1,02,E01
201700052377,2,07,000,00,2,4,02,A01
201700052377,2,07,000,00,2,1,02,C01
201700052377,2,10,000,00,2,1,02,B01
201700052377,2,07,000,00,2,1,02,D01
201700052378,1,14,000,00,2,7,12,B01
201700052378,1,07,000,00,2,3,12,A01
201700052379,2,33,000,00,2,3,09,A01
201700052379,2,07,000,00,2,0,12,Z01
201700052380,2,07,000,00,2,4,02,A01
201700052380,2,07,000,00,2,1,02,B01
201700052381,2,07,000,00,2,1,02,D01
201700052381,2,07,000,00,2,4,07,A01
201700052381,2,07,000,00,2,4,07,B01
201700052381,2,07,000,00,2,4,02,C01
201700052382,2,07,000,00,2,1,07,B01
201700052382,2,07,000,00,2,4,07,A01
201700052383,1,07,000,00,2,4,02,B01
201700052383,1,32,000,00,2,1,02,A01
201700052384,1,07,000,04,0,3,13,A01
201700052385,1,07,000,00,2,1,07,B01
201700052385,1,07,000,00,2,6,07,A01
201700052385,1,07,000,00,2,1,07,C01
201700052386,1,99,000,00,2,4,19,A01
201700052386,1,33,000,00,2,1,00,B01
201700052387,1,31,000,00,2,1,11,B01
201700052387,1,07,000,00,9,0,02,T01
201700052387,1,07,000,00,2,6,02,A01
201700052388,1,07,000,00,2,8,14,A01
201700052388,1,07,000,16,2,8,14,B01
201700052389,2,07,000,00,2,4,01,B01
201700052389,2,07,000,00,2,4,01,A01
201700052389,2,07,000,00,2,1,02,C01
201700052390,2,07,000,00,2,4,21,B01
201700052390,2,07,000,00,2,4,21,A01
201700052390,2,07,000,00,2,4,21,C01
201700052390,2,07,000,00,2,1,02,D01
201700052391,1,07,000,00,2,8,00,B01
201700052391,1,10,000,00,2,7,00,A01
201700052392,1,07,000,00,2,1,02,B01
201700052392,1,07,000,00,2,1,02,C01
201700052392,1,07,000,00,2,4,02,A01
201700052393,2,31,000,00,0,7,21,A01
201700052394,2,07,000,03,0,2,14,A01
201700052395,2,07,000,00,2,4,02,C01
201700052395,2,07,000,00,2,4,02,B01
201700052395,2,07,000,00,2,1,02,D01
201700052395,2,07,000,00,2,4,02,A01
201700052396,1,07,000,03,0,2,14,A01
201700052397,1,07,000,00,2,1,02,C01
201700052397,1,07,000,00,2,4,02,A01
201700052397,1,10,000,00,2,4,02,B01
201700052398,1,07,000,00,2,4,02,A01
201700052398,1,07,000,00,2,1,02,B01
201700052399,1,07,000,00,2,1,02,B01
201700052399,1,07,000,00,2,4,02,A01
201700052400,2,07,000,00,2,1,02,B01
201700052400,2,07,000,00,2,4,02,A01
201700052401,1,07,000,00,2,4,07,B01
201700052401,1,07,000,00,2,4,07,A01
201700052401,1,07,000,00,2,1,07,D01
201700052401,1,07,000,00,2,4,07,C01
201700052402,2,07,000,00,2,1,07,B01
201700052403,2,07,000,00,2,4,02,B01
201700052403,2,07,000,00,2,1,02,C01
201700052403,2,10,000,00,2,4,02,A01
201700052404,2,07,000,04,0,1,00,A01
201700052405,2,07,000,00,2,5,21,B01
201700052405,2,07,000,00,2,5,23,A01
201700052406,2,07,000,00,2,4,23,B01
201700052406,2,99,000,00,2,4,23,A01
201700052407,1,07,000,00,2,1,11,B01
201700052407,1,07,000,00,2,6,02,A01
201700052408,1,20,000,00,1,2,01,B01
201700052409,1,07,000,00,2,1,00,B01
201700052409,1,07,000,00,2,4,01,A01
201700052410,1,33,000,00,2,3,09,A01
201700052411,1,07,000,00,2,4,02,B01
201700052411,1,07,000,00,2,1,02,A01
201700052412,2,07,000,00,2,1,02,A01
201700052412,2,07,000,00,2,6,02,B01
201700052413,1,07,000,04,0,3,02,A01
201700052414,1,07,000,03,2,1,02,B01
201700052414,1,07,000,03,2,4,01,A01
201700052415,2,07,000,03,2,5,02,B01
201700052415,2,07,000,03,2,4,02,A01
201700052415,2,07,000,03,2,1,02,C01
201700052416,1,07,000,00,2,1,02,A01
201700052416,1,07,000,00,2,4,02,B01
201700052417,2,07,000,16,0,1,02,A01
201700052418,1,07,000,06,0,7,00,A01
201700052419,2,07,000,00,0,1,01,A01
201700052420,2,07,000,13,0,1,14,A01
201700052421,1,07,000,03,0,0,13,A01
201700052422,1,10,000,00,2,1,01,A01
201700052422,1,15,000,00,2,4,01,B01
201700052423,2,07,000,00,2,1,02,B01
201700052423,2,10,000,03,2,4,23,A01
201700052424,2,07,000,00,2,4,02,A01
201700052424,2,07,000,00,2,1,02,B01
201700052425,1,07,000,00,2,6,02,B01
201700052425,1,07,000,00,2,1,02,D01
201700052425,1,07,000,00,2,1,02,C01
201700052425,1,31,000,00,2,1,02,A01
201700052426,1,07,000,00,2,1,02,B01
201700052426,1,07,000,00,2,4,02,A01
201700052427,1,33,000,01,2,1,02,B01
201700052427,1,07,000,00,2,4,23,A01
201700052428,1,07,000,06,0,7,01,A01
201700052429,2,10,000,00,9,4,02,B01
201700052429,2,07,000,00,2,1,02,A01
201700052430,2,07,000,03,0,1,01,A01
201700052431,1,07,000,00,2,1,02,B01
201700052431,1,07,000,00,2,4,02,A01
201700052432,2,07,000,00,2,4,01,A01
201700052432,2,07,000,00,2,1,02,B01
201700052433,1,33,000,15,0,1,14,A01
201700052434,2,07,000,00,0,0,02,A01
201700052435,2,07,000,02,0,0,00,A01
201700052436,1,07,000,00,2,1,02,C01
201700052436,1,07,000,00,2,0,01,B01
201700052436,1,07,000,00,2,4,01,A01
201700052437,1,07,000,00,2,9,02,C01
201700052437,1,07,000,01,0,4,02,A01
201700052437,1,07,000,00,2,1,02,D01
201700052437,1,07,000,01,0,6,02,B01
201700052438,2,07,000,00,2,6,02,A01
201700052438,2,07,000,00,2,2,02,Z01
201700052439,1,07,000,00,2,1,02,B01
201700052439,1,31,000,00,2,1,00,A01
201700052439,1,07,000,00,2,1,02,C01
201700052439,1,07,000,00,2,4,02,D01
201700052440,2,07,000,00,2,4,02,A01
201700052440,2,07,000,00,2,1,02,B01
201700052441,2,34,000,03,0,8,03,A01
201700052442,2,31,000,03,0,8,13,A01
201700052443,2,07,000,00,2,7,14,A01
201700052443,2,33,000,00,2,8,02,B01
201700052444,1,07,000,00,0,4,09,A01
201700052444,1,33,000,00,2,1,09,B01
201700052445,1,15,000,00,2,2,12,B01
201700052445,1,07,000,00,2,6,01,A01
201700052446,1,07,000,00,2,5,12,B01
201700052446,1,07,000,03,2,5,01,A01
201700052447,2,07,000,00,0,1,01,A01
201700052448,1,07,000,13,0,3,13,A01
201700052449,2,31,000,00,9,1,01,A01
201700052450,2,07,000,00,2,6,09,B01
201700052450,2,14,000,00,2,2,07,A01
201700052451,1,33,000,00,2,2,02,B01
201700052451,1,07,000,00,2,6,02,A01
201700052452,1,33,000,00,0,1,01,A01
201700052453,1,07,000,00,2,3,01,C01
201700052453,1,07,000,04,2,5,01,B01
201700052453,1,07,000,04,2,3,11,A01
201700052454,1,07,000,00,2,8,02,B01
201700052454,1,07,000,00,2,7,02,C01
201700052454,1,07,000,00,2,4,02,A01
201700052455,1,07,000,00,0,1,01,A01
201700052456,1,07,000,00,9,4,09,A01
201700052456,1,07,000,00,2,1,09,B01
201700052457,1,07,000,00,2,1,01,B01
201700052457,1,07,000,00,2,1,09,A01
201700052458,2,07,000,00,2,1,02,B01
201700052458,2,07,000,00,2,4,01,A01
201700052459,2,07,000,00,2,1,02,B01
201700052459,2,07,000,00,2,4,01,A01
201700052460,2,07,000,07,0,1,13,A01
201700052461,1,15,000,00,2,2,12,B01
201700052461,1,07,000,00,2,8,01,A01
201700052462,1,07,000,00,2,8,13,B01
201700052462,1,33,000,03,2,7,17,A01
201700052463,1,07,000,00,2,4,23,B01
201700052463,1,07,000,00,2,1,02,D01
201700052463,1,07,000,00,2,4,23,A01
201700052463,1,07,000,00,2,4,02,C01
201700052464,1,10,000,00,2,6,02,A01
201700052464,1,07,000,00,2,2,02,Z01
201700052465,2,07,000,00,2,1,02,C01
201700052465,2,07,000,00,2,4,02,D01
201700052465,2,07,000,00,2,4,02,B01
201700052465,2,07,000,00,2,4,01,A01
201700052466,2,10,000,03,0,2,21,A01
201700052467,2,07,000,00,0,3,01,A01
201700052467,2,07,000,00,0,2,14,B01
201700052468,2,07,000,00,2,4,02,C01
201700052468,2,07,000,00,2,1,02,A01
201700052468,2,07,000,00,2,4,02,B01
201700052469,1,07,000,00,0,8,01,A01
201700052470,1,07,000,00,2,1,02,B01
201700052470,1,07,000,00,2,4,02,A01
201700052471,1,10,000,00,2,1,02,B01
201700052471,1,07,000,00,2,4,02,A01
201700052472,2,10,000,00,2,1,07,B01
201700052472,2,07,000,00,2,4,02,A01
201700052472,2,07,000,00,2,1,02,C01
201700052473,2,07,000,00,2,1,02,B01
201700052473,2,33,000,00,2,1,02,C01
201700052473,2,07,000,00,9,4,02,A01
201700052474,1,15,000,03,2,6,24,A01
201700052474,1,14,000,03,2,2,02,B01
201700052475,1,07,000,00,2,7,02,A01
201700052475,1,07,000,04,2,3,21,B01
201700052476,2,33,000,00,2,1,11,A01
201700052476,2,07,000,00,2,6,11,B01
201700052477,2,07,000,01,2,1,02,B01
201700052477,2,07,000,00,2,1,02,A01
201700052477,2,07,000,01,0,1,02,C01
201700052478,1,07,000,03,0,1,01,A01
201700052479,1,07,000,00,2,8,02,B01
201700052479,1,07,000,00,2,7,14,A01
201700052480,1,07,000,03,0,3,21,A01
201700052481,2,10,000,00,2,4,02,C01
201700052481,2,07,000,00,2,4,02,B01
201700052481,2,10,000,00,2,4,02,D01
201700052481,2,07,000,00,2,1,02,A01
201700052482,2,07,000,00,2,4,00,A01
201700052482,2,07,000,00,2,1,00,B01
201700052483,2,07,000,03,0,1,13,A01
201700052484,2,07,000,00,2,4,02,B01
201700052484,2,07,000,00,2,1,02,D01
201700052484,2,07,000,00,2,4,02,C01
201700052484,2,07,000,00,2,4,02,A01
201700052485,2,07,000,00,2,5,00,B01
201700052485,2,07,000,00,2,5,02,C01
201700052485,2,07,000,03,2,3,02,A01
201700052486,2,07,000,00,0,0,01,A01
201700052486,2,07,000,00,2,2,02,B01
201700052487,1,07,000,00,2,4,01,B01
201700052487,1,07,000,03,2,1,02,A01
201700052488,1,07,000,00,2,4,02,C01
201700052488,1,10,000,04,2,5,02,B01
201700052488,1,07,000,04,2,3,01,A01
201700052489,2,07,000,00,2,1,02,A01
201700052489,2,07,000,00,9,4,02,B01
201700052490,2,07,000,00,2,7,18,A01
201700052490,2,07,000,00,2,8,17,B01
201700052491,2,07,000,06,0,3,13,A01
201700052492,1,07,000,14,0,8,01,B01
201700052492,1,07,000,03,0,3,13,A01
201700052493,2,10,000,00,2,1,02,A01
201700052493,2,10,000,00,2,4,23,B01
201700052493,2,10,000,00,2,4,23,C01
201700052494,1,07,000,00,2,4,02,C01
201700052494,1,07,000,00,2,4,02,B01
201700052494,1,07,000,00,0,4,02,A01
201700052494,1,10,000,00,2,1,02,D01
201700052495,2,07,000,00,0,4,00,A01
201700052495,2,07,000,00,2,1,00,B01
201700052495,2,07,000,00,2,1,00,C01
201700052496,1,07,000,00,2,6,02,A01
201700052496,1,07,000,00,2,1,02,C01
201700052496,1,07,000,00,2,4,02,B01
201700052497,1,07,000,14,0,3,14,A01
201700052498,2,07,000,00,2,4,02,A01
201700052498,2,07,000,00,2,1,02,B01
201700052499,2,31,000,03,2,8,03,A01
201700052499,2,07,000,03,2,3,12,B01
201700052500,1,07,000,00,2,1,02,C01
201700052500,1,07,000,00,0,4,01,A01
201700052500,1,07,000,00,2,4,02,B01
201700052501,1,07,000,03,0,9,14,A01
201700052502,1,07,000,00,2,1,02,C01
201700052502,1,07,000,00,2,4,02,A01
201700052502,1,07,000,00,2,4,02,B01
201700052503,1,07,000,00,2,6,09,A01
201700052503,1,07,000,00,2,1,09,B01
201700052504,1,07,000,00,2,4,09,A01
201700052504,1,34,000,00,2,1,09,B01
201700052505,1,07,000,06,0,2,14,A01
201700052506,1,07,000,00,2,5,02,A01
201700052506,1,07,000,00,2,1,02,C01
201700052506,1,07,000,00,2,1,02,B01
201700052506,1,07,000,00,2,1,02,D01
201700052507,2,07,000,00,2,4,23,B01
201700052507,2,07,000,00,2,1,02,D01
201700052507,2,07,000,00,2,4,23,A01
201700052507,2,07,000,00,2,4,02,C01
201700052508,1,10,000,00,2,1,02,A01
201700052508,1,10,000,00,2,4,02,B01
201700052509,1,07,000,12,0,9,00,A01
201700052510,1,07,000,03,0,1,01,A01
201700052511,2,07,000,00,2,4,01,B01
201700052511,2,31,000,00,2,1,00,A01
201700052512,1,07,000,00,2,7,02,B01
201700052512,1,33,000,00,2,8,11,A01
201700052513,2,07,000,00,2,4,01,A01
201700052513,2,07,000,00,2,1,01,B01
201700052514,2,07,000,00,2,1,02,A01
201700052514,2,07,000,00,2,4,02,B01
201700052515,1,07,000,03,2,2,14,B01
201700052515,1,07,000,04,2,6,01,A01
201700052516,2,33,000,00,2,7,02,A01
201700052516,1,07,000,00,2,4,10,Z01
201700052517,2,07,000,00,2,5,02,A01
201700052517,2,33,000,00,2,1,02,B01
201700052518,1,07,000,00,0,2,14,A01
201700052519,2,07,000,00,2,4,01,A01
201700052519,2,07,000,00,2,1,01,B01
201700052520,2,07,000,00,2,4,21,B01
201700052520,2,10,000,01,0,1,09,D01
201700052520,2,07,000,00,0,4,23,C01
201700052520,2,07,000,14,0,1,21,A01
201700052521,2,07,000,00,2,1,01,B01
201700052521,2,07,000,00,2,1,12,A01
201700052522,1,07,000,00,2,4,02,A01
201700052522,1,07,000,00,2,4,02,B01
201700052523,2,10,000,00,2,4,01,A01
201700052523,2,07,000,00,2,1,02,B01
201700052524,2,13,000,00,2,4,01,C01
201700052524,2,16,000,00,2,1,02,A01
201700052524,1,07,000,00,2,6,01,B01
201700052525,1,07,000,00,2,1,02,C01
201700052525,1,07,000,00,2,4,02,A01
201700052525,1,07,000,00,2,4,02,B01
201700052526,1,07,000,00,2,4,02,B01
201700052526,1,07,000,14,2,4,01,C01
201700052526,1,07,000,00,2,1,02,A01
201700052527,1,07,000,00,2,8,00,A01
201700052527,1,13,000,00,2,0,12,Z01
201700052528,1,33,000,00,2,5,01,B01
201700052528,1,10,000,00,2,6,11,A01
201700052529,1,07,000,00,2,7,12,A01
201700052529,1,33,000,13,2,8,01,B01
201700052530,2,07,000,00,2,4,01,B01
201700052530,2,07,000,00,2,4,02,C01
201700052530,2,07,000,00,0,4,01,A01
201700052530,2,07,000,00,2,1,02,D01
201700052531,2,07,000,00,0,8,01,B01
201700052531,2,33,000,00,0,9,03,C01
201700052531,2,07,000,00,0,7,01,A01
201700052532,2,07,000,04,0,2,01,A01
201700052533,1,07,000,00,2,1,02,B01
201700052533,1,07,000,00,0,4,01,A01
201700052534,1,07,000,00,2,2,17,B01
201700052534,1,07,000,03,2,6,01,A01
201700052535,1,07,000,04,0,1,00,A01
201700052536,1,99,000,00,0,0,02,A01
201700052537,1,07,000,00,2,4,23,C01
201700052537,1,07,000,00,2,1,02,D01
201700052537,1,07,000,00,2,4,02,B01
201700052537,1,07,000,00,2,4,01,A01
201700052538,2,07,000,00,2,1,02,A01
201700052538,2,10,000,00,2,5,02,C01
201700052538,2,07,000,00,2,4,02,B01
201700052538,2,07,000,00,2,5,02,D01
201700052539,1,07,000,00,2,1,02,A01
201700052539,1,10,000,00,2,4,01,B01
201700052540,1,33,000,00,2,1,17,B01
201700052540,1,07,000,00,2,4,11,A01
201700052541,2,07,000,03,2,9,02,B01
201700052541,2,07,000,03,2,1,02,C01
201700052541,2,07,000,03,2,4,02,A01
201700052542,2,07,000,00,2,2,00,B01
201700052542,2,07,000,00,2,3,01,A01
201700052543,2,10,000,00,2,1,01,B01
201700052543,2,07,000,00,2,4,01,A01
201700052544,1,10,000,00,2,1,02,A01
201700052544,1,07,000,00,2,4,02,B01
201700052545,2,10,000,00,2,4,02,B01
201700052545,2,07,000,00,2,4,02,C01
201700052545,2,07,000,00,2,1,02,A01
201700052546,2,07,000,00,2,1,02,B01
201700052546,2,10,000,00,2,4,01,A01
201700052547,2,07,000,00,2,5,02,A01
201700052547,2,07,000,03,2,2,14,B01
201700052548,2,07,000,00,0,1,02,B01
201700052548,2,07,000,00,0,1,02,A01
201700052548,2,07,000,00,0,4,02,C01
201700052549,0,07,000,00,2,4,02,B01
201700052549,2,07,000,00,2,4,02,A01
201700052549,0,07,000,00,2,4,02,C01
201700052549,0,07,000,00,2,1,02,D01
201700052550,2,07,000,00,2,4,23,B01
201700052550,2,07,000,00,2,4,23,A01
201700052550,2,07,000,00,2,1,09,C01
201700052551,2,31,000,03,0,1,01,A01
201700052552,2,07,000,00,2,1,02,B01
201700052552,2,07,000,00,2,4,02,A01
201700052553,1,10,000,00,0,3,02,B01
201700052553,1,07,000,04,0,0,14,A01
201700052554,1,10,000,03,0,3,09,A01
201700052555,1,07,000,03,0,3,01,A01
201700052556,1,07,000,00,2,2,12,B01
201700052556,1,34,000,00,2,6,02,A01
201700052557,1,07,000,00,2,1,01,B01
201700052557,1,07,000,00,2,4,13,A01
201700052558,2,10,000,00,2,1,02,A01
201700052558,2,10,000,00,2,4,02,B01
201700052559,2,07,000,16,0,1,19,A01
201700052559,2,07,000,01,0,1,21,B01
201700052560,1,07,000,00,2,9,02,B01
201700052560,1,07,000,00,2,1,02,A01
201700052560,1,07,000,00,2,4,02,C01
201700052561,1,31,000,06,0,8,18,A01
201700052562,2,33,000,00,0,7,01,A01
201700052563,1,07,000,12,0,3,01,A01
201700052564,1,07,000,00,2,3,01,B01
201700052564,1,99,000,00,2,7,16,A01
201700052565,1,07,000,03,0,1,01,A01
201700052566,2,10,000,00,2,5,02,A01
201700052566,2,34,000,00,2,1,02,B01
201700052567,2,07,000,00,2,4,02,B01
201700052567,2,10,000,00,2,6,02,A01
201700052567,2,07,000,00,2,1,01,C01
201700052568,1,10,000,00,2,1,01,C01
201700052568,1,07,000,00,2,4,01,B01
201700052568,1,07,000,00,2,4,01,A01
201700052569,1,10,000,00,2,1,14,A01
201700052569,1,10,000,15,2,4,02,B01
201700052570,1,07,000,00,2,4,23,A01
201700052570,1,07,000,00,2,1,14,Z01
201700052571,2,15,000,03,0,2,13,A01
201700052572,1,07,000,03,0,3,13,A01
201700052573,2,07,000,00,2,2,01,B01
201700052573,2,07,000,00,2,2,12,A01
201700052573,2,07,000,00,2,6,02,D01
201700052573,2,07,000,00,2,6,02,C01
201700052574,2,07,000,00,2,2,01,A01
201700052574,2,07,000,00,2,3,01,B01
201700052575,1,07,000,00,2,4,02,A01
201700052575,1,07,000,00,2,1,02,B01
201700052576,1,07,000,00,2,2,02,A01
201700052576,1,07,000,00,2,6,02,B01
201700052577,1,07,000,03,2,4,02,A01
201700052577,1,07,000,00,2,4,02,B01
201700052578,1,34,000,00,2,6,01,A01
201700052578,1,10,000,00,2,2,12,B01
201700052579,2,07,000,00,2,4,02,B01
201700052579,2,07,000,00,2,1,02,A01
201700052580,1,07,000,04,0,7,02,B01
201700052580,1,37,000,00,2,1,02,A01
201700052581,2,07,000,00,2,1,02,B01
201700052581,2,07,000,00,2,4,02,A01
201700052582,2,31,000,03,2,8,14,B01
201700052582,2,07,000,00,2,2,14,A01
201700052583,2,33,000,00,2,7,01,B01
201700052583,2,07,000,00,2,8,11,A01
201700052584,2,15,000,00,2,4,02,B01
201700052584,2,10,000,00,2,1,02,A01
201700052585,2,07,000,04,0,1,00,A01
201700052586,1,07,000,00,2,4,02,A01
201700052586,1,07,000,00,2,8,01,C01
201700052586,1,10,000,00,2,1,02,B01
201700052587,2,07,000,03,0,3,13,A01
201700052588,2,07,000,00,2,1,01,B01
201700052588,2,07,000,00,2,4,12,A01
201700052589,1,10,000,00,2,1,02,B01
201700052589,2,07,000,00,2,6,01,A01
201700052590,1,07,000,00,2,1,01,B01
201700052590,1,07,000,00,2,4,01,A01
201700052591,1,07,000,00,2,1,05,A01
201700052591,1,07,000,00,2,1,01,B01
201700052592,1,17,000,00,2,1,02,B01
201700052592,1,07,000,00,2,4,02,A01
201700052593,1,34,000,00,2,1,02,C01
201700052593,1,07,000,00,2,6,02,B01
201700052593,1,07,000,00,2,4,02,A01
201700052594,1,07,000,00,2,1,02,B01
201700052594,1,07,000,00,2,4,02,A01
201700052595,1,07,000,00,2,4,01,A01
201700052595,1,07,000,00,2,4,02,C01
201700052595,1,07,000,00,2,1,02,D01
201700052595,1,07,000,00,2,4,02,B01
201700052596,1,07,000,00,2,1,02,C01
201700052596,1,07,000,00,2,4,02,A01
201700052596,1,07,000,00,2,4,02,B01
201700052597,2,34,000,00,2,7,02,B01
201700052597,2,07,000,00,2,6,13,A01
201700052598,1,33,000,00,2,1,21,A01
201700052598,1,07,000,00,2,4,01,B01
201700052599,2,07,000,03,0,9,01,A01
201700052600,2,07,000,00,2,6,03,B01
201700052600,2,33,000,00,2,7,01,A01
201700052601,2,10,000,00,2,1,02,C01
201700052601,2,07,000,00,2,4,02,A01
201700052601,2,07,000,00,2,4,02,B01
201700052602,2,07,000,00,2,5,11,B01
201700052602,2,33,000,00,2,1,14,A01
201700052603,2,07,000,00,2,4,04,A01
201700052603,2,07,000,00,2,1,02,B01
201700052604,2,10,000,00,2,1,01,A01
201700052604,2,07,000,00,2,4,23,B01
201700052604,2,07,000,00,2,4,23,C01
201700052605,1,07,000,04,2,2,14,A01
201700052605,1,07,000,04,2,6,02,B01
201700052606,2,07,000,03,0,1,00,A01
201700052607,2,31,000,00,2,1,02,B01
201700052607,2,07,000,00,2,4,02,A01
201700052608,1,15,000,00,2,4,02,B01
201700052608,1,07,000,00,2,1,02,A01
201700052609,1,07,000,00,2,4,02,A01
201700052609,1,07,000,00,2,1,02,Z01