Num_Acc,senc,catv,occutc,obs,obsm,choc,manv,num_veh
201700053333,1,07,000,00,2,2,17,A01
201700053333,1,31,000,00,2,8,01,B01
201700053334,1,33,000,01,0,1,15,A01
201700053335,2,30,000,00,2,1,01,B01
201700053335,2,07,000,00,2,8,13,A01
201700053336,2,31,000,00,2,1,01,B01
201700053336,1,07,000,00,2,5,15,A01
201700053337,2,01,000,00,2,1,01,C01
201700053337,2,01,000,01,2,1,01,B01
201700053337,0,07,000,00,2,8,22,A01
201700053338,2,07,000,00,1,3,01,A01
201700053339,1,07,000,00,2,2,01,A01
201700053339,1,01,000,00,2,0,01,B01
201700053340,1,33,000,00,2,4,01,A01
201700053340,1,13,000,00,2,1,01,Z01
201700053341,1,07,000,00,1,2,01,A01
201700053342,1,01,000,00,2,1,02,A01
201700053342,1,07,000,00,2,4,23,B01
201700053343,2,14,000,00,2,7,17,A01
201700053343,2,01,000,00,2,0,01,B01
201700053344,1,07,000,00,2,7,01,A01
201700053344,1,07,000,00,2,0,01,B01
201700053345,1,07,000,00,2,0,02,A01
201700053345,1,37,000,00,2,4,23,B01
201700053346,1,07,000,00,2,3,01,A01
201700053346,2,33,000,00,2,1,01,B01
201700053347,1,07,000,00,1,1,01,A01
201700053348,2,31,000,00,2,8,01,A01
201700053348,0,07,000,00,2,0,13,Z01
201700053349,1,01,000,00,2,0,02,A01
201700053349,2,07,000,00,2,0,02,Z01
201700053350,0,07,000,00,1,1,01,A01
201700053351,1,31,000,00,2,2,01,B01
201700053351,1,10,000,00,2,8,22,A01
201700053352,2,07,000,00,2,2,01,A01
201700053352,2,34,000,00,2,3,01,B01
201700053353,1,07,000,00,1,2,01,A01
201700053354,1,01,000,00,2,1,02,A01
201700053354,1,07,000,00,2,4,23,B01
201700053355,2,32,000,00,2,3,01,A01
201700053355,2,07,000,00,2,0,01,Z01
201700053356,2,07,000,00,1,2,01,A01
201700053357,2,07,000,00,1,7,01,A01
201700053358,2,01,000,00,2,2,01,A01
201700053358,2,07,000,00,2,8,22,B01
201700053359,2,07,000,00,2,3,10,A01
201700053359,2,01,000,00,2,0,01,B01
201700053360,2,33,000,00,2,1,01,B01
201700053360,1,07,000,00,2,1,15,A01
201700053361,2,01,000,00,2,0,01,A01
201700053361,2,01,000,00,2,3,19,B01
201700053362,2,10,000,00,1,4,04,A01
201700053363,1,07,000,00,2,3,01,A01
201700053363,1,34,000,00,2,3,01,B01
201700053364,1,07,000,00,1,1,01,A01
201700053365,2,32,000,00,1,0,01,Z01
201700053366,1,32,000,00,2,7,01,B01
201700053366,1,30,000,00,2,1,01,A01
201700053367,1,07,000,00,2,0,01,B01
201700053367,2,02,000,00,2,2,15,A01
201700053368,1,01,000,00,1,2,01,A01
201700053369,1,34,000,00,2,1,01,B01
201700053369,0,07,000,00,2,2,01,A01
201700053370,1,07,000,01,0,2,14,A01
201700053371,1,07,000,00,1,1,16,A01
201700053372,1,07,000,00,2,7,17,A01
201700053372,1,30,000,00,2,8,01,B01
201700053373,2,01,000,00,1,1,16,A01
201700053374,1,07,000,00,1,6,04,A01
201700053375,2,07,000,00,2,0,09,Z01
201700053375,2,33,000,00,2,2,01,A01
201700053376,1,32,000,00,2,1,01,A01
201700053376,1,10,000,00,2,7,01,B01
201700053377,2,01,000,00,2,7,01,A01
201700053377,1,07,000,00,2,3,15,B01
201700053378,2,01,000,00,1,1,05,A01
201700053379,2,07,000,00,2,3,01,A01
201700053379,2,07,000,00,2,1,01,B01
201700053380,2,34,000,00,2,1,01,B01
201700053380,1,07,000,00,2,5,15,A01
201700053381,2,07,000,08,1,4,04,A01
201700053382,1,34,000,00,1,1,01,A01
201700053383,0,10,000,00,2,8,22,A01
201700053383,2,33,000,00,2,7,01,B01
201700053384,2,07,000,00,2,4,23,B01
201700053384,2,07,000,00,2,1,02,A01
201700053385,1,07,000,00,1,7,15,A01
201700053386,2,30,000,00,2,1,02,B01
201700053386,2,33,000,00,2,7,21,A01
201700053387,2,07,000,08,2,8,01,B01
201700053387,1,07,000,00,2,2,15,A01
201700053388,2,07,000,00,2,8,07,B01
201700053388,2,10,000,00,2,2,16,A01
201700053389,1,34,000,00,2,0,07,B01
201700053389,1,10,000,00,2,6,16,A01
201700053390,2,07,000,00,2,3,16,A01
201700053390,2,07,000,00,2,3,07,B01
201700053391,2,07,000,00,1,3,01,A01
201700053392,1,07,000,00,1,2,16,A01
201700053393,2,32,000,00,2,1,18,A01
201700053393,2,07,000,00,2,6,15,B01
201700053394,2,01,000,00,1,1,01,A01
201700053395,2,07,000,00,2,1,01,A01
201700053395,2,33,000,00,2,4,23,B01
201700053396,1,07,000,00,2,1,01,B01
201700053396,1,07,000,00,2,7,15,A01
201700053397,1,07,000,00,1,2,01,A01
201700053398,2,07,000,00,2,2,01,A01
201700053398,2,02,000,00,2,7,01,B01
201700053399,2,30,000,00,2,0,18,B01
201700053399,2,07,000,00,2,5,22,A01
201700053400,2,07,000,00,2,7,17,A01
201700053400,2,30,000,00,2,8,01,B01
201700053401,2,07,000,00,2,8,22,A01
201700053401,2,01,000,00,2,1,17,B01
201700053402,1,07,000,00,2,1,01,B01
201700053402,1,02,000,00,2,7,01,A01
201700053403,1,07,000,00,2,7,01,A01
201700053403,1,07,000,00,2,0,01,B01
201700053404,1,07,000,00,1,3,05,Z01
201700053405,2,07,000,00,1,1,01,A01
201700053406,1,01,000,01,0,1,01,B01
201700053406,1,07,000,00,2,3,22,A01
201700053407,1,01,000,00,1,1,07,A01
201700053408,2,07,000,00,2,6,15,A01
201700053408,2,31,000,00,2,1,01,B01
201700053409,1,31,000,00,2,1,01,A01
201700053409,1,07,000,00,2,2,01,B01
201700053410,2,10,000,00,1,0,07,A01
201700053411,2,30,000,00,1,1,01,A01
201700053412,2,32,000,00,2,0,01,A01
201700053412,1,07,000,00,2,0,15,B01
201700053413,2,07,000,00,2,0,13,Z01
201700053413,2,02,000,00,2,5,01,A01
201700053413,2,07,000,00,2,6,01,B01
201700053414,2,31,000,00,2,1,02,A01
201700053414,2,07,000,00,2,5,02,B01
201700053415,2,07,000,00,1,4,04,A01
201700053416,1,33,000,00,2,3,05,A01
201700053416,2,07,000,00,2,1,15,B01
201700053417,2,01,000,00,2,6,07,B01
201700053417,2,07,000,00,2,2,12,A01
201700053418,2,31,000,08,0,2,13,A01
201700053419,2,37,000,00,1,5,07,A01
201700053420,1,07,000,00,2,1,15,A01
201700053420,2,02,000,00,2,1,01,B01
201700053421,2,07,000,00,1,1,07,A01
201700053422,2,30,000,00,9,1,01,A01
201700053423,1,07,000,00,2,3,15,A01
201700053423,1,34,000,00,2,1,05,B01
201700053424,1,07,000,00,2,7,15,A01
201700053424,2,02,000,00,2,0,01,B01
201700053425,1,07,000,00,2,7,01,A01
201700053425,1,01,000,00,2,3,01,B01
201700053426,2,07,000,14,1,3,23,A01
201700053426,2,07,000,00,1,2,01,B01
201700053427,2,07,000,00,1,2,15,A01
201700053428,1,33,000,00,2,1,01,A01
201700053428,1,07,000,00,2,4,23,B01
201700053429,2,10,000,00,2,8,15,A01
201700053429,2,34,000,00,2,1,17,B01
201700053430,1,33,000,00,2,8,01,B01
201700053430,2,07,000,00,2,1,15,A01
201700053431,2,07,000,08,2,6,15,A01
201700053431,2,07,000,00,2,1,01,B01
201700053432,2,07,000,00,1,1,16,A01
201700053433,1,07,000,00,1,2,15,A01
201700053434,1,30,000,00,1,1,01,Z01
201700053435,1,30,000,00,2,4,15,B01
201700053435,1,32,000,00,2,1,01,A01
201700053436,2,07,000,00,2,7,01,C01
201700053436,2,10,000,00,2,3,22,B01
201700053436,2,33,000,00,2,1,03,A01
201700053436,2,07,000,00,2,5,01,D01
201700053437,1,10,000,00,2,4,01,B01
201700053437,1,10,000,00,2,1,01,A01
201700053438,1,07,000,08,0,2,14,Z01
201700053439,0,01,000,00,,2,21,A01
201700053440,0,07,000,00,2,8,15,B01
201700053440,0,32,000,00,2,1,17,A01
201700053441,0,01,000,00,2,1,01,A01
201700053441,0,07,000,00,2,0,01,Z01
201700053442,1,07,000,00,2,3,24,C01
201700053442,1,07,000,00,2,6,01,B01
201700053442,1,07,000,00,2,2,17,A01
201700053443,1,10,000,00,2,3,15,A01
201700053443,1,30,000,00,2,1,17,B01
201700053444,1,34,000,00,2,2,01,A01
201700053444,1,07,000,00,2,3,16,B01
201700053445,2,07,000,00,2,7,01,B01
201700053445,2,34,000,00,2,1,01,A01
201700053446,0,01,000,00,1,1,01,A01
201700053447,1,07,000,00,2,3,15,A01
201700053447,1,33,000,00,2,7,17,B01
201700053448,2,30,000,00,2,1,05,A01
201700053448,2,07,000,00,2,3,15,B01
201700053449,1,31,000,00,2,2,17,A01
201700053449,0,07,000,00,2,0,22,Z01
201700053450,2,10,000,00,2,2,09,A01
201700053450,2,33,000,01,2,4,01,B01
201700053451,2,07,000,00,2,6,02,B01
201700053451,2,07,000,00,2,2,23,A01
201700053452,0,33,000,00,2,1,07,A01
201700053452,0,07,000,00,2,5,07,B01
201700053453,1,31,000,00,2,1,18,A01
201700053453,1,10,000,00,2,2,16,B01
201700053454,1,07,000,00,1,2,17,A01
201700053455,2,07,000,00,2,3,15,A01
201700053455,2,30,000,00,2,1,01,B01
201700053456,1,07,000,00,2,7,22,A01
201700053456,1,31,000,00,2,8,18,B01
201700053457,1,02,000,14,0,8,14,A01
201700053458,2,07,000,00,2,2,16,A01
201700053458,2,30,000,00,2,8,01,B01
201700053459,2,10,000,00,2,3,23,B01
201700053459,2,34,000,00,2,2,01,A01
201700053460,2,07,000,00,2,2,16,A01
201700053460,2,34,000,00,2,3,18,B01
201700053461,0,07,000,00,2,1,01,A01
201700053461,0,07,000,01,2,7,01,B01
201700053462,1,30,000,00,0,2,01,A01
201700053463,0,07,000,06,0,1,09,A01
201700053464,0,07,000,00,2,3,01,A01
201700053464,0,31,000,00,2,7,01,B01
201700053465,1,07,000,00,2,2,16,A01
201700053465,1,01,000,00,2,0,19,B01
201700053466,2,31,000,00,2,1,01,A01
201700053466,2,01,000,00,2,4,15,B01
201700053467,2,07,000,00,2,2,17,A01
201700053467,2,01,000,00,2,4,13,B01
201700053468,2,37,000,00,2,3,01,B01
201700053468,1,07,000,00,2,2,15,A01
201700053469,0,07,000,00,2,1,01,B01
201700053469,0,07,000,00,2,3,01,A01
201700053470,2,33,000,00,2,8,01,B01
201700053470,1,07,000,00,2,8,10,A01
201700053471,1,07,000,00,2,0,01,Z01
201700053471,0,01,000,00,2,0,19,A01
201700053472,0,31,000,00,,2,21,A01
201700053473,1,30,000,00,2,4,16,B01
201700053473,1,07,000,00,2,1,16,A01
201700053474,2,07,000,09,0,1,14,A01
201700053475,1,33,000,00,2,7,01,B01
201700053475,2,07,000,00,2,3,15,A01
201700053476,0,30,000,00,2,3,01,B01
201700053476,0,07,000,00,2,2,01,A01
201700053477,2,07,000,00,2,2,22,A01
201700053477,2,01,000,00,2,2,01,B01
201700053478,2,07,000,00,1,2,04,A01
201700053479,1,01,000,00,2,7,01,A01
201700053479,1,07,000,00,2,0,16,Z01
201700053480,0,07,000,00,2,3,11,A01
201700053480,0,32,000,00,2,2,17,B01
201700053481,1,07,000,00,2,3,01,B01
201700053481,1,07,000,00,2,3,09,A01
201700053482,1,07,000,00,2,8,01,A01
201700053482,1,07,000,15,2,1,01,B01
201700053483,2,07,000,00,2,0,01,B01
201700053483,1,07,000,00,2,5,15,A01
201700053484,2,07,000,00,2,2,16,B01
201700053484,2,02,000,00,2,3,18,A01
201700053485,0,32,000,00,1,1,01,A01
201700053486,2,10,000,00,2,7,01,C01
201700053486,2,07,000,00,2,1,22,A01
201700053486,2,33,000,00,2,1,03,B01
201700053487,2,02,000,00,0,0,01,A01
201700053488,1,01,000,00,2,1,07,Z01
201700053488,1,01,000,00,2,4,07,A01
201700053489,2,30,000,00,2,1,01,B01
201700053489,2,07,000,00,2,5,01,A01
201700053490,0,07,000,00,2,0,15,Z01
201700053490,2,02,000,00,2,2,17,A01
201700053491,1,07,000,00,2,2,12,A01
201700053491,1,33,000,00,2,3,01,B01
201700053492,0,10,000,01,0,4,04,A01
201700053493,2,07,000,00,2,6,23,B01
201700053493,2,31,000,00,2,1,02,A01
201700053494,2,07,000,00,2,3,01,B01
201700053494,2,34,000,00,2,2,01,A01
201700053495,1,31,000,14,0,0,18,A01
201700053496,2,31,000,01,0,1,18,A01
201700053497,1,02,000,00,1,1,01,A01
201700053498,2,07,000,00,2,1,01,B01
201700053498,1,01,000,01,2,8,01,A01
201700053499,2,07,000,00,2,2,02,A01
201700053499,2,07,000,00,2,4,23,B01
201700053500,1,02,000,00,1,3,01,A01
201700053501,1,32,000,00,2,1,01,A01
201700053501,2,07,000,00,2,0,15,B01
201700053502,0,07,000,00,1,1,01,A01
201700053503,1,07,000,00,1,3,01,A01
201700053504,1,34,000,00,2,1,01,A01
201700053504,1,07,000,00,2,3,15,B01
201700053505,1,07,000,00,2,1,02,A01
201700053505,1,07,000,00,2,4,23,B01
201700053506,1,01,000,00,0,0,01,A01
201700053507,1,07,000,00,1,7,15,A01
201700053508,1,30,000,00,2,1,01,B01
201700053508,1,07,000,01,2,3,10,A01
201700053509,2,07,000,00,2,4,23,A01
201700053509,2,34,000,00,2,1,02,B01
201700053510,0,33,000,00,2,1,01,B01
201700053510,2,10,000,00,2,2,01,A01
201700053511,0,07,000,10,2,1,01,B01
201700053511,1,07,000,00,2,3,01,A01
201700053512,1,31,000,00,2,0,17,A01
201700053512,1,07,000,00,2,0,15,B01
201700053513,2,07,000,00,1,4,04,A01
201700053514,2,07,000,00,2,4,01,C01
201700053514,1,07,000,00,2,1,01,B01
201700053514,2,07,000,00,2,1,01,A01
201700053515,0,07,000,00,2,7,01,A01
201700053515,0,01,000,00,2,0,13,B01
201700053516,2,32,000,00,2,5,01,A01
201700053516,2,07,000,00,2,0,01,B01
201700053517,2,01,000,00,0,2,01,A01
201700053518,2,32,000,00,0,8,01,A01
201700053519,1,07,000,00,1,2,15,A01
201700053520,1,07,000,00,1,1,15,A01
201700053521,0,07,000,00,1,1,17,A01
201700053522,2,01,000,00,2,3,13,Z01
201700053522,2,01,000,00,2,7,17,A01
201700053523,1,10,000,00,2,4,23,B01
201700053523,1,07,000,00,2,4,23,C01
201700053523,1,07,000,00,2,1,02,A01
201700053524,1,07,000,12,1,0,01,A01
201700053525,1,07,000,00,2,1,01,C01
201700053525,1,07,000,00,2,1,01,A01
201700053525,1,07,000,00,2,4,01,D01
201700053525,1,10,000,00,2,1,01,B01
201700053526,1,33,000,00,2,7,16,A01
201700053526,1,07,000,00,2,3,07,B01
201700053527,1,07,000,00,2,0,01,Z01
201700053527,1,07,000,00,2,2,01,A01
201700053527,1,01,000,00,2,8,15,B01
201700053528,2,32,000,00,2,3,17,B01
201700053528,2,07,000,00,2,2,15,A01
201700053529,1,07,000,00,2,7,11,A01
201700053529,1,34,000,00,2,7,01,B01
201700053530,1,30,000,00,2,1,05,A01
201700053530,2,07,000,00,2,3,15,B01
201700053531,2,07,000,00,1,2,20,A01
201700053532,0,30,000,00,1,1,01,A01
201700053533,1,33,000,00,2,2,15,B01
201700053533,1,07,000,00,2,3,17,A01
201700053534,2,07,000,00,2,2,01,A01
201700053534,2,01,000,00,2,4,23,B01
201700053535,1,07,000,00,2,5,22,B01
201700053535,0,33,000,01,2,3,18,A01
201700053536,0,32,000,00,2,0,05,A01
201700053536,0,34,000,00,2,0,11,Z01
201700053537,1,01,000,00,2,8,01,B01
201700053537,1,15,000,00,2,7,16,A01
201700053538,1,34,000,00,1,2,01,A01
201700053539,2,10,000,01,1,4,04,A01
201700053540,1,01,000,00,0,0,01,A01
201700053541,0,33,000,00,1,3,17,A01
201700053542,1,10,000,00,1,2,01,A01
201700053543,1,32,000,00,2,3,01,A01
201700053543,2,07,000,00,2,3,15,Z01
201700053544,0,10,000,00,1,4,04,A01
201700053545,0,01,000,00,1,1,07,A01
201700053546,1,07,000,01,0,7,13,A01
201700053547,2,07,000,00,1,0,08,Z01
201700053548,1,38,000,00,2,1,02,A01
201700053548,1,33,000,00,2,4,23,B01
201700053549,2,07,000,00,1,3,01,A01
201700053550,1,07,000,00,2,1,07,A01
201700053550,1,07,000,00,2,5,01,B01
201700053551,2,07,000,00,2,7,15,A01
201700053551,2,01,000,00,2,5,15,B01
201700053552,2,37,000,00,2,6,23,B01
201700053552,2,31,000,00,2,1,02,A01
201700053553,2,34,000,12,0,0,14,A01
201700053554,2,33,000,00,0,8,21,A01
201700053555,1,07,000,00,2,5,01,A01
201700053555,1,07,000,00,2,0,23,C01
201700053555,1,34,000,00,2,4,23,B01
201700053556,1,30,000,00,0,0,01,A01
201700053557,2,07,000,00,1,2,15,A01
201700053558,1,07,000,00,2,0,15,B01
201700053558,1,07,000,00,2,0,15,C01
201700053558,0,01,000,00,2,0,19,A01
201700053559,1,07,000,08,0,1,15,A01
201700053560,1,07,000,00,2,2,15,A01
201700053560,2,07,000,00,2,3,01,B01
201700053561,1,37,000,00,2,1,01,B01
201700053561,1,07,000,00,2,5,16,A01
201700053562,1,30,000,00,1,1,01,A01
201700053563,2,07,000,01,0,1,01,A01
201700053564,1,07,000,00,2,3,09,A01
201700053564,2,33,000,00,2,2,01,B01
201700053565,0,10,000,00,2,8,22,B01
201700053565,2,31,000,00,2,7,01,A01
201700053566,1,07,000,00,2,4,01,A01
201700053566,1,33,000,00,2,8,18,C01
201700053566,1,07,000,00,2,2,12,B01
201700053567,0,33,000,00,2,7,01,B01
201700053567,0,07,000,00,2,8,13,A01
201700053568,1,30,000,00,0,0,01,A01
201700053569,0,30,000,00,2,0,05,A01
201700053569,0,07,000,00,2,3,13,B01
201700053570,1,30,000,00,2,0,15,A01
201700053570,1,07,000,00,2,7,01,B01
201700053571,2,38,000,00,1,2,16,A01
201700053572,1,07,000,00,2,4,23,B01
201700053572,1,07,000,00,2,1,01,A01
201700053573,2,07,000,00,2,2,01,A01
201700053573,2,37,000,00,2,6,23,B01
201700053574,2,07,000,03,0,1,13,A01
201700053575,1,07,000,01,2,7,01,B01
201700053575,1,07,000,00,2,8,01,C01
201700053575,1,07,000,00,2,1,01,A01
201700053576,1,07,000,00,2,2,15,A01
201700053576,1,30,000,00,2,6,01,B01
201700053577,0,01,000,01,2,1,01,C01
201700053577,1,07,000,00,2,5,23,B01
201700053577,1,07,000,00,2,0,22,A01
201700053578,0,07,000,11,2,7,05,A01
201700053578,0,07,000,00,2,1,15,B01
201700053579,1,07,000,00,2,2,16,A01
201700053579,1,02,000,00,2,1,18,B01
201700053580,0,07,000,00,1,2,15,A01
201700053581,1,10,000,00,2,4,02,B01
201700053581,1,10,000,00,2,1,02,A01
201700053582,1,31,000,00,1,8,01,A01
201700053583,2,02,000,00,1,7,01,A01
201700053584,1,10,000,00,2,3,09,A01
201700053584,1,31,000,00,2,1,01,B01
201700053585,1,07,000,00,2,1,02,A01
201700053585,1,07,000,00,2,4,23,B01
201700053586,1,07,000,14,0,1,01,A01
201700053587,1,07,000,00,2,8,15,B01
201700053587,1,32,000,00,2,2,17,A01
201700053588,1,02,000,00,2,7,17,A01
201700053588,1,14,000,00,2,3,15,B01
201700053589,2,31,000,00,2,1,01,B01
201700053589,2,07,000,00,2,8,10,A01
201700053590,1,07,000,00,2,2,01,B01
201700053590,1,33,000,00,2,1,01,A01
201700053591,1,07,000,00,2,3,22,A01
201700053591,1,01,000,00,2,1,01,B01
201700053592,0,02,000,00,2,1,01,A01
201700053592,0,07,000,00,2,2,15,B01
201700053593,1,31,000,01,0,7,14,A01
201700053594,1,07,000,00,2,1,23,C01
201700053594,1,07,000,00,2,7,01,A01
201700053594,1,07,000,00,2,1,01,B01
201700053595,1,07,000,00,2,7,15,A01
201700053595,2,31,000,00,2,7,01,B01
201700053596,0,07,000,00,2,8,15,A01
201700053596,0,34,000,00,2,7,01,B01
201700053597,1,07,000,06,0,1,01,A01
201700053598,1,07,000,00,1,1,02,A01
201700053598,1,10,000,00,2,4,23,B01
201700053599,1,07,000,00,2,3,15,B01
201700053599,1,32,000,00,2,7,17,A01
201700053600,0,32,000,00,2,7,17,A01
201700053600,0,07,000,00,2,8,15,B01
201700053601,2,07,000,00,1,1,01,A01
201700053602,2,01,000,00,2,8,01,A01
201700053602,1,07,000,00,2,1,01,B01
201700053603,1,31,000,00,0,0,01,A01
201700053604,1,07,000,00,2,2,01,A01
201700053604,1,33,000,00,2,6,01,B01
201700053605,1,30,000,00,0,3,15,A01
201700053606,0,07,000,01,0,3,00,A01
201700053607,2,07,000,00,1,0,01,Z01
201700053608,1,34,000,00,1,3,01,A01
201700053609,1,07,000,00,2,1,01,B01
201700053609,2,01,000,00,2,4,05,A01
201700053610,1,07,000,00,2,2,15,B01
201700053610,1,07,000,07,2,3,01,A01
201700053611,1,07,000,00,2,1,23,B01
201700053611,1,07,000,00,2,4,02,A01
201700053612,1,31,000,00,0,8,21,A01
201700053613,1,07,000,00,2,6,23,A01
201700053613,1,32,000,00,2,1,01,B01
201700053614,1,07,000,00,1,2,01,A01
201700053615,1,07,000,00,1,1,01,A01
201700053616,2,01,000,00,2,2,01,B01
201700053616,2,10,000,00,2,8,22,A01
201700053617,2,33,000,00,1,1,05,A01
201700053618,1,07,000,00,1,4,04,A01
201700053619,1,07,000,00,2,0,01,B01
201700053619,1,30,000,00,2,4,21,A01
201700053620,1,07,000,00,1,2,01,A01
201700053621,1,32,000,00,2,2,17,B01
201700053621,1,07,000,00,2,3,13,A01
201700053622,1,07,000,00,1,1,01,Z01
201700053623,1,07,000,12,2,8,17,Z01
201700053623,1,30,000,12,2,8,01,A01
201700053624,1,07,000,00,2,3,15,A01
201700053624,1,33,000,00,2,2,17,B01
201700053625,2,33,000,00,2,6,17,A01
201700053625,2,07,000,00,2,8,13,B01
201700053626,0,07,000,00,2,2,01,A01
201700053626,0,07,000,00,2,3,01,B01
201700053627,2,07,000,07,0,1,15,A01
201700053628,0,32,000,00,1,2,16,A01
201700053629,1,31,000,00,2,7,17,A01
201700053629,1,10,000,00,2,3,15,B01
201700053630,2,31,000,00,2,0,01,A01
201700053631,2,07,000,00,2,1,02,A01
201700053631,2,07,000,00,2,4,23,B01
201700053632,0,07,000,00,2,2,01,B01
201700053632,0,07,000,00,2,3,09,A01
201700053633,0,07,000,00,2,4,23,B01
201700053633,0,07,000,00,2,1,02,A01
201700053634,1,30,000,00,0,0,01,A01
201700053635,1,07,000,00,2,1,15,A01
201700053635,2,30,000,00,2,1,01,B01
201700053636,1,07,000,00,2,1,01,B01
201700053636,0,01,000,00,2,8,19,A01
201700053637,2,01,000,00,1,1,01,A01
201700053638,0,07,000,00,2,3,10,A01
201700053638,0,34,000,00,2,2,01,B01
201700053639,2,07,000,07,2,1,01,Z01
201700053639,2,07,000,00,2,5,15,A01
201700053640,1,01,000,00,2,1,19,A01
201700053640,2,07,000,00,2,3,15,B01
201700053641,1,33,000,00,2,2,15,A01
201700053641,2,07,000,00,2,0,01,B01
201700053642,0,33,000,00,2,3,01,B01
201700053642,0,07,000,00,2,3,01,A01
201700053643,1,33,000,00,2,1,01,A01
201700053643,0,33,000,00,2,0,23,B01
201700053643,1,33,000,00,2,4,23,C01
201700053644,1,10,000,00,1,2,15,A01
201700053645,1,10,000,00,1,3,15,A01
201700053646,0,07,000,00,2,3,11,A01
201700053646,0,33,000,00,2,2,17,B01
201700053647,1,07,000,00,2,3,01,A01
201700053647,1,30,000,00,2,2,14,B01
201700053648,0,31,000,00,2,3,18,A01
201700053648,0,07,000,00,2,2,01,B01
201700053649,2,07,000,00,2,3,01,B01
201700053649,1,31,000,00,2,3,05,A01
201700053650,1,32,000,00,2,8,01,B01
201700053650,1,07,000,00,2,8,22,A01
201700053651,2,01,000,00,2,8,02,B01
201700053651,2,07,000,00,2,2,02,A01
201700053652,2,33,000,00,1,1,01,A01
201700053653,2,07,000,00,1,7,01,A01
201700053654,2,07,000,00,1,1,15,Z01
201700053655,1,31,000,00,2,2,17,A01
201700053655,1,07,000,00,2,8,22,B01
201700053656,1,31,000,00,2,3,18,A01
201700053656,1,07,000,00,2,7,16,B01
201700053657,2,07,000,00,1,0,16,Z01
201700053658,1,07,000,00,2,2,01,B01
201700053658,1,31,000,00,2,4,13,A01
201700053659,0,07,000,00,2,3,01,B01
201700053659,0,33,000,11,2,0,17,A01
201700053660,1,33,000,00,2,7,17,B01
201700053660,1,07,000,00,2,8,13,A01
201700053661,2,33,000,00,0,0,01,A01
201700053662,2,32,000,00,1,0,17,A01
201700053663,2,07,000,00,2,4,16,A01
201700053663,2,33,000,00,2,1,18,B01
201700053664,0,31,000,01,0,1,14,A01
201700053665,0,02,000,00,2,7,12,A01
201700053665,0,07,000,00,2,8,01,B01
201700053666,2,10,000,00,2,0,01,A01
201700053666,1,02,000,00,2,0,01,B01
201700053667,1,07,000,00,1,1,01,A01
201700053668,1,07,000,00,2,1,15,A01
201700053668,2,07,000,00,2,8,01,B01
201700053669,2,33,000,00,1,2,01,A01
201700053670,2,10,000,00,2,4,23,B01
201700053670,2,07,000,00,2,1,02,A01
201700053671,2,07,000,00,2,6,15,B01
201700053671,2,34,000,00,2,2,17,A01
201700053672,2,07,000,00,2,4,02,C01
201700053672,2,07,000,00,2,5,02,B01
201700053672,2,07,000,00,2,4,02,D01
201700053672,2,07,000,00,2,1,02,A01
201700053673,1,07,000,00,2,0,00,Z01
201700053673,2,32,000,00,2,3,01,A01
201700053674,1,10,000,00,1,2,01,A01
201700053675,1,07,000,00,1,2,01,Z01
201700053676,2,07,000,00,2,6,04,A01
201700053676,2,31,000,00,2,1,23,B01
201700053677,2,34,000,00,1,1,16,A01
201700053678,2,10,000,01,1,2,01,A01
201700053679,1,07,000,00,2,3,09,A01
201700053679,1,32,000,00,2,7,01,B01
201700053680,2,32,000,00,2,6,17,A01
201700053680,2,07,000,00,2,6,15,B01
201700053681,2,37,000,00,2,1,01,A01
201700053681,2,07,000,00,2,4,23,B01
201700053682,2,32,000,00,2,1,07,B01
201700053682,1,07,000,00,2,1,15,A01
201700053683,2,07,000,00,2,2,01,A01
201700053683,2,01,000,00,2,0,01,B01
201700053684,2,10,000,00,2,2,15,B01
201700053684,2,32,000,00,2,7,01,A01
201700053685,1,31,000,00,0,0,01,A01
201700053686,1,07,000,00,2,3,15,A01
201700053686,1,33,000,01,2,7,17,B01
201700053687,0,07,000,00,2,0,01,Z01
201700053687,0,33,000,00,2,7,01,A01
201700053688,2,07,000,00,2,1,01,A01
201700053688,0,07,000,00,2,4,15,B01
201700053689,1,01,000,01,2,1,05,A01
201700053689,0,10,000,00,2,6,22,B01
201700053690,1,07,000,00,1,2,01,A01
201700053691,1,07,000,00,2,8,01,A01
201700053691,1,07,000,00,2,1,01,B01
201700053692,1,10,000,00,1,0,01,Z01
201700053693,1,07,000,00,2,1,01,A01
201700053693,2,07,000,00,2,3,01,B01
201700053694,1,33,000,00,2,7,01,B01
201700053694,1,10,000,00,2,1,01,A01
201700053695,2,32,000,00,1,1,01,A01
201700053696,1,31,000,00,2,4,02,A01
201700053696,0,07,000,00,2,0,02,Z01
201700053697,0,07,000,00,2,8,01,A01
201700053697,0,07,000,00,2,0,01,Z01
201700053698,1,07,000,00,2,5,01,B01
201700053698,0,01,000,00,2,1,01,A01
201700053699,1,07,000,00,2,0,01,B01
201700053699,1,07,000,00,2,2,01,A01
201700053700,0,07,000,00,2,4,23,B01
201700053700,0,07,000,00,2,1,02,A01
201700053701,0,33,000,00,2,1,02,B01
201700053701,0,07,000,00,2,5,16,A01
201700053702,1,34,000,00,2,1,02,A01
201700053702,1,33,000,00,2,4,23,B01
201700053703,1,07,000,00,2,1,15,A01
201700053703,2,33,000,00,2,8,01,B01