Num_Acc,senc,catv,occutc,obs,obsm,choc,manv,num_veh
201700054468,1,34,000,00,2,1,17,B01
201700054468,1,07,000,00,2,6,15,A01
201700054469,1,07,000,00,2,3,01,B01
201700054469,2,01,000,00,2,2,01,A01
201700054470,2,07,000,00,2,2,16,A01
201700054470,0,31,000,00,2,3,01,B01
201700054471,1,01,000,01,0,7,14,A01
201700054472,2,07,000,01,0,3,13,A01
201700054473,2,07,000,00,2,7,20,A01
201700054473,2,01,000,00,2,8,18,B01
201700054474,2,07,000,00,1,2,01,A01
201700054475,2,38,000,00,1,5,01,A01
201700054476,1,01,000,00,1,1,01,A01
201700054477,1,14,000,00,2,1,01,A01
201700054477,1,01,000,00,2,4,13,B01
201700054478,2,07,000,00,2,0,02,A01
201700054478,2,07,000,00,2,6,02,C01
201700054478,2,07,000,00,2,0,02,B01
201700054479,2,34,000,00,2,2,02,B01
201700054479,2,10,000,00,2,6,04,A01
201700054480,1,02,000,00,2,1,15,A01
201700054480,2,32,000,00,2,1,05,B01
201700054481,1,31,000,00,2,3,01,A01
201700054481,2,07,000,00,2,0,01,Z01
201700054482,1,01,000,00,1,1,16,A01
201700054483,1,01,000,00,2,8,19,A01
201700054483,1,32,000,00,2,0,01,Z01
201700054484,1,31,000,00,2,1,02,A01
201700054484,1,07,000,00,2,4,23,B01
201700054485,1,07,000,00,2,2,15,A01
201700054485,2,30,000,00,2,1,01,B01
201700054486,2,02,000,00,2,7,02,A01
201700054486,2,07,000,00,2,6,23,B01
201700054487,2,07,000,00,2,6,10,A01
201700054487,2,33,000,00,2,2,01,B01
201700054488,2,07,000,00,9,5,01,C01
201700054488,2,07,000,00,2,8,22,B01
201700054488,0,02,000,01,2,7,01,A01
201700054489,2,07,000,00,2,3,16,B01
201700054489,1,02,000,01,2,1,01,A01
201700054490,1,01,000,00,2,0,01,A01
201700054490,2,30,000,00,2,0,05,Z01
201700054491,1,31,000,00,0,0,21,A01
201700054492,1,31,000,00,2,1,01,B01
201700054492,2,07,000,00,2,0,16,A01
201700054493,2,02,000,01,0,6,14,A01
201700054494,2,02,000,00,0,0,15,A01
201700054495,2,07,000,00,2,3,10,A01
201700054495,2,31,000,01,2,7,17,B01
201700054496,2,07,000,00,2,6,23,B01
201700054496,2,02,000,00,2,3,02,A01
201700054497,0,07,000,00,2,2,16,A01
201700054497,0,01,000,00,2,0,01,B01
201700054498,1,07,000,00,1,3,17,A01
201700054499,2,07,000,00,2,5,15,A01
201700054499,1,31,000,00,2,2,01,B01
201700054500,2,01,000,00,2,4,01,B01
201700054500,2,07,000,00,2,0,01,A01
201700054501,2,07,000,00,2,3,15,A01
201700054501,2,31,000,00,2,2,17,B01
201700054502,2,10,000,00,2,7,22,A01
201700054502,2,01,000,00,2,1,18,B01
201700054503,1,07,000,00,2,7,01,B01
201700054503,2,30,000,00,2,1,05,A01
201700054504,1,07,000,00,2,5,04,A01
201700054504,1,01,000,00,2,3,18,B01
201700054505,1,07,000,00,2,2,16,A01
201700054505,1,02,000,00,2,8,18,B01
201700054506,2,10,000,00,2,1,02,A01
201700054506,2,07,000,00,2,4,23,B01
201700054507,1,01,000,00,1,1,01,A01
201700054508,2,07,000,00,2,3,15,A01
201700054508,1,31,000,00,2,8,01,B01
201700054509,1,07,000,00,1,5,04,A01
201700054510,1,34,000,00,1,0,01,Z01
201700054511,2,07,000,00,1,2,01,A01
201700054512,2,02,000,14,2,7,17,A01
201700054512,2,07,000,00,2,3,01,B01
201700054513,1,34,000,00,2,2,17,B01
201700054513,1,07,000,00,2,3,13,A01
201700054514,1,01,000,00,1,1,01,A01
201700054515,1,30,000,00,1,8,01,A01
201700054516,2,01,000,00,1,1,17,A01
201700054517,2,10,000,00,2,7,15,A01
201700054517,1,34,000,00,2,1,01,B01
201700054518,1,14,000,00,2,7,01,B01
201700054518,1,33,000,00,2,8,11,A01
201700054519,2,01,000,01,2,2,01,B01
201700054519,1,07,000,00,2,3,22,A01
201700054520,2,07,000,00,1,3,15,A01
201700054521,1,07,000,00,2,1,01,B01
201700054521,2,07,000,00,2,5,10,A01
201700054522,1,32,000,00,1,1,17,A01
201700054523,2,07,000,00,2,6,23,B01
201700054523,2,30,000,00,2,1,21,A01
201700054523,2,07,000,00,2,0,01,C01
201700054524,1,31,000,00,2,3,05,A01
201700054524,1,30,000,00,2,3,01,B01
201700054525,2,07,000,00,2,0,22,A01
201700054525,2,01,000,01,2,1,01,B01
201700054526,1,07,000,00,1,7,15,A01
201700054527,0,07,000,00,2,3,01,B01
201700054527,0,02,000,00,2,0,16,A01
201700054528,1,01,000,00,2,3,18,B01
201700054528,1,10,000,00,2,2,16,A01
201700054529,1,02,000,01,1,2,01,A01
201700054530,1,07,000,00,1,6,04,A01
201700054531,1,32,000,00,2,7,01,A01
201700054531,1,07,000,00,2,3,11,Z01
201700054532,0,07,000,00,1,3,15,A01
201700054533,1,30,000,00,2,1,01,A01
201700054533,1,01,000,00,2,4,15,B01
201700054534,1,02,000,00,2,8,15,A01
201700054534,2,07,000,00,2,1,01,Z01
201700054535,1,07,000,00,1,6,04,A01
201700054536,2,07,000,00,2,2,01,B01
201700054536,2,07,000,00,2,2,01,A01
201700054537,1,01,000,00,2,3,01,B01
201700054537,2,07,000,00,2,2,16,A01
201700054538,2,07,000,00,1,3,01,A01
201700054539,1,10,000,00,1,2,16,A01
201700054540,2,13,000,00,2,3,22,A01
201700054540,2,33,000,00,2,2,01,B01
201700054541,1,02,000,00,2,1,01,A01
201700054541,2,07,000,00,2,7,01,Z01
201700054542,1,33,000,08,1,0,15,A01
201700054543,2,32,000,00,1,1,01,A01
201700054544,2,01,000,10,2,1,17,B01
201700054544,2,07,000,00,2,1,01,A01
201700054545,2,31,000,00,2,3,18,A01
201700054545,2,07,000,00,2,2,16,B01
201700054546,2,10,000,07,0,1,15,A01
201700054547,2,01,000,00,2,1,02,A01
201700054547,2,07,000,00,2,4,23,B01
201700054548,1,07,000,00,1,7,16,A01
201700054549,1,34,000,00,1,2,01,A01
201700054550,0,07,000,00,2,0,01,B01
201700054550,0,07,000,00,2,1,01,A01
201700054551,1,32,000,14,0,8,01,A01
201700054552,2,07,000,00,2,1,01,B01
201700054552,2,07,000,00,2,1,01,A01
201700054553,1,07,000,00,1,4,23,A01
201700054554,2,30,000,00,2,2,01,A01
201700054554,1,07,000,00,2,3,10,Z01
201700054555,2,07,000,00,2,4,23,B01
201700054555,2,07,000,00,2,1,01,A01
201700054555,2,07,000,00,2,4,23,C01
201700054555,2,07,000,00,2,4,23,D01
201700054556,1,30,000,00,1,1,01,Z01
201700054557,1,02,000,00,2,7,01,B01
201700054557,1,10,000,00,2,3,09,A01
201700054558,1,30,000,00,2,1,17,A01
201700054558,1,07,000,00,2,1,16,B01
201700054559,1,07,000,00,2,3,15,A01
201700054559,1,30,000,00,2,1,17,B01
201700054560,1,01,000,00,2,1,01,A01
201700054560,1,07,000,00,2,3,15,B01
201700054561,2,07,000,00,2,7,01,A01
201700054561,2,01,000,00,2,8,13,B01
201700054562,2,07,000,00,1,7,01,A01
201700054563,1,33,000,00,1,7,01,A01
201700054564,1,31,000,00,1,7,17,A01
201700054565,2,30,000,11,2,1,17,A01
201700054565,2,13,000,00,2,6,01,B01
201700054566,1,07,000,00,2,8,15,A01
201700054566,1,31,000,00,2,2,17,B01
201700054567,2,01,000,01,0,3,13,A01
201700054568,2,07,000,00,2,1,01,A01
201700054568,2,07,000,00,2,4,23,B01
201700054569,1,07,000,00,1,2,01,A01
201700054570,2,32,000,00,2,8,09,A01
201700054570,2,33,000,00,2,1,01,B01
201700054571,2,32,000,00,2,7,01,B01
201700054571,2,07,000,00,2,5,14,A01
201700054572,2,07,000,01,0,9,05,A01
201700054573,1,14,000,00,1,0,15,Z01
201700054574,2,31,000,00,1,1,17,A01
201700054575,2,01,000,00,1,1,01,A01
201700054576,2,33,000,00,2,1,01,B01
201700054576,2,07,000,00,2,8,15,A01
201700054577,2,30,000,00,2,5,07,A01
201700054577,1,07,000,00,2,7,16,B01
201700054578,1,10,000,00,1,4,04,A01
201700054579,2,34,000,00,0,2,01,A01
201700054580,2,01,000,01,0,1,01,A01
201700054581,1,32,000,00,0,0,21,A01
201700054582,1,33,000,00,2,2,17,B01
201700054582,1,07,000,00,2,3,10,A01
201700054583,2,10,000,00,1,4,04,A01
201700054584,1,30,000,00,1,1,01,A01
201700054585,1,07,000,00,2,4,23,A01
201700054585,1,10,000,00,2,1,01,B01
201700054586,2,30,000,00,2,3,01,B01
201700054586,2,07,000,00,2,2,15,A01
201700054587,2,07,000,00,2,1,15,A01
201700054587,1,02,000,00,2,3,01,B01
201700054588,2,07,000,00,2,6,09,A01
201700054588,2,02,000,00,2,1,01,B01
201700054589,1,01,000,00,2,1,01,A01
201700054589,1,30,000,00,0,6,06,Z01
201700054590,2,07,000,00,2,3,01,A01
201700054590,2,31,000,00,2,4,23,B01
201700054591,1,30,000,00,2,1,17,A01
201700054591,1,02,000,00,2,4,01,B01
201700054592,1,07,000,00,2,3,10,A01
201700054592,2,34,000,00,2,1,01,B01
201700054593,1,07,000,00,1,0,01,Z01
201700054594,2,33,000,00,2,1,01,B01
201700054594,2,10,000,00,2,6,10,A01
201700054595,2,07,000,00,2,1,01,B01
201700054595,2,01,000,00,2,1,01,A01
201700054596,2,10,000,00,1,7,16,A01
201700054597,1,31,000,00,2,8,21,A01
201700054598,0,07,000,00,2,2,15,A01
201700054598,0,07,000,00,2,3,01,B01
201700054599,2,07,000,11,0,3,15,A01
201700054600,1,31,000,00,1,0,01,A01
201700054601,1,07,000,00,1,1,01,A01
201700054602,2,33,000,00,2,8,01,A01
201700054602,2,07,000,00,2,0,15,B01
201700054603,1,07,000,00,2,3,09,B01
201700054603,2,01,000,00,5,0,05,A01
201700054604,2,07,000,00,1,0,01,Z01
201700054605,1,10,000,00,2,1,13,A01
201700054605,2,07,000,00,2,1,01,B01
201700054606,0,07,000,00,2,2,14,A01
201700054606,0,34,000,00,2,8,01,B01
201700054607,0,30,000,00,2,1,17,A01
201700054607,0,07,000,00,2,3,01,B01
201700054608,2,33,000,00,2,1,17,A01
201700054608,1,07,000,00,2,1,09,B01
201700054608,1,07,000,00,2,1,01,C01
201700054609,2,07,000,00,2,2,16,A01
201700054609,1,02,000,00,2,1,18,B01
201700054610,2,07,000,00,1,2,16,A01
201700054611,1,33,000,04,2,0,01,B01
201700054611,1,07,000,00,2,0,13,A01
201700054612,1,33,000,00,2,6,23,B01
201700054612,1,10,000,00,2,2,02,A01
201700054613,2,07,000,00,2,3,15,A01
201700054613,1,34,000,00,2,3,01,B01
201700054614,2,07,000,00,2,1,09,Z01
201700054614,2,01,000,00,2,7,01,A01
201700054615,2,07,000,00,2,7,14,Z01
201700054615,2,31,000,00,2,8,01,A01
201700054616,0,07,000,00,1,1,01,A01
201700054617,2,34,000,00,2,0,01,B01
201700054617,2,07,000,00,2,3,13,A01
201700054618,2,07,000,09,1,2,01,A01
201700054619,1,32,000,00,2,8,17,A01
201700054619,1,07,000,01,2,6,15,B01
201700054620,2,07,000,01,0,2,14,A01
201700054621,2,17,000,00,2,1,12,A01
201700054621,2,07,000,00,2,8,01,B01
201700054622,0,02,000,00,2,0,01,Z01
201700054622,1,33,000,00,2,1,01,A01
201700054622,2,07,000,00,2,1,01,B01
201700054623,1,07,000,00,2,3,15,A01
201700054623,2,30,000,00,2,1,01,B01
201700054624,2,07,000,00,1,2,01,A01
201700054625,2,30,000,00,2,1,17,B01
201700054625,1,10,000,00,2,3,10,A01
201700054626,1,07,000,00,1,1,09,A01
201700054627,2,07,000,00,2,1,02,A01
201700054627,2,33,000,00,2,4,02,B01
201700054628,2,07,000,00,2,8,01,B01
201700054628,1,33,000,00,2,1,15,A01
201700054629,1,07,000,00,2,0,10,A01
201700054629,1,33,000,00,2,0,01,B01
201700054630,2,07,000,00,2,2,02,A01
201700054630,2,07,000,00,2,6,02,B01
201700054631,2,07,000,00,2,3,17,B01
201700054631,2,31,000,00,2,7,01,A01
201700054632,2,31,000,00,1,1,17,A01
201700054633,1,01,000,00,2,1,01,B01
201700054633,1,07,000,00,2,2,16,A01
201700054634,1,07,000,00,2,8,22,A01
201700054634,1,01,000,00,2,1,01,B01
201700054635,1,07,000,00,0,4,13,A01
201700054636,1,07,000,00,2,1,01,A01
201700054636,1,07,000,00,2,7,01,B01
201700054637,1,07,000,00,2,3,15,A01
201700054637,2,31,000,01,2,1,01,B01
201700054638,2,33,000,00,2,8,17,A01
201700054638,2,07,000,00,2,8,09,B01
201700054639,1,01,000,00,1,1,01,A01
201700054640,1,07,000,00,2,5,01,B01
201700054640,1,31,000,00,2,3,03,A01
201700054641,1,07,000,00,1,2,01,A01
201700054642,1,32,000,00,2,1,01,B01
201700054642,1,07,000,00,2,7,09,A01
201700054643,1,30,000,00,2,5,23,A01
201700054643,1,07,000,00,2,0,02,Z01
201700054644,1,07,000,00,2,1,02,A01
201700054644,1,07,000,00,2,4,02,B01
201700054645,0,01,000,00,1,0,01,Z01
201700054646,1,33,000,00,2,1,02,A01
201700054646,1,07,000,00,2,6,02,B01
201700054647,2,34,000,14,0,7,14,A01
201700054648,1,10,000,00,2,3,01,A01
201700054648,1,01,000,00,2,3,01,B01
201700054649,1,07,000,00,2,7,01,A01
201700054649,2,10,000,00,2,1,01,Z01
201700054650,2,33,000,00,2,1,17,B01
201700054650,2,07,000,00,2,8,10,A01
201700054651,0,07,000,00,2,2,01,B01
201700054651,1,07,000,00,2,6,09,A01
201700054652,1,33,000,00,2,3,11,A01
201700054652,1,10,000,00,2,5,23,B01
201700054653,1,07,000,00,1,8,04,A01
201700054654,2,07,000,00,1,4,04,A01
201700054655,1,07,000,00,2,5,16,A01
201700054655,1,07,000,00,2,3,01,B01
201700054656,2,07,000,01,0,2,14,A01
201700054657,1,13,000,00,2,8,13,A01
201700054657,1,02,000,00,2,0,17,C01
201700054657,1,30,000,00,2,0,17,B01
201700054658,2,07,000,00,2,8,01,B01
201700054658,1,07,000,00,2,1,01,A01
201700054659,2,07,000,00,2,2,15,A01
201700054659,2,01,000,00,2,8,05,B01
201700054660,2,33,000,00,2,7,17,B01
201700054660,2,07,000,01,2,3,11,A01
201700054661,1,07,000,01,0,1,14,A01
201700054662,0,02,000,00,1,4,01,Z01
201700054663,2,33,000,00,0,3,01,A01
201700054664,1,30,000,00,2,2,01,A01
201700054664,1,07,000,00,2,3,01,B01
201700054665,1,07,000,00,2,4,01,C01
201700054665,1,07,000,00,2,4,01,B01
201700054665,1,10,000,00,2,1,01,A01
201700054666,1,01,000,00,2,1,13,A01
201700054666,2,01,000,00,2,1,01,B01
201700054667,0,07,000,00,2,2,01,A01
201700054667,1,01,000,00,2,8,13,B01
201700054668,2,07,000,00,2,4,23,B01
201700054668,1,10,000,00,2,1,02,A01
201700054669,1,07,000,00,2,2,15,A01
201700054669,2,07,000,00,2,3,01,B01
201700054670,2,30,000,08,0,1,13,A01
201700054671,1,07,000,00,2,0,01,Z01
201700054671,1,33,000,06,2,1,13,A01
201700054672,0,07,000,00,2,0,15,A01
201700054672,0,33,000,00,2,0,01,B01
201700054673,1,07,000,00,1,3,01,A01
201700054674,1,07,000,00,2,6,10,A01
201700054674,1,30,000,00,2,0,01,B01
201700054675,2,01,000,00,2,1,01,B01
201700054675,2,31,000,00,2,3,09,A01
201700054676,1,07,000,14,0,1,13,A01
201700054677,1,33,000,00,2,1,02,A01
201700054677,1,07,000,00,2,6,02,B01
201700054678,2,07,000,00,2,3,10,A01
201700054678,2,01,000,00,2,2,17,B01
201700054679,1,07,000,00,2,4,11,B01
201700054679,1,33,000,00,2,1,01,A01
201700054680,2,07,000,00,2,4,01,B01
201700054680,2,07,000,00,2,1,01,A01
201700054681,1,07,000,00,2,6,15,A01
201700054681,1,32,000,00,2,1,17,B01
201700054682,2,33,000,00,0,8,21,A01
201700054683,1,07,000,00,1,1,01,A01
201700054684,2,01,000,00,2,1,01,B01
201700054684,0,07,000,00,2,7,15,A01
201700054685,1,07,000,00,2,1,02,A01
201700054685,1,33,000,00,2,1,23,B01
201700054686,1,07,000,00,2,7,01,A01
201700054686,1,07,000,00,2,1,01,B01
201700054687,2,07,000,00,2,3,15,B01
201700054687,2,30,000,00,2,1,17,A01
201700054688,2,14,000,00,2,7,16,A01
201700054688,2,01,000,00,2,8,16,B01
201700054689,1,31,000,00,0,0,01,A01
201700054690,1,07,000,00,2,2,15,A01
201700054690,2,02,000,00,2,1,01,B01
201700054691,2,30,000,00,2,1,01,B01
201700054691,1,10,000,00,2,5,01,A01
201700054692,1,02,000,00,2,7,13,A01
201700054692,2,07,000,00,2,3,01,B01
201700054693,1,07,000,00,2,2,09,A01
201700054693,1,30,000,00,2,3,17,B01
201700054694,2,07,000,00,2,4,02,B01
201700054694,2,10,000,00,2,4,02,A01
201700054695,1,07,000,01,0,0,14,A01
201700054696,2,02,000,00,2,1,02,A01
201700054696,2,02,000,00,2,4,23,B01
201700054697,1,07,000,00,2,3,09,A01
201700054697,2,01,000,00,2,1,01,B01
201700054698,1,01,000,00,9,0,01,A01
201700054699,1,01,000,00,2,4,02,A01
201700054699,1,07,000,00,2,0,02,Z01
201700054700,1,31,000,00,2,6,23,B01
201700054700,1,07,000,00,2,2,02,A01
201700054701,1,07,000,00,2,8,15,A01
201700054701,1,02,000,00,2,7,17,B01
201700054702,2,07,000,00,1,4,04,A01
201700054703,1,01,000,00,2,1,01,A01
201700054703,1,30,000,00,2,0,15,Z01
201700054704,1,07,000,00,2,2,01,A01
201700054704,2,01,000,00,2,1,01,B01
201700054705,2,07,000,00,2,7,14,A01
201700054705,2,01,000,00,2,8,01,B01
201700054706,2,07,000,00,1,0,15,Z01
201700054707,1,01,000,00,2,1,01,A01
201700054707,2,07,000,00,2,2,15,Z01
201700054708,1,07,000,00,1,1,01,A01
201700054709,1,07,000,00,2,3,13,A01
201700054709,2,02,000,00,2,3,01,B01
201700054710,1,07,000,00,2,1,01,A01
201700054710,1,07,000,00,2,1,01,C01
201700054710,1,07,000,00,2,4,23,B01
201700054711,0,10,000,00,1,1,15,A01
201700054712,1,10,000,00,1,4,04,A01
201700054713,1,33,000,00,2,2,01,B01
201700054713,1,01,000,00,2,4,13,A01
201700054714,1,31,000,00,0,0,15,A01
201700054715,1,07,000,02,0,1,01,A01
201700054716,0,07,000,00,2,3,01,B01
201700054716,0,01,000,00,2,4,13,A01
201700054717,0,07,000,00,2,2,01,A01
201700054717,0,01,000,00,2,3,01,B01
201700054718,0,07,000,00,1,4,04,A01
201700054719,2,07,000,01,1,2,01,A01
201700054720,2,07,000,00,1,4,04,Z01
201700054721,0,30,000,00,2,0,01,Z01
201700054721,2,33,000,00,2,8,01,A01
201700054722,1,32,000,12,0,2,18,A01
201700054723,1,07,000,00,1,3,01,A01
201700054724,0,10,000,00,2,2,16,A01
201700054724,1,33,000,00,2,6,01,B01
201700054724,1,07,000,00,2,5,01,C01
201700054725,2,32,000,00,1,3,01,A01
201700054726,2,07,000,11,0,3,11,A01
201700054727,1,07,000,11,0,1,13,A01
201700054728,2,10,000,00,2,1,02,A01
201700054728,2,07,000,00,2,4,23,B01
201700054729,1,07,000,00,2,3,01,B01
201700054729,1,31,000,00,2,7,16,A01
201700054730,0,10,000,00,2,4,23,B01
201700054730,1,07,000,00,2,1,02,A01
201700054731,1,07,000,00,2,3,15,A01
201700054731,2,07,000,00,2,0,24,C01
201700054731,2,31,000,00,2,3,01,B01
201700054732,1,30,000,00,0,3,01,A01
201700054733,1,01,000,00,2,1,01,A01
201700054733,1,07,000,00,2,3,01,B01
201700054734,2,10,000,00,1,1,01,A01
201700054735,1,31,000,00,2,6,01,A01
201700054735,1,07,000,00,2,2,16,Z01
201700054736,0,07,000,00,2,7,01,B01
201700054736,0,14,000,00,2,3,14,A01
201700054737,1,31,000,14,0,7,13,A01
201700054738,1,30,000,00,1,1,01,A01
201700054739,1,07,000,00,2,2,01,A01
201700054739,1,10,000,00,2,0,01,B01
201700054740,2,07,000,00,1,1,01,A01
201700054741,2,01,000,00,1,7,01,A01
201700054742,1,31,000,00,1,1,01,A01
201700054743,1,10,000,00,2,5,14,A01
201700054743,1,02,000,00,2,3,16,B01
201700054744,2,31,000,00,2,0,01,B01
201700054744,2,07,000,00,2,6,10,A01
201700054745,1,07,000,00,2,7,16,Z01
201700054745,1,01,000,00,2,8,01,A01
201700054746,1,30,000,00,9,0,01,A01
201700054747,1,07,000,00,2,2,01,A01
201700054747,1,01,000,00,2,1,18,B01
201700054748,2,33,000,00,2,4,23,B01
201700054748,2,07,000,00,2,1,02,A01
201700054749,1,31,000,00,2,0,17,A01
201700054749,1,07,000,00,2,0,10,B01
201700054750,1,01,000,00,2,1,01,B01
201700054750,1,01,000,00,2,8,10,A01
201700054751,1,07,000,00,2,1,15,A01
201700054751,2,07,000,00,2,1,01,B01
201700054752,1,01,000,00,2,1,18,A01
201700054752,1,37,000,14,2,5,16,B01
201700054753,2,02,000,00,2,7,17,A01
201700054753,2,07,000,00,2,8,13,Z01
201700054754,2,10,000,00,2,8,17,A01
201700054754,2,33,000,00,2,1,10,B01
201700054755,2,10,000,01,2,2,14,A01
201700054755,2,07,000,00,2,6,24,B01
201700054756,0,02,000,14,0,1,01,A01
201700054757,2,07,000,00,1,1,01,A01
201700054758,1,07,000,00,2,1,01,A01
201700054758,1,01,000,00,2,8,19,B01
201700054759,1,07,000,00,2,8,01,B01
201700054759,2,02,000,00,2,3,13,A01
201700054760,1,07,000,00,2,2,07,B01
201700054760,1,01,000,00,2,3,18,A01
201700054761,0,01,000,00,2,0,01,B01
201700054761,1,07,000,00,2,3,22,A01
201700054762,2,07,000,00,2,2,14,A01
201700054762,2,01,000,00,2,4,01,B01
201700054763,1,07,000,00,2,8,15,A01
201700054763,2,33,000,00,2,8,01,B01
201700054764,1,07,000,00,1,0,01,A01
201700054765,0,07,000,00,2,1,01,B01
201700054765,2,07,000,00,2,6,01,A01
201700054766,1,02,000,00,2,2,17,B01
201700054766,1,07,000,00,2,3,15,A01
201700054767,2,07,000,00,2,1,01,A01
201700054767,2,07,000,00,2,4,23,B01
201700054768,1,07,000,00,2,4,23,B01
201700054768,1,01,000,01,2,1,01,A01
201700054769,1,07,000,00,2,7,01,Z01
201700054769,1,30,000,00,2,3,01,A01
201700054770,2,01,000,00,2,1,17,A01
201700054770,2,01,000,00,2,0,13,B01
201700054771,0,01,000,00,2,0,23,C01
201700054771,1,07,000,00,2,3,02,A01
201700054771,1,07,000,00,2,5,23,B01
201700054772,1,07,000,00,1,4,04,A01
201700054773,1,33,000,08,2,1,01,A01
201700054774,1,14,000,00,2,2,16,A01
201700054774,1,34,000,00,2,3,18,B01
201700054775,1,34,000,00,2,2,01,B01
201700054775,1,07,000,00,2,3,13,A01
201700054775,1,07,000,00,2,5,01,C01
201700054776,2,01,000,01,0,8,21,A01
201700054777,0,07,000,00,2,1,01,A01
201700054777,0,33,000,00,2,4,15,B01
201700054778,2,02,000,00,2,1,03,A01
201700054778,2,07,000,00,2,5,23,B01
201700054779,0,31,000,00,2,3,03,A01
201700054779,0,10,000,00,2,4,12,B01
201700054780,0,07,000,07,0,1,01,A01
201700054781,2,14,000,15,1,5,09,A01
201700054782,2,01,000,00,2,0,01,B01
201700054782,1,07,000,00,2,1,15,A01
201700054783,1,30,000,00,0,3,03,A01
201700054784,1,07,000,00,2,5,11,B01
201700054784,1,32,000,00,2,1,12,A01
201700054785,1,07,000,00,2,0,22,A01
201700054785,1,01,000,01,2,0,01,B01
201700054786,0,07,000,00,2,1,01,B01
201700054786,0,07,000,00,2,2,01,A01
201700054787,0,07,000,00,1,1,15,A01
201700054788,1,01,000,00,0,0,01,A01
201700054789,1,32,000,00,2,1,17,A01
201700054789,1,33,000,00,2,8,15,B01
201700054790,0,01,000,00,2,1,01,A01
201700054790,1,01,000,00,2,3,01,B01
201700054791,2,02,000,00,0,0,07,A01
201700054792,1,30,000,00,2,3,18,A01
201700054792,1,07,000,00,2,2,16,B01
201700054793,2,07,000,00,2,1,15,A01
201700054793,1,33,000,00,2,8,16,B01
201700054794,2,32,000,00,2,1,01,B01
201700054794,2,07,000,00,2,2,15,A01
201700054795,2,07,000,00,2,0,15,Z01
201700054795,2,07,000,00,2,1,01,B01
201700054796,1,10,000,00,2,3,13,A01
201700054796,1,32,000,00,2,0,23,B01
201700054797,2,07,000,00,2,4,09,B01
201700054797,2,33,000,00,2,1,01,A01
201700054798,2,30,000,11,0,1,14,A01
201700054799,1,33,000,00,2,1,12,A01
201700054799,1,14,000,00,2,6,23,B01
201700054800,2,31,000,00,2,1,17,B01
201700054800,2,07,000,00,2,8,15,A01
201700054801,1,07,000,00,2,6,24,B01
201700054801,2,14,000,01,2,3,01,C01
201700054801,1,07,000,01,2,9,13,A01
201700054802,2,07,000,00,1,0,01,Z01
201700054803,1,07,000,00,2,1,01,A01
201700054803,1,01,000,00,2,0,19,B01
201700054804,2,02,000,00,2,2,01,A01
201700054804,1,07,000,00,2,2,15,B01
201700054805,2,07,000,00,0,7,16,B01
201700054805,2,31,000,00,2,8,07,A01
201700054806,1,01,000,00,2,7,01,B01
201700054806,1,07,000,00,2,8,22,A01
201700054807,2,32,000,00,2,5,01,A01
201700054807,2,07,000,00,2,8,10,Z01
201700054808,1,07,000,00,2,2,01,A01
201700054808,2,07,000,00,2,1,01,B01
201700054809,1,07,000,00,2,5,01,B01
201700054809,1,31,000,00,2,3,18,A01
201700054810,1,07,000,00,2,3,13,A01
201700054810,2,10,000,01,2,3,01,B01
201700054810,1,07,000,00,2,0,01,C01
201700054811,1,10,000,00,2,5,02,B01
201700054811,1,07,000,00,2,1,02,A01
201700054812,2,02,000,00,2,1,05,A01
201700054812,2,07,000,00,2,8,15,B01
201700054813,2,07,000,00,1,3,17,A01
201700054814,2,07,000,00,2,1,02,A01
201700054814,2,34,000,00,2,4,16,B01
201700054815,1,07,000,00,2,2,01,C01
201700054815,1,33,000,00,2,7,03,A01
201700054815,1,07,000,00,2,3,13,B01
201700054815,1,07,000,00,2,5,01,D01
201700054816,1,10,000,00,1,2,01,A01
201700054817,2,01,000,00,2,1,05,A01
201700054817,1,01,000,00,2,1,01,B01
201700054818,1,07,000,00,1,3,15,A01
201700054819,2,07,000,00,2,2,15,A01
201700054819,1,07,000,00,2,3,01,B01
201700054820,0,07,000,00,2,3,01,B01
201700054820,0,07,000,04,2,3,13,A01
201700054821,1,01,000,00,0,0,17,A01
201700054822,1,33,000,00,2,0,17,A01
201700054822,1,07,000,00,2,0,15,B01
201700054823,2,07,000,00,2,2,01,B01
201700054823,1,01,000,00,2,8,01,A01
201700054824,1,30,000,00,2,3,01,B01
201700054824,1,07,000,00,2,2,09,A01
201700054825,2,33,000,00,2,1,01,B01
201700054825,1,07,000,00,2,2,10,A01
201700054825,1,07,000,00,2,1,10,C01
201700054825,2,33,000,00,2,8,01,D01
201700054826,1,02,000,00,2,2,02,A01
201700054826,1,07,000,00,2,6,23,B01
201700054827,1,07,000,00,2,4,23,Z01
201700054827,1,33,000,00,2,1,02,A01
201700054828,1,07,000,00,2,6,20,B01
201700054828,1,31,000,00,2,1,02,A01
201700054829,0,07,000,00,2,5,01,B01
201700054829,0,07,000,00,2,3,13,A01
201700054830,2,07,000,00,2,3,15,B01
201700054830,2,32,000,00,2,2,17,A01
201700054831,1,31,000,00,1,0,01,A01
201700054832,1,07,000,00,2,5,23,C01
201700054832,1,07,000,00,2,0,23,B01
201700054832,1,07,000,00,2,3,02,A01
201700054833,0,30,000,00,1,1,01,A01
201700054834,0,33,000,00,2,4,23,B01
201700054834,1,07,000,00,2,1,02,A01
201700054835,1,07,000,00,1,5,04,A01