Num_Acc,senc,catv,occutc,obs,obsm,choc,manv,num_veh
201700054836,1,02,000,00,1,1,18,Z01
201700054837,1,07,000,00,2,1,15,A01
201700054837,2,07,000,00,2,3,01,B01
201700054838,2,33,000,00,2,5,02,A01
201700054838,2,10,000,00,2,5,02,B01
201700054839,2,07,000,00,2,3,01,A01
201700054839,2,01,000,00,2,4,15,B01
201700054840,1,07,000,00,2,6,15,A01
201700054840,1,32,000,00,2,2,17,B01
201700054841,1,30,000,00,1,1,01,A01
201700054842,1,07,000,00,1,6,01,A01
201700054842,2,02,000,00,2,0,03,Z01
201700054843,2,07,000,00,2,0,15,B01
201700054843,2,31,000,00,2,2,17,A01
201700054844,1,10,000,00,2,3,18,A01
201700054844,1,07,000,00,2,1,20,B01
201700054845,1,01,000,00,2,2,01,B01
201700054845,1,07,000,00,2,0,22,A01
201700054846,0,07,000,00,2,8,22,A01
201700054846,0,01,000,00,2,1,01,B01
201700054847,0,31,000,00,0,0,16,A01
201700054848,2,01,000,00,2,1,18,A01
201700054848,2,10,000,00,2,8,22,B01
201700054848,2,07,000,00,2,2,23,C01
201700054849,1,10,000,00,1,2,01,A01
201700054850,0,07,000,04,0,1,13,A01
201700054851,1,01,000,00,2,7,01,B01
201700054851,2,10,000,00,2,2,22,A01
201700054852,0,01,000,00,1,8,01,A01
201700054853,2,07,000,00,2,6,15,B01
201700054853,2,31,000,00,2,1,02,A01
201700054854,1,31,000,16,0,8,01,A01
201700054855,2,07,000,00,2,2,01,A01
201700054855,2,07,000,00,2,3,01,B01
201700054856,0,07,000,00,1,5,09,A01
201700054857,1,07,000,00,2,3,02,A01
201700054857,1,31,000,00,2,4,23,B01
201700054858,1,07,000,00,2,1,15,A01
201700054858,2,01,000,00,2,3,01,B01
201700054859,1,01,000,00,2,1,01,B01
201700054859,1,30,000,00,2,5,15,A01
201700054860,1,30,000,00,0,0,16,A01
201700054861,1,07,000,01,0,9,01,A01
201700054862,1,34,000,00,2,1,23,B01
201700054862,2,10,000,14,2,4,04,A01
201700054863,2,07,000,00,2,0,23,C01
201700054863,2,07,000,00,2,4,23,B01
201700054863,2,07,000,00,2,1,02,A01
201700054864,1,07,000,00,1,3,01,A01
201700054865,1,01,000,00,2,8,13,A01
201700054865,1,30,000,00,2,8,17,Z01
201700054866,2,01,000,00,2,0,01,B01
201700054866,1,07,000,00,2,0,15,A01
201700054867,2,01,000,00,2,2,01,B01
201700054867,2,07,000,00,2,3,16,A01
201700054868,2,07,000,00,1,4,04,A01
201700054869,1,07,000,00,1,2,01,A01
201700054870,2,31,000,00,2,1,17,A01
201700054870,2,07,000,00,2,8,15,B01
201700054871,2,32,000,00,2,3,01,B01
201700054871,1,07,000,00,2,2,13,A01
201700054872,1,07,000,00,2,3,13,Z01
201700054872,1,31,000,00,2,2,17,A01
201700054873,2,10,000,00,2,1,02,A01
201700054873,2,07,000,00,2,4,23,B01
201700054874,2,07,000,00,2,1,02,A01
201700054874,2,07,000,00,2,4,23,B01
201700054875,2,07,000,00,2,9,23,B01
201700054875,2,07,000,00,2,4,23,C01
201700054875,2,10,000,00,2,1,02,A01
201700054876,1,10,000,00,2,6,10,A01
201700054876,1,31,000,00,2,1,01,B01
201700054877,1,07,000,00,2,3,13,A01
201700054877,1,32,000,00,2,7,17,B01
201700054878,1,07,000,00,2,4,01,B01
201700054878,1,07,000,00,2,1,01,A01
201700054878,1,07,000,00,2,0,23,D01
201700054878,1,07,000,00,2,4,01,C01
201700054879,2,01,000,00,1,1,01,A01
201700054880,1,02,000,00,2,3,01,B01
201700054880,1,10,000,00,2,2,01,A01
201700054881,0,07,000,00,1,7,15,A01
201700054882,1,02,000,00,2,1,02,A01
201700054882,1,10,000,00,2,4,02,B01
201700054883,1,07,000,00,2,4,23,B01
201700054883,1,07,000,00,2,4,23,C01
201700054883,1,10,000,00,2,0,02,A01
201700054884,2,01,000,00,2,0,19,B01
201700054884,2,07,000,00,2,2,01,A01
201700054885,1,31,000,00,2,4,23,B01
201700054885,1,07,000,00,2,2,02,A01
201700054886,1,10,000,00,1,4,04,A01
201700054887,1,07,000,00,1,1,15,A01
201700054888,1,07,000,00,2,7,15,Z01
201700054888,2,34,000,00,2,1,01,A01
201700054889,2,30,000,12,0,8,13,A01
201700054890,2,33,000,00,2,1,01,B01
201700054890,2,01,000,00,2,8,15,A01
201700054891,2,07,000,00,2,2,10,A01
201700054891,1,32,000,00,2,1,01,B01
201700054892,2,34,000,00,2,0,16,B01
201700054892,2,07,000,00,2,1,16,A01
201700054893,1,07,000,00,1,3,15,A01
201700054894,1,07,000,00,2,2,01,B01
201700054894,1,30,000,00,2,1,01,A01
201700054895,1,31,000,00,0,8,15,A01
201700054896,1,07,000,00,1,1,16,A01
201700054897,1,07,000,00,2,5,11,B01
201700054897,1,33,000,00,2,1,17,A01
201700054898,1,10,000,00,2,6,16,B01
201700054898,1,30,000,00,2,6,01,A01
201700054899,2,07,000,00,2,8,15,A01
201700054899,2,33,000,01,2,1,17,B01
201700054900,1,01,000,00,2,3,13,B01
201700054900,1,32,000,00,2,1,17,A01
201700054901,2,31,000,00,2,1,01,B01
201700054901,1,02,000,00,2,3,10,A01
201700054902,1,07,000,00,1,1,01,A01
201700054903,2,30,000,00,1,1,05,A01
201700054904,1,07,000,01,0,2,14,A01
201700054905,1,01,000,00,2,6,13,B01
201700054905,1,34,000,00,2,2,01,A01
201700054906,1,07,000,00,2,1,15,A01
201700054906,1,34,000,00,2,1,01,B01
201700054907,1,07,000,00,2,1,01,A01
201700054907,1,07,000,00,2,4,23,B01
201700054908,1,07,000,00,2,9,23,A01
201700054908,2,01,000,00,2,1,01,C01
201700054908,1,07,000,00,2,3,01,B01
201700054909,2,01,000,00,1,1,01,Z01
201700054910,2,07,000,00,1,0,01,Z01
201700054911,1,34,000,15,0,7,01,A01
201700054912,2,07,000,00,1,2,01,A01
201700054913,2,07,000,00,2,3,15,B01
201700054913,2,10,000,08,2,1,05,A01
201700054914,1,07,000,07,0,3,13,A01
201700054915,2,07,000,00,2,0,12,Z01
201700054915,1,33,000,00,2,3,01,A01
201700054916,2,07,000,00,2,2,12,A01
201700054916,2,31,000,00,2,3,03,B01
201700054917,0,07,000,00,2,0,10,Z01
201700054917,2,33,000,00,2,0,01,A01
201700054918,2,34,000,00,1,1,17,A01
201700054919,1,07,000,00,2,2,16,B01
201700054919,1,01,000,00,2,2,01,A01
201700054920,1,33,000,00,2,3,01,B01
201700054920,1,07,000,00,2,3,14,A01
201700054921,1,07,000,00,1,1,15,A01
201700054922,2,33,000,00,2,7,01,B01
201700054922,1,07,000,00,2,3,09,A01
201700054923,2,33,000,00,2,3,13,A01
201700054923,2,33,000,00,2,2,01,B01
201700054924,1,07,000,06,2,1,01,B01
201700054924,1,07,000,00,2,6,13,A01
201700054925,1,33,000,00,1,1,01,A01
201700054926,2,07,000,14,0,2,13,A01
201700054927,1,10,000,00,1,3,15,A01
201700054928,1,34,000,00,2,6,09,B01
201700054928,1,07,000,01,2,2,01,A01
201700054929,2,07,000,00,1,3,15,A01
201700054930,1,07,000,00,2,3,15,A01
201700054930,2,32,000,00,2,3,01,B01
201700054931,2,02,000,00,2,7,01,B01
201700054931,2,10,000,00,2,3,10,A01
201700054932,2,30,000,00,0,0,21,A01
201700054933,1,32,000,00,2,1,01,A01
201700054933,1,34,000,00,2,1,01,B01
201700054933,1,07,000,00,2,1,01,C01
201700054934,1,07,000,00,2,1,01,B01
201700054934,0,01,000,00,2,8,11,A01
201700054935,2,07,000,00,1,3,01,A01
201700054936,2,33,000,00,2,1,17,A01
201700054936,2,10,000,00,2,6,15,B01
201700054937,2,10,000,00,2,5,14,Z01
201700054937,2,30,000,00,2,1,01,A01
201700054938,2,07,000,00,2,5,24,B01
201700054938,1,30,000,01,2,0,01,A01
201700054939,1,07,000,00,2,2,15,A01
201700054939,2,33,000,00,2,3,01,B01
201700054940,1,33,000,00,2,1,02,A01
201700054940,1,07,000,00,2,4,23,B01
201700054941,1,10,000,00,2,1,01,B01
201700054941,2,02,000,00,2,7,13,A01
201700054942,1,07,000,00,2,6,15,A01
201700054942,1,32,000,00,2,2,01,B01
201700054943,1,33,000,00,2,1,03,A01
201700054943,1,07,000,00,2,7,12,B01
201700054944,1,01,000,00,1,1,01,A01
201700054945,2,33,000,00,1,7,01,A01
201700054946,2,34,000,00,1,1,17,A01
201700054947,1,30,000,00,1,3,01,A01
201700054948,1,07,000,00,2,2,12,A01
201700054948,1,30,000,00,2,3,01,B01
201700054949,2,07,000,00,2,3,01,A01
201700054949,2,01,000,00,2,4,01,B01
201700054950,1,30,000,00,2,1,01,Z01
201700054950,1,01,000,00,2,4,23,A01
201700054951,2,32,000,00,2,7,01,B01
201700054951,2,07,000,00,2,0,13,A01
201700054952,2,07,000,08,0,1,01,A01
201700054953,2,10,000,00,1,3,15,A01
201700054954,2,07,000,00,1,4,04,A01
201700054955,1,30,000,00,1,1,01,A01
201700054956,1,02,000,01,0,2,14,A01
201700054957,0,07,000,00,2,7,16,A01
201700054957,0,33,000,00,2,8,01,B01
201700054958,1,30,000,00,2,1,02,A01
201700054958,1,10,000,00,2,6,23,B01
201700054959,1,07,000,01,0,2,14,A01
201700054960,1,34,000,00,2,7,16,A01
201700054960,1,07,000,00,2,6,13,B01
201700054961,1,10,000,00,2,8,09,A01
201700054961,1,30,000,00,2,1,01,B01
201700054962,2,07,000,00,2,8,13,Z01
201700054962,1,10,000,00,2,1,01,B01
201700054962,2,31,000,00,2,7,17,A01
201700054963,2,07,000,00,1,3,15,A01
201700054964,2,32,000,00,2,1,02,A01
201700054964,2,10,000,00,2,5,23,B01
201700054965,2,31,000,00,1,1,01,A01
201700054966,1,10,000,01,0,4,20,A01
201700054967,1,07,000,00,1,1,15,A01
201700054968,1,33,000,00,2,1,01,B01
201700054968,0,07,000,00,2,3,15,A01
201700054969,1,07,000,00,2,8,09,A01
201700054969,1,33,000,00,2,1,01,B01
201700054970,1,10,000,00,2,0,09,A01
201700054970,1,30,000,00,2,0,01,B01
201700054971,1,07,000,00,1,8,01,A01
201700054972,1,10,000,00,2,6,15,A01
201700054972,1,30,000,00,2,2,01,B01
201700054973,1,01,000,00,2,2,02,A01
201700054973,0,10,000,00,2,6,23,B01
201700054974,2,37,000,00,2,7,01,B01
201700054974,1,07,000,00,2,3,13,A01
201700054975,1,07,000,00,1,3,01,A01
201700054976,2,32,000,12,0,1,14,A01
201700054977,2,10,000,00,1,0,16,A01
201700054978,1,30,000,00,2,8,17,B01
201700054978,1,07,000,00,2,3,15,A01
201700054979,1,37,000,00,2,3,01,B01
201700054979,1,07,000,00,2,2,09,A01
201700054980,1,33,000,00,1,8,01,A01
201700054981,1,33,000,00,2,8,03,A01
201700054981,1,07,000,00,2,7,12,B01
201700054982,1,01,000,00,2,7,19,B01
201700054982,1,07,000,00,2,1,01,A01
201700054983,1,33,000,00,2,8,09,A01
201700054983,1,33,000,00,2,1,01,B01
201700054984,2,33,000,00,2,1,17,B01
201700054984,2,10,000,00,2,3,09,A01
201700054985,1,10,000,00,2,3,13,Z01
201700054985,1,07,000,00,2,6,24,A01
201700054986,2,30,000,00,2,1,01,B01
201700054986,1,07,000,00,2,1,13,A01
201700054987,1,32,000,00,0,8,01,A01
201700054988,1,10,000,00,2,4,23,B01
201700054988,1,07,000,00,2,4,23,C01
201700054988,1,07,000,00,2,1,02,A01
201700054989,1,07,000,00,1,3,15,A01
201700054990,1,07,000,00,2,6,22,A01
201700054990,1,01,000,00,2,1,17,B01
201700054991,1,07,000,00,2,6,10,B01
201700054991,1,34,000,00,2,1,17,A01
201700054992,2,07,000,00,2,2,15,A01
201700054992,1,34,000,00,2,1,01,B01
201700054993,1,07,000,00,2,6,10,A01
201700054993,1,34,000,00,2,1,01,B01
201700054994,1,07,000,00,2,1,02,Z01
201700054994,1,33,000,00,2,4,02,A01
201700054995,1,31,000,00,2,3,17,B01
201700054995,1,10,000,00,2,8,10,A01
201700054996,1,33,000,00,2,1,01,B01
201700054996,2,07,000,00,2,2,15,A01
201700054997,1,30,000,01,0,1,14,A01
201700054998,1,07,000,00,2,3,22,A01
201700054998,1,01,000,00,2,3,01,B01
201700054999,2,07,000,14,0,1,14,A01
201700055000,2,10,000,00,1,6,04,A01
201700055001,1,07,000,00,2,3,02,A01
201700055001,1,07,000,00,2,4,02,B01
201700055002,1,07,000,06,0,1,01,A01
201700055003,1,33,000,01,2,1,01,B01
201700055003,1,07,000,00,2,3,10,A01
201700055004,1,07,000,11,0,0,01,A01
201700055005,1,33,000,00,2,2,01,B01
201700055005,1,07,000,00,2,3,13,A01
201700055006,2,10,000,00,1,3,01,A01
201700055007,2,33,000,00,0,5,21,A01
201700055008,1,07,000,01,2,2,01,A01
201700055008,1,07,000,00,2,7,13,Z01
201700055009,1,07,000,00,2,2,15,A01
201700055009,2,30,000,00,2,1,01,B01
201700055010,1,07,000,00,2,8,09,A01
201700055010,1,31,000,00,2,1,01,B01
201700055011,2,07,000,00,2,3,01,B01
201700055011,1,07,000,00,2,2,15,A01
201700055012,1,07,000,00,1,1,01,A01
201700055013,1,37,000,00,1,0,07,Z01
201700055014,0,07,000,00,1,1,01,A01
201700055015,2,07,000,00,1,2,01,A01
201700055016,1,10,000,00,2,2,09,A01
201700055016,1,32,000,00,2,1,17,B01
201700055017,1,07,000,00,1,1,15,A01
201700055018,1,32,000,00,2,3,18,A01
201700055018,1,07,000,00,2,2,16,B01
201700055019,1,07,000,00,1,3,01,A01
201700055020,0,14,000,00,2,1,01,A01
201700055020,0,07,000,00,2,4,23,B01
201700055021,2,07,000,00,1,0,01,A01
201700055022,2,31,000,00,2,5,01,B01
201700055022,1,07,000,00,2,0,10,A01
201700055023,0,07,000,00,2,1,15,A01
201700055023,0,10,000,00,2,8,01,B01
201700055024,1,07,000,00,1,2,01,A01
201700055025,1,07,000,00,2,3,17,A01
201700055025,2,01,000,00,2,1,07,B01
201700055026,2,07,000,00,2,8,02,A01
201700055026,2,01,000,01,2,7,01,B01
201700055027,2,33,000,00,2,8,18,A01
201700055027,2,07,000,00,2,7,23,B01
201700055028,2,07,000,00,1,1,15,A01
201700055029,1,07,000,00,1,1,01,A01
201700055030,2,07,000,00,1,1,15,A01
201700055031,1,32,000,00,0,0,21,A01
201700055032,2,30,000,00,1,0,01,Z01
201700055033,1,07,000,00,2,7,09,A01
201700055033,1,31,000,00,2,2,01,B01
201700055034,2,01,000,00,2,0,19,A01
201700055034,2,14,000,00,2,8,01,B01
201700055035,1,07,000,00,2,3,07,B01
201700055035,0,01,000,00,2,8,19,A01
201700055036,1,33,000,14,0,7,14,A01
201700055037,2,33,000,00,2,1,01,A01
201700055037,2,07,000,00,2,3,10,B01
201700055038,2,07,000,00,1,1,01,A01
201700055039,1,07,000,00,1,4,04,A01
201700055040,2,10,000,00,1,4,04,A01
201700055041,1,07,000,00,1,8,01,A01
201700055042,1,07,000,00,2,2,15,A01
201700055042,2,31,000,00,2,1,01,B01
201700055043,2,33,000,00,2,1,01,B01
201700055043,0,07,000,00,2,3,10,A01
201700055044,1,37,000,00,2,0,01,A01
201700055044,1,07,000,00,2,0,14,Z01
201700055045,2,07,000,00,2,4,23,B01
201700055045,2,07,000,00,2,1,02,A01
201700055046,2,07,000,00,2,0,15,A01
201700055046,2,30,000,12,2,0,17,B01
201700055047,2,33,000,00,2,1,14,A01
201700055047,2,07,000,00,2,5,24,B01
201700055048,2,01,000,00,2,1,17,B01
201700055048,2,10,000,00,2,3,22,A01
201700055049,1,07,000,00,2,5,15,A01
201700055049,2,34,000,00,2,1,01,B01
201700055050,2,31,000,00,2,7,01,B01
201700055050,2,07,000,00,2,8,01,A01
201700055051,1,07,000,00,2,0,13,A01
201700055051,1,31,000,00,2,0,01,B01
201700055052,1,30,000,00,2,1,10,A01
201700055052,1,33,000,00,2,2,01,B01
201700055053,2,32,000,00,2,6,01,B01
201700055053,1,07,000,00,2,2,15,A01
201700055054,0,07,000,00,2,0,15,Z01
201700055054,0,01,000,00,2,3,01,A01
201700055055,1,37,000,00,1,0,07,A01
201700055056,1,07,000,00,2,1,15,A01
201700055056,2,02,000,00,2,3,01,B01
201700055057,1,30,000,00,2,1,01,B01
201700055057,1,07,000,00,2,5,15,A01
201700055058,1,30,000,00,0,0,01,A01
201700055059,0,07,000,00,2,1,15,A01
201700055059,0,01,000,00,2,7,05,B01
201700055060,2,10,000,00,1,1,01,A01
201700055061,1,33,000,00,1,1,17,A01
201700055062,1,32,000,00,1,0,01,A01
201700055063,1,07,000,00,1,3,15,A01
201700055064,1,07,000,00,1,0,04,Z01
201700055065,1,01,000,01,0,1,13,A01
201700055066,1,07,000,00,1,8,15,A01
201700055067,2,07,000,00,2,2,17,B01
201700055067,2,32,000,00,2,8,21,A01
201700055068,2,30,000,00,1,1,16,A01
201700055069,2,07,000,00,2,7,22,A01
201700055069,2,01,000,00,2,0,01,B01
201700055070,1,10,000,00,1,3,15,A01
201700055071,1,30,000,00,2,0,01,B01
201700055071,1,10,000,00,2,3,09,A01
201700055072,2,14,000,00,2,0,01,C01
201700055072,1,30,000,00,2,1,17,A01
201700055072,1,07,000,00,2,0,01,B01
201700055073,2,31,000,00,2,2,05,B01
201700055073,1,10,000,00,2,3,10,A01
201700055074,1,10,000,06,0,1,01,A01
201700055075,1,07,000,08,0,1,13,A01
201700055076,2,07,000,07,0,3,13,A01
201700055077,2,02,000,00,2,2,01,B01
201700055077,2,07,000,00,2,8,09,A01
201700055078,1,31,000,14,0,1,01,A01
201700055079,1,07,000,00,2,0,16,A01
201700055079,1,37,000,00,2,3,07,B01
201700055080,1,32,000,00,1,1,01,A01
201700055081,1,01,000,00,1,0,01,A01
201700055082,2,07,000,01,2,0,22,A01
201700055082,1,01,000,00,2,1,01,B01
201700055083,2,07,000,00,2,1,15,B01
201700055083,2,07,000,00,2,1,01,A01
201700055084,1,01,000,00,2,4,20,A01
201700055084,1,07,000,00,2,1,01,B01
201700055085,2,07,000,00,2,2,15,B01
201700055085,2,33,000,01,2,2,01,A01
201700055086,2,07,000,00,1,1,01,A01
201700055087,2,07,000,00,2,1,16,A01
201700055087,1,01,000,00,2,5,07,B01
201700055088,1,32,000,00,2,6,01,A01
201700055088,1,30,000,00,2,8,01,B01
201700055089,1,07,000,00,1,4,04,A01
201700055090,2,01,000,00,2,3,07,B01
201700055090,2,37,000,00,2,5,17,A01
201700055091,2,07,000,00,2,7,16,A01
201700055091,1,02,000,00,2,1,01,B01
201700055092,2,10,000,00,1,1,02,A01
201700055093,1,07,000,01,0,1,13,A01
201700055094,1,07,000,00,1,3,01,A01
201700055095,1,07,000,00,1,2,07,A01
201700055096,2,07,000,00,2,3,09,A01
201700055096,2,01,000,00,2,1,07,B01
201700055097,1,31,000,00,1,1,01,A01
201700055098,2,33,000,00,2,6,02,B01
201700055098,2,07,000,00,2,2,02,A01
201700055099,2,07,000,00,1,3,15,A01
201700055100,1,07,000,00,2,2,23,E01
201700055100,1,07,000,00,2,4,23,D01
201700055100,1,07,000,00,2,4,02,B01
201700055100,1,07,000,00,2,1,23,A01
201700055100,1,07,000,00,2,4,23,C01
201700055101,2,07,000,00,2,2,01,A01
201700055101,2,07,000,00,1,3,16,B01
201700055102,0,10,000,00,2,2,24,B01
201700055102,1,07,000,01,2,2,14,A01
201700055103,2,07,000,00,2,4,04,Z01
201700055103,2,33,000,00,2,1,23,A01
201700055104,2,07,000,00,2,0,01,B01
201700055104,2,07,000,00,2,3,01,A01
201700055105,0,07,000,00,2,5,12,B01
201700055105,0,31,000,00,2,1,02,A01
201700055106,0,10,000,00,1,2,16,Z01
201700055107,2,34,000,00,2,7,17,B01
201700055107,1,07,000,00,2,1,09,A01
201700055108,1,01,000,01,0,1,14,A01
201700055109,0,07,000,00,2,1,02,A01
201700055109,0,07,000,00,2,0,02,B01
201700055110,1,07,000,00,2,3,09,A01
201700055110,1,33,000,00,2,2,01,B01
201700055111,1,07,000,00,2,5,15,A01
201700055111,1,32,000,00,2,1,01,B01
201700055112,1,32,000,00,2,4,23,B01
201700055112,1,07,000,00,2,3,01,A01
201700055113,2,02,000,00,0,0,01,A01
201700055114,1,01,000,00,1,1,01,A01
201700055115,0,02,000,00,0,0,14,A01
201700055116,1,10,000,00,2,2,15,A01
201700055116,2,33,000,00,2,1,01,B01
201700055117,1,30,000,00,2,0,01,B01
201700055117,2,07,000,00,2,2,15,A01
201700055118,2,10,000,00,2,0,13,A01
201700055118,2,02,000,04,2,0,01,B01
201700055119,2,30,000,00,2,1,01,B01
201700055119,2,07,000,00,2,2,15,A01
201700055120,1,07,000,00,2,3,01,C01
201700055120,2,10,000,00,2,3,15,A01
201700055120,2,02,000,00,2,9,17,B01
201700055121,0,01,000,00,2,1,01,B01
201700055121,0,07,000,00,2,3,22,A01
201700055122,2,07,000,00,2,1,01,B01
201700055122,1,30,000,00,2,7,15,A01
201700055123,0,30,000,00,2,3,09,A01
201700055123,1,07,000,00,2,0,01,Z01
201700055124,2,02,000,00,1,1,01,Z01
201700055125,1,07,000,00,1,0,15,A01
201700055126,2,31,000,00,1,1,01,A01
201700055127,1,31,000,00,2,7,17,A01
201700055127,1,01,000,00,2,8,15,B01
201700055128,1,10,000,00,1,4,04,A01
201700055129,1,07,000,07,0,3,09,A01
201700055130,1,07,000,00,1,1,01,A01
201700055131,2,31,000,00,2,1,13,A01
201700055131,1,07,000,00,2,3,01,B01
201700055132,2,01,000,00,1,0,19,A01
201700055133,1,07,000,00,2,1,15,A01
201700055133,2,33,000,00,2,8,01,B01
201700055134,1,33,000,00,2,2,03,B01
201700055134,1,33,000,00,2,8,11,A01
201700055135,1,02,000,00,1,1,01,A01
201700055136,0,07,000,00,2,4,23,C01
201700055136,0,14,000,00,2,1,02,A01
201700055136,1,07,000,00,2,4,23,B01
201700055137,1,31,000,00,2,6,15,A01
201700055137,1,07,000,00,2,2,01,B01
201700055138,1,10,000,00,1,2,07,A01
201700055139,1,33,000,00,1,2,01,A01
201700055140,1,37,000,00,1,2,16,A01
201700055141,1,32,000,00,2,7,01,B01
201700055141,2,07,000,00,2,8,11,A01
201700055142,2,33,000,00,2,4,23,B01
201700055142,2,07,000,00,2,1,02,A01
201700055143,1,07,000,00,1,2,01,Z01
201700055144,1,07,000,00,1,3,01,A01
201700055145,1,07,000,07,0,3,13,A01
201700055146,1,07,000,00,2,0,01,Z01
201700055146,2,01,000,00,2,7,15,B01
201700055147,1,37,000,00,2,3,02,A01
201700055147,1,07,000,00,2,0,23,B01
201700055148,2,32,000,00,2,8,01,B01
201700055148,1,07,000,00,2,1,15,A01
201700055149,2,01,000,00,2,1,01,B01
201700055149,1,01,000,00,2,1,05,A01
201700055150,2,30,000,00,2,1,17,Z01
201700055150,2,30,000,00,2,6,01,A01
201700055151,1,07,000,00,1,2,01,A01
201700055152,1,01,000,00,1,7,01,A01
201700055153,1,30,000,00,2,1,01,B01
201700055153,2,07,000,00,2,7,15,A01
201700055154,0,01,000,00,2,7,19,B01
201700055154,1,07,000,00,2,1,16,A01
201700055155,1,02,000,00,2,2,17,B01
201700055155,1,10,000,00,2,6,15,A01
201700055156,1,07,000,00,2,2,02,A01
201700055156,2,07,000,00,2,6,23,B01
201700055157,2,07,000,00,1,3,09,A01
201700055158,2,30,000,00,2,8,01,B01
201700055158,1,07,000,00,2,1,15,A01
201700055159,1,07,000,00,1,5,04,A01
201700055160,0,02,000,00,0,0,18,A01
201700055161,1,31,000,00,1,3,01,A01
201700055162,2,01,000,00,2,2,01,B01
201700055162,1,07,000,00,2,2,15,A01
201700055163,2,07,000,00,2,3,15,B01
201700055163,1,31,000,00,2,3,01,A01
201700055164,1,01,000,00,1,7,01,A01
201700055165,2,07,000,00,2,7,16,A01
201700055165,2,01,000,00,2,1,07,B01
201700055166,1,33,000,00,1,1,01,A01
201700055167,2,01,000,00,1,1,01,A01
201700055168,2,14,000,00,1,5,15,A01
201700055169,1,10,000,00,1,2,01,A01
201700055170,1,37,000,00,2,1,07,B01
201700055170,1,33,000,00,2,4,07,A01
201700055171,1,07,000,01,0,8,11,A01
201700055172,2,33,000,00,2,7,01,A01
201700055173,1,07,000,00,1,7,12,A01
201700055174,1,33,000,00,2,1,01,A01
201700055174,1,30,000,00,2,2,05,Z01
201700055175,1,34,000,00,1,2,03,A01
201700055176,0,01,000,00,2,4,02,B01
201700055176,0,31,000,00,2,7,02,A01
201700055177,2,01,000,00,1,0,01,A01
201700055178,0,07,000,01,2,1,14,A01
201700055178,0,07,000,01,2,6,24,B01
201700055179,0,07,000,00,2,5,16,A01
201700055179,0,07,000,00,2,1,02,Z01
201700055180,1,07,000,00,2,4,02,B01
201700055180,1,07,000,00,2,1,02,A01
201700055181,2,07,000,00,1,0,01,Z01
201700055182,1,32,000,00,2,5,01,B01
201700055182,1,07,000,00,2,5,05,A01
201700055183,1,38,000,02,0,2,13,A01
201700055184,2,07,000,00,2,2,16,A01
201700055184,2,01,000,00,2,1,01,B01
201700055185,1,34,000,00,2,2,01,B01
201700055185,1,07,000,00,2,3,01,A01
201700055186,1,30,000,00,1,1,01,A01
201700055187,1,07,000,00,2,2,15,A01
201700055187,0,01,000,00,2,1,01,B01
201700055188,1,32,000,00,2,7,01,B01
201700055188,2,07,000,00,2,3,15,A01
201700055189,2,07,000,00,1,2,15,A01
201700055190,2,07,000,00,2,2,16,A01
201700055190,2,32,000,00,2,8,01,B01
201700055191,2,07,000,00,2,0,16,A01
201700055191,2,30,000,00,2,0,01,B01
201700055192,2,01,000,00,2,1,01,B01
201700055192,2,07,000,00,2,5,22,A01
201700055193,1,07,000,00,2,7,09,A01
201700055193,1,33,000,00,2,1,01,B01
201700055194,1,30,000,00,0,0,00,A01
201700055195,2,01,000,00,1,1,17,A01
201700055196,1,01,000,00,1,1,01,A01
201700055197,1,01,000,00,2,8,02,B01
201700055197,1,01,000,00,2,8,02,A01
201700055198,1,07,000,00,2,3,10,A01
201700055198,1,32,000,00,2,1,17,B01
201700055199,0,07,000,00,2,6,24,B01
201700055199,2,30,000,01,2,1,01,A01
201700055200,2,07,000,00,1,1,01,A01
201700055201,1,07,000,00,2,4,23,C01
201700055201,1,07,000,00,2,1,02,A01
201700055201,1,07,000,00,2,6,23,B01
201700055202,1,30,000,12,0,2,14,A01
201700055203,2,31,000,00,2,7,01,A01
201700055203,2,13,000,00,2,8,13,Z01
201700055204,2,32,000,00,2,1,01,B01
201700055204,2,07,000,00,2,5,04,A01
201700055205,1,07,000,00,2,3,01,C01
201700055205,2,07,000,00,2,3,14,A01
201700055205,2,33,000,00,2,2,17,B01
201700055206,1,07,000,00,2,3,01,B01
201700055206,1,07,000,00,2,5,01,A01
201700055207,2,33,000,15,2,7,01,B01
201700055207,2,07,000,00,2,0,09,A01
201700055208,2,07,000,00,1,2,01,A01
201700055209,2,34,000,00,2,2,10,B01
201700055209,2,34,000,00,2,2,01,A01
201700055210,2,07,000,00,1,2,01,A01
201700055211,0,30,000,00,2,3,18,A01
201700055211,0,07,000,00,2,5,16,B01
201700055212,1,33,000,00,1,1,17,A01
201700055213,1,02,000,01,0,1,13,A01
201700055214,1,07,000,00,2,8,01,A01
201700055214,1,07,000,00,2,8,01,B01
201700055215,2,02,000,00,2,1,16,Z01
201700055215,2,01,000,00,2,1,19,A01
201700055216,2,07,000,00,1,0,04,A01
201700055217,2,07,000,00,2,3,23,A01
201700055217,2,07,000,00,2,5,02,B01
201700055218,1,07,000,00,2,0,01,B01
201700055218,1,14,000,00,2,6,14,A01
201700055219,2,37,000,00,0,0,21,A01
201700055220,1,07,000,00,2,2,10,A01
201700055220,1,31,000,00,2,6,01,B01
201700055221,2,31,000,00,0,8,01,A01