Num_Acc,senc,catv,occutc,obs,obsm,choc,manv,num_veh
201700055594,2,07,000,00,2,2,23,C01
201700055595,1,02,000,01,2,3,18,A01
201700055595,1,07,000,00,2,2,07,B01
201700055596,2,30,000,00,2,3,01,B01
201700055596,1,07,000,00,2,2,15,A01
201700055597,1,07,000,00,2,4,02,B01
201700055597,1,07,000,00,2,4,02,A01
201700055597,0,07,000,00,0,2,02,Z01
201700055597,1,07,000,00,2,4,02,C01
201700055598,2,07,000,00,2,5,23,C01
201700055598,2,31,000,00,2,2,18,A01
201700055598,2,37,000,00,2,8,07,B01
201700055599,1,33,000,00,2,8,18,B01
201700055599,1,07,000,00,2,2,12,A01
201700055600,1,33,000,00,2,3,01,B01
201700055600,1,01,000,00,2,6,15,A01
201700055601,2,07,000,00,2,8,01,B01
201700055601,1,07,000,00,2,1,15,A01
201700055602,2,33,000,00,2,7,01,A01
201700055602,1,07,000,00,2,2,10,Z01
201700055603,2,07,000,00,2,2,16,A01
201700055603,1,01,000,00,2,3,01,B01
201700055604,1,30,000,00,2,2,01,A01
201700055604,1,07,000,00,2,3,10,Z01
201700055605,2,32,000,12,0,1,01,A01
201700055606,1,02,000,00,1,2,01,A01
201700055607,1,33,000,00,1,1,01,A01
201700055608,2,10,000,00,1,3,16,A01
201700055609,1,31,000,00,0,0,16,A01
201700055610,1,07,000,00,1,3,04,Z01
201700055611,1,07,000,00,2,1,02,Z01
201700055611,1,07,000,00,2,4,23,A01
201700055612,2,33,000,00,0,1,01,A01
201700055613,1,33,000,00,2,4,01,B01
201700055613,1,33,000,00,2,1,01,A01
201700055614,2,31,000,00,1,1,01,A01
201700055615,1,07,000,00,1,1,01,A01
201700055616,2,10,000,00,2,8,13,A01
201700055616,2,33,000,00,2,7,17,B01
201700055617,1,07,000,00,2,1,15,B01
201700055617,1,07,000,00,2,5,15,C01
201700055617,1,33,000,00,2,2,17,A01
201700055618,2,07,000,00,1,1,01,A01
201700055619,1,07,000,00,2,1,01,A01
201700055619,1,07,000,00,2,4,23,B01
201700055620,2,02,000,00,2,8,01,A01
201700055620,2,07,000,00,2,8,11,Z01
201700055621,1,07,000,01,0,1,01,A01
201700055622,1,07,000,00,2,0,15,A01
201700055622,1,33,000,00,2,0,17,B01
201700055623,1,31,000,00,0,0,01,A01
201700055624,2,33,000,00,2,1,01,A01
201700055624,2,07,000,00,2,6,23,B01
201700055625,1,07,000,00,2,5,15,A01
201700055625,1,33,000,00,2,0,01,B01
201700055626,2,33,000,00,2,6,01,B01
201700055626,1,07,000,00,2,5,10,A01
201700055627,1,07,000,00,2,3,15,A01
201700055627,2,33,000,00,2,3,01,B01
201700055628,1,07,000,00,2,1,07,B01
201700055628,1,07,000,00,2,2,16,A01
201700055629,1,33,000,00,2,8,07,A01
201700055629,1,07,000,00,2,7,16,Z01
201700055630,1,07,000,00,2,1,02,A01
201700055630,1,33,000,00,2,4,15,B01
201700055631,1,07,000,00,2,6,15,A01
201700055631,1,32,000,00,2,1,01,B01
201700055632,1,07,000,00,1,0,16,Z01
201700055633,2,32,000,00,0,0,01,A01
201700055634,2,32,000,00,0,3,01,A01
201700055635,1,01,000,00,2,1,01,A01
201700055635,2,07,000,00,2,2,01,B01
201700055636,1,07,000,00,2,0,04,Z01
201700055636,1,07,000,00,2,4,24,B01
201700055636,1,31,000,00,2,1,21,A01
201700055637,2,30,000,00,1,1,01,Z01
201700055638,2,34,000,00,0,0,21,A01
201700055639,2,07,000,00,2,4,01,B01
201700055639,2,01,000,00,2,1,01,A01
201700055640,2,02,000,00,2,1,01,B01
201700055640,2,01,000,00,2,7,19,A01
201700055641,2,33,000,00,1,2,15,A01
201700055642,1,31,000,00,2,2,17,A01
201700055642,1,07,000,00,2,3,15,B01
201700055642,2,01,000,00,2,8,01,C01
201700055643,1,07,000,00,1,1,15,A01
201700055644,1,30,000,00,1,1,01,Z01
201700055645,2,07,000,00,1,7,01,A01
201700055646,0,07,000,00,2,2,15,A01
201700055646,0,07,000,00,2,3,01,B01
201700055647,1,07,000,00,2,3,15,A01
201700055647,2,31,000,00,2,1,01,B01
201700055648,2,07,000,00,1,7,01,Z01
201700055649,1,31,000,00,0,0,01,A01
201700055650,1,10,000,00,1,6,01,A01
201700055651,1,07,000,00,2,2,16,B01
201700055651,1,32,000,01,2,1,18,A01
201700055652,2,07,000,00,2,3,09,A01
201700055652,2,31,000,00,2,1,01,B01
201700055653,1,02,000,00,2,1,15,A01
201700055653,2,07,000,00,2,1,01,B01
201700055654,2,02,000,15,2,1,17,A01
201700055654,2,07,000,00,2,0,13,B01
201700055655,2,07,000,00,2,2,01,B01
201700055655,2,02,000,00,2,8,13,A01
201700055656,1,07,000,00,1,2,15,A01
201700055657,2,02,000,00,1,3,01,A01
201700055658,1,30,000,00,2,1,01,B01
201700055658,2,07,000,00,2,7,01,A01
201700055659,0,07,000,00,2,1,09,B01
201700055659,1,30,000,00,2,1,01,A01
201700055660,1,07,000,00,2,5,01,A01
201700055660,1,32,000,00,2,1,01,B01
201700055661,1,30,000,00,2,1,01,B01
201700055661,1,07,000,00,2,2,09,A01
201700055662,1,33,000,00,2,1,17,A01
201700055662,0,07,000,00,2,1,23,B01
201700055663,1,10,000,00,1,2,16,A01
201700055664,2,07,000,00,2,3,09,A01
201700055664,2,32,000,00,2,1,01,B01
201700055665,2,07,000,00,1,4,04,A01
201700055666,1,07,000,00,1,0,01,A01
201700055667,1,07,000,00,1,6,04,A01
201700055668,1,07,000,00,2,2,01,A01
201700055668,2,32,000,00,2,1,01,B01
201700055669,2,07,000,00,2,2,01,B01
201700055669,1,02,000,00,2,1,01,A01
201700055670,2,07,000,00,1,0,15,A01
201700055671,1,33,000,00,2,8,07,B01
201700055671,2,07,000,00,2,1,15,A01
201700055672,1,10,000,00,1,1,15,A01
201700055673,2,07,000,00,2,0,01,A01
201700055673,1,34,000,00,2,0,01,B01
201700055674,1,07,000,00,2,4,01,B01
201700055674,1,13,000,00,2,1,01,A01
201700055675,1,01,000,00,2,0,16,B01
201700055675,1,07,000,00,2,1,01,A01
201700055676,2,07,000,00,1,1,01,A01
201700055677,2,07,000,12,0,2,15,A01
201700055678,2,07,000,00,2,8,22,A01
201700055678,0,01,000,00,2,1,01,B01
201700055679,2,07,000,00,1,1,15,A01
201700055680,1,07,000,00,2,1,01,C01
201700055680,1,07,000,00,2,4,12,A01
201700055680,1,07,000,00,2,1,01,B01
201700055681,2,10,000,00,1,1,15,A01
201700055682,2,07,000,00,1,1,01,A01
201700055683,1,07,000,00,2,8,22,A01
201700055683,1,01,000,00,2,1,01,B01
201700055684,1,07,000,00,2,8,15,B01
201700055684,1,34,000,00,2,1,17,A01
201700055685,1,07,000,00,2,7,16,B01
201700055685,1,30,000,00,2,3,18,A01
201700055686,1,31,000,00,2,2,15,A01
201700055686,2,33,000,00,2,1,01,B01
201700055687,1,07,000,00,2,3,01,A01
201700055687,1,07,000,00,2,2,01,B01
201700055688,1,07,000,07,0,1,13,A01
201700055689,0,31,000,00,0,0,21,A01
201700055690,2,01,000,00,2,0,19,B01
201700055690,2,07,000,00,2,3,16,A01
201700055691,2,01,000,00,2,0,01,B01
201700055691,1,07,000,00,2,0,15,A01
201700055692,1,07,000,00,1,3,15,A01
201700055693,2,10,000,00,2,6,13,A01
201700055693,2,33,000,08,2,6,01,B01
201700055694,2,07,000,00,1,2,01,A01
201700055695,2,07,000,06,0,1,09,A01
201700055696,1,07,000,00,2,3,01,A01
201700055696,2,33,000,00,2,1,01,B01
201700055697,1,33,000,07,1,1,01,A01
201700055698,1,07,000,00,1,1,15,A01
201700055699,1,07,000,00,2,5,09,A01
201700055699,1,32,000,00,2,0,01,B01
201700055700,2,34,000,00,2,1,01,A01
201700055700,1,07,000,00,2,1,15,B01
201700055701,2,32,000,00,1,1,01,A01
201700055702,1,07,000,00,2,6,15,A01
201700055702,1,07,000,00,2,0,14,Z01
201700055703,1,34,000,01,1,1,14,A01
201700055704,1,07,000,00,2,5,22,A01
201700055704,1,01,000,00,2,1,01,B01
201700055705,2,07,000,00,2,3,15,A01
201700055705,1,07,000,00,2,2,01,B01
201700055706,1,07,000,00,2,5,10,A01
201700055706,2,32,000,00,2,1,01,B01
201700055707,1,30,000,01,0,7,14,A01
201700055708,0,07,000,00,1,3,15,A01
201700055709,2,02,000,00,2,4,13,A01
201700055709,2,07,000,00,2,2,01,B01
201700055710,2,31,000,00,2,1,02,A01
201700055710,2,07,000,00,2,4,23,B01
201700055711,1,02,000,00,2,3,01,B01
201700055711,1,31,000,00,2,1,01,A01
201700055712,1,07,000,07,2,3,13,A01
201700055712,2,07,000,00,2,3,01,B01
201700055713,2,07,000,00,2,0,15,A01
201700055713,1,02,000,00,2,0,01,B01
201700055714,2,07,000,00,1,3,15,A01
201700055715,1,02,000,00,0,8,15,A01
201700055716,0,07,000,00,2,2,10,A01
201700055716,0,32,000,00,2,1,01,B01
201700055717,2,01,000,00,2,1,01,B01
201700055717,2,07,000,00,2,2,22,A01
201700055718,0,07,000,00,1,6,04,A01
201700055719,1,02,000,00,2,1,01,B01
201700055719,1,07,000,00,2,2,01,A01
201700055720,1,01,000,00,0,0,01,Z01
201700055721,2,32,000,00,1,1,01,A01
201700055722,1,10,000,00,2,1,01,A01
201700055722,1,07,000,00,2,4,23,B01
201700055723,1,31,000,00,2,1,15,A01
201700055723,2,07,000,00,2,3,01,B01
201700055724,1,07,000,00,2,3,02,Z01
201700055724,1,01,000,00,2,4,13,A01
201700055725,1,07,000,00,2,7,13,A01
201700055725,1,02,000,00,2,8,01,B01
201700055726,1,33,000,00,2,7,17,A01
201700055726,1,07,000,00,2,3,15,B01
201700055727,2,10,000,00,2,3,10,A01
201700055727,2,33,000,00,2,1,01,B01
201700055728,1,31,000,00,2,7,01,B01
201700055728,2,07,000,00,2,3,01,A01
201700055729,1,07,000,00,2,6,11,A01
201700055729,1,32,000,00,2,2,01,B01
201700055730,2,32,000,00,0,2,01,A01
201700055731,2,07,000,00,1,2,01,A01
201700055732,2,33,000,00,2,0,17,B01
201700055732,2,07,000,00,2,3,15,A01
201700055733,1,32,000,00,2,4,23,B01
201700055733,1,38,000,00,2,1,01,A01
201700055734,2,07,000,07,0,1,13,A01
201700055735,2,02,000,00,2,1,17,A01
201700055735,2,07,000,00,2,0,23,C01
201700055735,2,07,000,00,2,6,09,B01
201700055736,1,07,000,00,2,3,15,A01
201700055736,1,32,000,00,2,7,15,B01
201700055737,1,02,000,00,2,3,09,A01
201700055737,2,07,000,00,2,2,15,B01
201700055738,1,34,000,00,2,3,01,B01
201700055738,1,07,000,00,2,3,13,A01
201700055739,0,34,000,00,2,3,18,A01
201700055739,0,10,000,00,2,2,16,B01
201700055740,1,01,000,00,1,1,01,A01
201700055741,2,07,000,00,1,0,04,Z01
201700055742,1,07,000,00,2,1,02,A01
201700055742,1,07,000,00,2,1,02,B01
201700055742,1,07,000,00,2,1,02,C01
201700055742,1,07,000,00,2,0,02,D01
201700055743,2,01,000,00,2,7,01,B01
201700055743,2,07,000,00,2,3,22,A01
201700055744,0,07,000,00,2,2,16,B01
201700055744,0,33,000,00,2,1,01,A01
201700055745,1,33,000,00,0,7,16,A01
201700055746,1,07,000,00,2,8,01,B01
201700055746,1,10,000,00,2,0,01,A01
201700055747,1,07,000,11,0,1,13,A01
201700055748,2,07,000,00,2,2,14,A01
201700055748,2,07,000,00,2,6,24,B01
201700055749,2,07,000,00,1,3,01,A01
201700055750,0,07,000,00,2,0,12,Z01
201700055750,0,02,000,00,2,1,01,A01
201700055751,2,33,000,00,1,1,01,A01
201700055752,1,10,000,00,1,5,04,A01
201700055753,1,07,000,00,2,4,04,A01
201700055753,1,30,000,00,2,1,23,B01
201700055754,2,32,000,00,2,1,01,A01
201700055754,2,07,000,00,2,4,01,B01
201700055755,1,07,000,01,2,0,22,A01
201700055755,1,30,000,00,2,0,01,B01
201700055756,1,34,000,00,2,8,23,B01
201700055756,1,10,000,01,2,8,01,A01
201700055757,2,31,000,00,1,0,00,A01
201700055758,0,31,000,00,2,8,01,B01
201700055758,0,07,000,00,2,7,01,A01
201700055759,1,30,000,00,0,8,01,A01
201700055760,2,32,000,00,1,0,01,Z01
201700055761,1,07,000,00,2,2,15,A01
201700055761,1,07,000,00,2,3,01,B01
201700055762,2,07,000,00,1,2,01,A01
201700055763,1,07,000,08,0,1,13,A01
201700055764,1,07,000,00,1,2,01,A01
201700055765,2,07,000,00,2,6,02,B01
201700055765,2,30,000,00,2,1,02,A01
201700055766,1,10,000,00,2,8,02,A01
201700055766,1,33,000,00,2,5,23,B01
201700055767,2,01,000,00,1,7,02,A01
201700055768,2,07,000,00,1,2,01,A01
201700055769,2,30,000,00,0,2,01,A01
201700055770,2,07,000,01,0,2,14,A01
201700055771,1,30,000,00,2,8,15,A01
201700055771,1,07,000,00,2,8,01,B01
201700055772,2,02,000,00,2,1,02,A01
201700055772,2,07,000,00,2,4,02,B01
201700055773,2,33,000,00,2,7,01,A01
201700055773,1,07,000,00,2,8,15,Z01
201700055774,2,07,000,00,2,0,16,Z01
201700055774,2,31,000,08,2,2,01,A01
201700055775,1,07,000,00,2,3,09,A01
201700055775,2,01,000,00,2,0,01,B01
201700055776,1,31,000,00,2,1,02,A01
201700055776,1,07,000,00,2,6,02,B01
201700055777,2,07,000,00,2,0,18,Z01
201700055777,2,01,000,00,2,3,01,A01
201700055778,2,10,000,06,2,1,01,A01
201700055778,2,07,000,00,2,3,01,B01
201700055779,2,07,000,00,1,6,04,A01
201700055780,2,31,000,00,2,2,01,A01
201700055780,1,07,000,00,2,3,15,B01
201700055781,1,07,000,00,2,5,02,B01
201700055781,0,10,000,00,2,3,02,A01
201700055782,0,07,000,08,0,1,13,A01
201700055783,2,10,000,00,2,3,01,B01
201700055783,1,07,000,00,2,2,01,A01
201700055784,1,07,000,00,2,3,15,A01
201700055784,1,34,000,00,2,2,01,B01
201700055785,1,30,000,00,2,1,02,A01
201700055785,1,07,000,00,2,4,23,B01
201700055786,0,07,000,00,2,2,01,B01
201700055786,2,07,000,00,2,2,01,A01
201700055787,1,07,000,00,0,0,21,A01
201700055788,1,33,000,00,1,3,01,A01
201700055789,1,07,000,00,2,3,01,B01
201700055789,1,07,000,00,2,3,10,A01
201700055790,2,01,000,00,1,1,01,A01
201700055791,2,30,000,00,1,8,01,A01
201700055792,1,07,000,00,1,3,01,A01
201700055793,1,34,000,00,1,1,17,A01
201700055794,1,07,000,00,2,2,01,B01
201700055794,1,01,000,00,2,6,18,A01
201700055795,1,30,000,00,2,0,17,B01
201700055795,1,07,000,00,2,0,15,A01
201700055796,1,07,000,00,2,1,01,A01
201700055796,2,07,000,00,2,2,01,B01
201700055797,2,34,000,00,1,2,01,A01
201700055798,1,35,000,01,0,0,14,A01
201700055799,1,30,000,01,2,6,01,B01
201700055799,1,07,000,00,2,0,01,A01
201700055800,1,07,000,00,2,5,09,A01
201700055800,1,32,000,00,2,1,01,B01
201700055801,2,07,000,00,2,8,15,A01
201700055801,1,33,000,00,2,5,17,B01
201700055802,2,10,000,00,1,4,04,A01
201700055803,0,07,000,00,2,6,02,B01
201700055803,2,02,000,00,2,1,02,A01
201700055804,2,07,000,00,1,2,16,A01
201700055805,2,02,000,00,2,1,01,B01
201700055805,2,10,000,00,2,7,01,A01
201700055806,1,30,000,00,2,3,15,B01
201700055806,2,31,000,00,2,1,17,A01
201700055807,1,07,000,00,1,3,01,A01
201700055808,2,30,000,00,2,7,23,B01
201700055808,2,07,000,00,2,8,02,A01
201700055809,1,32,000,00,2,1,01,A01
201700055809,2,07,000,00,2,7,01,B01
201700055810,2,31,000,00,0,7,01,A01
201700055811,2,33,000,00,2,1,01,A01
201700055811,1,33,000,00,2,0,23,B01
201700055812,1,02,000,00,2,7,01,B01
201700055812,1,30,000,00,2,8,18,A01
201700055813,1,07,000,00,2,6,01,C01
201700055813,1,07,000,08,2,1,15,A01
201700055813,2,07,000,00,2,8,01,B01
201700055814,1,02,000,01,0,1,17,A01
201700055815,1,33,000,00,2,2,01,B01
201700055815,0,07,000,00,2,8,11,A01
201700055816,2,32,000,00,2,1,01,B01
201700055816,1,07,000,00,2,2,15,A01
201700055817,1,10,000,00,1,2,01,A01
201700055818,2,01,000,00,0,0,21,A01
201700055819,1,01,000,00,1,0,05,Z01
201700055820,1,07,000,00,1,1,01,A01
201700055821,2,07,000,00,2,3,01,A01
201700055821,0,07,000,00,2,1,15,Z01
201700055822,1,10,000,00,2,2,02,A01
201700055822,1,07,000,00,2,6,02,B01
201700055823,0,07,000,00,1,1,01,A01
201700055824,1,31,000,12,0,3,16,A01
201700055825,1,07,000,00,2,4,02,A01
201700055825,1,33,000,00,2,2,02,B01
201700055826,2,10,000,00,2,2,15,B01
201700055826,2,34,000,00,2,0,13,A01
201700055827,2,30,000,00,2,1,17,A01
201700055827,2,07,000,00,2,8,15,B01
201700055828,2,01,000,00,1,1,01,A01
201700055829,2,31,000,14,0,1,16,A01
201700055830,1,07,000,01,0,2,09,A01
201700055831,1,07,000,01,0,3,13,A01
201700055832,2,02,000,00,2,8,18,B01
201700055832,2,07,000,00,2,7,14,A01
201700055833,1,10,000,00,2,9,01,B01
201700055833,1,10,000,00,2,0,01,A01
201700055834,1,07,000,00,2,1,01,A01
201700055834,1,33,000,00,2,4,23,B01
201700055835,1,07,000,00,1,0,04,Z01
201700055836,2,07,000,00,1,6,01,A01
201700055837,1,13,000,00,2,3,02,A01
201700055837,1,07,000,00,2,5,02,B01
201700055838,1,32,000,00,2,8,01,B01
201700055838,2,07,000,00,2,3,15,A01
201700055839,1,07,000,00,2,4,02,B01
201700055839,1,07,000,00,2,1,02,A01
201700055839,1,07,000,00,2,0,23,C01
201700055840,2,07,000,00,2,1,01,B01
201700055840,1,32,000,00,2,7,15,A01
201700055841,1,07,000,00,2,4,23,B01
201700055841,1,07,000,00,2,1,02,A01
201700055842,2,07,000,11,0,3,13,A01
201700055843,0,07,000,00,2,6,23,B01
201700055843,0,33,000,00,2,1,17,A01
201700055844,2,07,000,00,2,2,01,A01
201700055844,1,31,000,00,2,1,01,B01
201700055845,1,07,000,00,1,2,16,A01
201700055846,1,10,000,00,2,3,02,A01
201700055846,1,07,000,00,2,5,23,B01
201700055847,1,07,000,00,1,5,01,A01
201700055848,0,07,000,00,2,8,22,A01
201700055848,2,01,000,00,2,8,01,B01
201700055849,2,02,000,00,0,1,01,A01
201700055850,1,34,000,00,2,7,01,B01
201700055850,1,02,000,00,2,1,15,A01
201700055851,1,07,000,00,2,2,16,A01
201700055851,1,30,000,00,2,3,18,B01
201700055852,1,02,000,12,0,8,13,A01
201700055853,1,07,000,00,2,8,22,A01
201700055853,1,01,000,01,2,2,01,B01
201700055854,2,07,000,00,2,2,12,A01
201700055854,2,07,000,00,2,4,01,D01
201700055854,2,33,000,00,2,8,03,B01
201700055854,2,07,000,00,2,6,01,C01
201700055855,2,07,000,00,2,0,01,A01
201700055855,2,32,000,00,2,2,11,B01
201700055856,1,07,000,01,0,3,13,A01
201700055857,1,07,000,00,2,0,15,A01
201700055857,1,36,000,00,2,1,01,B01
201700055858,1,07,000,00,1,2,01,A01
201700055859,2,33,000,00,2,7,01,B01
201700055859,2,07,000,00,2,3,11,A01
201700055860,1,07,000,08,0,3,15,A01
201700055861,2,07,000,00,1,0,01,A01
201700055862,1,07,000,00,2,3,01,B01
201700055862,1,30,000,00,2,2,01,A01
201700055863,2,07,000,00,1,1,15,A01
201700055864,2,07,000,00,1,2,16,A01
201700055865,2,33,000,00,1,1,01,A01
201700055866,0,07,000,00,2,3,01,B01
201700055866,2,02,000,00,2,1,01,A01
201700055867,1,30,000,00,0,8,01,A01
201700055868,1,07,000,00,2,3,22,A01
201700055868,1,01,000,01,2,7,01,B01
201700055869,1,02,000,00,0,0,01,A01
201700055870,2,01,000,00,2,4,23,B01
201700055870,2,07,000,00,2,3,02,A01
201700055871,1,07,000,00,2,8,01,B01
201700055871,1,07,000,00,2,1,01,A01
201700055872,2,37,000,00,2,3,01,B01
201700055872,1,07,000,00,2,5,04,A01
201700055873,2,07,000,00,2,3,01,B01
201700055873,1,07,000,00,2,8,01,A01
201700055874,0,10,000,00,1,0,15,A01
201700055875,1,34,000,00,2,6,01,B01
201700055875,1,07,000,00,2,2,12,A01
201700055876,1,01,000,00,1,1,01,A01
201700055877,1,07,000,01,2,3,13,A01
201700055877,0,07,000,00,2,2,24,B01
201700055878,0,32,000,00,2,2,01,B01
201700055878,0,10,000,00,2,2,09,A01
201700055879,2,37,000,00,1,2,01,A01
201700055880,1,37,000,00,1,7,01,A01
201700055881,2,33,000,00,2,1,01,B01
201700055881,2,10,000,00,2,8,01,A01
201700055882,2,10,000,01,0,2,14,A01
201700055883,2,07,000,00,2,3,16,B01
201700055883,2,07,000,00,2,2,01,A01
201700055884,1,07,000,00,1,1,02,A01
201700055884,1,07,000,00,2,3,00,B01
201700055885,1,01,000,00,2,7,16,A01
201700055885,1,30,000,00,2,8,01,B01
201700055886,2,07,000,00,2,7,15,A01
201700055886,1,02,000,00,2,1,01,B01
201700055887,1,07,000,00,1,1,16,A01
201700055888,1,07,000,00,2,3,11,A01
201700055888,1,02,000,00,2,2,17,B01
201700055889,1,10,000,01,2,1,01,A01
201700055889,1,07,000,00,2,4,23,B01
201700055890,2,34,000,00,2,2,01,B01
201700055890,2,01,000,00,2,3,11,A01
201700055891,1,07,000,00,2,2,15,A01
201700055891,2,02,000,00,2,0,01,B01
201700055892,2,34,000,00,1,1,01,A01
201700055893,2,14,000,00,2,2,15,A01
201700055893,2,07,000,00,2,8,13,B01
201700055894,1,30,000,00,2,7,17,B01
201700055894,1,07,000,00,2,6,13,A01
201700055895,2,01,000,00,2,8,01,B01
201700055895,1,10,000,00,2,2,15,A01
201700055896,2,07,000,00,1,2,01,A01
201700055897,2,32,000,00,2,1,01,A01
201700055897,1,07,000,00,2,3,10,B01
201700055898,1,32,000,00,1,7,01,A01
201700055899,2,01,000,00,2,1,02,A01
201700055899,2,02,000,00,2,1,02,Z01
201700055900,2,07,000,00,1,2,01,A01
201700055901,1,10,000,00,2,7,12,A01
201700055901,1,32,000,00,2,8,03,B01
201700055902,1,07,000,00,2,2,16,A01
201700055902,1,07,000,00,2,3,01,B01
201700055903,1,07,000,11,2,1,10,A01
201700055903,2,07,000,00,2,8,01,B01
201700055904,2,30,000,00,2,1,17,A01
201700055904,2,30,000,00,2,4,01,B01
201700055905,1,02,000,00,2,1,01,A01
201700055905,1,07,000,00,2,0,04,Z01
201700055906,1,07,000,00,1,1,01,A01
201700055907,1,07,000,00,2,3,15,B01
201700055907,2,30,000,00,2,7,01,A01
201700055908,1,01,000,00,1,1,01,A01
201700055909,1,32,000,00,2,3,18,B01
201700055909,1,10,000,00,2,2,22,A01
201700055910,2,02,000,00,1,1,01,A01
201700055911,1,07,000,00,2,0,09,A01
201700055911,1,30,000,00,2,1,01,B01
201700055912,2,07,000,00,1,2,01,A01
201700055913,1,07,000,00,9,4,01,B01
201700055913,1,10,000,00,2,1,01,A01
201700055914,2,10,000,00,2,2,01,A01
201700055914,1,02,000,00,2,8,01,B01
201700055915,1,07,000,00,1,1,16,A01
201700055916,2,07,000,00,2,1,01,A01
201700055916,1,07,000,00,2,5,01,B01
201700055917,2,07,000,00,2,1,01,A01
201700055917,2,02,000,00,2,8,01,B01
201700055918,1,07,000,00,2,8,10,A01
201700055918,1,33,000,00,2,8,01,B01
201700055919,1,07,000,00,2,3,01,B01
201700055919,2,02,000,00,2,2,01,A01
201700055920,1,10,000,00,1,1,15,A01
201700055921,1,07,000,00,1,2,16,A01
201700055922,0,33,000,00,1,8,01,A01
201700055923,1,07,000,00,2,6,15,B01
201700055923,1,30,000,00,2,1,01,A01
201700055924,2,07,000,00,1,1,01,Z01
201700055925,1,07,000,00,2,2,15,A01
201700055925,2,02,000,00,2,1,01,B01
201700055926,2,30,000,00,1,0,00,Z01
201700055927,2,31,000,00,2,1,01,B01
201700055927,1,07,000,00,2,2,15,A01
201700055928,2,07,000,00,2,1,01,B01
201700055928,2,01,000,00,2,2,01,A01
201700055929,1,02,000,00,2,1,01,B01
201700055929,2,07,000,00,2,2,15,A01
201700055930,2,01,000,00,2,1,05,A01
201700055930,2,10,000,00,2,1,01,B01
201700055931,1,32,000,00,2,3,13,B01
201700055931,1,07,000,00,2,2,17,A01
201700055932,0,30,000,00,2,7,01,B01
201700055932,0,07,000,00,2,3,15,A01
201700055933,2,07,000,00,1,1,01,Z01
201700055934,0,07,000,00,1,4,04,Z01
201700055935,0,30,000,01,0,1,13,A01
201700055936,2,31,000,00,2,8,02,A01
201700055936,2,07,000,00,2,4,02,B01
201700055937,2,07,000,00,2,3,09,A01
201700055937,2,07,000,00,2,5,01,B01
201700055938,1,31,000,00,2,2,01,A01
201700055938,2,10,000,00,2,3,01,B01
201700055939,1,07,000,00,2,1,16,A01
201700055939,2,01,000,00,2,7,19,B01
201700055940,1,34,000,00,2,2,17,A01
201700055940,1,07,000,00,2,6,13,B01
201700055941,1,31,000,00,1,1,21,Z01
201700055942,2,07,000,00,1,3,15,A01
201700055943,1,10,000,00,2,3,23,B01
201700055943,2,33,000,00,1,1,18,A01
201700055944,2,33,000,00,2,1,02,A01
201700055944,2,07,000,00,2,6,23,B01
201700055945,2,10,000,00,1,1,00,Z01
201700055946,2,07,000,00,1,1,01,A01
201700055947,2,34,000,00,1,3,01,A01
201700055948,1,07,000,00,1,1,16,A01
201700055949,1,30,000,00,1,1,01,A01
201700055950,1,07,000,00,1,1,01,A01
201700055951,1,30,000,00,2,6,15,A01
201700055951,1,03,000,00,2,4,17,Z01
201700055952,1,07,000,00,2,1,02,Z01
201700055952,2,07,000,00,1,0,23,A01
201700055953,2,02,000,00,2,8,01,B01
201700055953,1,10,000,00,2,1,15,A01
201700055954,2,33,000,06,0,3,09,A01
201700055955,1,07,000,00,2,3,15,A01
201700055955,2,07,000,00,2,3,01,B01
201700055956,1,07,000,01,0,2,13,A01
201700055957,2,32,000,00,2,5,14,B01
201700055957,2,33,000,00,2,3,07,A01
201700055958,1,07,000,00,2,1,15,A01
201700055958,0,07,000,00,2,7,01,B01
201700055959,2,07,000,01,2,1,01,C01
201700055959,2,07,000,00,2,1,13,A01
201700055959,1,07,000,08,2,6,01,B01
201700055960,2,07,000,00,1,1,01,A01
201700055961,1,07,000,00,1,2,01,A01
201700055962,2,07,000,00,2,2,02,C01
201700055962,2,07,000,00,2,3,22,A01
201700055962,2,33,000,00,2,1,01,B01
201700055963,2,07,000,00,2,8,01,D01
201700055963,1,33,000,00,2,1,23,B01
201700055963,1,07,000,00,2,0,02,A01
201700055963,1,07,000,00,2,6,23,C01
201700055964,1,07,000,00,2,5,15,A01
201700055964,1,31,000,00,2,1,01,B01
201700055965,1,34,000,00,0,7,01,A01
201700055966,2,10,000,00,2,0,01,B01
201700055966,1,07,000,00,2,2,01,A01
201700055967,2,07,000,00,1,2,01,A01
201700055968,1,07,000,00,2,8,01,B01
201700055968,1,15,000,00,2,2,16,A01
201700055969,1,07,000,00,1,8,01,A01
201700055970,1,07,000,01,2,8,01,A01
201700055970,2,07,000,00,2,8,13,Z01
201700055971,1,30,000,00,2,1,02,A01
201700055971,1,31,000,00,2,4,02,B01
201700055972,1,07,000,00,2,4,23,B01
201700055972,1,07,000,00,2,1,02,A01
201700055973,1,07,000,00,2,2,15,A01
201700055973,2,07,000,00,2,1,01,B01
201700055974,1,07,000,00,2,5,16,A01
201700055974,1,33,000,00,2,1,01,B01
201700055975,0,07,000,00,2,1,01,A01
201700055975,0,07,000,00,2,2,01,B01
201700055976,1,07,000,00,2,3,15,A01
201700055976,1,32,000,00,2,3,01,B01