Num_Acc,senc,catv,occutc,obs,obsm,choc,manv,num_veh
201700055977,2,07,000,00,1,1,01,A01
201700055978,1,02,000,00,2,7,01,A01
201700055978,1,07,000,00,2,3,09,B01
201700055979,1,07,000,00,1,0,01,Z01
201700055980,2,07,000,00,2,3,09,A01
201700055980,2,07,000,00,2,2,01,B01
201700055981,1,07,000,00,2,4,23,B01
201700055981,1,14,000,00,2,3,01,A01
201700055982,1,07,000,01,0,1,14,A01
201700055983,0,07,000,00,2,4,23,C01
201700055983,1,07,000,00,2,1,02,A01
201700055983,1,07,000,00,2,4,23,B01
201700055984,1,07,000,00,1,2,16,A01
201700055985,1,07,000,00,2,3,13,Z01
201700055985,0,32,000,00,2,2,01,A01
201700055986,2,34,000,00,2,1,01,A01
201700055986,2,34,000,00,2,0,14,Z01
201700055986,2,31,000,00,2,4,01,B01
201700055987,1,07,000,00,2,6,23,B01
201700055987,1,34,000,00,2,2,02,A01
201700055988,1,07,000,00,2,3,15,B01
201700055988,2,07,000,02,2,8,01,A01
201700055989,0,07,000,00,1,1,01,A01
201700055990,2,07,000,00,2,2,01,A01
201700055990,2,02,000,00,2,8,01,B01
201700055991,0,07,000,00,2,1,01,B01
201700055991,0,01,000,00,2,5,13,A01
201700055992,0,07,000,00,2,3,15,B01
201700055992,1,31,000,00,2,1,01,A01
201700055993,2,33,000,00,2,3,01,B01
201700055993,2,07,000,00,2,1,01,A01
201700055994,1,10,000,00,2,1,15,A01
201700055994,1,33,000,00,2,7,01,B01
201700055995,2,33,000,00,2,8,13,A01
201700055995,2,07,000,00,2,7,01,B01
201700055996,2,33,000,00,2,1,01,A01
201700055996,2,01,000,00,2,8,19,B01
201700055997,2,07,000,00,2,3,01,B01
201700055997,2,10,000,00,2,1,01,A01
201700055998,1,07,000,00,2,7,16,A01
201700055998,1,31,000,00,2,8,01,B01
201700055999,1,07,000,00,2,3,02,A01
201700055999,1,07,000,00,2,5,02,B01
201700056000,2,07,000,00,1,7,01,A01
201700056001,1,07,000,00,2,7,16,Z01
201700056001,1,34,000,00,2,0,01,A01
201700056002,2,07,000,00,2,1,02,A01
201700056002,2,07,000,00,2,4,23,B01
201700056003,1,33,000,00,1,1,01,A01
201700056004,1,30,000,00,2,8,01,A01
201700056004,0,07,000,00,2,3,14,Z01
201700056005,2,33,000,00,2,1,01,B01
201700056005,2,07,000,00,2,3,10,A01
201700056006,1,33,000,00,2,1,01,B01
201700056006,1,07,000,00,2,5,16,A01
201700056007,2,33,000,00,1,7,01,A01
201700056008,2,07,000,00,1,3,01,A01
201700056009,2,07,000,14,0,1,13,A01
201700056010,1,02,000,14,0,1,15,A01
201700056011,1,07,000,00,2,3,09,A01
201700056011,1,33,000,00,2,2,01,B01
201700056012,2,07,000,00,2,2,02,A01
201700056012,2,02,000,00,2,4,16,B01
201700056013,1,34,000,00,2,1,01,A01
201700056013,1,10,000,00,2,6,10,Z01
201700056014,1,07,000,00,2,0,16,A01
201700056014,1,01,000,01,2,8,01,B01
201700056015,2,01,000,00,2,8,01,A01
201700056015,2,07,000,00,2,7,16,Z01
201700056016,1,07,000,00,1,7,01,A01
201700056017,0,07,000,00,2,0,01,Z01
201700056017,0,02,000,00,2,8,01,A01
201700056018,1,10,000,00,1,2,01,A01
201700056019,0,03,000,00,1,2,16,A01
201700056020,1,07,000,00,2,1,02,A01
201700056020,1,07,000,00,2,4,02,B01
201700056021,1,07,000,00,2,0,15,C01
201700056021,1,33,000,00,2,0,17,A01
201700056021,1,07,000,00,2,3,15,B01
201700056022,1,07,000,00,1,3,01,A01
201700056023,2,07,000,08,0,3,01,A01
201700056024,1,10,000,00,2,1,01,A01
201700056024,1,07,000,00,2,4,23,C01
201700056024,1,07,000,00,2,4,23,D01
201700056024,1,07,000,00,2,4,23,B01
201700056025,1,30,000,00,2,1,17,A01
201700056025,1,07,000,00,2,5,23,B01
201700056026,2,31,000,00,2,1,01,A01
201700056026,1,02,000,00,2,8,19,B01
201700056027,1,07,000,00,2,8,09,A01
201700056027,1,02,000,00,2,7,01,B01
201700056028,1,01,000,16,1,6,01,A01
201700056029,1,07,000,00,2,2,01,A01
201700056029,1,07,000,00,2,1,23,Z01
201700056029,1,07,000,00,2,0,23,B01
201700056030,1,07,000,00,2,0,01,B01
201700056030,1,07,000,00,2,6,01,A01
201700056031,0,07,000,00,2,3,15,A01
201700056031,0,34,000,00,2,5,17,B01
201700056032,0,14,000,00,1,3,16,A01
201700056033,1,10,000,00,2,6,10,A01
201700056033,0,32,000,00,2,1,01,B01
201700056034,2,07,000,00,1,2,01,A01
201700056035,0,07,000,00,2,3,15,A01
201700056035,0,33,000,00,2,0,15,B01
201700056036,2,07,000,00,2,5,15,B01
201700056036,1,01,000,00,2,1,01,A01
201700056037,2,10,000,01,2,3,05,A01
201700056037,2,07,000,00,2,8,01,B01
201700056038,1,07,000,00,1,1,15,A01
201700056039,2,07,000,00,2,3,16,A01
201700056039,2,01,000,00,2,2,16,B01
201700056040,0,33,000,00,2,7,01,B01
201700056040,2,07,000,00,2,1,09,A01
201700056041,1,32,000,00,2,3,01,B01
201700056041,1,07,000,00,2,2,16,A01
201700056042,1,07,000,00,2,7,16,A01
201700056042,1,34,000,00,2,1,01,B01
201700056043,2,07,000,00,2,4,02,B01
201700056043,2,07,000,00,2,1,02,A01
201700056043,2,07,000,00,2,4,23,C01
201700056043,2,07,000,00,2,4,23,E01
201700056043,2,07,000,00,2,4,23,D01
201700056044,2,07,000,00,1,1,01,Z01
201700056045,2,02,000,00,2,1,02,A01
201700056045,2,07,000,00,2,5,23,B01
201700056046,1,01,000,00,1,7,01,A01
201700056047,2,07,000,00,2,4,02,B01
201700056047,1,02,000,00,2,1,02,A01
201700056048,1,07,000,00,2,1,01,A01
201700056048,1,07,000,00,2,8,01,B01
201700056049,1,33,000,00,2,1,02,A01
201700056049,1,07,000,00,2,5,02,B01
201700056050,2,31,000,00,2,1,01,B01
201700056050,1,10,000,00,2,2,15,A01
201700056051,1,30,000,00,0,8,01,A01
201700056052,2,07,000,01,2,7,01,A01
201700056052,2,07,000,01,2,1,16,B01
201700056053,1,31,000,00,2,7,23,B01
201700056053,1,07,000,00,2,0,02,A01
201700056054,1,07,000,00,1,1,16,A01
201700056055,1,07,000,02,0,8,14,A01
201700056056,0,07,000,00,1,1,01,A01
201700056057,2,07,000,00,2,6,13,A01
201700056057,2,30,000,00,2,1,01,B01
201700056058,1,02,000,00,2,1,10,A01
201700056058,2,10,000,00,2,1,01,B01
201700056059,2,07,000,00,2,5,01,B01
201700056059,2,32,000,00,2,1,15,A01
201700056060,2,33,000,00,1,1,01,A01
201700056061,1,07,000,00,2,2,15,B01
201700056061,1,30,000,00,2,3,01,A01
201700056062,1,07,000,00,2,1,01,B01
201700056062,1,30,000,00,2,4,23,A01
201700056063,1,07,000,00,1,1,01,A01
201700056064,2,32,000,00,0,,21,A01
201700056065,2,07,000,00,2,1,02,A01
201700056065,2,07,000,00,2,4,23,C01
201700056065,2,07,000,00,2,4,23,B01
201700056066,1,02,000,00,2,1,18,B01
201700056066,1,07,000,00,2,2,01,A01
201700056067,2,37,000,00,2,3,01,A01
201700056067,2,30,000,00,2,8,01,B01
201700056068,2,07,000,00,1,2,01,A01
201700056069,1,07,000,00,2,3,13,A01
201700056069,1,07,000,00,2,4,01,B01
201700056070,2,34,000,00,2,1,01,B01
201700056070,2,07,000,00,2,5,16,A01
201700056071,2,07,000,00,2,1,01,C01
201700056071,2,07,000,00,2,1,01,A01
201700056071,2,07,000,00,2,4,01,D01
201700056071,2,10,000,00,2,4,01,B01
201700056072,2,01,000,00,2,1,15,A01
201700056072,2,07,000,00,2,7,17,B01
201700056073,2,34,000,00,2,1,01,A01
201700056073,2,07,000,00,2,4,23,B01
201700056074,1,07,000,00,1,1,16,A01
201700056075,1,07,000,00,2,2,17,A01
201700056075,1,07,000,00,2,3,10,B01
201700056076,2,34,000,00,1,2,17,A01
201700056077,1,10,000,00,1,2,15,A01
201700056078,1,07,000,00,2,3,13,A01
201700056078,1,31,000,00,2,0,01,B01
201700056079,1,07,000,00,2,3,10,A01
201700056079,1,33,000,00,2,1,01,B01
201700056080,2,07,000,01,0,3,05,A01
201700056081,2,07,000,00,2,3,10,A01
201700056081,1,02,000,00,2,2,01,B01
201700056082,0,07,000,00,2,3,15,B01
201700056082,1,30,000,00,2,7,17,A01
201700056083,2,02,000,00,2,7,01,A01
201700056083,1,07,000,00,2,3,01,B01
201700056084,1,07,000,00,2,4,23,B01
201700056084,1,07,000,00,2,1,02,A01
201700056084,1,07,000,00,2,4,23,C01
201700056085,1,07,000,00,2,0,01,B01
201700056085,1,33,000,00,2,1,01,A01
201700056086,0,33,000,00,1,1,17,A01
201700056087,2,02,000,00,2,7,15,A01
201700056087,1,34,000,00,2,1,01,B01
201700056088,2,31,000,00,2,5,17,B01
201700056088,2,07,000,00,2,3,15,A01
201700056089,0,32,000,00,2,3,07,A01
201700056089,0,07,000,00,2,2,16,B01
201700056090,2,07,000,00,2,1,15,A01
201700056090,2,31,000,00,2,3,01,B01
201700056091,1,02,000,00,2,4,23,B01
201700056091,1,07,000,00,2,2,02,A01
201700056092,0,32,000,00,0,7,01,A01
201700056093,2,30,000,00,1,7,16,A01
201700056094,1,07,000,00,2,7,15,A01
201700056094,1,30,000,00,2,3,01,B01
201700056095,1,07,000,00,2,2,01,A01
201700056095,2,02,000,00,2,5,09,B01
201700056096,2,33,000,00,2,1,01,B01
201700056096,2,07,000,00,2,2,15,A01
201700056097,2,01,000,00,2,0,01,A01
201700056097,2,07,000,00,2,6,09,B01
201700056098,1,37,000,00,2,6,09,B01
201700056098,1,07,000,00,2,2,01,A01
201700056099,2,07,000,00,2,4,15,A01
201700056099,2,32,000,00,2,1,01,B01
201700056100,2,30,000,00,2,3,01,A01
201700056100,2,07,000,00,2,8,09,B01
201700056101,2,07,000,00,2,7,01,B01
201700056101,2,33,000,00,2,1,01,A01
201700056102,1,02,000,01,0,1,14,A01
201700056103,1,07,000,00,2,6,11,A01
201700056103,1,33,000,00,2,1,03,B01
201700056104,0,07,000,00,1,2,01,A01
201700056105,2,34,000,00,2,1,15,A01
201700056105,1,07,000,00,2,8,01,B01
201700056106,1,07,000,00,2,7,15,B01
201700056106,1,32,000,00,2,7,01,A01
201700056107,2,07,000,00,2,4,01,B01
201700056107,2,07,000,00,2,1,01,A01
201700056108,0,07,000,00,2,4,04,B01
201700056108,0,30,000,00,2,1,15,A01
201700056109,0,07,000,00,2,1,01,B01
201700056109,0,07,000,00,2,5,01,A01
201700056110,0,33,000,00,2,8,01,B01
201700056110,0,07,000,00,2,1,15,A01
201700056111,0,07,000,01,0,2,14,A01
201700056112,1,32,000,00,2,4,01,B01
201700056112,1,07,000,00,2,2,16,A01
201700056113,0,07,000,00,2,6,01,A01
201700056113,0,31,000,00,2,1,01,B01
201700056114,2,33,000,00,2,4,02,A01
201700056114,2,10,000,00,2,1,02,Z01
201700056115,1,31,000,00,2,2,16,B01
201700056115,1,31,000,00,2,1,18,A01
201700056116,1,07,000,00,2,4,23,B01
201700056116,0,01,000,00,2,1,02,A01
201700056117,2,07,000,00,2,3,01,A01
201700056117,2,01,000,00,2,7,17,B01
201700056118,0,07,000,00,2,8,22,A01
201700056118,1,01,000,00,2,1,01,B01
201700056119,0,34,000,00,2,4,01,A01
201700056119,0,33,000,00,2,1,01,B01
201700056120,2,34,000,00,0,1,01,A01
201700056121,1,07,000,00,1,5,04,A01
201700056122,1,07,000,00,2,3,15,A01
201700056122,2,31,000,00,2,3,01,B01
201700056123,1,01,000,00,2,7,01,B01
201700056123,1,10,000,00,2,3,01,A01
201700056124,2,31,000,00,2,1,17,A01
201700056124,2,01,000,00,2,8,19,B01
201700056125,0,07,000,00,2,3,02,A01
201700056125,0,07,000,00,2,5,02,B01
201700056126,2,31,000,00,1,1,01,Z01
201700056127,1,07,000,00,1,1,01,A01
201700056128,2,07,000,00,2,6,07,B01
201700056128,2,10,000,00,2,2,16,A01
201700056129,2,31,000,00,0,7,01,A01
201700056130,1,07,000,00,2,8,22,A01
201700056130,1,01,000,01,2,7,01,B01
201700056131,1,07,000,00,2,1,05,A01
201700056131,2,07,000,00,2,1,01,B01
201700056132,2,07,000,00,1,8,01,Z01
201700056133,0,31,000,00,2,0,01,B01
201700056133,0,07,000,00,2,7,16,A01
201700056134,1,07,000,00,1,2,01,A01
201700056135,1,07,000,00,2,2,16,A01
201700056135,1,02,000,00,2,8,09,B01
201700056136,1,07,000,00,2,2,15,A01
201700056136,2,33,000,00,2,1,01,B01
201700056137,0,01,000,00,2,2,09,A01
201700056137,0,07,000,00,2,3,01,B01
201700056138,2,32,000,00,2,1,01,A01
201700056138,2,07,000,00,2,4,01,B01
201700056139,1,33,000,00,2,1,01,B01
201700056139,0,07,000,00,2,0,10,A01
201700056140,2,30,000,00,2,8,01,A01
201700056140,0,30,000,00,2,4,01,Z01
201700056141,2,07,000,00,2,8,09,B01
201700056141,2,30,000,00,2,2,01,A01
201700056142,2,07,000,00,2,3,15,A01
201700056142,2,01,000,00,2,7,01,B01
201700056143,2,13,000,00,2,3,01,A01
201700056143,2,15,000,00,2,7,23,B01
201700056144,2,10,000,00,2,3,22,A01
201700056144,2,01,000,00,2,1,01,B01
201700056145,2,10,000,00,1,1,16,A01
201700056146,2,01,000,00,2,8,01,A01
201700056146,1,07,000,00,2,0,10,Z01
201700056147,1,07,000,00,2,3,09,A01
201700056147,1,31,000,00,2,2,01,B01
201700056148,2,34,000,08,2,1,14,A01
201700056149,0,07,000,00,1,2,15,A01
201700056150,2,33,000,00,2,1,01,A01
201700056150,2,07,000,00,2,4,01,B01
201700056151,1,07,000,00,2,8,23,D01
201700056151,0,10,000,00,2,2,14,A01
201700056151,1,07,000,00,2,5,23,C01
201700056151,1,32,000,00,2,2,18,B01
201700056152,1,33,000,00,2,2,02,A01
201700056152,1,07,000,00,2,0,23,B01
201700056153,1,33,000,00,2,5,01,A01
201700056153,1,01,000,00,2,1,01,B01
201700056154,0,07,000,00,1,2,09,A01
201700056155,2,07,000,00,1,3,01,A01
201700056156,2,07,000,00,2,2,01,A01
201700056156,2,07,000,01,2,8,01,B01
201700056157,1,07,000,00,2,1,15,A01
201700056157,2,34,000,00,2,1,01,B01
201700056158,1,33,000,00,2,4,23,B01
201700056158,1,10,000,00,2,1,02,A01
201700056159,2,32,000,06,0,1,14,A01
201700056160,0,07,000,00,1,1,01,A01
201700056161,1,07,000,00,2,3,17,A01
201700056161,2,31,000,00,2,8,09,B01
201700056162,1,07,000,00,1,1,01,A01
201700056163,2,07,000,00,1,8,01,A01
201700056164,0,30,000,00,2,5,01,B01
201700056164,0,07,000,00,2,3,01,A01
201700056165,1,07,000,00,2,9,01,Z01
201700056165,1,07,000,00,2,4,23,B01
201700056165,1,34,000,00,2,4,23,A01
201700056166,2,07,000,00,2,3,10,A01
201700056166,2,33,000,00,2,9,17,B01
201700056167,1,07,000,00,2,1,01,A01
201700056167,1,07,000,00,2,6,15,B01
201700056168,0,07,000,00,1,2,15,A01
201700056169,0,31,000,00,2,8,18,A01
201700056169,1,10,000,00,2,5,16,B01
201700056170,2,32,000,00,2,3,18,A01
201700056170,2,10,000,00,2,5,20,B01
201700056171,0,34,000,00,2,3,01,B01
201700056171,0,30,000,00,2,2,01,A01
201700056172,1,07,000,00,2,2,23,B01
201700056172,1,31,000,00,2,1,05,A01
201700056173,0,07,000,00,2,2,01,A01
201700056173,0,01,000,00,2,1,01,B01
201700056174,0,01,000,00,2,8,19,B01
201700056174,0,07,000,00,2,1,01,A01
201700056175,0,33,000,00,2,2,02,A01
201700056175,0,07,000,00,2,6,02,B01
201700056176,0,01,000,00,2,7,19,B01
201700056176,0,07,000,00,2,1,16,A01
201700056177,0,10,000,00,2,3,01,A01
201700056177,0,07,000,00,2,1,01,B01
201700056178,1,34,000,00,2,8,18,B01
201700056178,1,07,000,00,2,7,16,A01
201700056179,2,07,000,00,2,3,15,A01
201700056179,2,32,000,00,2,2,17,B01
201700056180,0,33,000,00,2,1,01,A01
201700056180,1,07,000,00,2,4,01,B01
201700056181,2,07,000,00,2,3,13,B01
201700056181,2,32,000,00,2,7,17,A01
201700056182,2,07,000,00,2,2,09,A01
201700056182,2,32,000,00,2,8,01,B01
201700056183,2,07,000,00,2,5,01,B01
201700056183,2,33,000,00,2,1,01,A01
201700056184,2,07,000,09,0,2,14,A01
201700056185,0,30,000,00,2,0,01,Z01
201700056185,1,34,000,00,2,5,01,A01
201700056186,0,33,000,00,1,1,01,A01
201700056187,2,07,000,00,1,2,01,A01
201700056188,1,32,000,00,2,6,01,A01
201700056188,0,07,000,00,2,6,23,B01
201700056189,0,07,000,14,2,3,01,A01
201700056189,0,32,000,00,2,4,23,B01
201700056190,0,07,000,00,2,6,10,A01
201700056190,0,33,000,00,2,1,01,B01
201700056191,1,10,000,00,2,2,01,B01
201700056191,2,07,000,00,2,7,15,A01
201700056192,1,33,000,01,0,1,14,A01
201700056193,0,07,000,00,2,6,02,B01
201700056193,0,07,000,00,2,2,02,A01
201700056194,1,34,000,00,2,7,01,A01
201700056194,1,07,000,00,2,3,16,B01
201700056195,1,07,000,00,2,2,10,A01
201700056195,2,33,000,00,2,1,01,B01
201700056196,1,33,000,00,2,7,13,A01
201700056196,1,31,000,00,2,7,17,B01
201700056197,1,33,000,00,2,0,01,A01
201700056198,0,07,000,00,2,3,10,A01
201700056198,2,33,000,00,2,1,17,B01
201700056199,1,01,000,01,0,1,07,A01
201700056200,0,07,000,00,2,0,02,Z01
201700056200,0,07,000,00,2,4,23,A01
201700056201,1,07,000,01,0,2,13,A01
201700056202,0,07,000,00,2,2,01,A01
201700056202,0,30,000,00,2,1,01,B01
201700056203,0,31,000,00,1,1,17,A01
201700056204,2,07,000,00,2,4,23,C01
201700056204,2,07,000,00,2,1,02,A01
201700056204,2,07,000,00,2,4,23,B01
201700056205,1,37,000,00,2,3,07,A01
201700056205,1,07,000,00,2,5,16,B01
201700056206,1,07,000,00,2,2,10,A01
201700056206,2,02,000,00,2,1,01,B01
201700056207,1,07,000,00,2,5,02,B01
201700056207,1,07,000,00,2,5,02,A01
201700056208,0,32,000,00,2,7,01,B01
201700056208,0,07,000,00,2,8,01,A01
201700056209,2,31,000,00,2,0,01,A01
201700056209,1,10,000,00,2,0,01,Z01
201700056210,0,33,000,00,2,1,01,B01
201700056210,0,07,000,00,2,2,15,A01
201700056211,1,30,000,00,1,1,01,A01
201700056212,0,07,000,00,2,6,23,C01
201700056212,0,07,000,00,2,0,23,B01
201700056212,0,07,000,00,2,1,02,A01
201700056213,1,07,000,00,1,1,05,A01
201700056214,2,10,000,00,2,8,10,A01
201700056214,2,32,000,00,2,1,01,B01
201700056215,1,01,000,00,2,4,15,B01
201700056215,2,31,000,00,2,0,16,A01
201700056216,1,07,000,02,0,2,01,A01
201700056217,2,32,000,01,2,1,01,B01
201700056217,1,07,000,00,2,3,10,A01
201700056218,1,01,000,01,0,1,14,A01
201700056219,0,31,000,11,0,1,13,A01
201700056220,1,10,000,00,2,8,13,A01
201700056220,2,31,000,00,2,7,01,B01
201700056221,0,07,000,00,2,2,01,A01
201700056221,0,07,000,00,2,8,01,B01
201700056222,1,13,000,00,2,8,22,B01
201700056222,1,10,000,00,2,0,01,A01
201700056223,1,33,000,00,2,6,01,B01
201700056223,1,07,000,00,2,2,01,A01
201700056224,2,07,000,00,2,3,10,Z01
201700056224,2,31,000,00,2,2,01,A01
201700056225,2,33,000,00,2,6,02,B01
201700056225,2,31,000,00,2,1,02,A01
201700056226,2,33,000,00,2,8,01,B01
201700056226,2,07,000,00,2,2,01,A01
201700056227,2,07,000,12,0,7,14,A01
201700056228,2,10,000,00,2,5,01,B01
201700056228,1,01,000,00,2,1,15,A01
201700056229,2,37,000,00,2,3,07,B01
201700056229,2,07,000,00,1,2,21,A01
201700056230,2,01,000,00,2,1,01,B01
201700056230,1,07,000,00,2,3,15,A01
201700056231,2,02,000,00,2,1,01,A01
201700056231,2,07,000,00,2,3,13,Z01
201700056232,2,07,000,07,2,6,07,B01
201700056232,2,10,000,00,2,7,14,A01
201700056233,2,07,000,00,2,1,01,A01
201700056233,2,07,000,00,2,7,01,B01
201700056234,2,01,000,01,2,2,01,B01
201700056234,2,07,000,00,2,3,22,A01
201700056235,2,07,000,00,1,1,01,A01
201700056236,1,07,000,00,2,3,15,A01
201700056236,2,07,000,07,2,6,01,B01
201700056237,1,10,000,00,2,4,02,B01
201700056237,1,10,000,00,2,1,02,A01
201700056238,2,01,000,00,2,8,18,B01
201700056238,2,07,000,00,2,2,16,A01
201700056239,2,33,000,00,2,5,02,B01
201700056239,2,10,000,00,2,3,02,A01
201700056240,1,07,000,00,2,2,09,A01
201700056240,1,30,000,00,2,8,01,B01
201700056241,1,01,000,00,2,1,01,B01
201700056241,1,07,000,00,2,7,16,A01
201700056242,2,07,000,00,2,5,16,A01
201700056242,1,31,000,00,2,3,07,B01
201700056243,2,07,000,00,2,4,01,A01
201700056243,2,31,000,00,2,0,01,B01
201700056244,2,07,000,00,2,7,12,A01
201700056244,2,33,000,00,2,3,07,B01
201700056245,2,07,000,00,2,2,01,B01
201700056245,2,30,000,00,2,1,15,A01
201700056246,2,07,000,00,2,3,15,A01
201700056246,2,32,000,00,2,1,01,B01
201700056247,0,07,000,00,2,6,01,B01
201700056247,0,32,000,00,2,1,01,A01
201700056248,1,07,000,00,2,5,01,A01
201700056248,1,33,000,00,2,1,01,C01
201700056248,1,34,000,00,2,1,03,B01
201700056249,2,07,000,00,2,4,02,B01
201700056249,2,07,000,00,2,4,02,C01
201700056249,2,07,000,00,2,1,02,A01
201700056250,2,07,000,01,0,8,13,A01
201700056251,2,07,000,01,0,1,14,A01
201700056252,1,31,000,00,2,3,01,B01
201700056252,1,07,000,00,2,2,01,A01
201700056253,2,07,000,00,2,6,23,B01
201700056253,2,34,000,00,1,3,01,A01
201700056254,1,10,000,00,2,2,01,A01
201700056254,1,07,000,00,2,3,16,B01
201700056255,2,07,000,00,2,4,23,B01
201700056255,2,07,000,00,2,1,02,A01
201700056256,0,33,000,00,2,1,21,A01
201700056257,2,07,000,00,2,4,23,B01
201700056257,2,07,000,00,2,1,02,A01
201700056258,0,30,000,00,2,1,01,A01
201700056258,0,07,000,00,2,8,16,B01
201700056259,1,07,000,00,2,3,15,B01
201700056259,1,34,000,00,2,1,05,A01
201700056260,0,07,000,00,2,0,01,A01
201700056260,0,31,000,00,2,1,01,B01
201700056261,2,10,000,00,1,4,20,A01
201700056262,0,07,000,00,2,1,01,B01
201700056262,1,07,000,00,2,2,01,A01
201700056263,1,07,000,00,2,8,10,A01
201700056263,0,31,000,00,2,1,01,B01
201700056264,1,33,000,00,2,8,09,B01
201700056264,2,10,000,00,2,3,05,A01
201700056265,0,07,000,00,2,1,02,Z01
201700056265,2,02,000,00,2,4,23,A01
201700056266,2,07,000,00,1,1,01,A01
201700056267,1,07,000,00,2,3,16,A01
201700056267,1,37,000,00,2,3,07,B01
201700056268,1,07,000,00,2,4,23,B01
201700056268,1,07,000,00,2,4,23,C01
201700056268,1,07,000,00,0,1,02,A01
201700056269,0,31,000,00,2,7,01,B01
201700056269,0,07,000,00,2,3,11,A01
201700056270,1,33,000,00,2,3,13,A01
201700056270,1,07,000,00,2,0,01,Z01
201700056271,1,07,000,00,2,2,01,A01
201700056271,1,34,000,00,2,4,01,B01
201700056272,0,07,000,00,2,2,01,A01
201700056272,0,07,000,00,2,3,15,B01
201700056273,1,07,000,00,2,7,21,A01
201700056273,1,31,000,00,2,3,18,Z01
201700056274,0,32,000,00,0,0,01,A01
201700056275,1,31,000,00,2,4,02,B01
201700056275,0,33,000,00,2,0,02,A01
201700056276,2,31,000,00,2,8,01,B01
201700056276,2,10,000,00,2,7,09,A01
201700056277,2,01,000,00,2,1,02,A01
201700056277,2,07,000,00,2,4,23,B01
201700056278,2,07,000,00,1,7,16,A01
201700056279,1,07,000,00,2,4,02,B01
201700056279,1,33,000,00,2,1,02,A01
201700056280,1,31,000,00,2,3,17,A01
201700056280,1,07,000,00,2,6,13,B01
201700056281,2,07,000,00,2,4,02,B01
201700056281,2,07,000,00,2,4,02,C01
201700056281,2,10,000,00,2,1,02,A01
201700056282,1,31,000,00,1,1,01,A01
201700056283,2,01,000,00,2,1,01,B01
201700056283,2,07,000,00,2,2,15,A01
201700056284,0,07,000,00,2,0,14,Z01
201700056284,0,31,000,00,2,7,01,A01
201700056285,2,07,000,00,1,2,01,A01
201700056286,2,30,000,00,1,1,01,A01
201700056287,1,07,000,00,1,2,01,A01
201700056288,1,34,000,12,0,3,17,A01
201700056289,0,10,000,00,2,4,23,B01
201700056289,1,33,000,00,2,2,02,A01
201700056290,1,07,000,00,2,2,16,A01
201700056290,1,01,000,00,2,1,01,B01
201700056291,1,07,000,00,1,1,01,A01
201700056292,1,07,000,00,2,4,02,B01
201700056292,1,07,000,00,2,4,02,C01
201700056292,1,07,000,00,2,1,02,A01
201700056293,2,01,000,00,2,8,19,B01
201700056293,0,07,000,00,2,1,15,A01
201700056294,0,07,000,00,2,7,01,B01
201700056294,0,07,000,00,2,1,01,A01
201700056295,1,07,000,00,2,3,13,B01
201700056295,1,34,000,00,2,5,17,A01
201700056296,1,07,000,12,0,1,14,A01
201700056297,1,07,000,00,2,7,10,A01
201700056297,2,33,000,00,2,1,01,B01
201700056298,1,02,000,00,2,8,01,A01
201700056298,0,07,000,00,2,2,17,Z01
201700056299,1,07,000,00,2,3,01,B01
201700056299,0,15,000,00,2,7,10,A01
201700056300,1,07,000,00,1,0,15,A01
201700056301,1,07,000,00,2,4,23,B01
201700056301,1,07,000,00,2,1,02,A01
201700056302,2,01,000,00,2,8,16,B01
201700056302,2,07,000,00,2,7,16,A01
201700056303,0,30,000,14,0,1,01,A01
201700056304,1,07,000,00,1,1,01,A01
201700056305,2,07,000,14,0,1,01,A01
201700056306,1,07,000,00,2,4,01,F01
201700056306,1,07,000,00,2,3,01,D01
201700056306,1,07,000,00,2,6,01,E01
201700056306,1,07,000,00,2,5,01,B01
201700056306,1,07,000,00,2,3,01,A01
201700056306,1,07,000,00,2,5,01,C01
201700056307,2,33,000,00,2,7,21,A01
201700056307,2,14,000,00,2,8,01,B01
201700056308,2,10,000,00,2,1,01,A01
201700056308,2,07,000,00,2,4,23,B01
201700056309,2,37,000,00,2,2,01,A01
201700056309,2,01,000,00,2,8,18,B01
201700056310,2,37,000,00,1,8,07,A01
201700056311,0,07,000,01,1,2,01,A01
201700056312,1,07,000,00,1,4,04,A01
201700056313,1,07,000,00,1,1,01,Z01
201700056314,2,10,000,00,2,1,09,A01
201700056314,2,01,000,00,2,3,01,B01
201700056315,2,31,000,00,2,1,01,B01
201700056315,2,07,000,00,2,2,15,A01
201700056316,2,32,000,16,2,6,01,A01
201700056316,2,07,000,00,2,1,01,Z01
201700056317,1,07,000,00,2,7,16,A01
201700056317,1,31,000,00,2,8,01,B01
201700056318,1,07,000,00,2,1,01,A01
201700056318,1,37,000,00,2,7,01,B01
201700056319,1,07,000,00,1,1,01,Z01
201700056320,0,07,000,00,1,0,01,A01
201700056321,2,31,000,00,2,1,01,B01
201700056321,1,07,000,00,2,3,15,A01
201700056322,1,07,000,00,2,3,10,A01
201700056322,1,02,000,00,2,1,01,B01
201700056323,0,07,000,00,2,1,16,A01
201700056323,0,01,000,00,2,1,01,B01
201700056324,1,07,000,00,1,2,16,A01
201700056325,1,33,000,00,1,2,16,A01
201700056326,1,31,000,00,2,1,01,B01
201700056326,1,01,000,00,2,1,13,A01
201700056327,2,07,000,00,1,2,01,A01
201700056328,1,34,000,00,2,1,15,A01