Num_Acc,senc,catv,occutc,obs,obsm,choc,manv,num_veh
201700056328,2,07,000,00,2,1,01,B01
201700056329,1,07,000,00,2,1,13,A01
201700056329,2,07,000,01,2,1,01,B01
201700056329,2,07,000,00,2,1,01,C01
201700056330,1,10,000,00,1,4,20,A01
201700056331,1,31,000,00,2,1,02,A01
201700056331,1,07,000,00,2,6,02,B01
201700056332,2,30,000,00,2,1,01,A01
201700056332,2,07,000,00,2,2,15,B01
201700056333,2,07,000,08,2,3,01,B01
201700056333,1,07,000,00,2,2,01,A01
201700056334,1,07,000,00,2,2,09,A01
201700056334,1,32,000,00,2,1,17,B01
201700056335,2,31,000,00,1,1,17,A01
201700056336,1,10,000,00,2,3,16,A01
201700056336,2,07,000,00,2,1,01,C01
201700056336,1,33,000,00,2,5,01,B01
201700056337,2,07,000,00,1,3,15,A01
201700056338,2,07,000,00,2,8,10,A01
201700056338,2,31,000,00,2,1,17,B01
201700056339,2,10,000,00,2,5,17,A01
201700056339,2,07,000,00,2,3,01,B01
201700056340,2,33,000,00,2,8,01,B01
201700056340,2,07,000,00,2,7,09,A01
201700056341,2,34,000,00,1,7,01,A01
201700056342,1,07,000,09,0,2,14,A01
201700056343,1,33,000,00,2,1,01,B01
201700056343,1,07,000,00,2,3,10,A01
201700056344,1,07,000,00,2,6,10,A01
201700056344,1,33,000,00,2,1,01,B01
201700056345,1,07,000,00,2,3,15,B01
201700056345,2,31,000,00,2,1,01,A01
201700056346,1,07,000,01,2,5,01,A01
201700056346,2,07,000,00,2,1,01,B01
201700056347,2,07,000,00,2,1,14,A01
201700056347,2,07,000,00,2,6,01,B01
201700056348,2,07,000,00,1,1,01,A01
201700056349,1,07,000,00,2,7,16,B01
201700056349,1,34,000,00,2,1,07,A01
201700056350,2,10,000,00,2,8,11,A01
201700056350,2,07,000,00,2,1,01,B01
201700056351,1,07,000,00,1,4,04,A01
201700056352,2,31,000,00,2,1,01,A01
201700056352,2,07,000,00,2,3,15,B01
201700056353,2,07,000,00,2,3,04,A01
201700056353,2,07,000,00,2,2,09,B01
201700056354,1,33,000,11,0,1,17,A01
201700056355,1,07,000,00,2,2,01,A01
201700056355,1,34,000,00,2,0,01,B01
201700056356,1,07,000,00,2,1,15,A01
201700056356,1,01,000,00,2,8,01,B01
201700056357,1,32,000,00,0,7,01,A01
201700056358,1,02,000,00,2,7,17,B01
201700056358,1,07,000,00,2,3,15,A01
201700056359,2,07,000,00,2,1,02,A01
201700056359,2,07,000,00,2,4,23,B01
201700056360,2,33,000,00,2,2,01,B01
201700056360,2,07,000,00,2,3,09,A01
201700056361,1,07,000,00,2,8,15,A01
201700056361,1,33,000,00,2,7,17,B01
201700056362,0,33,000,01,0,7,13,A01
201700056363,1,07,000,00,1,2,01,A01
201700056364,1,07,000,00,2,1,07,A01
201700056364,2,34,000,00,2,5,16,B01
201700056365,1,07,000,00,2,3,10,B01
201700056365,1,34,000,00,2,2,05,A01
201700056366,2,01,000,00,2,2,10,A01
201700056366,1,07,000,00,2,3,01,B01
201700056367,2,32,000,09,0,1,01,A01
201700056368,0,07,000,00,2,1,02,A01
201700056368,1,07,000,00,2,4,02,B01
201700056368,0,07,000,00,2,4,02,C01
201700056369,2,31,000,00,2,8,01,B01
201700056369,2,10,000,00,2,6,10,A01
201700056370,1,07,000,00,1,3,01,A01
201700056371,2,02,000,00,2,3,18,B01
201700056371,2,07,000,00,2,2,16,A01
201700056372,1,07,000,00,2,8,10,A01
201700056372,1,32,000,00,2,1,01,B01
201700056373,2,07,000,00,2,1,02,A01
201700056373,2,07,000,00,2,4,23,B01
201700056374,2,31,000,00,2,7,16,B01
201700056374,2,07,000,00,2,8,15,A01
201700056375,2,02,000,01,0,2,15,A01
201700056376,2,34,000,00,1,1,01,A01
201700056377,2,07,000,00,2,3,01,C01
201700056377,2,07,000,00,2,2,01,A01
201700056377,2,07,000,00,2,3,01,B01
201700056378,2,30,000,00,2,1,17,B01
201700056378,2,07,000,00,2,3,10,A01
201700056379,0,32,000,00,2,1,01,A01
201700056379,0,07,000,00,2,6,10,B01
201700056380,2,01,000,00,1,1,05,A01
201700056381,1,07,000,00,2,0,09,A01
201700056381,1,32,000,00,2,8,01,B01
201700056382,2,07,000,00,1,1,01,A01
201700056383,1,07,000,00,2,0,14,Z01
201700056383,1,31,000,00,2,5,07,A01
201700056384,2,07,000,00,1,3,15,A01
201700056385,2,07,000,00,1,3,15,A01
201700056386,1,32,000,00,0,0,01,A01
201700056387,2,13,000,00,2,6,24,B01
201700056387,2,31,000,01,0,7,07,A01
201700056388,1,33,000,00,2,7,17,A01
201700056388,1,10,000,00,2,6,15,B01
201700056389,1,07,000,00,1,1,01,A01
201700056390,1,07,000,00,2,1,02,A01
201700056390,1,07,000,00,2,4,23,B01
201700056391,1,02,000,00,2,2,18,A01
201700056391,1,10,000,00,2,3,22,B01
201700056392,2,07,000,01,1,2,01,A01
201700056393,2,07,000,00,2,3,01,B01
201700056393,2,07,000,00,2,5,16,A01
201700056394,1,07,000,01,2,1,09,A01
201700056394,1,07,000,00,2,3,01,B01
201700056395,2,10,000,00,2,1,15,B01
201700056395,1,33,000,00,2,1,01,A01
201700056396,2,33,000,00,0,7,01,A01
201700056397,2,07,000,00,2,1,02,A01
201700056397,2,07,000,00,2,4,23,B01
201700056398,1,07,000,00,2,3,02,A01
201700056398,1,33,000,00,2,4,15,B01
201700056398,2,07,000,00,2,8,01,C01
201700056399,0,07,000,00,1,8,01,A01
201700056400,2,07,000,00,1,4,04,A01
201700056401,1,30,000,00,1,1,01,A01
201700056402,1,03,000,00,0,0,10,A01
201700056403,1,02,000,00,2,1,01,A01
201700056403,1,07,000,00,2,3,01,B01
201700056404,2,10,000,00,1,2,20,A01
201700056405,2,02,000,00,2,7,01,A01
201700056405,2,07,000,00,2,0,18,Z01
201700056406,2,01,000,01,2,2,01,B01
201700056406,2,10,000,00,2,8,22,A01
201700056407,1,32,000,00,2,1,01,A01
201700056407,1,33,000,00,2,4,01,B01
201700056408,2,07,000,00,2,8,22,A01
201700056408,2,01,000,01,2,1,01,B01
201700056409,1,07,000,12,0,3,01,A01
201700056410,1,31,000,00,0,0,01,A01
201700056411,1,07,000,00,2,2,15,A01
201700056411,1,07,000,00,2,3,01,B01
201700056412,2,30,000,00,2,2,10,A01
201700056412,2,07,000,00,2,1,01,B01
201700056413,1,30,000,14,0,8,01,A01
201700056414,2,07,000,06,0,1,09,A01
201700056415,2,03,000,01,0,1,13,A01
201700056416,2,07,000,00,1,2,01,A01
201700056417,2,07,000,01,0,2,14,A01
201700056418,1,10,000,00,2,6,23,B01
201700056418,1,34,000,00,2,1,02,A01
201700056419,2,07,000,00,1,3,01,A01
201700056420,1,10,000,00,2,2,16,A01
201700056420,1,31,000,00,2,1,18,B01
201700056421,1,07,000,00,2,2,09,Z01
201700056421,1,01,000,00,2,5,01,A01
201700056422,1,07,000,00,1,1,01,A01
201700056423,1,33,000,00,2,6,18,B01
201700056423,1,07,000,00,2,2,16,A01
201700056424,2,33,000,00,2,3,18,A01
201700056424,2,07,000,00,2,2,22,B01
201700056425,2,01,000,00,2,2,17,B01
201700056425,2,07,000,00,2,8,15,A01
201700056426,2,33,000,00,2,4,23,B01
201700056426,2,07,000,00,2,1,02,A01
201700056427,2,07,000,00,2,1,15,A01
201700056427,2,07,000,00,2,2,01,B01
201700056428,2,07,000,00,2,1,02,A01
201700056428,2,07,000,00,2,4,02,B01
201700056429,1,30,000,00,2,1,01,A01
201700056429,1,07,000,00,2,4,01,B01
201700056430,1,07,000,00,2,6,23,B01
201700056430,1,07,000,00,2,9,02,A01
201700056431,1,07,000,00,2,3,01,B01
201700056431,1,07,000,15,2,2,01,A01
201700056432,1,07,000,00,2,8,01,B01
201700056432,1,07,000,01,2,1,01,A01
201700056433,1,07,000,01,0,1,14,A01
201700056434,2,07,000,00,2,8,09,A01
201700056434,2,30,000,00,2,1,01,B01
201700056435,1,07,000,00,1,3,15,A01
201700056436,2,07,000,00,1,2,17,A01
201700056437,1,31,000,00,2,3,01,B01
201700056437,1,07,000,00,2,7,01,A01
201700056438,2,07,000,00,1,4,04,A01
201700056439,1,07,000,00,2,3,01,B01
201700056439,1,07,000,00,2,7,01,A01
201700056440,1,34,000,00,0,0,00,Z01
201700056441,2,07,000,00,1,1,15,A01
201700056442,1,07,000,00,1,3,15,A01
201700056443,0,07,000,00,1,3,15,A01
201700056444,0,02,000,00,0,0,01,A01
201700056445,1,30,000,00,2,1,02,A01
201700056445,1,10,000,00,2,5,23,B01
201700056446,2,07,000,00,2,3,15,B01
201700056446,1,32,000,00,2,1,01,A01
201700056447,0,07,000,01,0,7,20,A01
201700056448,0,07,000,01,0,0,14,A01
201700056449,1,34,000,00,2,1,01,A01
201700056449,1,07,000,00,2,5,16,B01
201700056450,2,07,000,00,1,3,01,A01
201700056451,2,07,000,00,2,1,02,A01
201700056451,2,07,000,00,2,4,23,B01
201700056452,0,33,000,00,0,7,15,A01
201700056453,1,07,000,00,1,2,01,A01
201700056454,2,30,000,00,2,1,01,B01
201700056454,1,10,000,00,2,5,15,A01
201700056455,0,07,000,05,1,1,01,A01
201700056456,1,07,000,00,2,1,01,A01
201700056456,2,07,000,00,2,6,01,B01
201700056457,2,07,000,00,1,3,15,A01
201700056458,2,10,000,00,2,3,17,A01
201700056458,0,01,000,00,2,0,10,B01
201700056459,0,07,000,00,2,0,01,B01
201700056459,0,02,000,00,2,1,01,A01
201700056460,1,07,000,00,2,3,22,A01
201700056460,1,01,000,01,2,1,01,B01
201700056461,1,32,000,00,1,0,01,A01
201700056462,1,32,000,00,1,2,01,A01
201700056463,2,32,000,00,2,7,01,A01
201700056463,2,07,000,00,2,3,01,Z01
201700056464,0,01,000,01,0,3,02,A01
201700056465,1,07,000,07,0,3,01,A01
201700056466,2,33,000,00,2,3,17,A01
201700056466,1,07,000,00,2,6,23,C01
201700056466,1,07,000,00,2,3,01,B01
201700056467,1,34,000,00,2,2,17,A01
201700056467,0,07,000,00,2,0,15,B01
201700056468,1,07,000,08,0,3,01,A01
201700056469,2,07,000,00,2,3,01,B01
201700056469,1,01,000,00,2,1,01,A01
201700056470,1,07,000,00,1,4,20,A01
201700056471,1,31,000,00,2,3,18,A01
201700056471,1,10,000,00,2,6,16,B01
201700056472,1,07,000,00,2,2,01,B01
201700056472,1,07,000,00,2,1,01,A01
201700056473,1,02,000,14,0,0,05,A01
201700056474,1,07,000,00,1,1,01,A01
201700056475,2,31,000,00,2,5,17,A01
201700056475,1,03,000,00,2,6,15,B01
201700056476,1,33,000,00,2,6,23,B01
201700056476,1,30,000,00,2,3,01,A01
201700056477,2,07,000,00,2,7,22,A01
201700056477,2,01,000,00,2,1,18,B01
201700056478,2,07,000,00,2,3,15,A01
201700056478,1,30,000,00,2,1,01,B01
201700056479,0,07,000,00,2,6,11,A01
201700056479,0,33,000,00,2,7,01,B01
201700056480,1,02,000,00,2,7,03,A01
201700056480,1,15,000,00,2,5,01,B01
201700056480,1,07,000,00,2,8,01,C01
201700056481,2,32,000,00,1,2,17,A01
201700056482,2,07,000,00,1,3,15,A01
201700056483,1,32,000,00,2,2,01,A01
201700056483,1,07,000,00,2,3,01,Z01
201700056484,1,07,000,00,2,5,10,A01
201700056484,2,02,000,00,2,1,01,B01
201700056485,1,07,000,00,1,2,16,A01
201700056486,1,31,000,00,2,8,01,B01
201700056486,2,07,000,00,2,1,01,A01
201700056487,1,01,000,00,1,1,01,A01
201700056488,1,07,000,00,1,3,01,A01
201700056489,0,07,000,00,2,4,23,D01
201700056489,0,07,000,00,2,2,02,A01
201700056489,0,07,000,00,2,4,23,C01
201700056489,0,07,000,00,2,5,02,B01
201700056490,1,01,000,00,2,7,17,A01
201700056490,1,07,000,00,2,3,22,B01
201700056491,2,07,000,00,2,2,16,B01
201700056491,2,32,000,00,2,3,18,A01
201700056492,1,07,000,00,2,4,02,B01
201700056492,0,07,000,00,2,1,02,A01
201700056492,0,07,000,00,2,6,02,C01
201700056492,0,07,000,00,2,2,02,D01
201700056493,2,07,000,00,2,3,15,B01
201700056493,2,02,000,00,2,2,01,A01
201700056494,1,31,000,00,2,2,17,A01
201700056494,1,07,000,00,2,8,01,B01
201700056495,1,07,000,00,2,1,02,A01
201700056495,1,07,000,00,2,4,02,B01
201700056496,1,33,000,00,0,0,01,A01
201700056497,1,07,000,00,2,2,02,B01
201700056497,1,07,000,00,2,2,23,A01
201700056498,2,07,000,00,0,1,01,A01
201700056499,0,07,000,00,2,1,01,A01
201700056499,2,34,000,03,2,6,01,B01
201700056500,2,07,000,00,2,7,16,A01
201700056500,2,31,000,00,2,8,01,B01
201700056501,2,07,000,00,1,3,15,A01
201700056502,2,07,000,07,0,1,13,A01
201700056503,2,07,000,00,2,1,15,A01
201700056503,1,33,000,00,2,1,01,B01
201700056504,1,30,000,00,2,1,01,B01
201700056504,1,07,000,00,2,1,01,A01
201700056505,0,02,000,00,2,1,02,A01
201700056505,0,07,000,00,2,0,23,B01
201700056506,1,32,000,00,2,1,01,A01
201700056506,2,07,000,00,2,0,15,B01
201700056507,1,32,000,00,2,1,16,A01
201700056507,1,30,000,00,2,5,01,B01
201700056508,1,07,000,00,2,1,01,A01
201700056508,1,07,000,00,2,8,01,B01
201700056509,1,33,000,00,2,2,12,A01
201700056509,1,07,000,00,2,3,11,B01
201700056510,1,32,000,00,0,0,21,A01
201700056511,1,32,000,00,2,1,18,A01
201700056511,1,07,000,00,2,7,22,B01
201700056512,1,07,000,00,2,8,15,B01
201700056512,0,33,000,00,2,1,17,A01
201700056513,1,34,000,00,2,4,23,B01
201700056513,1,07,000,00,2,2,01,A01
201700056514,1,33,000,00,1,7,01,A01
201700056515,2,32,000,00,2,2,17,A01
201700056515,2,07,000,00,2,0,10,B01
201700056516,0,13,000,00,2,1,01,A01
201700056516,0,02,000,00,2,8,01,B01
201700056517,2,07,000,00,2,0,10,B01
201700056517,1,31,000,00,2,0,01,A01
201700056518,1,07,000,00,2,4,23,B01
201700056518,1,07,000,00,2,4,23,C01
201700056518,1,07,000,00,2,1,01,A01
201700056519,1,34,000,00,2,1,02,A01
201700056519,1,10,000,00,2,4,23,B01
201700056520,0,33,000,00,2,0,17,A01
201700056520,0,10,000,00,2,0,15,B01
201700056521,1,07,000,00,2,3,24,B01
201700056521,1,07,000,08,2,9,09,A01
201700056522,1,33,000,00,2,1,17,B01
201700056522,1,07,000,01,2,3,10,A01
201700056523,1,33,000,00,2,2,03,A01
201700056523,1,07,000,00,2,6,01,B01
201700056524,2,07,000,00,2,3,01,B01
201700056524,2,07,000,00,2,1,01,A01
201700056525,1,02,000,00,2,7,17,B01
201700056525,1,07,000,00,2,1,15,A01
201700056526,2,32,000,00,2,1,01,B01
201700056526,1,07,000,00,2,5,15,A01
201700056527,2,33,000,00,2,2,01,A01
201700056527,0,07,000,00,2,0,13,Z01
201700056528,2,34,000,00,2,0,01,A01
201700056529,1,02,000,00,1,0,01,A01
201700056530,1,10,000,00,2,6,16,Z01
201700056530,1,01,000,00,2,7,01,A01
201700056531,1,32,000,00,0,0,21,A01
201700056532,0,33,000,00,2,8,01,B01
201700056532,0,07,000,00,2,2,01,A01
201700056533,2,30,000,00,1,1,01,A01
201700056534,1,31,000,00,2,6,01,B01
201700056534,0,02,000,00,2,7,16,A01
201700056535,2,07,000,00,2,3,15,A01
201700056535,2,30,000,00,2,7,17,B01
201700056536,0,01,000,00,2,0,01,B01
201700056536,1,32,000,00,2,8,01,A01
201700056537,1,07,000,00,2,1,01,A01
201700056537,1,07,000,01,2,4,23,B01
201700056537,0,07,000,00,2,4,23,C01
201700056538,1,07,000,00,2,7,12,A01
201700056538,0,34,000,00,2,6,03,B01
201700056538,0,07,000,00,2,6,01,C01
201700056539,1,01,000,00,2,2,01,A01
201700056539,1,13,000,00,2,3,22,B01
201700056540,1,07,000,00,2,8,10,A01
201700056540,1,31,000,00,2,1,05,B01
201700056541,2,34,000,00,1,1,01,A01
201700056542,0,01,000,00,2,1,01,B01
201700056542,2,07,000,00,2,3,15,A01
201700056543,2,07,000,00,1,2,01,A01
201700056544,2,10,000,00,1,3,15,A01
201700056545,1,07,000,00,2,0,01,Z01
201700056545,1,34,000,00,2,5,01,A01
201700056546,0,33,000,00,1,1,01,A01
201700056547,1,07,000,00,2,2,01,A01
201700056547,1,33,000,00,2,1,01,B01
201700056548,2,01,000,00,2,1,23,B01
201700056548,2,07,000,00,2,4,04,A01
201700056549,2,10,000,00,2,7,01,B01
201700056549,2,34,000,00,2,2,01,A01
201700056550,1,07,000,00,2,0,02,B01
201700056550,1,07,000,01,2,9,02,A01
201700056551,2,07,000,00,1,7,15,A01
201700056552,1,01,000,00,1,1,01,A01
201700056553,1,34,000,14,0,1,16,A01
201700056554,1,20,000,14,2,3,01,A01
201700056554,1,33,000,00,2,7,14,B01
201700056555,2,07,000,01,2,1,20,A01
201700056555,0,07,000,01,2,1,24,B01
201700056556,0,07,000,01,2,0,01,A01
201700056556,0,07,000,00,2,0,01,B01
201700056557,1,10,000,00,2,4,01,A01
201700056557,1,07,000,00,2,4,16,B01
201700056558,1,01,000,00,1,8,01,A01
201700056559,2,07,000,00,2,5,01,B01
201700056559,2,02,000,00,2,1,01,A01
201700056560,1,07,000,00,1,2,01,Z01
201700056561,1,30,000,15,0,0,14,A01
201700056562,1,07,000,00,2,1,15,A01
201700056562,2,32,000,00,2,1,01,B01
201700056563,0,07,000,00,2,2,15,A01
201700056563,0,32,000,00,2,8,01,B01
201700056564,1,01,000,01,2,1,01,A01
201700056564,2,07,000,01,2,3,22,B01
201700056565,1,02,000,00,2,1,02,A01
201700056565,1,07,000,00,2,6,23,B01
201700056566,0,07,000,00,2,3,01,B01
201700056566,0,31,000,00,2,1,01,A01
201700056567,1,07,000,00,2,2,14,A01
201700056567,1,01,000,00,2,3,01,B01
201700056568,1,33,000,00,2,7,01,A01
201700056568,2,07,000,00,2,1,15,B01
201700056569,0,32,000,00,0,0,01,A01
201700056570,2,10,000,00,1,4,04,A01
201700056571,1,33,000,08,2,1,01,B01
201700056571,1,07,000,00,2,5,01,A01
201700056572,0,37,000,00,1,5,01,A01
201700056573,2,02,000,00,1,4,01,Z01
201700056574,1,07,000,00,2,3,01,B01
201700056574,1,30,000,00,2,1,01,A01
201700056575,1,07,000,00,1,0,01,A01
201700056576,1,33,000,00,2,0,17,B01
201700056576,1,07,000,00,2,3,10,A01
201700056577,1,34,000,00,1,2,01,A01
201700056578,0,33,000,00,2,1,05,A01
201700056578,1,07,000,00,2,1,01,B01
201700056579,2,07,000,00,2,2,01,A01
201700056579,2,07,000,00,2,0,15,B01
201700056580,0,14,000,00,2,2,16,A01
201700056580,0,31,000,00,2,8,18,B01
201700056581,2,07,000,00,1,3,15,A01
201700056582,1,02,000,00,1,1,16,A01
201700056583,1,10,000,00,2,2,12,A01
201700056583,1,01,000,00,2,8,01,B01
201700056584,2,31,000,00,2,1,18,A01
201700056584,2,07,000,00,2,2,16,B01
201700056585,1,02,000,00,1,8,01,A01
201700056586,1,02,000,00,1,1,01,Z01
201700056587,1,01,000,00,2,3,07,B01
201700056587,1,07,000,00,2,2,16,A01
201700056588,1,33,000,00,2,3,18,A01
201700056588,1,10,000,00,2,2,16,B01
201700056589,1,07,000,00,2,3,01,B01
201700056589,1,07,000,00,2,1,01,A01
201700056590,1,07,000,01,2,3,09,A01
201700056590,1,33,000,00,2,2,01,B01
201700056591,1,32,000,00,2,8,01,A01
201700056591,1,07,000,00,2,0,01,B01
201700056592,0,31,000,00,2,3,18,B01
201700056592,0,07,000,00,2,2,14,A01
201700056593,1,07,000,00,1,1,01,Z01
201700056594,2,33,000,00,2,1,01,A01
201700056594,2,07,000,00,2,5,14,Z01
201700056595,2,07,000,00,2,1,01,B01
201700056595,1,33,000,00,2,8,17,A01
201700056596,0,30,000,00,1,1,17,Z01
201700056597,1,07,000,00,2,4,01,A01
201700056597,1,01,000,00,2,1,01,B01
201700056598,1,10,000,00,2,1,02,A01
201700056598,1,07,000,00,2,4,23,B01
201700056599,1,07,000,00,1,3,01,A01
201700056600,2,07,000,00,2,1,16,B01
201700056600,2,07,000,00,2,7,01,A01
201700056601,1,07,000,00,1,4,04,Z01
201700056602,1,32,000,00,2,8,01,B01
201700056602,1,07,000,00,2,2,16,A01
201700056603,2,07,000,00,1,2,15,A01
201700056604,1,07,000,00,2,3,09,A01
201700056604,2,33,000,00,2,0,01,B01
201700056605,0,07,000,00,2,7,13,Z01
201700056605,0,33,000,00,2,7,01,A01
201700056606,1,31,000,00,1,1,01,A01
201700056607,1,33,000,00,2,0,01,B01
201700056607,1,07,000,00,2,6,13,A01
201700056608,1,07,000,00,2,2,01,A01
201700056608,1,33,000,00,2,3,01,B01
201700056609,2,31,000,14,0,0,01,A01
201700056610,2,10,000,04,0,3,13,A01
201700056611,1,07,000,00,2,5,23,A01
201700056611,1,30,000,00,2,1,18,B01
201700056612,1,07,000,00,2,2,13,A01
201700056612,1,31,000,00,2,3,01,B01
201700056613,0,31,000,00,2,0,01,B01
201700056613,0,33,000,00,2,0,01,A01
201700056614,2,32,000,00,2,8,01,A01
201700056614,2,07,000,00,2,6,09,B01
201700056615,0,34,000,12,0,3,21,A01
201700056616,1,01,000,00,0,0,14,A01
201700056617,1,07,000,01,2,2,14,A01
201700056617,1,07,000,00,2,8,14,B01
201700056618,1,01,000,01,0,1,21,A01
201700056619,0,07,000,01,2,1,11,A01
201700056619,0,07,000,00,2,3,01,B01
201700056620,0,33,000,00,1,1,17,A01
201700056621,1,07,000,00,2,8,13,Z01
201700056621,1,30,000,00,2,8,01,A01
201700056622,0,07,000,00,2,2,01,A01
201700056622,2,33,000,00,2,8,01,B01
201700056623,2,32,000,00,1,1,01,A01
201700056624,2,32,000,01,1,1,01,Z01
201700056625,2,10,000,00,1,2,16,A01
201700056626,1,07,000,00,2,8,22,B01
201700056626,1,07,000,00,2,5,01,C01
201700056626,1,01,000,01,2,1,01,A01
201700056627,0,32,000,00,2,5,01,A01
201700056627,2,07,000,00,2,0,01,Z01
201700056628,1,33,000,00,2,1,15,A01
201700056628,1,33,000,00,2,1,17,B01
201700056629,1,10,000,00,2,3,01,A01
201700056629,1,33,000,00,2,6,23,B01
201700056630,0,01,000,00,1,1,01,A01
201700056631,1,07,000,15,0,1,20,A01
201700056632,1,01,000,00,2,1,01,B01
201700056632,1,07,000,00,2,2,01,A01
201700056633,1,01,000,00,1,8,01,A01
201700056634,1,34,000,00,2,1,01,B01
201700056634,1,07,000,00,2,1,10,A01
201700056635,2,07,000,00,2,4,01,A01
201700056635,2,07,000,00,2,5,01,B01
201700056636,0,07,000,00,2,3,01,A01
201700056636,0,01,000,00,2,1,19,B01
201700056637,1,07,000,00,2,3,22,B01
201700056637,1,32,000,01,2,6,03,A01
201700056637,0,07,000,00,2,2,01,C01
201700056637,1,10,000,00,2,5,01,D01
201700056638,1,03,000,00,1,1,01,A01
201700056639,1,07,000,00,1,0,04,A01
201700056640,1,07,000,00,2,4,01,B01
201700056640,1,07,000,00,2,1,01,A01
201700056640,1,07,000,00,2,4,01,D01
201700056640,1,07,000,00,2,4,01,C01
201700056641,1,32,000,00,2,7,15,A01
201700056641,1,10,000,00,2,3,01,B01
201700056642,1,07,000,00,2,6,23,A01
201700056642,1,37,000,01,2,5,17,Z01
201700056643,1,07,000,00,1,3,15,A01
201700056644,2,31,000,00,2,0,01,B01
201700056644,1,07,000,00,2,0,15,A01
201700056645,1,07,000,00,2,8,01,B01
201700056645,1,07,000,00,2,2,16,A01
201700056646,1,33,000,00,2,3,01,A01
201700056646,1,07,000,00,2,7,12,B01
201700056647,0,31,000,00,2,1,01,B01
201700056647,0,31,000,00,2,5,15,A01
201700056648,1,10,000,00,1,3,16,A01
201700056649,1,07,000,00,1,2,15,A01
201700056650,1,07,000,00,1,1,01,A01
201700056651,1,33,000,00,2,4,23,B01
201700056651,1,07,000,00,2,1,02,A01
201700056652,1,07,000,00,1,1,01,A01
201700056653,1,07,000,00,1,1,01,A01
201700056654,2,01,000,00,2,1,01,B01
201700056654,1,07,000,00,2,1,15,A01
201700056655,1,07,000,00,2,3,01,B01
201700056655,1,02,000,00,2,2,01,A01
201700056656,0,07,000,00,2,1,01,A01
201700056656,0,10,000,00,2,7,01,B01
201700056657,1,02,000,00,2,3,17,A01
201700056657,1,07,000,00,2,0,15,B01
201700056658,2,07,000,08,2,1,15,A01
201700056658,1,07,000,00,2,4,02,B01
201700056659,1,07,000,08,0,1,13,A01
201700056660,1,07,000,00,1,1,01,A01
201700056661,1,01,000,00,2,1,07,A01
201700056661,1,07,000,00,2,8,15,B01
201700056662,0,07,000,00,2,3,10,B01
201700056662,0,33,000,00,2,7,01,A01
201700056663,2,07,000,00,2,3,05,A01
201700056663,1,33,000,00,2,1,01,B01
201700056664,2,07,000,00,2,7,01,A01
201700056664,0,31,000,00,2,1,01,B01
201700056665,1,31,000,00,2,2,17,A01
201700056665,1,07,000,00,2,8,15,B01
201700056666,2,31,000,00,2,1,01,A01
201700056666,1,07,000,00,2,2,15,B01
201700056667,2,07,000,00,2,5,23,B01
201700056667,2,07,000,00,2,3,02,A01
201700056668,2,10,000,00,2,7,16,A01
201700056668,2,33,000,00,2,3,18,B01
201700056669,2,07,000,00,2,3,09,A01
201700056669,0,02,000,00,2,0,05,Z01
201700056670,1,07,000,00,1,5,15,A01
201700056671,2,07,000,00,1,1,01,A01
201700056672,1,07,000,00,0,2,01,A01
201700056673,1,31,000,00,2,0,01,A01
201700056673,1,07,000,00,2,0,13,Z01
201700056674,1,07,000,00,1,1,01,A01
201700056675,1,07,000,00,2,3,15,A01
201700056675,2,31,000,00,2,1,01,B01
201700056676,2,07,000,00,2,8,15,A01
201700056676,1,30,000,00,2,1,18,B01
201700056677,2,30,000,00,2,0,17,A01
201700056677,2,10,000,00,2,5,01,B01
201700056678,2,34,000,00,2,1,13,A01
201700056678,2,07,000,00,2,5,01,B01
201700056679,1,31,000,00,2,2,01,A01
201700056679,1,07,000,00,2,3,16,B01
201700056680,0,31,000,00,1,1,17,A01
201700056681,1,07,000,00,2,7,13,Z01
201700056681,1,34,000,00,2,5,17,A01
201700056682,1,07,000,00,2,0,23,B01
201700056682,2,07,000,00,2,4,02,A01
201700056683,1,34,000,00,1,0,01,A01
201700056684,1,30,000,00,2,3,21,A01
201700056685,1,38,000,00,2,1,02,A01
201700056685,1,10,000,00,2,4,23,B01
201700056686,1,07,000,04,2,9,13,A01
201700056686,1,07,000,00,2,3,01,B01
201700056687,1,02,000,00,0,2,01,A01
201700056688,2,07,000,00,2,3,09,A01
201700056688,2,07,000,01,2,7,01,B01
201700056689,1,07,000,00,2,1,02,A01
201700056689,1,07,000,00,2,4,23,B01
201700056690,1,14,000,00,2,1,01,A01
201700056690,2,02,000,00,2,8,01,B01
201700056691,1,07,000,00,2,4,13,B01
201700056691,2,33,000,00,2,1,01,A01
201700056692,1,07,000,00,2,4,23,A01
201700056692,1,33,000,00,2,1,02,B01
201700056693,2,07,000,00,2,7,15,A01
201700056693,1,31,000,00,2,1,01,B01
201700056694,2,07,000,00,2,1,01,B01
201700056694,2,07,000,00,2,2,01,A01
201700056695,1,33,000,00,2,7,01,B01
201700056695,1,07,000,00,2,1,01,A01
201700056696,1,07,000,00,2,8,01,A01
201700056696,2,30,000,00,2,8,01,B01
201700056697,2,07,000,00,2,1,01,A01
201700056697,2,10,000,00,2,5,01,B01
201700056698,2,30,000,00,0,1,01,A01
201700056699,1,33,000,00,2,1,01,A01
201700056699,1,07,000,00,2,4,23,B01
201700056700,1,34,000,00,2,7,01,A01
201700056700,0,07,000,00,2,1,09,B01
201700056701,1,33,000,00,2,1,01,B01