Num_Acc,senc,catv,occutc,obs,obsm,choc,manv,num_veh
201700058513,1,07,000,00,2,0,11,Z01
201700058514,1,07,000,03,0,3,01,A01
201700058515,1,33,000,00,2,2,03,A01
201700058515,1,07,000,00,2,6,11,Z01
201700058516,1,33,000,00,2,3,11,A01
201700058516,1,31,000,00,2,7,01,B01
201700058516,1,15,000,00,2,8,01,C01
201700058517,0,07,000,00,2,1,02,A01
201700058517,0,14,000,00,2,4,02,B01
201700058518,1,10,000,00,2,4,00,D01
201700058518,1,07,000,00,2,4,00,B01
201700058518,1,10,000,00,2,4,00,C01
201700058518,1,07,000,00,2,1,00,A01
201700058519,2,31,000,00,2,1,02,A01
201700058519,2,07,000,00,2,4,02,B01
201700058520,2,34,000,00,2,1,01,A01
201700058520,2,07,000,00,2,6,01,B01
201700058521,2,34,000,00,2,8,03,B01
201700058521,2,07,000,00,2,2,12,A01
201700058522,1,07,000,00,2,5,00,B01
201700058522,1,33,000,00,2,1,00,A01
201700058523,2,07,000,00,2,2,12,A01
201700058523,2,32,000,00,2,8,01,B01
201700058524,2,07,000,00,2,1,02,A01
201700058524,2,07,000,00,2,5,02,B01
201700058525,1,32,000,00,2,2,01,B01
201700058525,1,07,000,00,2,3,11,A01
201700058526,2,07,000,00,2,2,12,A01
201700058526,2,32,000,00,2,8,03,B01
201700058527,1,33,000,00,0,3,01,A01
201700058528,2,07,000,00,2,1,02,Z01
201700058528,2,30,000,00,2,4,02,A01
201700058529,1,31,000,00,0,2,14,A01
201700058530,1,31,000,00,2,1,23,A01
201700058530,1,10,000,00,2,0,12,Z01
201700058530,1,07,000,00,2,4,23,B01
201700058531,1,10,000,00,2,3,01,B01
201700058531,1,33,000,00,2,7,03,A01
201700058532,1,33,000,00,2,3,02,A01
201700058532,1,07,000,00,2,5,02,B01
201700058533,1,07,000,00,2,1,13,A01
201700058533,1,07,000,00,2,5,01,B01
201700058534,1,07,000,00,2,6,11,A01
201700058534,1,33,000,00,2,7,03,B01
201700058535,1,07,000,00,2,4,23,B01
201700058535,1,07,000,00,2,1,01,A01
201700058536,1,07,000,04,2,1,14,A01
201700058536,1,07,000,00,2,2,01,B01
201700058537,1,33,000,00,0,7,01,A01
201700058538,1,07,000,04,0,1,13,A01
201700058539,2,07,000,00,2,4,23,B01
201700058539,1,07,000,00,2,1,02,A01
201700058540,1,07,000,04,2,2,14,A01
201700058540,1,07,000,00,2,3,01,B01
201700058541,2,33,000,00,0,8,03,A01
201700058542,2,33,000,00,2,7,03,B01
201700058542,2,10,000,00,2,8,11,A01
201700058543,2,34,000,00,2,1,03,B01
201700058543,2,07,000,00,2,5,12,A01
201700058544,1,33,000,00,2,1,11,A01
201700058544,1,07,000,00,2,4,01,B01
201700058545,2,33,000,04,0,6,01,A01
201700058546,1,10,000,00,2,7,12,A01
201700058546,1,33,000,00,2,8,03,B01
201700058547,1,07,000,00,2,1,02,A01
201700058547,1,07,000,00,2,4,23,D01
201700058547,1,07,000,00,2,4,23,B01
201700058547,1,07,000,00,2,4,23,C01
201700058548,1,07,000,00,2,2,12,A01
201700058548,1,31,000,00,2,8,03,B01
201700058549,2,07,000,00,2,4,01,B01
201700058549,2,10,000,00,2,4,01,C01
201700058549,2,07,000,00,2,1,01,A01
201700058550,2,10,000,00,2,2,14,Z01
201700058550,2,07,000,00,2,6,01,A01
201700058551,2,07,000,00,2,7,01,C01
201700058551,2,33,000,00,2,1,03,A01
201700058551,2,33,000,00,2,6,03,B01
201700058552,0,07,000,00,2,3,09,A01
201700058552,0,14,000,00,2,7,01,B01
201700058553,2,33,000,00,2,4,17,B01
201700058553,2,07,000,00,2,1,01,A01
201700058554,1,10,000,00,2,4,01,B01
201700058554,1,31,000,00,2,1,03,A01
201700058555,2,10,000,00,2,8,01,C01
201700058555,2,10,000,00,2,4,02,B01
201700058555,2,07,000,00,2,4,02,A01
201700058555,2,10,000,00,2,3,02,Z01
201700058556,1,33,000,00,0,8,01,A01
201700058557,1,07,000,00,2,6,11,A01
201700058557,1,33,000,00,2,7,01,B01
201700058558,2,07,000,00,2,0,13,Z01
201700058558,2,33,000,00,2,8,01,A01
201700058559,2,07,000,00,2,1,01,A01
201700058559,2,07,000,00,2,4,01,B01
201700058560,1,07,000,00,2,8,09,B01
201700058560,1,33,000,00,2,2,01,D01
201700058560,1,15,000,00,2,3,01,A01
201700058560,1,07,000,00,2,6,01,C01
201700058561,2,07,000,00,2,1,02,A01
201700058561,1,10,000,00,2,4,23,C01
201700058561,2,07,000,00,2,5,23,B01
201700058561,2,07,000,00,2,8,23,D01
201700058562,1,07,000,04,2,1,02,A01
201700058562,1,07,000,00,2,4,02,B01
201700058563,1,07,000,04,0,8,01,A01
201700058564,1,33,000,00,2,1,03,A01
201700058564,1,07,000,00,2,6,11,B01
201700058565,1,10,000,00,2,6,01,B01
201700058565,1,31,000,00,2,2,03,A01
201700058566,2,10,000,00,2,6,01,C01
201700058566,2,07,000,00,2,3,11,A01
201700058566,1,32,000,00,2,7,03,B01
201700058567,2,32,000,00,2,1,03,A01
201700058567,2,07,000,00,2,3,11,B01
201700058568,2,10,000,00,2,5,01,B01
201700058568,2,33,000,00,2,3,03,A01
201700058569,2,07,000,00,2,7,12,A01
201700058569,2,34,000,00,2,8,01,B01
201700058570,2,33,000,00,0,1,01,A01
201700058571,2,10,000,00,2,5,23,B01
201700058571,2,07,000,00,2,3,02,A01
201700058572,1,33,000,00,0,8,01,A01
201700058573,1,07,000,00,2,5,01,B01
201700058573,1,07,000,00,2,6,01,C01
201700058573,1,07,000,00,2,3,14,A01
201700058574,1,33,000,00,2,3,03,A01
201700058574,1,07,000,00,2,5,01,B01
201700058575,2,31,000,00,0,8,01,A01
201700058576,1,07,000,00,2,5,02,B01
201700058576,1,17,000,00,2,6,01,C01
201700058576,1,31,000,00,2,1,02,A01
201700058577,1,32,000,00,0,7,03,A01
201700058578,1,07,000,00,2,3,01,A01
201700058578,1,07,000,00,2,5,01,B01
201700058579,2,33,000,00,2,1,02,A01
201700058579,2,07,000,00,2,6,02,B01
201700058580,2,07,000,00,2,1,02,A01
201700058580,2,07,000,00,2,4,23,C01
201700058580,2,07,000,00,2,4,23,B01
201700058581,2,07,000,00,2,3,11,A01
201700058581,2,31,000,00,2,7,03,B01
201700058582,1,07,000,04,0,1,14,A01
201700058583,1,14,000,00,2,1,02,A01
201700058583,1,33,000,00,2,4,02,B01
201700058584,1,07,000,00,2,5,01,B01
201700058584,1,33,000,00,2,8,03,A01
201700058585,2,31,000,00,0,7,03,A01
201700058586,1,07,000,04,2,6,11,A01
201700058586,1,17,000,00,2,2,01,B01
201700058587,1,07,000,04,2,3,23,A01
201700058587,1,07,000,00,2,4,23,C01
201700058587,1,07,000,00,2,2,02,B01
201700058588,1,07,000,00,0,1,01,A01
201700058589,1,07,000,00,2,2,12,A01
201700058589,1,33,000,00,2,3,03,B01
201700058590,2,13,000,00,2,2,12,A01
201700058590,2,07,000,00,2,2,01,C01
201700058590,2,07,000,00,2,6,01,B01
201700058591,1,07,000,00,2,1,02,A01
201700058591,1,07,000,00,2,4,02,B01
201700058592,1,14,000,00,0,0,24,A01
201700058592,1,31,000,09,0,1,02,B01
201700058593,2,31,000,00,2,3,01,B01
201700058593,2,10,000,00,2,2,12,A01
201700058594,2,07,000,00,2,4,01,B01
201700058594,2,10,000,00,2,1,21,A01
201700058595,2,07,000,00,2,4,01,B01
201700058595,1,07,000,00,2,1,01,A01
201700058596,1,07,000,00,2,6,01,B01
201700058596,1,34,000,00,2,2,03,A01
201700058597,2,31,000,00,2,2,01,B01
201700058597,2,07,000,00,2,6,11,A01
201700058598,2,31,000,12,0,3,01,A01
201700058599,2,07,000,00,2,1,23,D01
201700058599,2,07,000,00,2,2,01,A01
201700058599,2,10,000,00,2,6,23,B01
201700058599,2,07,000,00,2,1,23,C01
201700058600,2,10,000,00,2,1,02,A01
201700058600,2,07,000,00,2,4,02,B01
201700058601,2,10,000,00,2,6,11,A01
201700058601,2,34,000,00,2,2,01,B01
201700058602,2,31,000,00,0,7,01,A01
201700058603,1,07,000,00,2,5,12,A01
201700058603,1,07,000,00,2,6,01,C01
201700058603,1,33,000,00,2,3,03,B01
201700058604,1,07,000,00,2,4,23,B01
201700058604,1,07,000,00,2,1,02,A01
201700058605,1,07,000,00,2,1,02,A01
201700058605,1,07,000,00,2,4,01,B01
201700058606,1,10,000,04,0,1,01,A01
201700058607,2,34,000,00,0,8,01,A01
201700058608,2,07,000,00,2,8,11,A01
201700058608,2,34,000,00,2,7,01,B01
201700058609,2,07,000,00,2,6,13,A01
201700058609,2,33,000,04,2,1,01,B01
201700058610,2,07,000,00,2,3,01,C01
201700058610,2,07,000,04,2,2,03,A01
201700058610,2,07,000,00,2,7,01,B01
201700058611,2,07,000,00,2,1,01,A01
201700058611,2,15,000,00,2,4,23,B01
201700058612,2,33,000,00,2,7,21,A01
201700058612,2,10,000,00,2,0,01,Z01
201700058613,2,32,000,00,0,7,01,A01
201700058614,2,07,000,00,2,3,01,B01
201700058614,1,07,000,00,2,2,13,A01
201700058615,1,30,000,00,2,1,01,A01
201700058615,2,07,000,00,2,2,15,B01
201700058616,2,33,000,13,0,0,01,A01
201700058617,2,33,000,00,2,1,01,A01
201700058617,1,07,000,00,0,3,01,B01
201700058618,1,07,000,00,2,1,00,A01
201700058618,2,30,000,00,2,0,13,B01
201700058619,1,07,000,06,0,2,01,A01
201700058620,1,07,000,00,2,3,01,A01
201700058620,2,31,000,00,2,1,05,B01
201700058621,1,07,000,00,2,3,01,A01
201700058621,2,07,000,00,2,8,01,B01
201700058622,1,07,000,01,0,1,01,A01
201700058622,1,07,000,00,2,4,23,B01
201700058622,1,07,000,00,2,4,23,C01
201700058623,1,07,000,00,2,3,01,A01
201700058623,2,07,000,00,2,3,01,B01
201700058624,1,30,000,00,1,1,05,A01
201700058625,1,07,000,00,2,2,15,A01
201700058625,2,33,000,00,2,1,17,B01
201700058626,1,07,000,00,1,1,01,A01
201700058627,0,36,000,13,0,2,01,A01
201700058628,2,33,000,00,2,2,02,D01
201700058628,2,33,000,00,0,8,23,C01
201700058628,2,33,000,08,2,9,02,A01
201700058628,2,33,000,00,0,8,02,B01
201700058629,2,07,000,15,0,3,13,A01
201700058630,2,07,000,00,1,2,13,A01
201700058631,1,07,000,00,2,3,13,A01
201700058631,1,07,000,00,2,8,01,B01
201700058632,1,33,000,00,0,4,02,B01
201700058632,2,07,000,00,2,2,02,A01
201700058633,1,07,000,13,0,1,00,A01
201700058634,1,33,000,00,2,1,01,B01
201700058634,2,07,000,00,2,5,15,A01
201700058635,1,02,000,00,2,1,05,A01
201700058635,2,07,000,00,9,1,00,B01
201700058636,0,07,000,00,1,0,00,A01
201700058637,0,02,000,00,2,8,01,A01
201700058637,0,07,000,00,2,8,01,B01
201700058638,1,17,000,01,1,5,14,A01
201700058639,1,10,000,00,2,1,01,A01
201700058639,2,33,000,00,2,1,05,B01
201700058640,1,07,000,00,2,1,15,A01
201700058640,2,02,000,00,2,1,01,B01
201700058641,1,07,000,04,2,1,01,A01
201700058641,2,07,000,04,2,7,17,B01
201700058642,2,07,000,13,0,2,14,A01
201700058643,1,07,000,00,2,1,01,A01
201700058643,2,02,000,00,2,1,05,B01
201700058644,2,07,000,00,2,3,01,B01
201700058644,1,02,000,00,2,1,05,A01
201700058645,2,07,000,02,0,2,11,A01
201700058646,1,10,000,00,2,1,01,B01
201700058646,2,07,000,13,2,7,13,A01
201700058647,1,07,000,00,2,2,00,A01
201700058647,2,07,000,00,2,3,01,B01
201700058648,2,07,000,00,2,3,01,B01
201700058648,1,02,000,00,2,1,17,A01
201700058649,2,33,000,16,0,8,01,A01
201700058650,1,03,000,00,2,3,15,A01
201700058650,2,02,000,00,2,1,01,B01
201700058651,0,99,000,00,1,2,01,A01
201700058652,1,07,000,00,9,2,01,A01
201700058652,2,01,000,00,2,2,13,B01
201700058653,0,07,000,00,2,3,01,B01
201700058653,0,02,000,00,2,1,13,A01
201700058654,1,30,000,00,2,1,01,A01
201700058654,2,07,000,00,2,1,05,B01
201700058655,0,07,000,13,0,1,19,A01
201700058656,1,07,000,13,0,1,01,A01
201700058657,0,34,000,00,2,2,01,A01
201700058657,0,01,000,00,2,8,19,B01
201700058658,2,33,000,00,2,1,13,B01
201700058658,1,07,000,00,2,1,01,A01
201700058659,2,02,000,00,1,1,19,A01
201700058660,1,07,000,00,2,3,13,A01
201700058660,2,07,000,00,2,3,01,B01
201700058661,2,10,000,05,0,9,01,A01
201700058662,2,34,000,00,2,2,13,A01
201700058662,1,07,000,00,2,1,01,B01
201700058663,2,07,000,00,2,7,05,A01
201700058663,1,07,000,00,2,1,01,B01
201700058664,2,07,000,00,2,3,13,A01
201700058664,1,07,000,00,2,3,01,B01
201700058665,0,07,000,00,2,1,00,B01
201700058665,0,07,000,00,2,1,05,A01
201700058666,1,33,000,00,2,1,01,A01
201700058666,1,07,000,00,2,8,16,B01
201700058667,1,07,000,00,2,3,13,A01
201700058667,2,07,000,00,2,3,01,B01
201700058668,2,07,000,00,2,3,01,A01
201700058668,1,07,000,00,2,1,13,B01
201700058669,1,07,000,00,2,1,13,A01
201700058669,2,07,000,00,2,1,01,B01
201700058670,0,02,000,12,0,3,01,A01
201700058671,0,07,000,06,0,1,01,A01
201700058672,1,07,000,06,0,3,13,A01
201700058673,2,07,000,00,2,3,15,A01
201700058673,1,01,000,00,2,3,01,B01
201700058674,0,07,000,13,0,0,01,C01
201700058674,0,07,000,00,2,3,17,A01
201700058674,0,07,000,00,2,3,01,B01
201700058675,1,33,000,00,0,7,17,A01
201700058676,0,07,000,00,1,1,01,A01
201700058677,2,07,000,00,1,3,01,A01
201700058678,1,07,000,00,1,3,01,A01
201700058679,2,32,000,12,0,0,01,A01
201700058680,2,07,000,00,2,1,01,A01
201700058680,1,07,000,00,2,6,17,B01
201700058680,1,07,000,00,2,1,17,C01
201700058681,1,07,000,00,2,1,01,A01
201700058681,1,30,000,00,2,1,17,B01
201700058682,2,07,000,15,1,3,14,A01
201700058683,2,07,000,06,2,5,11,A01
201700058683,2,15,000,00,2,3,01,B01
201700058684,2,07,000,00,1,2,01,A01
201700058685,2,07,000,06,0,2,15,A01
201700058685,0,07,000,06,2,3,01,B01
201700058686,1,07,000,00,2,3,01,C01
201700058686,1,07,000,00,2,6,23,D01
201700058686,1,07,000,00,2,3,01,B01
201700058686,2,07,000,00,2,3,17,A01
201700058687,0,01,000,00,2,8,01,B01
201700058687,1,07,000,00,9,7,01,A01
201700058688,0,02,000,00,0,0,01,A01
201700058689,1,07,000,00,2,1,13,A01
201700058689,2,07,000,00,2,1,01,C01
201700058689,2,07,000,00,2,6,01,B01
201700058690,1,07,000,00,2,1,01,B01
201700058690,0,07,000,00,0,8,09,A01
201700058691,1,07,000,02,0,9,17,A01
201700058692,1,07,000,00,2,1,01,A01
201700058692,1,07,000,00,0,4,23,B01
201700058693,1,07,000,00,2,8,02,C01
201700058693,1,07,000,00,0,2,00,B01
201700058693,2,07,000,00,2,2,00,A01
201700058694,1,07,000,04,2,2,01,A01
201700058694,2,10,000,00,2,1,09,B01
201700058695,0,02,000,00,2,1,01,A01
201700058695,0,07,000,00,2,3,01,B01
201700058696,2,02,000,00,2,0,05,A01
201700058696,1,07,000,00,2,2,15,B01
201700058697,0,07,000,00,1,7,01,A01
201700058698,0,33,000,08,0,1,01,A01
201700058699,0,07,000,00,1,2,14,A01
201700058700,0,07,000,00,1,2,01,A01
201700058701,1,07,000,00,2,2,01,A01
201700058701,1,01,000,00,2,1,13,B01
201700058702,1,07,000,00,2,1,01,A01
201700058702,1,30,000,00,2,8,19,B01
201700058703,0,02,000,00,2,9,01,B01
201700058703,0,15,000,00,2,5,01,A01
201700058704,1,07,000,00,2,6,01,B01
201700058704,2,07,000,00,2,3,01,C01
201700058704,1,07,000,00,2,1,01,A01
201700058705,2,07,000,00,1,3,01,A01
201700058706,2,07,000,00,2,1,01,A01
201700058706,1,07,000,00,2,3,01,B01
201700058707,2,33,000,00,2,1,01,A01
201700058707,2,07,000,00,2,4,01,B01
201700058708,1,07,000,00,2,3,01,A01
201700058708,2,37,030,00,2,6,09,B01
201700058709,0,13,000,00,2,1,01,B01
201700058709,0,07,000,00,2,1,13,A01
201700058710,0,02,000,00,9,3,01,A01
201700058711,2,07,000,06,0,2,01,A01
201700058712,2,07,000,00,9,3,20,A01
201700058712,2,31,000,00,2,2,01,B01
201700058713,1,07,000,00,2,3,17,A01
201700058713,2,07,000,00,2,3,01,B01
201700058714,2,33,000,00,2,2,01,A01
201700058714,1,10,000,00,2,2,15,B01
201700058715,2,07,000,00,2,1,02,A01
201700058715,2,07,000,08,2,4,15,B01
201700058716,2,07,000,00,2,3,10,A01
201700058716,2,33,000,00,2,1,02,B01
201700058717,0,33,000,00,2,7,15,A01
201700058717,0,07,000,12,2,8,17,B01
201700058718,0,07,000,13,0,1,19,A01
201700058719,0,07,000,00,2,2,15,A01
201700058719,0,33,000,00,2,1,01,B01
201700058720,0,32,000,00,2,2,02,A01
201700058720,0,07,000,00,2,3,13,B01
201700058721,2,07,000,00,2,1,17,B01
201700058721,1,07,000,00,2,1,01,A01
201700058722,1,33,000,00,0,1,01,A01
201700058722,0,07,000,00,0,2,19,B01
201700058723,1,07,000,04,0,4,01,A01
201700058723,1,07,000,00,2,1,01,B01
201700058723,1,07,000,00,2,1,01,C01
201700058724,2,07,000,00,2,3,01,B01
201700058724,1,07,000,00,2,8,01,A01
201700058725,1,32,000,00,2,1,02,A01
201700058725,1,07,000,00,2,3,19,B01
201700058726,1,07,000,00,2,1,19,A01
201700058726,1,07,000,00,2,1,01,B01
201700058727,0,07,000,00,1,1,01,A01
201700058728,0,30,000,00,2,8,01,B01
201700058728,0,07,000,00,2,8,01,A01
201700058729,0,33,000,00,0,5,01,A01
201700058730,1,07,000,00,0,4,02,B01
201700058730,1,02,000,00,2,1,02,A01
201700058731,1,07,000,00,2,3,15,A01
201700058731,1,07,000,00,2,2,17,B01
201700058732,2,07,000,00,2,6,15,A01
201700058732,2,33,000,00,2,1,17,B01
201700058733,1,07,000,02,0,4,01,B01
201700058733,1,07,000,08,2,1,01,A01
201700058734,2,07,000,00,2,1,11,A01
201700058734,2,03,000,00,2,4,01,B01
201700058735,1,07,000,13,0,1,14,A01
201700058736,1,07,000,00,2,2,01,A01
201700058736,1,01,000,00,0,4,11,B01
201700058737,1,07,000,00,2,1,13,A01
201700058737,2,07,000,00,0,1,00,B01
201700058738,0,07,000,00,0,5,15,A01
201700058738,0,02,000,00,2,1,21,B01
201700058739,0,34,000,00,2,7,01,A01
201700058739,0,07,000,00,2,4,15,B01
201700058740,0,07,000,00,1,2,01,A01
201700058741,2,07,000,02,2,1,14,A01
201700058741,1,07,000,00,2,2,01,B01
201700058742,2,07,000,00,2,7,00,A01
201700058742,2,07,000,00,2,6,01,B01
201700058743,0,07,000,02,0,1,01,A01
201700058744,0,07,000,06,0,1,01,A01
201700058745,0,07,000,00,1,3,07,A01
201700058746,1,33,000,00,0,4,02,A01
201700058746,0,33,000,00,2,1,01,B01
201700058747,0,31,000,00,2,1,00,A01
201700058747,0,31,000,00,2,1,00,B01
201700058748,1,33,000,00,2,8,03,A01
201700058748,1,07,000,00,2,8,02,B01
201700058748,1,07,000,00,2,8,01,C01
201700058749,0,07,000,00,2,1,01,B01
201700058749,0,07,000,04,2,6,11,A01
201700058750,2,07,000,00,2,3,15,A01
201700058750,2,07,000,00,2,2,00,B01
201700058750,2,07,000,00,2,1,15,C01
201700058751,0,07,000,00,2,1,02,A01
201700058751,0,07,000,00,2,6,02,B01
201700058752,2,07,000,13,0,0,14,A01
201700058753,2,07,000,00,0,4,15,B01
201700058753,2,07,000,00,2,1,02,A01
201700058754,2,07,000,09,0,3,01,A01
201700058755,2,07,000,00,2,3,17,A01
201700058755,2,07,000,00,2,8,01,B01
201700058755,2,07,000,00,2,2,01,C01
201700058756,0,07,000,00,2,1,01,A01
201700058756,0,07,000,00,2,3,01,B01
201700058757,2,07,000,00,0,6,15,A01
201700058757,2,34,000,00,2,1,17,B01
201700058758,1,07,000,00,2,3,01,A01
201700058758,2,07,000,00,2,2,15,B01
201700058759,0,07,000,00,2,3,13,A01
201700058759,0,02,000,00,2,1,14,B01
201700058760,0,02,000,00,0,9,00,A01
201700058761,2,07,000,00,2,1,01,A01
201700058761,1,07,000,00,2,1,15,B01
201700058762,1,07,000,00,1,2,02,A01
201700058763,0,07,000,03,2,3,01,A01
201700058763,0,30,000,00,2,1,13,B01
201700058764,1,07,000,16,0,1,00,A01
201700058765,2,21,000,15,0,2,00,A01
201700058766,1,07,000,00,2,1,17,B01
201700058766,1,07,000,00,0,3,15,A01
201700058767,1,07,000,00,0,3,01,A01
201700058767,2,07,000,00,2,3,17,B01
201700058768,1,07,000,00,2,1,01,A01
201700058768,2,07,000,00,2,1,05,B01
201700058769,1,31,000,00,2,1,05,A01
201700058769,2,07,000,00,2,3,01,B01
201700058770,0,07,000,00,1,2,01,A01
201700058771,1,07,000,00,2,2,10,A01
201700058771,2,33,000,00,2,1,01,B01
201700058772,2,02,000,00,2,1,17,A01
201700058772,2,07,000,00,2,3,15,B01
201700058773,2,07,000,02,0,1,01,A01
201700058774,2,07,000,02,0,8,01,A01
201700058775,1,02,000,07,0,1,01,A01
201700058776,2,07,000,02,0,8,01,A01
201700058777,0,02,000,14,0,0,01,A01
201700058778,0,02,000,00,0,0,01,A01
201700058779,2,07,000,06,0,1,01,A01
201700058780,0,07,000,00,2,1,01,A01
201700058780,0,07,000,00,0,8,15,B01
201700058781,1,07,000,02,0,1,13,A01
201700058782,2,33,000,00,2,8,13,A01
201700058782,2,07,000,00,2,3,01,B01
201700058783,1,36,000,00,2,1,13,A01
201700058783,2,07,000,00,2,3,21,B01
201700058784,0,33,000,00,0,0,01,A01
201700058785,0,34,000,00,0,7,00,A01
201700058786,1,02,000,00,2,1,01,A01
201700058786,2,07,000,00,2,3,01,B01
201700058787,2,30,000,00,0,0,00,A01
201700058788,2,07,000,00,0,9,01,A01
201700058789,1,07,000,00,9,3,02,A01
201700058789,1,01,000,00,2,4,02,B01
201700058790,2,07,000,00,1,2,01,A01
201700058791,0,07,000,08,0,1,01,A01
201700058792,2,07,000,02,2,8,01,B01
201700058792,1,37,009,00,0,1,01,C01
201700058792,2,07,000,00,2,3,01,A01
201700058793,0,07,000,00,2,6,15,A01
201700058793,0,33,000,00,2,1,17,B01
201700058794,0,07,000,08,0,3,01,A01
201700058795,2,07,000,03,0,1,01,A01
201700058796,0,33,000,08,0,1,01,A01
201700058797,2,07,000,00,2,2,15,A01
201700058797,1,38,004,00,2,3,01,B01
201700058798,1,07,000,00,2,7,15,A01
201700058798,2,33,000,00,2,1,01,B01
201700058799,0,31,000,00,2,1,13,A01
201700058799,0,07,000,00,2,1,01,B01
201700058800,2,32,000,00,2,1,13,A01
201700058800,1,10,000,00,2,3,01,B01
201700058801,2,07,000,00,0,4,15,A01
201700058801,2,30,000,00,2,1,01,B01
201700058802,1,07,000,00,1,2,01,A01
201700058803,1,02,000,00,2,1,01,B01
201700058803,2,07,000,00,2,3,13,A01
201700058804,0,03,000,00,1,2,00,A01
201700058805,2,07,000,00,2,8,01,A01
201700058805,1,30,000,00,2,3,17,B01
201700058806,1,02,000,00,2,1,01,A01
201700058806,1,07,000,00,2,4,16,B01
201700058807,0,02,000,00,1,1,01,A01
201700058808,2,07,000,00,2,1,01,A01
201700058808,2,07,000,00,2,7,19,B01
201700058809,0,07,000,00,2,1,01,A01
201700058809,0,07,000,00,2,1,01,B01
201700058810,2,07,000,00,2,3,01,A01
201700058810,1,33,000,00,2,1,01,B01
201700058811,0,07,000,00,2,1,01,A01
201700058811,0,07,000,00,0,3,15,B01
201700058812,0,07,000,00,2,2,01,A01
201700058812,0,07,000,00,2,2,00,B01
201700058813,1,07,000,00,2,8,09,A01
201700058813,2,07,000,00,2,1,01,B01
201700058814,2,02,000,00,2,1,01,A01
201700058814,1,07,000,00,2,1,15,B01
201700058815,0,07,000,00,1,1,00,A01
201700058816,2,30,000,00,2,8,01,A01
201700058816,2,07,000,00,0,0,00,B01
201700058817,0,07,000,02,0,1,01,A01
201700058818,0,07,000,02,0,2,01,A01
201700058819,0,07,000,00,0,3,15,A01
201700058819,0,33,000,00,2,1,17,B01
201700058820,1,07,000,00,2,3,01,A01
201700058820,1,07,000,00,2,1,01,B01
201700058821,0,07,000,00,1,1,01,A01
201700058822,0,07,000,00,2,3,13,A01
201700058822,2,07,000,00,2,3,01,B01
201700058823,1,02,000,00,2,1,02,A01
201700058823,1,07,000,00,0,6,23,B01
201700058824,0,07,000,02,0,8,14,A01
201700058825,0,07,000,00,1,1,01,A01
201700058826,0,07,000,00,1,1,01,A01
201700058827,0,07,000,00,0,1,01,A01
201700058828,0,07,000,00,2,3,01,B01
201700058828,0,07,000,00,2,3,13,A01
201700058829,1,38,000,00,1,5,20,A01
201700058830,1,33,000,00,2,1,01,B01
201700058830,2,07,000,00,2,7,15,A01
201700058831,1,30,000,00,2,1,17,A01
201700058831,1,07,000,00,2,3,15,B01
201700058832,0,07,000,08,0,1,01,A01
201700058833,2,30,000,00,2,1,00,A01
201700058833,1,07,000,00,2,7,01,B01
201700058834,2,14,000,00,2,1,23,A01
201700058834,1,07,000,01,0,1,01,B01
201700058835,1,07,000,00,2,2,15,A01
201700058835,1,02,000,00,2,1,01,B01
201700058836,2,07,000,00,2,6,02,A01
201700058836,2,33,000,00,2,1,17,B01
201700058837,1,33,000,00,2,1,18,A01
201700058837,1,07,000,00,2,2,15,B01
201700058838,2,07,000,00,2,1,01,C01
201700058838,1,07,000,00,2,1,01,A01
201700058838,2,07,000,00,2,8,01,B01
201700058839,1,10,000,00,2,3,11,A01
201700058839,2,02,000,00,2,1,01,B01
201700058840,1,10,000,00,2,3,13,A01
201700058840,2,07,000,00,2,3,01,B01
201700058840,2,07,000,00,2,8,01,C01
201700058840,2,07,000,00,2,3,01,D01
201700058841,1,01,000,00,2,1,16,A01
201700058841,2,10,000,00,2,1,01,B01
201700058842,1,02,000,00,2,1,17,A01
201700058842,2,07,000,00,2,3,15,B01
201700058842,2,07,000,00,2,1,01,C01
201700058843,1,07,000,00,9,3,11,A01
201700058843,2,01,000,00,2,1,01,B01
201700058844,2,33,000,00,2,1,17,B01
201700058844,2,07,000,00,2,6,10,A01
201700058845,0,07,000,00,1,2,01,A01
201700058846,1,02,000,00,0,0,00,A01
201700058847,1,30,000,00,0,0,01,A01
201700058848,1,07,000,13,0,9,02,A01
201700058849,2,07,000,00,2,7,13,A01
201700058849,1,13,000,00,2,1,01,B01
201700058850,1,07,000,00,2,5,15,A01
201700058850,2,33,000,00,2,1,01,B01
201700058851,1,07,000,00,2,2,01,A01
201700058851,1,01,000,00,2,9,01,B01
201700058852,2,07,000,00,2,3,00,B01
201700058852,1,07,000,00,2,3,13,A01
201700058853,0,07,000,00,2,3,13,B01
201700058853,0,02,000,00,2,1,13,A01
201700058854,2,33,000,00,2,1,17,B01
201700058854,2,07,000,00,2,8,15,A01
201700058855,2,07,000,00,2,1,02,A01
201700058855,2,02,000,00,0,4,01,B01
201700058855,2,07,000,00,0,4,01,C01
201700058856,1,07,000,00,2,7,01,B01
201700058856,2,07,000,00,2,1,19,A01
201700058857,2,34,000,00,2,1,01,A01
201700058857,2,07,000,00,2,8,19,B01
201700058858,0,02,000,00,2,1,01,B01
201700058858,0,07,000,00,2,2,15,A01
201700058859,1,07,000,00,1,2,01,A01
201700058860,0,07,000,00,1,5,16,A01
201700058861,2,10,000,00,2,8,01,A01