Num_Acc,senc,catv,occutc,obs,obsm,choc,manv,num_veh
201700060302,2,07,000,00,9,7,02,A01
201700060302,1,99,000,00,2,4,07,B01
201700060303,2,07,000,00,2,6,02,A01
201700060303,2,33,000,00,2,1,14,B01
201700060304,1,32,000,00,2,1,19,A01
201700060304,1,07,000,00,2,8,01,B01
201700060305,1,02,000,00,2,1,05,A01
201700060305,2,07,000,00,2,2,01,B01
201700060306,1,07,000,00,2,1,01,B01
201700060306,1,30,000,15,2,7,01,A01
201700060307,1,07,000,00,2,1,06,A01
201700060307,1,07,000,00,2,8,00,B01
201700060307,1,07,000,00,2,1,00,C01
201700060308,1,07,000,13,0,9,13,A01
201700060309,1,07,000,00,1,2,01,A01
201700060310,1,07,000,00,2,3,15,A01
201700060310,2,30,000,00,2,8,01,B01
201700060311,2,07,000,00,2,0,00,A01
201700060311,2,33,000,00,2,0,00,B01
201700060312,1,07,000,00,1,3,16,A01
201700060313,1,37,001,00,1,6,09,A01
201700060314,2,07,000,00,0,0,00,A01
201700060315,2,07,000,00,1,1,00,A01
201700060316,1,37,001,00,1,7,02,A01
201700060317,1,07,000,00,1,1,01,A01
201700060318,2,07,000,00,1,1,01,Z01
201700060319,1,02,000,00,1,1,00,A01
201700060320,1,07,000,00,1,1,15,A01
201700060321,1,33,000,04,0,8,02,A01
201700060322,1,07,000,00,2,3,13,A01
201700060322,1,33,000,00,2,1,02,B01
201700060323,1,07,000,00,1,1,01,A01
201700060324,1,33,000,11,0,1,13,A01
201700060325,2,30,000,01,2,9,17,A01
201700060325,2,07,000,00,2,3,15,B01
201700060326,1,07,000,00,1,2,01,A01
201700060327,2,37,001,00,1,2,01,C01
201700060328,1,33,000,06,0,2,01,A01
201700060329,1,07,000,00,1,5,04,A01
201700060330,1,07,000,00,1,1,00,A01
201700060331,1,33,000,08,0,1,00,A01
201700060332,1,07,000,00,1,7,01,A01
201700060333,1,07,000,00,2,1,09,A01
201700060334,2,07,000,00,2,7,01,B01
201700060334,1,07,000,00,2,1,19,A01
201700060335,1,33,000,00,1,1,13,A01
201700060336,1,01,000,00,1,1,13,A01
201700060337,2,33,000,00,2,1,02,A01
201700060337,2,10,000,00,2,4,23,B01
201700060338,2,31,000,00,2,1,17,A01
201700060338,1,07,000,00,2,3,19,B01
201700060339,1,33,000,00,2,1,15,A01
201700060339,2,07,000,00,2,7,01,B01
201700060340,2,07,000,00,2,1,13,A01
201700060340,1,07,000,00,2,1,01,B01
201700060341,1,07,000,00,2,3,15,A01
201700060341,1,33,000,00,2,1,00,B01
201700060342,2,07,000,00,9,7,15,B01
201700060342,2,01,000,00,2,1,09,A01
201700060343,1,33,000,00,1,2,01,A01
201700060344,1,07,000,00,1,2,17,A01
201700060345,1,07,000,00,2,4,23,C01
201700060345,1,07,000,14,0,1,02,A01
201700060345,1,07,000,00,2,4,02,B01
201700060346,1,07,000,00,1,1,15,A01
201700060347,1,07,000,00,2,8,07,A01
201700060347,1,31,000,00,2,1,07,M01
201700060348,1,07,000,00,2,1,20,A01
201700060348,1,33,000,00,2,1,17,B01
201700060349,1,07,000,00,1,0,04,A01
201700060350,1,07,000,00,2,1,13,A01
201700060350,2,07,000,13,2,6,00,B01
201700060350,2,33,000,00,2,1,00,C01
201700060351,1,07,000,16,2,2,01,A01
201700060351,1,31,000,00,2,3,01,B01
201700060352,1,07,000,00,1,2,02,A01
201700060353,1,07,000,00,2,1,21,A01
201700060353,2,01,000,00,2,1,11,B01
201700060354,2,07,000,00,2,2,02,A01
201700060354,2,07,000,00,2,6,02,B01
201700060355,1,07,000,08,0,7,13,A01
201700060356,2,07,000,00,2,2,15,A01
201700060356,1,34,000,00,2,0,00,B01
201700060357,0,30,000,00,2,1,02,B01
201700060357,1,07,000,00,2,6,02,A01
201700060358,1,07,000,00,2,3,09,A01
201700060358,1,33,000,00,2,1,17,B01
201700060359,1,01,000,00,1,0,00,A01
201700060360,2,33,000,00,0,3,02,A01
201700060361,1,07,000,00,2,0,13,A01
201700060361,1,01,000,00,2,4,13,B01
201700060362,0,99,000,00,0,0,00,A01
201700060363,1,07,000,00,2,1,05,A01
201700060363,2,07,000,00,2,1,05,B01
201700060364,1,07,000,00,9,3,09,A01
201700060364,1,33,000,00,2,2,01,B01
201700060365,1,07,000,00,1,1,01,A01
201700060366,1,30,000,01,0,1,01,A01
201700060367,1,31,000,00,2,7,02,B01
201700060367,1,13,000,00,2,1,01,A01
201700060368,2,07,000,00,2,6,09,A01
201700060368,2,07,000,03,2,2,00,B01
201700060368,2,07,000,00,2,6,02,C01
201700060369,2,33,000,00,2,8,17,A01
201700060369,2,15,000,00,0,8,01,B01
201700060369,1,07,000,00,2,3,14,C01
201700060370,2,10,000,00,1,2,15,A01
201700060371,2,07,000,13,0,1,01,A01
201700060372,1,07,000,00,9,2,15,A01
201700060372,1,33,000,00,2,1,01,B01
201700060373,1,07,000,00,2,2,19,A01
201700060373,1,07,000,00,2,3,19,B01
201700060374,2,07,000,00,1,1,01,A01
201700060375,1,07,000,00,2,0,00,B01
201700060375,1,33,000,00,2,3,16,A01
201700060376,2,07,000,00,2,8,15,A01
201700060376,2,33,000,00,2,1,01,B01
201700060377,1,07,000,00,2,3,11,A01
201700060377,2,07,000,00,2,8,01,B01
201700060378,2,10,000,00,1,1,01,A01
201700060379,1,30,000,00,2,2,01,B01
201700060379,1,07,000,00,2,3,19,A01
201700060380,1,07,000,00,2,1,14,A01
201700060380,1,07,000,00,2,6,00,B01
201700060381,2,07,000,13,0,2,00,A01
201700060382,2,07,000,04,0,1,13,A01
201700060383,1,07,000,00,2,9,01,B01
201700060383,1,07,000,00,2,9,00,C01
201700060383,1,10,000,00,2,1,01,A01
201700060383,1,07,000,00,0,0,00,D01
201700060384,1,33,000,00,9,1,01,A01
201700060385,1,07,000,00,2,1,01,A01
201700060385,1,07,000,09,2,0,01,B01
201700060386,1,07,000,00,2,1,01,A01
201700060386,1,07,000,00,0,0,00,C01
201700060386,1,07,000,00,2,8,01,B01
201700060387,1,07,000,00,2,1,15,A01
201700060387,1,30,000,00,2,0,01,B01
201700060388,1,31,000,00,5,3,00,A01
201700060389,0,02,000,00,0,9,00,A01
201700060390,2,07,000,00,2,4,04,B01
201700060390,2,02,000,00,2,1,01,A01
201700060391,1,07,000,00,0,2,01,A01
201700060392,1,07,000,00,2,3,01,B01
201700060392,1,02,000,00,2,3,13,A01
201700060393,2,07,000,00,2,4,02,B01
201700060393,2,07,000,00,2,1,02,A01
201700060394,1,07,000,02,0,1,14,A01
201700060395,1,07,000,00,0,0,00,A01
201700060395,1,01,000,00,0,0,00,B01
201700060396,0,07,000,10,2,4,01,B01
201700060396,2,07,000,10,2,1,02,A01
201700060397,1,01,000,00,2,3,05,A01
201700060397,1,07,000,00,2,3,01,B01
201700060398,1,02,000,00,1,1,01,A01
201700060399,2,02,000,00,0,0,00,A01
201700060400,2,33,000,00,0,0,01,A01
201700060401,1,07,000,04,0,3,01,A01
201700060402,1,07,000,00,2,2,09,A01
201700060402,1,07,000,00,2,3,01,B01
201700060403,1,07,000,00,1,0,00,A01
201700060404,1,33,000,00,0,7,16,A01
201700060405,1,07,000,00,2,2,02,A01
201700060405,1,01,000,00,2,4,01,B01
201700060406,0,07,000,06,0,1,14,A01
201700060407,2,07,000,00,2,1,01,A01
201700060407,2,07,000,00,2,4,01,B01
201700060408,0,33,000,00,2,2,01,A01
201700060408,0,07,000,00,9,8,11,B01
201700060409,1,33,000,16,0,1,17,A01
201700060410,1,07,000,13,2,3,13,A01
201700060410,1,07,000,13,2,3,01,B01
201700060411,1,07,000,00,1,1,01,A01
201700060412,1,07,000,00,2,4,00,A01
201700060412,1,33,000,00,0,1,00,B01
201700060413,1,31,000,00,0,0,00,A01
201700060413,1,07,000,00,2,0,00,B01
201700060414,1,01,000,00,2,1,01,B01
201700060414,2,07,000,00,9,2,16,A01
201700060415,1,07,000,00,2,5,02,A01
201700060415,1,02,000,00,2,1,02,B01
201700060416,2,07,000,00,2,3,01,A01
201700060416,1,07,000,00,2,8,01,B01
201700060417,1,33,000,00,2,1,00,A01
201700060417,1,07,000,00,2,4,01,B01
201700060418,1,07,000,00,2,3,02,A01
201700060418,0,02,000,00,0,0,00,B01
201700060419,2,01,000,14,0,0,01,A01
201700060420,1,07,000,00,9,3,11,B01
201700060420,1,34,000,00,2,7,01,A01
201700060421,0,07,000,00,1,2,01,A01
201700060422,2,07,000,00,2,3,15,A01
201700060422,1,30,000,00,2,1,02,B01
201700060423,1,07,000,00,2,2,17,A01
201700060423,1,37,001,00,2,6,23,B01
201700060424,2,07,000,00,1,0,00,A01
201700060425,1,02,000,00,0,0,00,A01
201700060426,1,30,000,01,0,1,14,A01
201700060427,1,07,000,00,2,8,02,A01
201700060427,1,07,000,00,1,0,00,B01
201700060428,2,07,000,00,1,3,01,A01
201700060429,1,07,000,13,0,2,14,A01
201700060430,1,07,000,12,2,1,14,A01
201700060431,2,07,000,00,2,1,21,A01
201700060431,2,30,000,00,2,8,19,B01
201700060432,1,33,000,12,0,2,15,A01
201700060433,2,07,000,00,2,3,15,A01
201700060433,2,30,000,00,2,0,07,B01
201700060434,1,07,000,00,2,4,02,A01
201700060435,1,10,000,00,2,4,09,B01
201700060435,1,07,000,00,2,4,09,C01
201700060435,1,07,000,00,2,1,09,D01
201700060435,1,07,000,00,2,4,09,A01
201700060436,1,07,000,00,1,2,14,A01
201700060437,1,07,000,00,2,1,15,A01
201700060437,2,31,000,00,2,8,01,B01
201700060438,2,31,000,00,0,2,16,A01
201700060439,1,34,000,16,0,1,00,A01
201700060440,2,07,000,00,2,4,15,A01
201700060440,1,33,000,00,2,1,01,B01
201700060441,1,07,000,12,2,3,01,A01
201700060441,1,07,000,12,2,2,05,B01
201700060442,1,07,000,00,2,3,02,A01
201700060442,1,34,000,00,2,2,02,B01
201700060443,1,33,000,00,2,2,02,A01
201700060443,1,07,000,00,9,8,02,B01
201700060444,2,07,000,00,2,1,01,A01
201700060444,1,14,000,00,2,1,01,B01
201700060445,1,07,000,01,0,6,14,A01
201700060445,1,07,000,03,0,6,24,B01
201700060446,1,07,000,00,2,1,02,A01
201700060446,1,07,000,00,2,4,02,B01
201700060446,1,07,000,00,2,4,02,C01
201700060447,1,34,000,00,1,1,01,A01
201700060448,1,37,001,00,2,1,01,B01
201700060448,1,07,000,00,2,4,01,A01
201700060449,1,07,000,00,2,1,15,A01
201700060449,2,07,000,00,2,1,01,B01
201700060450,2,31,000,00,0,0,09,A01
201700060451,1,07,000,00,1,1,15,A01
201700060452,1,07,000,00,2,4,04,A01
201700060453,2,33,000,01,0,3,13,A01
201700060454,1,07,000,00,1,1,15,A01
201700060455,1,34,000,00,2,1,02,A01
201700060455,1,07,000,00,2,6,15,B01
201700060456,1,34,000,00,2,7,21,A01
201700060457,1,33,000,03,2,1,02,A01
201700060457,1,07,000,03,2,4,02,B01
201700060458,2,07,000,00,2,0,01,A01
201700060458,1,33,000,00,2,8,01,B01
201700060459,1,99,000,00,0,8,21,A01
201700060460,1,07,000,00,1,1,15,A01
201700060461,1,10,000,00,1,1,15,A01
201700060462,1,07,000,00,1,2,01,A01
201700060463,1,07,000,00,2,2,02,A01
201700060463,1,07,000,00,2,1,19,B01
201700060464,2,07,000,00,2,5,12,A01
201700060464,2,07,000,00,2,3,01,B01
201700060465,1,33,000,00,2,1,11,A01
201700060465,2,07,000,00,9,3,01,B01
201700060466,1,07,000,00,2,1,00,B01
201700060466,1,07,000,00,2,8,09,A01
201700060467,1,33,000,00,2,1,01,A01
201700060467,1,07,000,00,2,4,01,B01
201700060467,2,10,000,00,9,3,01,C01
201700060468,1,07,000,02,0,1,14,A01
201700060469,2,07,000,13,0,1,12,A01
201700060470,2,07,000,04,0,1,01,A01
201700060471,2,07,000,04,0,3,13,A01
201700060472,1,07,000,00,2,2,01,A01
201700060472,1,99,000,00,2,4,01,B01
201700060473,1,07,000,00,2,1,01,C01
201700060473,1,07,000,00,2,4,01,B01
201700060473,1,07,000,00,2,1,01,A01
201700060473,1,10,000,00,2,1,01,D01
201700060473,1,07,000,00,2,1,01,E01
201700060474,1,07,000,00,2,4,01,A01
201700060474,1,31,000,00,2,1,02,B01
201700060475,1,07,000,00,2,1,02,A01
201700060475,1,07,000,00,2,4,02,B01
201700060476,1,34,000,16,0,7,16,A01
201700060477,1,34,000,00,2,2,17,A01
201700060477,1,07,000,00,9,3,15,B01
201700060478,1,34,000,00,0,0,00,A01
201700060479,1,34,000,00,9,1,14,A01
201700060480,2,07,000,00,1,2,21,A01
201700060481,2,07,000,00,2,1,02,A01
201700060481,2,07,000,00,2,4,02,B01
201700060482,1,99,000,00,1,1,17,A01
201700060483,1,10,000,16,2,1,11,A01
201700060483,2,10,000,00,2,3,00,B01
201700060484,2,07,000,00,1,1,08,A01
201700060485,1,07,000,00,2,3,13,A01
201700060485,2,07,000,00,2,6,01,B01
201700060486,2,07,000,00,2,1,02,A01
201700060486,1,07,000,00,2,4,23,B01
201700060487,2,07,000,00,2,4,02,A01
201700060487,2,07,000,00,2,1,02,B01
201700060488,1,07,000,00,2,1,05,A01
201700060488,2,07,000,00,2,6,05,B01
201700060489,1,07,000,00,2,4,02,A01
201700060489,1,34,000,00,2,1,02,B01
201700060490,1,07,000,03,0,2,14,A01
201700060491,1,33,000,00,0,8,17,A01
201700060492,2,33,000,00,2,1,17,A01
201700060492,2,07,000,00,2,6,08,B01
201700060493,1,07,000,00,1,7,17,A01
201700060494,2,07,000,00,2,1,05,A01
201700060494,1,07,000,00,2,1,01,B01
201700060494,1,07,000,00,2,7,01,C01
201700060494,1,07,000,00,2,8,01,D01
201700060495,1,07,000,10,0,1,21,A01
201700060496,1,07,000,00,1,1,01,Z01
201700060497,1,30,000,00,2,7,17,B01
201700060497,1,07,000,00,2,3,17,A01
201700060498,1,07,000,01,0,4,24,A01
201700060498,1,07,000,01,2,1,14,B01
201700060499,1,07,000,00,0,1,02,C01
201700060499,1,02,000,00,0,3,13,A01
201700060499,1,07,000,00,0,3,02,B01
201700060500,1,07,000,00,1,1,01,A01
201700060501,1,31,000,00,2,1,17,A01
201700060501,2,07,000,00,2,1,01,B01
201700060501,1,07,000,00,9,8,01,C01
201700060502,1,07,000,00,9,3,01,A01
201700060502,2,01,000,00,2,1,02,B01
201700060503,1,07,000,00,2,1,14,A01
201700060503,1,07,000,00,2,4,23,B01
201700060503,1,07,000,00,2,4,23,C01
201700060504,1,02,000,00,2,1,01,A01
201700060504,1,07,000,00,9,4,01,B01
201700060505,1,07,000,00,2,3,15,A01
201700060505,1,33,000,00,2,2,17,B01
201700060506,1,30,000,00,0,0,14,A01
201700060507,1,07,000,12,2,2,13,A01
201700060507,1,07,000,01,2,9,13,B01
201700060508,1,07,000,00,2,1,01,A01
201700060508,1,07,000,00,2,1,01,B01
201700060508,1,07,000,00,2,4,01,C01
201700060509,1,31,000,00,0,5,10,A01
201700060510,2,07,000,00,2,1,02,A01
201700060510,2,07,000,00,2,4,02,B01
201700060510,2,07,000,00,2,4,02,C01
201700060511,1,07,000,00,9,1,01,B01
201700060511,1,02,000,00,2,1,13,A01
201700060512,1,31,000,00,2,1,19,B01
201700060512,1,07,000,00,2,5,01,A01
201700060513,2,30,000,00,2,1,02,A01
201700060513,2,07,000,00,2,6,15,B01
201700060514,1,07,000,00,1,8,04,A01
201700060515,2,30,000,00,0,0,00,A01
201700060516,1,07,000,00,2,1,21,A01
201700060516,1,07,000,00,2,4,09,B01
201700060517,1,07,000,01,1,1,21,A01
201700060518,1,07,000,00,2,1,07,A01
201700060518,1,37,000,00,2,3,21,B01
201700060519,1,01,000,00,1,1,02,A01
201700060520,1,33,000,00,9,1,13,A01
201700060521,1,07,000,00,2,3,13,A01
201700060521,2,14,000,00,2,3,02,B01
201700060522,2,07,000,00,2,1,01,A01
201700060522,2,07,000,00,2,8,01,B01
201700060523,1,07,000,00,2,8,10,A01
201700060523,1,31,000,00,2,1,17,B01
201700060524,1,07,000,00,2,3,15,A01
201700060524,2,33,000,00,2,8,01,B01
201700060525,1,07,000,00,2,3,01,B01
201700060525,2,07,000,00,2,3,15,A01
201700060526,2,07,000,13,0,2,14,A01
201700060527,1,07,000,15,0,1,14,A01
201700060528,2,07,000,00,2,4,23,A01
201700060528,2,07,000,00,2,1,21,B01
201700060529,2,07,000,00,0,6,15,A01
201700060529,1,34,000,00,2,6,17,B01
201700060530,2,02,000,00,0,1,21,A01
201700060531,1,33,000,16,9,4,14,A01
201700060532,1,07,000,00,0,9,02,A01
201700060533,2,10,000,00,2,3,15,A01
201700060533,2,33,000,00,2,7,13,B01
201700060534,1,07,000,00,1,1,00,A01
201700060535,1,07,000,00,2,1,01,A01
201700060535,1,07,000,00,2,1,01,B01
201700060535,1,07,000,00,2,4,01,C01
201700060536,1,31,000,06,0,1,00,A01
201700060537,2,07,000,00,1,3,01,A01
201700060538,1,07,000,00,2,0,17,A01
201700060538,1,07,000,00,2,0,00,B01
201700060538,1,07,000,00,2,8,14,C01
201700060538,1,07,000,01,0,8,23,D01
201700060539,1,07,000,00,1,7,21,A01
201700060540,0,07,000,00,2,3,15,B01
201700060540,0,07,000,00,0,8,01,A01
201700060541,1,07,000,00,2,0,00,A01
201700060542,1,37,000,00,1,4,02,A01
201700060543,2,07,000,00,1,0,00,A01
201700060544,2,31,000,00,1,1,19,T01
201700060545,2,07,000,14,1,7,02,A01
201700060546,1,07,000,00,2,1,00,A01
201700060547,2,07,000,14,1,7,19,A01
201700060548,1,07,000,00,2,0,00,A01
201700060548,1,31,000,00,2,0,00,B01
201700060549,2,07,000,01,2,1,02,B01
201700060549,2,07,000,01,2,4,02,A01
201700060550,1,07,000,00,2,0,00,A01
201700060550,1,34,000,00,2,0,00,B01
201700060551,1,07,000,00,2,8,15,A01
201700060551,2,30,000,00,2,1,01,B01
201700060552,2,07,000,01,2,1,02,B01
201700060552,1,34,000,01,2,4,02,N01
201700060553,1,32,000,16,0,7,14,A01
201700060554,1,34,000,01,9,7,16,A01
201700060554,1,34,000,01,2,2,02,B01
201700060555,2,07,000,00,2,3,15,A01
201700060555,2,33,000,00,2,1,17,B01
201700060555,2,32,000,00,2,1,01,C01
201700060556,1,31,000,00,2,0,05,A01
201700060556,1,07,000,00,2,0,00,B01
201700060557,2,33,000,00,1,1,01,A01
201700060558,1,31,000,00,2,0,00,A01
201700060558,1,07,000,00,2,0,00,B01
201700060559,1,07,000,00,1,2,14,A01
201700060560,1,30,000,00,2,7,15,A01
201700060560,2,30,000,00,0,0,00,B01
201700060561,2,31,000,00,1,1,17,A01
201700060562,2,30,000,00,1,1,01,A01
201700060563,2,32,000,00,1,1,01,A01
201700060564,1,07,000,00,2,7,01,A01
201700060564,2,07,000,00,2,1,09,B01
201700060565,1,07,000,00,2,4,01,A01
201700060565,1,07,000,00,2,1,02,B01
201700060566,1,07,000,00,2,3,15,A01
201700060566,1,31,000,00,2,1,01,B01
201700060567,2,07,000,00,1,2,01,A01
201700060568,2,07,000,00,2,1,00,A01
201700060568,1,31,000,00,2,1,00,B01
201700060569,2,30,000,00,1,7,01,A01
201700060570,2,34,000,00,9,0,01,A01
201700060571,1,07,000,00,2,1,01,B01
201700060571,1,34,000,00,2,4,02,A01
201700060572,2,30,000,16,0,8,00,A01
201700060573,2,07,000,00,2,2,15,A01
201700060573,1,33,000,00,2,1,01,B01
201700060574,2,38,001,00,1,1,00,A01
201700060575,1,02,000,00,1,1,02,A01
201700060576,1,07,000,01,2,3,02,A01
201700060576,1,02,000,14,2,1,02,B01
201700060577,1,07,000,00,1,1,01,A01
201700060578,2,02,000,16,0,0,02,A01
201700060579,2,30,000,01,0,1,14,A01
201700060579,2,07,000,00,0,0,00,B01
201700060580,1,33,000,01,0,1,14,A01
201700060580,1,07,000,00,2,3,00,B01
201700060581,2,32,000,16,0,8,13,A01
201700060582,2,31,000,00,2,1,01,B01
201700060582,1,07,000,00,2,3,15,A01
201700060583,2,02,000,14,2,0,01,A01
201700060584,1,07,000,16,0,9,13,A01
201700060584,2,07,000,00,2,8,01,B01
201700060585,2,02,000,00,1,1,05,A01
201700060586,1,32,000,14,2,7,00,A01
201700060587,1,32,000,16,0,7,14,A01
201700060588,2,30,000,16,0,7,14,A01
201700060589,2,07,000,00,2,8,01,A01
201700060589,1,07,000,00,2,8,09,B01
201700060590,2,31,000,00,2,8,19,A01
201700060590,2,31,000,00,2,3,15,B01
201700060591,2,33,000,00,5,1,01,A01
201700060592,2,07,000,14,6,1,19,A01
201700060592,2,31,000,00,2,3,15,B01
201700060593,1,34,000,00,1,1,01,A01
201700060594,2,07,000,01,2,1,19,A01
201700060594,1,30,000,00,2,1,17,B01
201700060595,2,30,000,00,1,0,17,A01
201700060596,2,34,000,00,1,1,19,A01
201700060597,1,13,000,00,1,2,19,A01
201700060598,1,31,000,00,1,1,19,A01
201700060599,1,07,000,00,2,2,18,A01
201700060599,2,31,000,00,2,3,01,B01
201700060600,2,32,000,00,1,1,19,A01
201700060601,1,33,000,00,2,1,17,C01
201700060601,2,34,000,00,2,1,17,B01
201700060601,1,07,000,00,2,6,15,A01
201700060602,1,13,000,00,9,0,23,A01
201700060603,1,07,000,14,2,8,17,A01
201700060603,1,31,000,14,2,7,17,B01
201700060604,1,07,000,00,2,1,01,A01
201700060604,2,07,000,00,2,1,18,B01
201700060605,2,31,000,00,2,7,01,A01
201700060606,1,07,000,00,2,3,15,A01
201700060606,1,31,000,00,2,2,17,B01
201700060607,1,32,000,14,2,5,21,A01
201700060607,2,07,000,14,2,3,13,B01
201700060608,2,31,000,00,2,0,14,A01
201700060609,2,07,000,14,2,1,09,B01
201700060609,2,33,000,14,2,4,09,A01
201700060610,1,07,000,06,1,4,24,A01
201700060611,2,31,000,00,2,7,21,A01
201700060612,2,31,000,14,2,4,09,B01
201700060612,2,07,000,14,2,4,09,A01
201700060613,1,07,000,00,2,4,21,A01
201700060613,1,31,000,00,2,1,15,B01
201700060614,2,38,001,00,2,0,14,A01
201700060615,2,07,000,14,2,2,13,A01
201700060615,1,31,000,14,2,3,09,B01
201700060616,1,34,000,00,1,8,19,A01
201700060617,2,07,000,00,1,3,18,A01
201700060618,1,31,000,14,1,8,19,A01
201700060619,1,31,000,14,1,3,21,A01
201700060620,1,33,000,00,2,2,14,A01
201700060621,2,33,000,00,2,7,16,A01
201700060622,2,07,000,14,1,6,09,A01
201700060623,2,34,000,00,2,2,17,A01
201700060623,2,07,000,00,2,3,15,B01
201700060624,2,07,000,00,2,5,21,A01
201700060624,2,34,000,00,2,1,21,B01
201700060625,1,31,000,14,1,0,09,A01
201700060626,1,07,000,05,2,0,09,A01
201700060627,1,07,000,00,2,3,13,A01
201700060627,2,34,000,00,2,2,21,B01
201700060628,1,31,000,14,1,0,21,A01
201700060629,2,31,000,00,2,1,16,S01
201700060629,2,34,000,00,2,2,15,B01
201700060630,2,31,000,14,2,8,17,A01
201700060630,2,31,000,14,2,7,17,B01
201700060631,2,07,000,00,1,5,13,A01
201700060632,1,07,000,00,2,4,20,C01
201700060632,1,07,000,00,2,7,17,A01
201700060632,1,34,000,00,2,3,21,B01
201700060633,1,31,000,00,1,1,19,A01
201700060634,1,07,000,01,2,4,02,A01
201700060634,2,01,000,00,2,4,00,B01
201700060635,2,07,000,00,1,7,14,A01
201700060636,1,31,000,00,2,2,15,A01
201700060637,2,07,000,14,1,1,19,A01
201700060638,1,07,000,00,9,8,13,A01
201700060638,1,31,000,00,2,8,02,B01
201700060639,1,07,000,00,1,1,01,A01
201700060640,2,31,000,05,9,1,14,A01
201700060641,1,07,000,05,2,1,13,A01
201700060641,1,07,000,05,2,1,09,B01
201700060642,2,31,000,00,2,8,21,A01
201700060642,2,31,000,00,2,8,09,B01
201700060643,2,07,000,05,2,1,14,A01
201700060644,2,31,000,00,1,1,09,A01
201700060645,2,34,000,00,1,1,09,A01
201700060646,2,31,000,14,1,1,03,A01
201700060647,2,07,000,01,2,4,14,A01
201700060647,2,31,000,01,2,1,13,B01
201700060648,1,30,000,00,1,1,21,A01
201700060649,1,07,000,00,9,2,16,A01
201700060650,1,07,000,00,2,1,17,A01
201700060650,2,07,000,00,2,4,02,B01
201700060651,2,31,000,00,2,8,17,A01
201700060651,2,31,000,00,2,8,01,B01
201700060652,2,10,000,00,1,7,19,K01
201700060653,1,01,000,14,9,6,17,B01
201700060653,1,07,000,14,9,5,13,A01
201700060654,1,34,000,00,1,1,13,A01
201700060655,1,31,000,00,2,1,21,B01
201700060655,2,07,000,00,2,1,15,A01
201700060656,2,07,000,00,9,7,15,A01
201700060657,2,02,000,00,2,1,21,A01
201700060657,2,30,000,00,2,7,10,B01
201700060658,1,34,000,00,0,7,02,A01
201700060659,1,07,000,00,9,8,02,A01
201700060660,1,99,000,00,1,1,00,A01
201700060661,1,31,000,00,9,1,02,A01
201700060662,1,31,000,00,2,1,05,A01
201700060662,2,07,000,00,2,2,15,B01
201700060663,2,34,000,00,2,1,17,A01
201700060663,1,07,000,00,2,1,21,B01
201700060664,1,02,000,00,0,0,00,A01
201700060665,1,31,000,00,0,0,00,A01
201700060666,2,07,000,00,2,0,00,B01
201700060666,1,07,000,00,2,3,13,A01
201700060667,2,07,000,14,2,5,13,A01
201700060667,2,31,000,14,2,4,17,B01
201700060668,2,07,000,00,2,1,00,A01
201700060669,2,07,000,00,2,8,02,A01
201700060669,2,31,000,00,2,1,02,B01
201700060670,1,30,000,05,9,2,21,A01
201700060671,1,07,000,15,9,1,14,A01
201700060672,1,31,000,00,2,8,00,A01
201700060672,1,07,000,00,2,8,17,B01
201700060673,2,07,000,05,2,3,09,B01
201700060673,2,30,000,05,2,2,21,A01
201700060674,1,31,000,00,2,0,00,A01
201700060674,1,31,000,00,2,0,00,B01
201700060675,2,31,000,00,2,1,13,A01
201700060675,2,07,000,00,2,4,15,B01
201700060676,1,35,000,14,2,1,21,A01
201700060676,1,35,000,14,2,4,21,B01
201700060677,2,31,000,00,2,4,02,A01
201700060677,2,07,000,00,2,1,14,B01
201700060678,1,33,000,00,2,7,00,A01
201700060679,2,07,000,00,1,1,19,A01
201700060680,1,07,000,00,2,1,03,A01
201700060680,1,31,000,00,2,1,03,B01
201700060681,2,07,000,15,2,2,13,A01
201700060681,2,32,000,05,2,2,13,B01
201700060682,1,10,000,00,0,7,00,A01
201700060683,2,31,000,00,2,6,02,A01
201700060683,1,07,000,00,2,6,02,B01
201700060684,1,32,000,00,2,5,15,A01
201700060684,1,07,000,00,2,0,00,B01
201700060685,2,34,000,00,9,8,02,A01
201700060686,2,30,000,14,2,7,14,A01
201700060687,1,07,000,14,2,7,17,A01
201700060687,1,33,000,14,2,3,17,B01
201700060688,1,31,000,00,2,3,00,A01
201700060688,1,07,000,00,2,3,00,B01
201700060689,1,35,000,14,2,1,17,A01
201700060689,1,07,000,14,2,4,09,B01
201700060690,2,07,000,00,2,4,02,A01
201700060690,2,07,000,00,2,1,02,B01
201700060691,2,31,000,00,9,0,00,A01
201700060692,2,01,000,00,1,1,19,B01
201700060693,2,99,000,00,1,0,01,A01
201700060694,2,07,000,00,2,1,03,A01
201700060694,1,31,000,00,2,1,13,B01
201700060695,2,07,000,00,2,1,00,A01
201700060695,2,31,000,00,2,1,13,B01
201700060696,2,32,000,00,2,1,03,B01
201700060696,2,31,000,00,2,1,15,A01
201700060697,1,07,000,00,1,1,13,A01
201700060698,2,31,000,00,9,0,00,A01
201700060699,2,07,000,00,2,2,14,A01
201700060699,1,07,000,00,2,7,14,B01
201700060700,2,07,000,00,2,3,06,A01
201700060700,2,31,000,00,2,8,02,B01
201700060701,1,31,000,00,9,1,02,A01